1.176299691200000108e+00,9.226378593141476570e-01
1.714609026910000056e+00,1.168770063281073801e+00
1.307337045669999975e+00,1.461465185264291033e+00
6.186890006069999393e-01,1.148788788282688822e+00
2.298435926440000276e+00,1.206082656804434494e+00
1.808241009709999902e+00,1.458525521657063839e+00
8.794149756429999742e-01,8.999138714279990570e-01
1.570945024490000064e+00,1.081977640665689355e+00
1.578516006470000121e+00,1.668040629633758654e+00
6.200309991839999535e-01,1.140715307601247730e+00
9.928810000419999726e-01,6.112665970518642578e-01
4.551869928839999413e-01,1.564147553149839220e+00
1.017398953439999865e+00,1.146563129955660232e+00
8.378469943999999892e-01,9.995175838948979763e-01
4.884769916529999589e-01,9.113512773119163413e-01
1.246340990070000210e+00,9.733608628244959649e-01
1.209630966189999990e+00,1.138073089825755835e+00
1.252451062200000020e+00,1.004919781182807226e+00
1.519726991650000025e+00,6.990287675851103444e-01
1.063797950739999942e+00,1.511760017273830359e+00
1.571495056150000069e+00,1.106951046749617973e+00
1.278105020519999968e+00,1.205308909052183575e+00
1.192077994349999948e+00,1.277963237645015404e+00
8.304439187050000060e-01,1.162884431963197240e+00
1.402015686039999931e+00,1.416243912310379383e+00
1.156504034999999986e+00,1.241023298980751699e+00
1.162554860120000200e+00,9.274073584766966416e-01
6.007519960399999581e-01,1.222948436477899969e+00
1.253835797310000055e+00,1.071698272680729369e+00
1.791844010350000183e+00,1.233975610993902183e+00
1.734062552449999961e+00,8.251772491345134020e-01
4.939970970150000085e+00,1.105033637390517853e+00
2.394351005549999911e+00,1.417078699534541242e+00
2.212575912479999740e+00,1.186123419233288123e+00
1.886527061460000043e+00,1.131860249326003709e+00
9.343829751010001017e-01,1.807819633979314000e+00
9.099829792980000942e-01,8.901841126895850831e-01
8.112999796870000724e-01,1.061357775619219623e+00
1.049708962440000004e+00,2.265448198228833920e+00
1.351788043980000076e+00,6.998282307887004894e-01
1.277305960659999906e+00,1.221004920159782348e+00
7.854449748989998925e-01,1.063803433543565324e-01
4.846229851250000165e-01,6.635379021140608291e-01
6.676359772680000582e-01,8.571054617878220983e-01
8.322510123249999836e-01,7.967227873100382052e-01
5.959370136259999340e-01,1.054808146736058161e+00
3.410890102390000123e-01,1.169215338167239882e+00
6.860110163689999707e-01,1.313120798197140227e+00
8.153510093690000682e-01,1.129530311247628704e+00
3.985430002210000322e-01,8.386026979893882460e-01
6.998159885410000225e-01,9.176680365912945891e-01
4.263690114019999533e-01,1.301643251870050921e+00
6.866139769550000382e-01,1.218184728228115521e+00
1.826770007609999913e-01,1.026403258558233444e+00
7.018824815749999946e-01,1.152082652619460301e+00
1.796682000159999681e+00,1.278742666456593735e+00
7.204269766809999753e-01,1.220437693530870504e+00
4.680640101429999755e-01,1.070344652486006742e+00
6.408870220180000743e-01,1.197694710820639052e+00
7.520520091060001189e-01,1.578767003848879025e+00
1.001817584040000098e+00,7.927064151821164861e-01
1.660804033279999814e+00,1.150184315019731951e+00
1.450595021250000061e+00,1.626324328295576160e+00
1.085010051729999869e+00,1.250943715600338901e+00
1.099555015560000015e+00,1.215694003318161576e+00
7.694180011750000325e-01,9.931668674493729920e-01
1.254430413249999932e+00,1.126115259831965920e+00
1.496320962910000052e+00,1.239596248870247219e+00
7.186369895940000196e-01,1.430708455436780380e+00
8.902019858359999649e-01,1.213719098495396054e+00
9.891759753229999452e-01,1.285276492946657134e+00
2.849014520649999938e+00,1.035552133514545448e+00
4.281075000759999583e+00,8.371539708720430184e-01
1.248739004139999942e+00,1.216229011393131332e+00
7.096589803699999699e-01,1.190764215628438150e+00
7.497439980509998936e-01,1.686868328464691258e+00
8.907449841499999188e-01,1.392611688465695829e+00
1.469527959819999952e+00,2.755533229248660620e-01
1.608888030049999918e+00,1.440948272947309095e+00
1.043460965159999976e+00,2.158473342562917896e+00
1.184751033780000018e+00,9.824231597840322738e-01
5.063725113870000127e-01,7.265448894930868207e-01
6.946156024930000283e-01,6.205096780858428140e-02
9.299110174179998634e-01,9.415067847619109642e-01
7.754629850390000190e-01,1.349391097594807798e+00
8.564696311949999696e-01,1.241262766921341854e+00
9.269009828569999554e-01,1.156257607765301954e+00
7.506660223010001021e-01,1.168638940640208901e+00
9.248849749570000611e-01,7.420286728035770940e-01
1.070162653919999984e+00,1.116382150791850103e+00
8.752880096439998869e-01,1.106054487883210813e+00
7.511039972310000756e-01,1.187864093447938307e+00
8.627579808239999037e-01,1.257964651420132141e+00
5.096570253369999692e-01,1.211641133730374520e+00
8.495249748229999343e-01,1.072430554023551696e+00
6.711369752879999817e-01,1.185082354998000742e+00
6.132180094720000030e-01,1.181756160874555261e+00
3.810549974440000098e-01,1.135623603099334522e+00
8.710420131680000067e-01,1.141213784462258962e+00
6.540319919589999698e-01,1.141962200302778285e+00
9.089673757550000843e-01,9.577622027382612924e-01
9.709029793739999414e-01,1.235948848794934607e+00
9.856920242310001079e-01,1.172457806735411667e+00
1.356256246570000101e+00,1.227452582493815614e+00
1.309872984889999925e+00,1.073759144239901264e+00
6.344919800760000506e-01,1.299025682636695489e+00
5.933508276940000492e-01,1.135308344806175151e+00
8.796380162239999523e-01,1.459121351058216609e+00
1.131836414339999930e+00,1.172841256836870683e+00
1.841274023059999765e+00,1.077082361590719906e+00
2.261745929719999992e+00,1.281494160680401340e+00
2.597975969309999744e+00,1.323097211895489789e+00
2.399192094800000064e+00,1.133075918640639612e+00
1.982298016549999931e+00,1.119470020725048087e+00
2.269547939300000206e+00,1.177225757488063351e+00
2.017889976500000238e+00,1.400104052184194092e+00
1.452262043950000026e+00,1.434388462867177916e+00
1.342797994609999934e+00,1.361445006780503286e+00
1.311915040020000145e+00,1.550617596515269314e+00
1.276762008670000226e+00,1.136054305934015130e+00
1.275267004970000118e+00,7.781133713995496137e-01
1.210446000100000141e+00,9.172041952613789739e-01
8.153480291369999966e-01,9.168993691794024015e-01
7.271119952200000291e-01,8.783823294442394403e-01
6.043019890790000126e-01,8.356968967289618577e-01
9.830358624459999417e-01,8.571315286851172166e-01
1.101529002189999940e+00,9.901685551297565446e-01
1.183724999429999869e+00,1.045093790165088743e+00
4.356400072569999726e-01,1.099318159222911540e+00
3.270040154459999959e-01,1.033673713118426152e+00
8.039849996569999879e-01,1.089069357097297353e+00
4.216859936710000145e-01,9.768910359987043046e-01
5.734559893609999515e-01,1.025284432288986247e+00
3.959457874300000291e-01,1.226380162576117483e+00
4.163750112060000119e-01,1.434629559469652760e+00
5.603970289230000290e-01,9.304315391207524932e-01
7.749050259590000156e-01,9.595847572677266291e-01
6.370840072629999629e-01,1.086700131970679273e+00
3.839260041709999793e-01,1.127515567185357837e+00
5.648739933969999516e-01,1.344047366091660756e+00
1.054715037350000051e+00,1.122744385314197180e+00
6.537709832190000681e-01,1.189492454438734192e+00
5.931029915809999942e-01,1.087606539922320925e+00
1.022608995439999946e+00,1.376127410969514520e+00
8.359869718549999273e-01,1.378087988323654312e+00
6.375340223309999832e-01,1.034880219133555546e+00
9.755985140799999789e-01,1.094173823014305436e+00
4.898079931740000337e-01,1.446233386279714317e+00
1.098647952079999879e+00,1.159016269487437745e+00
1.151165962220000116e+00,1.189907955013367769e+00
8.061249852179999120e-01,1.201087237078482861e+00
4.744769930839999872e-01,1.126597370960733757e+00
7.896029949189999897e-01,1.272194834518762807e+00
4.762530028819999539e-01,1.260904360310903582e+00
5.455229878430000179e-01,8.777178782408655566e-01
6.212809681889999158e-01,1.286594269377353550e+00
7.707700133319999036e-01,1.230221149798212288e+00
9.337069988249999675e-01,1.217996630989391704e+00
8.110550045970000843e-01,9.652453208484115255e-01
6.005529761310000048e-01,1.123707826284311873e+00
1.002521038060000036e+00,1.090851245147388848e+00
8.921650052069998171e-01,1.295468553170362247e+00
9.160850048070000584e-01,1.074139326053805021e+00
7.413420081139999729e-01,1.234774977653357642e+00
9.283249974250000758e-01,1.357281673315148263e+00
6.429409980770000033e-01,1.242547128504171150e+00
9.950090050700001187e-01,1.060976182734598039e+00
6.271365880970000140e-01,1.217146098720971459e+00
1.038689017300000073e+00,1.143234337756219965e+00
6.888009905820000611e-01,1.275657006746991673e+00
5.214130282399999095e-01,1.069911374539940008e+00
6.510270237919999481e-01,1.170087575788319567e+00
1.159701943399999990e+00,1.107435613155689502e+00
6.456400156020000169e-01,1.251503796445750050e+00
1.195862650870000099e+00,9.195359494881167883e-01
1.304703950880000018e+00,1.434831833056669614e+00
8.844429850579998975e-01,1.126809078311590051e+00
7.697709798810000725e-01,1.068277085070778121e+00
7.702100276950000213e-01,1.147905951990598306e+00
6.418280005459999771e-01,1.395419763127762947e+00
8.937159776689999058e-01,1.028376423718140087e+00
5.247250199319999364e-01,1.327344489905268654e+00
5.142210125920000374e-01,1.137913851358305140e+00
7.172748446459999982e-01,1.203552508325692383e+00
6.410769820210000525e-01,1.078872220220314482e+00
4.689820110800000941e-01,9.304909920144132096e-01
1.203750014310000171e+00,1.056828009106863586e+00
7.911959886550000709e-01,1.332955658380419184e+00
1.136301159859999910e+00,1.013489806962088124e+00
8.642929792399999256e-01,1.180076585606022910e+00
8.814030289650001126e-01,1.244992567084952872e+00
5.817409753800000249e-01,1.198625045082579499e+00
8.651199936869999885e-01,1.148853795114813892e+00
9.078124761579999813e-01,1.364363018028365460e+00
7.377740144730000615e-01,1.098475149579596799e+00
1.120375037189999867e+00,1.347901131692319288e+00
9.422479867940000142e-01,1.089749561196183381e+00
1.060060024260000011e+00,1.212211059742856145e+00
7.158420085910000008e-01,9.628484255512108625e-01
4.040209949019999969e-01,1.235147394267637866e+00
2.920779883859999648e-01,1.155570997434576475e+00
6.317924261089999938e-01,1.188814231890466422e+00
1.124665260310000026e+00,1.203056459370710041e+00
1.115690946580000009e+00,1.044293705403256611e+00
1.247418999670000028e+00,1.236610737751369316e+00
6.976169943809999996e-01,1.132894069907070866e+00
3.693974971769999893e+00,1.122559753281412442e+00
8.204839825630000361e-01,1.167807563273679516e+00
8.573070168499999921e-01,8.948182191356222059e-01
6.902359724040000311e-01,1.554321285778989425e+00
8.385969996449998964e-01,1.878095159808385262e+00
1.287726998329999928e+00,9.287773996989977521e-01
9.632229804989999034e-01,6.472542481441631024e-01
1.343299984930000024e+00,2.115493551192294763e+00
7.316169738770000874e-01,7.754962846944610799e-01
6.809219717980000697e-01,1.378981449431958550e+00
7.014784216880000089e-01,1.911979765134954878e-01
6.698030233380000142e-01,1.196261641345780724e+00
1.365643024439999964e+00,1.191011688546768088e+00
9.781420230869999344e-01,1.163464353634063420e+00
6.786789894100000442e-01,1.310735023090086937e+00
5.976330041890000055e-01,9.630917355057080353e-01
8.193774819369999962e-01,1.245784103578776003e+00
7.911109924320000042e-01,9.305077748747312416e-01
1.044147372249999872e+00,1.006982793690820888e+00
1.400015950200000026e+00,1.405079408244441996e+00
8.748620152470000244e-01,1.254727409378807668e+00
6.228179931639999944e-01,1.155278504460172551e+00
7.164059877399998610e-01,1.008372072079766424e+00
6.523500084880000660e-01,1.219980683586241454e+00
9.379299879070001067e-01,1.062523440171899480e+00
5.936999917030000296e-01,1.219661951203248718e+00
5.393440127369999448e-01,1.322849401869116370e+00
9.370089769359999377e-01,1.164271181828356427e+00
8.087720274930000341e-01,1.105987934060064681e+00
5.654280185700000239e-01,8.909243302231381056e-01
6.020820140839999723e-01,1.061376557776704921e+00
1.146679997439999932e+00,1.394437734259211803e+00
9.824249744419999431e-01,1.123108307328948285e+00
5.671510100359999917e-01,1.048159026474465128e+00
7.866399884220000027e-01,1.200321998881414887e+00
7.388439774510000557e-01,1.371791669570102457e+00
6.810299754140000106e-01,1.145864020989386667e+00
7.086979746820000203e-01,9.617675898980032612e-01
6.642330288889999323e-01,1.320986167454281324e+00
5.124790072439999733e-01,1.274498222419590432e+00
6.040380001070000393e-01,1.116639602115200303e+00
6.728799939159999521e-01,1.098306646940822251e+00
8.265414834020000656e-01,1.070187255318195030e+00
4.546860158440000355e-01,1.183873286163748206e+00
5.594509840010000179e-01,1.147290596157616305e+00
1.332218050960000122e-01,1.209977305020128124e+00
1.633069962260000063e-01,1.118783410016652269e+00
1.797860413789999778e-01,1.111342941280212493e+00
5.747918486599999932e-01,1.154901280098686867e+00
8.508148789409999413e-01,1.233781129638845897e+00
8.527640104289999634e-01,1.091427057759484454e+00
1.687628030779999788e+00,1.218535104050176399e+00
2.149522066120000297e+00,1.113858302327789040e+00
8.122850060459999577e-01,1.227857161832722532e+00
1.239639997479999867e+00,1.050542738713742708e+00
2.128437280650000041e+00,1.638927739745977608e+00
2.139239072800000141e+00,1.515590377670086308e+00
9.779880046840000452e-01,1.034374499804707304e+00
6.937779784199998856e-01,1.480324079823398975e+00
7.218790054320000094e-01,1.818767037453782320e+00
7.631160020829999002e-01,1.019615010297637570e+00
8.565329909319999713e-01,7.364222686356675096e-01
1.109338045120000116e+00,9.570464828955332903e-01
6.476340293879999654e-01,1.512741033693884019e+00
9.241870045659998922e-01,9.728614704178292216e-01
7.877320051189998784e-01,8.002592641367427539e-01
1.305567026139999864e+00,7.492424648060601600e-01
9.107710123059999940e-01,1.055029907555273372e+00
8.699640035629999657e-01,1.189671077609539163e+00
5.743020176890000217e-01,1.334336887259246041e+00
8.599532246590000373e-01,1.155186560149540576e+00
4.775849878790000003e-01,1.191427966408723726e+00
1.108017444610000179e+00,9.316308081939566055e-01
1.290724992749999966e+00,1.396597136586491095e+00
8.591579794879999898e-01,1.115730972339485039e+00
3.058980107309999807e-01,1.150056799017453946e+00
9.039019942279999942e-01,1.027011891168482238e+00
6.352750062940000220e-01,1.313650263709265742e+00
1.023422956470000145e+00,8.419655663447493943e-01
6.730669736859999919e-01,1.272577251429630518e+00
8.504790067669999454e-01,1.332128293879938585e+00
5.141969919200000128e-01,1.297628938795814202e+00
1.527956604959999964e+00,9.182904117302912450e-01
4.094385623930000051e+00,1.135916961322262164e+00
9.952359795569999390e-01,1.145152227103257703e+00
8.670449852940000923e-01,1.167598921720614191e+00
1.141056060789999993e+00,1.516067562643320432e+00
1.622257947919999888e+00,1.795298349016469786e+00
1.980204939840000566e+00,4.188004881490320908e-01
1.375547051430000112e+00,1.104096227428862376e+00
1.851865053180000054e+00,2.322747144767112637e+00
1.420923948290000016e+00,1.180397526645095230e+00
1.589177966120000285e+00,1.072388401577933026e+00
1.673199415210000041e+00,1.303323474173479490e-01
2.123934030530000072e+00,1.349275407191612874e+00
1.648401975629999905e+00,1.430290361831732859e+00
1.204741954800000014e+00,1.075148088087509723e+00
7.920839786529999538e-01,1.277024822304871465e+00
1.227027416229999890e+00,9.497712185989770628e-01
1.226951003070000157e+00,1.123885555577772921e+00
1.131343960759999989e+00,8.338746003840989962e-01
1.252465009690000075e+00,1.227042908252401254e+00
1.116891980170000132e+00,1.162985033635270060e+00
1.122387051579999850e+00,9.951294159263279759e-01
1.040153026579999862e+00,6.864601863804125070e-01
8.091310262680000420e-01,1.048875785940468264e+00
7.681059837340000751e-01,1.092098585913672482e+00
7.982919812199998910e-01,1.225298550170012657e+00
7.666722536090000428e-01,1.126371677936928828e+00
1.057360053060000027e+00,1.023364629275673288e+00
8.607699871060000563e-01,1.137456661210150433e+00
1.070777058600000053e+00,1.063541030091060380e+00
5.301510095600000527e-01,1.081139541679831506e+00
6.604189872739999467e-01,1.075357209347668430e+00
9.909179806709998983e-01,1.106706081284904331e+00
3.561530113220000016e-01,1.154330353289072297e+00
9.618239998820000691e-01,1.125311445434266311e+00
1.244829058649999931e+00,1.211400622959834639e+00
8.381230235100001202e-01,1.338666065621035184e+00
9.245989918709998090e-01,8.411746827497649237e-01
8.131660223010001021e-01,1.256024904875941761e+00
1.003061056139999963e+00,1.255563420362649341e+00
8.752340078350000496e-01,9.978740651735322764e-01
7.991399765009998823e-01,1.276624423114635976e+00
8.812961578369999938e-01,1.223635706867197470e+00
1.063080191609999892e+00,1.308151408730210408e+00
9.057049751279999672e-01,1.156327258980744732e+00
6.909559965129999926e-01,9.657887609118916972e-01
1.355970025060000195e+00,1.245500607412154404e+00
7.572399973869999856e-01,1.213095938222742642e+00
2.043754577640000125e+00,1.063914786854382122e+00
8.576130270960000690e-01,1.185019036410897231e+00
2.364957094190000220e+00,1.217045587178003707e+00
4.179231166840000178e+00,1.286027501421672881e+00
2.233561992649999883e+00,1.303783429431651708e+00
8.013390302660000630e-01,1.023830564661785791e+00
8.372840285299999463e-01,1.347676157041321821e+00
8.851529955859999133e-01,2.170393990413320928e+00
9.040349721909999303e-01,3.931440970913617217e-01
1.302939534190000082e+00,1.145977446382506093e+00
7.228699922560000157e-01,1.704409793946195739e+00
8.009120225910000279e-01,1.314185990413840655e+00
1.032919287679999965e+00,6.748322863574888197e-01
1.321628212929999879e+00,2.178838259870744809e-01
9.367759823799999275e-01,6.313457415769551107e-01
7.007700204850000336e-01,1.126316028358193666e+00
7.624319791789999634e-01,1.411869712437168412e+00
1.144938945770000105e+00,1.129064558801079921e+00
7.721610069269999599e-01,1.082712351601022194e+00
8.772150278090000697e-01,9.464852876428285766e-01
1.243505001070000171e+00,1.389099611024831038e+00
6.381840109830000385e-01,1.257883612230834336e+00
7.468199729919999807e-01,9.607266569713824866e-01
6.839929819109999976e-01,1.026967357540084613e+00
1.419505119320000119e+00,1.303837744409477306e+00
6.141470074649999500e-01,1.075429890165068736e+00
7.347676754000000976e-01,1.108525591627074647e+00
6.770560145379999062e-01,1.287415992819313404e+00
1.074026942249999950e+00,1.184223626851235611e+00
6.156389713290000287e-01,1.057940753712929727e+00
9.692379832269999440e-01,8.772477735540030741e-01
9.916120171550001361e-01,1.525241537362699962e+00
8.089560270310000023e-01,1.093726907440184082e+00
2.435143947599999859e+00,1.161066652505682528e+00
8.223479986189999869e-01,1.051773847425195418e+00
5.938220024110000272e-01,1.222097449830291671e+00
5.762249827380000466e-01,1.167147552331522453e+00
4.224239885809999429e-01,1.573209616086033602e+00
6.765879988670000511e-01,8.452512260453828308e-01
5.520349740979999531e-01,9.786086821196658958e-01
9.015229940410001142e-01,1.685097916126621520e+00
7.489960193629999763e-01,9.387516776632885973e-01
8.627583980560000754e-01,1.179284102117282629e+00
9.480749964710000199e-01,6.240196349611651927e-01
1.055613875389999956e+00,1.109046729038872359e+00
1.970020055770000278e+00,1.234349798650538288e+00
9.391199946399999554e-01,1.206583973868510906e+00
1.009042978289999892e+00,1.295955981678319047e+00
7.824029922490001177e-01,1.284294990289514438e+00
1.016265034679999957e+00,1.417603281463452491e+00
8.782749772069999850e-01,1.013498823894459111e+00
7.353619933130000064e-01,1.113941043404325093e+00
1.109990954399999952e+00,1.511446251829589693e+00
7.727199792860000027e-01,1.089308813068021076e+00
1.164981961250000086e+00,1.132874086213513154e+00
7.157210111620000426e-01,7.624360743257887485e-01
1.475479006770000101e+00,1.225705375047827506e+00
8.354520201680000202e-01,1.131087706565302886e+00
7.344660162930000125e-01,1.109260645285377045e+00
7.861927747729999805e-01,1.204371521545148926e+00
1.143465042110000107e+00,1.188687617542779851e+00
9.246990084650000830e-01,1.256772727225013098e+00
2.958764553069999970e+00,8.654902975175168267e-01
2.138324022289999959e+00,1.592323382019621425e+00
2.038712024690000124e+00,9.361769614429223951e-01
1.480209946629999829e+00,1.295370359211188260e+00
9.367650747299998137e-01,1.317345622848677289e+00
1.715939760209999942e+00,1.206341423935657131e+00
1.001402020450000041e+00,1.030984987027008026e+00
8.896229863169999863e-01,1.660493990297097211e+00
7.492939829829999843e-01,1.139761012869010104e+00
1.115183949470000213e+00,1.570283561957303009e+00
9.457820057870001129e-01,5.312424187756820126e-01
6.452180147170000213e-01,5.982768651997969478e-01
1.164842009540000056e+00,1.071140174603276041e+00
1.244351029399999975e+00,1.020444516976828808e+00
9.045109748840000075e-01,1.121653983289039314e+00
5.575259923929999362e-01,7.575831258521132927e-01
5.778343677520000332e-01,1.315905812362154759e+00
7.199835777280000348e-01,1.210926867331752144e+00
7.607790231700000128e-01,1.015763768975594061e+00
5.404400229450000426e-01,1.093445666161428687e+00
8.009672760959999360e-01,1.207042120463081902e+00
7.710149884220000027e-01,1.290258154066703300e+00
6.709719896319999988e-01,9.728311844682859810e-01
2.768970489500000021e+00,9.404820207989447178e-01
3.086133003230000060e+00,1.283310436848920544e+00
1.116358041760000086e+00,1.186661150774956708e+00
1.018260955809999979e+00,1.110060650406844873e+00
7.442610263819999794e-01,1.795254643555343588e+00
1.114386796949999869e+00,1.262738329262418802e+00
1.380516409870000238e+00,6.919292413868004532e-01
1.229098439219999950e+00,1.615318613070978904e+00
1.573238968849999919e+00,1.711403211518939482e+00
1.245597958560000107e+00,1.225614860313278598e+00
8.298619985580000247e-01,7.082772099169158952e-01
5.376980304720000436e-01,3.741502593683095901e-01
8.593800067899999284e-01,1.211500003687841387e+00
7.949647903440000274e-01,1.201266624376733594e+00
8.122889995569999577e-01,1.094972043016311014e+00
1.209460973739999945e+00,1.222323955035603316e+00
1.043611049649999956e+00,1.139292112329477691e+00
9.914460182190000248e-01,1.014061898764309744e+00
1.377645969390000058e+00,8.527114516291860458e-01
7.495359778399999229e-01,1.180538267793465712e+00
7.549669742579999676e-01,1.074959363308603422e+00
8.522210121150000095e-01,1.255802232012983133e+00
1.312628030780000010e+00,1.339767961121800077e+00
9.499999880790001017e-01,1.102816365486696482e+00
8.433979749680000637e-01,1.113902199050662789e+00
6.329939961430000039e-01,1.291899590879071136e+00
6.848490238189999246e-01,1.097037559271843543e+00
8.296039700509999504e-01,1.064305646928515481e+00
1.117776036259999994e+00,9.192650146274640166e-01
1.060515046120000138e+00,1.314213763246010469e+00
9.966710209849999336e-01,1.168160804890692406e+00
6.726049780850000825e-01,1.226255193747286087e+00
8.499810099600000335e-01,1.003253082969316479e+00
7.929700016980000266e-01,1.118113891679574090e+00
7.509549856190000927e-01,1.106779880777806202e+00
9.556260704989999466e-01,1.246686628300653910e+00
6.085839867589999397e-01,1.282107872580604102e+00
7.782499790189999489e-01,1.189217802701899807e+00
5.098140239720000411e-01,1.020023585706406166e+00
6.364319920540000286e-01,1.128621793011198138e+00
6.015599966049999248e-01,1.053744317065939295e+00
6.556333899499999784e-01,1.179287116680137970e+00
6.385549902920000243e-01,1.186840992447743659e+00
8.762890100480000832e-01,1.087119148962673698e+00
7.967479825020000739e-01,1.236777058320972289e+00
6.824830174449999509e-01,1.010941164464937758e+00
8.025500178340000401e-01,1.222451464370645668e+00
7.950311899190000142e-01,1.177072837787384474e+00
1.584897041320000088e+00,1.220687409024670877e+00
1.017485976220000143e+00,1.181669940315143386e+00
9.177780151369999695e-01,1.231734800150396048e+00
1.230221033100000083e+00,1.267681235816434882e+00
1.027899026870000121e+00,1.348647014029414004e+00
9.125559926030000213e-01,1.050503699917051614e+00
7.935979962350000472e-01,1.072423754707576782e+00
1.030437946320000187e+00,1.536968444342160289e+00
5.325379967690000438e-01,1.133847504847281140e+00
6.127780079839999505e-01,1.108665254406218326e+00
8.741289973260000234e-01,1.053435631952533535e+00
3.667230010029999820e-01,1.159571540052274141e+00
7.391750216480000857e-01,1.031486939561058858e+00
5.604230165479999748e-01,1.045422473188413859e+00
7.758178114889999755e-01,1.214671634464014938e+00
8.102909922600001202e-01,9.561535957422512277e-01
6.437510252000000488e-01,1.170954438064748304e+00
7.236457467079999706e-01,1.143035043256838135e+00
9.113870263100001257e-01,1.131354755665105793e+00
6.627830266949999993e-01,1.292555715707511155e+00
1.002035975460000117e+00,9.959373844146820476e-01
8.224419951440000709e-01,1.368425355210636241e+00
1.030576944350000135e+00,1.206209530477978298e+00
6.781139969830000114e-01,1.179723041121931271e+00
5.333459973340000104e-01,1.182893175793463314e+00
3.209959864620000047e-01,1.213826100920515350e+00
7.608630061149999069e-01,1.150953575160758469e+00
7.439860105509998878e-01,1.242706623805375221e+00
5.468400120740000148e-01,1.013522429852550921e+00
7.004669904709999173e-01,1.265675485667506983e+00
8.356525897980000561e-01,1.147893863376580503e+00
1.274258971210000091e+00,1.128401497616358995e+00
8.934450149539999719e-01,9.239907657594689239e-01
6.211659908290000365e-01,1.233298647559220029e+00
7.900159955019999680e-01,1.298593309717400723e+00
1.067494988440000014e+00,1.347318579307949404e+00
6.698009967800000464e-01,1.103241148396792326e+00
1.265694975850000015e+00,1.062788584514531953e+00
6.380620002750000408e-01,1.495548924318512496e+00
9.348030090330000652e-01,1.187919950134318725e+00
8.006410002709999363e-01,1.093481368760232497e+00
1.085708975790000030e+00,1.075770111152547281e+00
3.527039885520000251e-01,1.168977742983737356e+00
5.883709788319999578e-01,1.087790142936839732e+00
4.875420033929999120e-01,1.421882956502359407e+00
4.636880159380000199e-01,9.586613476781125076e-01
3.637039959430000136e-01,1.163307517250040890e+00
8.750243186949999696e-01,9.757179719301192211e-01
6.435279846190000708e-01,1.380765034873771446e+00
4.834130108360000233e-01,8.911960973716365197e-01
2.120890021319999930e-01,1.173853511499458380e+00
4.560469985010000560e-01,1.078218838235519117e+00
4.367910027499999903e-01,1.239478826900655806e+00
7.238804101939999569e-01,1.024076005457640104e+00
5.560690164570000205e-01,1.303189322874552580e+00
4.748429954049999679e-01,1.231540841707470246e+00
2.674640119080000100e-01,1.277986049854365813e+00
9.588437080380001198e-01,1.026316741771882590e+00
7.868980169300000549e-01,1.190566963823298519e+00
1.794360995290000149e+00,1.084276272897173765e+00
1.337677955630000026e+00,1.418406049853689899e+00
1.210453987120000185e+00,1.274541865564673193e+00
5.654799938200000264e-01,1.288718949772876154e+00
4.008429944520000565e-01,1.177700336915844304e+00
2.727654874320000200e-01,1.325249147871264022e+00
5.836449861529999783e-01,1.078322072381224128e+00
8.533802628519999711e-01,1.543553079396481120e+00
8.660610318179999823e-01,1.091828117325283065e+00
1.158349990839999899e+00,1.278651455695546835e+00
7.764859795569999390e-01,8.461259741403164281e-01
1.068807005880000105e+00,9.700923308669990863e-01
5.888479948040000744e-01,9.546361777214563693e-01
1.588868498799999918e+00,1.216697599709366528e+00
4.327859878540000205e-01,1.337093299171900451e+00
3.996030092239999942e-01,1.244205826042328544e+00
5.545349717140000134e-01,1.369896268527730943e+00
6.221979856490000849e-01,1.232013254878646213e+00
1.149551987649999996e+00,1.073567993673395060e+00
1.121260046960000034e+00,8.453220626054621656e-01
9.776459932329999436e-01,1.540377868462672328e+00
1.732741951940000025e+00,9.159435360371438462e-01
2.302707910540000125e+00,1.339742375287379605e+00
1.053477048870000043e+00,8.849919115266225988e-01
7.962800264360000435e-01,1.128175914274196501e+00
5.203329920770000117e-01,1.649867517746666845e+00
6.104800105090000262e-01,1.417439584363843652e+00
4.453057944770000276e-01,9.658321431327548945e-01
6.522138714790000069e-01,1.134108109651318363e+00
1.175541162490000069e+00,1.447599737368600703e+00
1.032202124599999937e+00,1.077458246212279480e+00
7.193930149079998948e-01,8.591565439976367458e-01
8.200139999390000378e-01,6.532118130397254196e-01
9.497330188750000568e-01,1.209702993844172125e+00
1.039114952089999822e+00,1.045284980102247685e+00
5.883830189700000046e-01,1.138466369794210120e+00
9.508559703829998488e-01,1.340188930494743413e+00
5.277600288389999728e-01,1.401854532261769037e+00
7.736063003540000205e-01,1.139723185638148228e+00
9.703559875489998765e-01,1.012712556977922729e+00
1.383889913560000018e+00,1.159697284400305062e+00
7.795230150220000542e-01,1.231385856600796025e+00
6.069999933240000090e-01,1.041467225467375135e+00
4.660570025440000097e-01,1.319267345123257273e+00
9.455270171170000459e-01,1.039934521473110607e+00
6.238729953770000280e-01,1.163328270983916557e+00
3.923240005969999555e-01,1.018898044335681430e+00
5.156549811360000568e-01,1.435685783281161809e+00
9.679385423660000765e-01,1.217134008542262835e+00
1.356565952299999989e+00,1.049907317260153627e+00
9.072690010070000310e-01,8.043767284271717832e-01
8.162760138510000152e-01,1.267799803770508271e+00
2.479866981509999846e+00,1.303091831702974490e+00
1.133080005649999888e+00,1.353228539950242393e+00
1.045583963389999926e+00,8.310630316736894452e-01
8.474370241169999485e-01,1.355715520397157592e+00
1.536522984499999911e+00,1.771472754758844470e+00
9.008989930149998715e-01,1.080144599421717810e+00
4.812009930610000596e-01,8.495423625669631384e-01
8.572540283199999722e-01,1.580561882119284833e+00
8.617479801180000232e-01,1.197759335914386325e+00
1.008694052699999899e+00,1.137006879703433393e+00
1.127727031710000105e+00,4.761709733383879817e-01
7.795569896699999779e-01,1.388837645419367162e+00
9.895502924920001053e-01,1.070123202619212899e+00
8.363329768179998958e-01,1.108380248535684842e+00
9.099559783939998869e-01,9.883602955875380180e-01
5.511059761050000061e-01,1.075176636380069883e+00
1.239764332770000088e+00,1.318153996879563694e+00
1.211838960649999963e+00,1.281671850850098604e+00
1.379981994630000042e+00,1.057469133136001105e+00
1.148460984229999982e+00,1.148939447724698582e+00
7.663900256160000035e-01,1.157449099382003466e+00
9.660840034479999394e-01,1.265925353561081046e+00
8.156750202179999798e-01,1.025212898287780394e+00
1.142272949220000111e+00,1.247797837840780577e+00
1.299479961400000105e+00,1.120709591669166505e+00
8.583310246469999516e-01,1.418498177178878938e+00
7.149469852449999996e-01,1.068828493937562074e+00
8.764400482179999230e-01,1.073048890754398910e+00
8.305460214609999836e-01,1.103219816189182856e+00
8.535240292550000385e-01,9.134028408124686971e-01
9.092410206789999227e-01,1.228553025799092424e+00
5.202720165249999917e-01,1.282636094193200238e+00
7.411040067669999454e-01,1.121625994903858947e+00
5.853319764140000325e-01,1.062664776068824812e+00
5.047770142559999673e-01,1.021378338248143836e+00
5.519493222240000607e-01,1.073315622293060656e+00
9.697520136830000137e-01,1.230164077398774092e+00
1.116515994070000017e+00,1.189692408202005725e+00
1.049844980239999837e+00,1.012453926527071779e+00
6.342629790310000404e-01,1.194671851717006072e+00
5.644329786300000817e-01,1.152223041581211138e+00
9.184709787370000100e-01,1.254524663698741049e+00
9.593539834020000656e-01,1.104152877396390897e+00
5.984159708020000412e-01,1.184450816473425538e+00
9.383450150489999197e-01,1.291572282680828021e+00
4.542250037189999867e-01,1.430134863485273522e+00
7.079470157619999204e-01,1.023246615211557797e+00
3.876500129699999575e-01,9.688719698301953009e-01
4.484339952470000057e-01,1.144390474270682523e+00
8.405709862710000202e-01,1.211274322449238383e+00
5.337110161779999862e-01,1.174798746947274486e+00
7.211350202559999589e-01,1.147688514142274796e+00
5.215386152269999576e-01,1.005319155074362092e+00
7.050759792330000275e-01,1.328957306688246964e+00
6.405649781229999506e-01,9.726463018672948380e-01
5.168589949609999623e-01,1.193673007597053193e+00
1.660409450529999997e+00,1.227199226013227396e+00
2.465307950970000217e+00,1.280666015022291049e+00
1.622156023979999917e+00,1.288808008452878351e+00
1.866270065310000170e+00,1.005782637201232177e+00
3.623536109919999415e+00,1.601580382180731954e+00
7.948709726329999947e-01,1.458679317683508225e+00
9.065989851950000400e-01,7.784339534807718231e-01
8.571879863740000660e-01,1.666151023722381552e+00
7.756379842759999477e-01,1.956074251051393542e+00
7.006700038909999817e-01,8.182692658706475219e-01
6.443409919740000769e-01,9.195214186652006516e-01
7.579550147059999077e-01,1.575488126523306498e+00
5.499600172040000068e-01,5.959839678137752728e-01
4.964669942859999408e-01,9.239783517741791963e-01
1.367677569390000070e+00,2.684429508970951894e-01
1.397894024850000250e+00,1.222172283756457478e+00
8.148130178450000427e-01,1.035220765931516684e+00
1.278898954390000009e+00,1.090844655107031880e+00
8.623980283740000363e-01,1.433189604193543465e+00
1.093865990639999897e+00,1.116360324419078065e+00
8.134710192680000285e-01,1.019257459783392328e+00
1.466687083240000078e+00,1.403895287688083249e+00
9.060310125349999577e-01,1.385452214377001390e+00
7.652140259739999006e-01,1.149309905531817444e+00
1.311033964160000176e+00,1.174208376788263397e+00
7.892500162119999718e-01,1.060755451706785868e+00
1.474902033810000068e+00,1.138948159605438493e+00
9.167850017550001063e-01,9.618743087149869142e-01
1.186140060420000086e+00,1.427806059784050063e+00
1.411391973500000008e+00,1.024195971043794895e+00
2.092472076419999993e+00,1.224809547148325573e+00
7.189220190049999681e-01,1.105989752612554167e+00
1.301861047739999888e+00,9.659773816627198473e-01
1.268974781040000055e+00,1.632225349680876736e+00
1.221997022629999874e+00,1.019307795816316808e+00
9.061110019680000960e-01,1.047582194306290404e+00
1.078873991970000112e+00,1.084901384871822749e+00
1.028025031089999874e+00,1.606819073650114893e+00
7.863690257070000689e-01,8.191797970812401131e-01
1.276852965350000035e+00,1.104750918688219619e+00
7.093420028689999546e-01,8.891144770051730983e-01
5.201929807659999572e-01,1.244416078256325164e+00
5.645610094070000473e-01,9.740307881156409220e-01
9.855200052259999177e-01,1.183175098271794567e+00
1.092841982840000004e+00,1.000819624868416691e+00
4.786899983879999709e-01,9.948082399275856025e-01
3.955059945579999514e-01,1.251886647043362943e+00
1.850703001020000071e+00,1.144060767629267117e+00
1.195796012879999815e+00,1.208581761390913556e+00
1.702510833739999896e+00,7.200868453051483264e-01
2.998351097109999586e+00,1.334266781336362229e+00
2.407080888749999925e+00,1.706971042036498742e+00
2.585943937299999718e+00,1.011385152187097569e+00
2.233839035029999920e+00,1.120206008073241666e+00
1.655773043629999997e+00,1.756839994026031970e+00
1.430611014370000156e+00,1.179201347365820718e+00
8.921740055079999676e-01,1.496823166512326164e+00
1.231696963309999893e+00,1.341290273333773264e+00
8.955079913140001624e-01,1.187010522995570527e+00
1.602033019070000064e+00,1.196292933378404921e+00
1.585399031639999956e+00,7.225745396597365033e-01
1.232059955600000034e+00,8.234306899407122238e-01
1.210371017459999976e+00,7.353940767967926950e-01
1.242141008379999967e+00,8.219426636591271595e-01
9.857040047650000858e-01,1.080858583805663242e+00
7.289689779279999726e-01,8.081340446869742511e-01
6.761519908910000876e-01,1.361065928463314645e+00
1.071573019029999907e+00,1.202625412177329878e+00
9.457439780239998983e-01,1.162306042743821433e+00
4.376370012759999706e-01,9.118487669048523925e-01
5.141820311550000522e-01,1.003109807352611904e+00
3.387190103530000052e-01,1.166974947282177766e+00
7.144280076029999593e-01,9.699449940275013393e-01
4.996199905870000180e-01,8.851120304824435792e-01
7.917379736899999854e-01,1.161584723870327851e+00
8.646243214609999894e-01,1.239067947485899879e+00
6.024960279459999901e-01,1.139029330614135027e+00
1.260069966320000123e+00,1.023855761774216555e+00
1.012339949610000067e+00,1.074886256521057959e+00
1.004528999329999950e+00,1.297400029153286116e+00
6.310235261919999727e-01,1.129667852567875164e+00
1.141221046449999887e+00,1.441733289443182242e+00
5.426099896430000014e-01,1.247067004510650889e+00
8.547459840769999762e-01,1.067669313598867298e+00
7.744219899179999311e-01,1.333002057873688084e+00
3.084340095520000102e-01,1.196678370580733342e+00
8.376209735870000506e-01,1.201591700716116096e+00
7.293469905850000767e-01,9.930865846307591616e-01
7.503905892370000830e-01,1.219509572835456357e+00
1.134822010990000019e+00,8.795345017817591815e-01
1.614240050320000064e+00,1.390326636738349775e+00
1.244793057440000128e+00,1.081290541130586869e+00
7.141630053519999466e-01,1.050016480795676888e+00
7.293040156360000026e-01,1.321897950307020508e+00
6.486989855770000091e-01,1.265890758436034602e+00
3.427990078929999962e-01,1.211329351874842031e+00
3.861860036850000011e-01,1.076429608055134102e+00
6.366299986840000535e-01,1.404934101803908320e+00
3.990480005740000280e-01,1.249838977263134643e+00
4.178859889509999870e-01,9.179729302692264392e-01
1.103790521619999909e+00,9.276151977064855947e-01
6.956189870829999622e-01,1.083016059024757283e+00
8.070139884950000564e-01,9.837747209623490807e-01
5.947690010070000310e-01,1.140178248441988451e+00
1.107607960700000005e+00,1.332173754605559424e+00
9.713580012320000012e-01,1.185829095347369133e+00
7.170349955560000321e-01,1.142710022364209266e+00
6.764810085300000386e-01,1.346226775460894753e+00
1.687772989270000190e+00,1.312674813026410536e+00
9.907569885250000485e-01,1.372172434878485392e+00
8.082039952280000161e-01,8.268397424783832106e-01
1.087718963619999979e+00,1.372180398889959907e+00
1.564818024639999861e+00,1.404815921919800203e+00
6.673809885979999912e-01,1.112273042872561346e+00
1.256489992140000123e+00,8.472408615650518504e-01
1.091886043549999963e+00,1.586764615907769516e+00
7.375509738919999725e-01,1.205601281181145179e+00
6.224380135540000802e-01,1.047984409244846260e+00
8.364729881290000613e-01,1.020797387926726030e+00
5.774260163309999916e-01,1.361344000925444719e+00
1.015761017800000054e+00,8.925252646443981863e-01
1.106158971790000001e+00,1.262916983570338214e+00
6.945540308949998964e-01,9.894417931109827924e-01
1.130903959270000092e+00,1.132701316444808759e+00
9.518219828609999489e-01,1.094564923535505052e+00
7.524570226669999862e-01,1.118131516789997226e+00
5.585229992869999993e-01,1.012227653364026647e+00
1.415836334229999771e+00,1.373952708681310808e+00
1.855298042299999839e+00,1.271865850559685596e+00
7.845479845999999702e-01,1.075084097138586881e+00
8.210539817810000862e-01,1.146674165896044428e+00
5.835890173909999978e-01,1.334774453161822416e+00
8.359720110889999889e-01,1.277092837316837759e+00
2.184663057329999880e+00,7.564567970403115460e-01
6.805480122570000123e-01,1.298916200987415559e+00
1.238904953000000031e+00,1.323955534648385113e+00
1.030328035349999949e+00,1.339581028193680190e+00
7.914109826090000022e-01,1.238820401064705701e+00
8.423720002169999832e-01,5.172287416446764707e-01
4.464710056780000769e-01,1.158918500464724888e+00
5.589337944979999584e-01,1.624149306964745909e+00
7.099329829220000221e-01,9.653235985909426331e-01
7.334340214730000751e-01,1.347686462081371994e+00
7.833399772640000647e-01,6.678726020835153987e-01
8.426809906959999985e-01,1.198874725888970483e+00
1.099761009220000085e+00,1.115057986839249837e+00
8.706315755840000614e-01,9.996093082135287800e-01
5.862460136410000411e-01,1.122008798139562336e+00
8.863990306849999223e-01,1.162430663092862249e+00
1.019399046900000050e+00,1.336850663009984785e+00
8.493610024450000129e-01,1.185593169936506763e+00
1.010666966439999870e+00,1.115113736627273422e+00
1.331516027449999973e+00,1.361873559611876727e+00
1.215008974079999859e+00,1.228976897984978223e+00
1.645591020579999952e+00,1.030533160241082768e+00
9.708780050280000351e-01,1.184460945410094723e+00
1.411272048950000135e+00,1.228400046506238130e+00
7.953929901119999313e-01,1.285320324145349691e+00
1.046331048010000098e+00,1.192015261915368995e+00
8.879339694979999642e-01,1.178551516832135215e+00
8.349300026890000836e-01,1.206659222267626230e+00
9.847199916839999290e-01,1.276409188328021083e+00
1.090394020079999970e+00,9.583757662351939377e-01
4.901649951929999416e-01,1.245916534623142446e+00
6.141669750209999279e-01,7.642531043048138573e-01
6.314740180969999894e-01,1.285237155159722588e+00
8.252440094949999860e-01,9.702039677937268625e-01
1.051450967789999913e+00,1.055880509892395347e+00
1.047114968300000060e+00,1.131829446573847875e+00
3.921430110930000379e-01,1.257314896212644362e+00
4.695149958129999912e-01,1.047949131869355455e+00
7.720900177959999500e-01,1.187296477997214605e+00
7.520099878309999264e-01,1.012435401198628293e+00
6.877393722529999698e-01,1.117612631791716993e+00
6.718119978899999012e-01,1.285661007113823917e+00
1.185933232310000029e+00,1.384744478677224278e+00
6.571980118750000432e-01,1.047368009735632155e+00
8.213180303569999063e-01,9.582864103377384257e-01
7.795739769939998842e-01,1.150559587313630283e+00
1.030122995379999962e+00,1.359557162587547330e+00
6.211889982220000217e-01,1.180677890126937468e+00
8.660820126530001106e-01,1.086223789408726326e+00
9.608931541439998947e-01,1.388124765320575271e+00
6.760399937630000577e-01,1.128305721999385502e+00
7.402380108830000083e-01,1.165609994852156994e+00
5.984709858890000511e-01,1.061226853303148587e+00
6.151059865950000427e-01,1.325164072183383279e+00
9.358735680580000382e-01,1.014112107289822928e+00
5.818247795100000008e-01,1.222465646507702841e+00
7.156659960750000327e-01,1.087826625008359249e+00
6.529520154000000298e-01,1.198292380307736771e+00
9.700022935870000751e-01,1.203032266099371306e+00
7.834500074390000623e-01,1.020365610674928369e+00
7.448130249979999506e-01,1.134016253338845370e+00
8.276180028919999376e-01,1.280019924869308268e+00
8.943400979040000420e-01,1.198093485550363102e+00
2.505017042159999985e+00,1.210808629828252991e+00
1.620712041850000062e+00,1.126525159242415475e+00
1.417585968970000110e+00,1.225112704637634220e+00
1.049872040749999957e+00,1.293634033567286012e+00
1.226507544519999993e+00,1.515631903757740373e+00
1.043179035189999881e+00,1.037886438979408688e+00
9.694439768789999690e-01,9.620755253072134083e-01
8.192250132559999454e-01,1.676486323137291068e+00
8.129550218580000598e-01,1.235193894629179834e+00
6.712080240250000163e-01,1.286917268611507126e+00
5.289899706839999993e-01,6.011905305488134399e-01
3.461930155749999849e-01,9.966369699409057814e-01
4.789490103719999947e-01,9.846063960135561510e-01
1.153810977940000093e+00,1.109623530425253080e+00
9.671270251270001062e-01,1.004343209861045638e+00
7.845839858059999727e-01,1.026116147807568435e+00
4.701859951020000428e-01,1.130541816591212667e+00
5.632782578470000301e-01,1.245487340728953063e+00
2.416239976880000528e-01,1.049895663022153203e+00
2.709859907630000064e-01,1.022578725368316288e+00
1.994680017229999991e-01,1.334478717540470871e+00
1.327169984580000017e-01,1.306015247126348422e+00
4.732620120049999546e-01,1.216492853903579974e+00
6.585559844969999244e-01,9.584513130335162723e-01
9.621880054470001165e-01,1.079381417278939770e+00
5.111979842189999790e-01,1.021508874433258551e+00
9.829789996150001263e-01,1.220186529347111026e+00
9.100099802019999684e-01,1.225014687235725708e+00
1.026576042179999870e+00,1.206808345760623791e+00
8.309389948840000262e-01,1.231997168218046390e+00
9.651920199390001676e-01,1.373298367857382463e+00
1.000543951989999902e+00,1.500677171336347593e+00
1.983185052870000131e+00,1.138811081874001596e+00
1.274855017659999978e+00,1.333193927231742126e+00
1.286525964740000028e+00,1.053406230367950780e+00
1.382244944570000245e+00,1.432007653415890980e+00
1.736924052240000016e+00,1.281457056800118011e+00
1.257668018339999971e+00,1.101998789727797634e+00
7.533379793170000838e-01,1.001950138315910621e+00
1.084908962249999886e+00,1.583713074711610158e+00
1.062494039539999990e+00,1.232620134740266993e+00
7.787629961969999570e-01,1.108194890747160155e+00
8.256469964979999965e-01,7.630606419966109444e-01
9.891830086709999525e-01,1.338267302598794561e+00
1.418092012410000047e+00,1.102424237090242398e+00
1.151677966120000063e+00,8.781784936442608158e-01
1.250364065170000094e+00,9.445950569498396954e-01
8.794019818310000458e-01,1.159842326614960006e+00
1.089423060420000144e+00,1.222267886153183047e+00
1.809062957759999701e+00,1.081241136614235154e+00
8.687390089040000207e-01,1.127155989427806482e+00
8.521729707719999380e-01,1.214884517532757613e+00
1.307837963100000112e+00,1.294351683427885868e+00
1.262575984000000151e+00,1.402741608554093133e+00
7.601559758189999627e-01,7.541616718365160565e-01
1.069887042049999959e+00,1.040060429403021569e+00
8.579840064049999437e-01,1.498552659846190460e+00
1.149323940279999956e+00,1.027831131098469797e+00
1.067142963410000034e+00,1.012260791969928908e+00
7.400619983670000401e-01,1.007799805067946419e+00
6.799880266190000411e-01,1.233512268953810498e+00
7.323921322820000634e-01,1.141009721467571181e+00
8.352749943730000126e-01,1.107842913297175880e+00
6.000829935070000065e-01,9.063379013418730867e-01
1.010563969610000168e+00,1.247850377079541273e+00
7.613970041280000434e-01,1.187713697057016571e+00
7.260069847110000030e-01,1.100658838333236966e+00
1.064324021340000037e+00,1.012254511464211637e+00
5.901079773899998715e-01,1.148952863836496974e+00
7.744659781460000447e-01,1.145304669667778663e+00
7.406870126719998781e-01,1.133625589190576211e+00
8.908360004430001533e-01,1.334859450344838327e+00
7.620100975040000613e-01,1.047044800141389898e+00
7.774500250820000069e-01,1.197286254711407594e+00
5.811070203779999943e-01,1.234039498819529124e+00
7.908779978749999051e-01,1.084426695540197105e+00
8.903719782829999652e-01,1.218581995580251265e+00
7.882059812549999656e-01,1.031584412116506533e+00
7.301949858670000459e-01,1.234991897177689424e+00
9.248933196070000529e-01,1.190669714886727348e+00
1.265586972239999941e+00,1.241626481636507462e+00
7.884140014650000694e-01,1.048421769254171299e+00
9.180610179899999501e-01,1.146548586986658513e+00
6.569269895549999516e-01,1.284760851987019503e+00
8.252680301670000107e-01,1.272808236350247757e+00
4.257229864599999525e-01,1.079972102629081609e+00
9.114630222319999309e-01,1.121135068466712736e+00
7.238519787790000937e-01,1.326194391793581895e+00
9.657319784160000031e-01,1.101212371989903183e+00
7.194200158119999911e-01,1.162001584311308733e+00
7.146480083470000411e-01,1.000241613378552774e+00
6.188799738879999790e-01,1.233740497199492969e+00
8.502969741820000094e-01,1.000863900703061526e+00
6.113014817240000065e-01,1.278865092808896042e+00
8.405809998509999881e-01,1.051156156381071627e+00
5.909900069240000553e-01,1.379251044834573170e+00
1.191807866100000002e+00,1.096532436768795860e+00
1.072478055950000009e+00,1.199579836662689525e+00
7.976800203319999172e-01,1.044192822653109420e+00
7.140370011329999489e-01,1.219702159058484003e+00
8.885610103609999921e-01,1.229993616187235350e+00
7.367290258409999737e-01,1.286072267312230899e+00
9.655410051350000744e-01,9.495390929208525899e-01
8.569459915160000385e-01,1.373072357620064965e+00
5.838339924809999859e-01,1.213639936295379806e+00
3.047562122340000457e+00,1.199786310049734794e+00
8.865389823909999301e-01,1.192913788841117428e+00
1.186460971829999878e+00,8.959407587677924445e-01
8.750730156899999557e-01,1.279740710363184597e+00
1.111973047260000014e+00,1.670345713916477681e+00
6.929270029070000447e-01,8.611789465791096498e-01
5.632749795910000357e-01,8.549060768731335802e-01
5.519689917560000048e-01,1.947721334126177650e+00
9.211350083349998386e-01,9.106135958445962242e-01
5.465030074119999748e-01,1.381178796990753632e+00
9.997850060459999577e-01,3.263342584519396405e-01
7.512239813800000166e-01,1.312909480342508095e+00
8.402569890019999654e-01,1.016581150576789661e+00
7.843149900439999600e-01,1.070059936606379880e+00
5.915480256080000165e-01,1.049579779462847640e+00
6.109840273859999948e-01,1.251512358012017101e+00
9.328789710999999540e-01,1.124565950477246723e+00
7.992020249369999885e-01,1.357751916568984196e+00
9.833549857140000405e-01,1.009630100933490926e+00
5.405290126799999761e-01,1.301298080456851469e+00
1.093670010570000128e+00,1.139482594747537769e+00
9.266330003740002041e-01,1.165729582642929918e+00
7.972419857979999858e-01,1.079403528123430656e+00
5.896059870719999596e-01,1.174710117651847519e+00
7.799540162090000672e-01,1.283494944973644136e+00
5.182790160179999717e-01,1.325466115605544282e+00
7.263879776000000676e-01,9.182621125883763114e-01
6.216366887090000182e-01,1.280791301753232192e+00
8.810679912569999717e-01,1.114477862494232419e+00
7.315016984940000411e-01,1.240219039023563008e+00
9.703850150110000516e-01,1.007633063541618190e+00
8.715350031849999901e-01,1.180917585892996557e+00
5.505740046500000595e-01,1.092480596770613488e+00
2.576299905780000121e-01,1.232620547636551267e+00
6.952109932899999123e-01,1.137448552550141878e+00
3.547430038449999601e-01,1.321694527750235881e+00
1.308350920679999918e+00,1.012409745024396956e+00
1.424710035319999957e+00,1.294115313389441191e+00
2.422243118290000385e+00,1.192147218664369790e+00
1.588093161580000023e+00,1.174160728874155124e+00
2.882889986040000352e+00,1.065180371444586882e+00
1.510810017590000109e+00,1.429559199483213305e+00
5.103110075000000245e-01,1.114790465645996598e+00
6.637499928469999810e-01,1.482124882806223676e+00
5.865659713749999948e-01,1.488836320661687473e+00
9.182999730109998593e-01,1.519921274179903969e+00
1.126363039020000123e+00,7.212955664046669657e-01
9.455379843710000065e-01,1.627877123975560281e+00
7.979699969290000583e-01,7.062065932071704966e-01
8.895260095600000527e-01,8.873754979210184413e-01
5.017459988589999531e-01,5.881836945475554801e-01
7.889080047609999813e-01,7.987052539441369392e-01
5.571460127830000220e-01,1.294442700478936059e+00
8.079270124439998924e-01,1.270070724546371821e+00
7.382910251620000697e-01,1.211516395650792166e+00
6.742079854009999096e-01,1.132389699324281462e+00
8.787713646889999675e-01,1.096403286814418454e+00
7.401880025859999268e-01,1.051233728626071562e+00
8.886500000949999478e-01,1.198074693225956722e+00
7.983270287510000340e-01,1.042672383370589095e+00
5.137799978260000344e-01,1.322782877438847926e+00
7.760372757910000141e-01,1.123559551171817272e+00
8.528280258179999906e-01,1.246550334762474233e+00
7.851629853249999513e-01,1.177802314936140959e+00
8.431609868999999646e-01,1.082540608621874956e+00
1.024798870089999925e+00,1.301374683498414120e+00
8.044279813770001120e-01,1.183359320343296384e+00
8.841310143469999216e-01,1.059105765730410820e+00
3.615649938579999501e-01,1.189436218015345270e+00
1.171491026879999842e+00,1.183274626628004755e+00
4.477910101410000343e-01,1.273136296284973712e+00
7.665730118750000432e-01,1.089298391568112478e+00
7.735599875449999940e-01,1.200242683532733556e+00
1.054823040959999902e+00,1.244930663748615718e+00
7.843300104139999673e-01,1.137143635049464585e+00
1.034250974660000155e+00,9.014938568711753364e-01
1.096979022029999973e+00,1.439063398356902779e+00
7.633029818529999400e-01,9.967523861061570178e-01
5.883730053899999257e-01,1.301847098782579204e+00
6.365630030629999547e-01,1.058594788232876338e+00
5.750700235369999858e-01,1.400866287975678137e+00
5.399640202519999654e-01,1.042040392838955887e+00
1.324671149250000068e+00,1.197614395031381340e+00
8.178460001949999780e-01,1.208450149860903045e+00
6.359609961509999909e-01,1.076531973203643577e+00
8.135920166969999867e-01,1.075745655220733621e+00
9.872140288350000903e-01,1.212715765874047058e+00
9.839289784429998686e-01,1.050981633411157024e+00
5.904790163040000150e-01,1.055789981525929955e+00
8.986790180209999201e-01,1.453335773980036771e+00
6.268000006680000125e-01,1.268619055092104597e+00
6.926850080490000172e-01,1.170668057328311917e+00
5.757049918169999669e-01,9.510544200225777844e-01
6.764680147170000213e-01,1.234047983244618951e+00
8.279470205309999997e-01,1.251371521127688791e+00
6.547859907149999881e-01,1.060241135380020738e+00
1.085815548900000094e+00,1.152800747092864508e+00
8.509550094600001335e-01,1.083185582362717225e+00
8.879359960559999321e-01,1.235216466443899597e+00
6.557850241659999302e-01,1.068814373357590108e+00
6.597809791559999804e-01,1.258296711527671530e+00
8.856279850010000398e-01,1.212257548166815413e+00
7.502999901769999980e-01,1.153713369679006728e+00
9.303160309790000637e-01,1.261824933516362268e+00
7.259460091590000941e-01,1.145313007351632661e+00
7.123904824259998936e-01,1.286393230349226702e+00
9.326570034029998402e-01,1.021408584340515846e+00
6.544970273969999974e-01,1.146468462470324967e+00
4.987269937989999846e-01,1.125665211355517670e+00
9.782410264020000579e-01,1.170104125472195999e+00
5.593240261080000275e-01,1.340334141866632578e+00
8.733990192409999409e-01,1.004098323686374306e+00
6.232500076290000690e-01,1.159896632513135240e+00
6.319249868390000024e-01,1.242241006613330256e+00
8.335350155830000274e-01,1.099210019349298406e+00
8.613430261610000027e-01,1.136234515513565357e+00
1.036013007159999999e+00,1.192005768433082702e+00
6.160370111469999355e-01,1.093276651833563928e+00
9.874529838560001105e-01,1.356067946991354356e+00
6.686739921569999634e-01,1.100469976247107073e+00
6.455339789389999972e-01,1.192267906244937281e+00
1.007030010220000049e+00,1.110942250052925795e+00
7.763000130650000719e-01,1.283829316299415657e+00
9.358490109440000815e-01,1.238409394243224604e+00
6.626719832419999401e-01,1.061440986374504902e+00
1.113351941109999910e+00,1.302169808045091637e+00
5.495319962500000432e-01,1.036037027283446932e+00
9.273632764820001206e-01,1.139179073318470348e+00
8.215330243109999486e-01,1.210273207420506703e+00
9.193540215490000334e-01,1.198239551276448989e+00
6.899859905239998925e-01,1.215226242672108548e+00
6.497738957409999738e-01,1.041558398560845200e+00
9.705049991610000815e-01,1.338739213473630674e+00
8.034440279009998909e-01,1.003541756879785973e+00
8.920990228650002019e-01,1.228807876887157313e+00
7.462270259859999921e-01,1.046044869791637355e+00
1.495407462120000197e+00,1.351562187624859357e+00
7.597569823270000633e-01,1.112710756415059787e+00
9.677280187610000084e-01,1.045406320200369388e+00
1.126011013979999920e+00,1.254656745331725443e+00
7.641419768330000029e-01,1.296309795630600448e+00
1.423818945879999909e+00,1.125248230527672089e+00
8.309190273280000483e-01,1.096451205386975714e+00
5.316870212550000030e-01,1.408799925864324232e+00
6.942920088770000442e-01,9.990529263666817483e-01
1.097100019450000019e+00,1.372266537580999035e+00
8.623710274700000511e-01,9.514880728874970384e-01
9.711959958080000899e-01,9.722579483736393247e-01
7.501904964450000213e-01,1.411554765559340563e+00
5.659890174870000346e-01,1.089355128215698576e+00
7.235890030859999378e-01,1.081844728160490376e+00
1.088876962660000114e+00,9.536980108129342604e-01
2.614549994470000138e-01,1.226110803731289334e+00
1.923168003559999895e-01,1.123840246787284336e+00
2.048390060660000012e-01,1.343005527495552798e+00
3.752999901769999980e-01,1.103746269045471573e+00
1.878910064700000104e-01,9.218135804105819231e-01
4.178839921949999980e-01,1.009953391672320233e+00
6.128349900249999704e-01,1.353879491587467010e+00
4.822100102900000462e-01,1.077781511439914075e+00
8.136649727820000066e-01,1.046665651993075707e+00
8.997989892959999958e-01,1.003870755847444673e+00
7.667459845540000041e-01,1.314126977899459536e+00
6.762999892229999421e-01,1.178617399594414028e+00
9.804093837739999984e-01,1.357789289852574299e+00
1.075533032420000090e+00,1.330491927118243600e+00
6.459739804270000496e-01,1.218379470293641020e+00
7.601699829100000416e-01,1.280237234902295906e+00
8.707180023190000950e-01,1.344723559402714708e+00
1.045557022089999899e+00,1.274021167834342938e+00
4.832339882850000268e-01,1.032555683366535026e+00
1.085988998409999962e+00,1.165384544795841748e+00
7.320979833600000930e-01,1.359501079249763489e+00
7.128990292550000385e-01,1.103033889863204609e+00
1.045389056210000112e+00,1.044613799362667406e+00
7.359200119969999676e-01,1.188855322933216163e+00
8.956930041310000590e-01,1.245640239716476305e+00
8.745509982110000191e-01,1.029633893041227877e+00
9.237470030779999508e-01,1.350396181879008672e+00
9.997780323029999971e-01,9.859262953618913583e-01
1.739534020420000049e+00,1.257510417924550206e+00
8.107889890670000321e-01,1.220183376033910694e+00
7.049050331119999235e-01,1.063735402303762401e+00
8.328269720080000438e-01,1.330492404036056175e+00
8.276600241660000412e-01,1.229914789767217576e+00
8.953109979629999549e-01,1.042550501714025968e+00
1.459501028060000039e+00,1.067862141113518515e+00
1.179519057270000060e+00,1.522839829481471563e+00
1.443411946299999915e+00,1.009193242018518122e+00
1.306735038760000078e+00,1.164902099742957775e+00
7.634999752040000365e-01,9.846733576948829558e-01
1.145148038860000161e+00,1.122522939475575798e+00
7.253450155259999477e-01,1.267770660854971254e+00
7.633590102199999672e-01,1.287633949826983537e+00
6.174820065499999622e-01,1.092483023003810283e+00
1.029322981830000039e+00,1.344296599823973315e+00
1.302055954929999926e+00,1.040864052288363428e+00
3.164124965670000122e+00,9.469922199674229990e-01
9.734439849849999549e-01,1.191796465842940300e+00
1.229671001429999855e+00,8.483346819191460719e-01
7.441530227660000385e-01,1.482702157713940760e+00
1.063034057620000139e+00,1.269016262458885214e+00
1.123872041700000102e+00,9.375134544299175143e-01
8.984770178789999173e-01,1.074578878575109586e+00
7.175139784810000698e-01,1.958754252186907241e+00
5.367509722709999931e-01,9.233667848883612139e-01
1.175443053249999981e+00,1.251862456567142345e+00
1.101048946379999949e+00,3.163785406859649929e-01
5.734490156170000130e-01,1.116637098805949080e+00
1.431144952770000200e+00,1.064330226831551540e+00
1.037794947620000130e+00,1.395187619982167559e+00
6.568620204930000206e-01,1.010810485570827755e+00
1.074908018110000141e+00,8.703301884615476380e-01
1.385972023009999887e+00,1.462923001444754290e+00
1.004804968829999812e+00,1.211604986603615153e+00
1.609539985660000116e+00,9.869227134524767298e-01
2.817575931549999524e+00,1.436375190401008473e+00
1.962562561039999931e+00,1.206573793872926403e+00
1.279752016069999998e+00,1.038735448755343516e+00
1.995329976079999845e+00,1.227519424230840484e+00
2.033385992049999924e+00,1.604193871934193050e+00
1.307443976400000096e+00,1.009335612826260054e+00
1.611258029939999892e+00,1.042258797794709979e+00
2.040218114850000042e+00,1.749834940701242569e+00
2.183244943620000100e+00,1.333888603326381928e+00
1.351415991779999937e+00,7.990265576965394079e-01
7.242180109020001089e-01,8.658317834624680298e-01
1.363389015200000109e+00,1.223510562002387836e+00
1.526808977129999967e+00,1.131215994331851826e+00
1.784019589419999940e+00,7.663449719962144302e-01
1.103597044940000105e+00,9.140512329600821717e-01
1.763007998470000004e+00,1.436467164353642856e+00
1.157549023629999896e+00,1.153016398151564426e+00
1.153326034550000045e+00,6.715051918369783213e-01
2.362811088559999551e+00,8.321258853662770738e-01
2.580787897110000007e+00,1.277804323639680106e+00
1.242146968839999976e+00,1.343221584960377912e+00
1.712821006770000265e+00,8.972725472327373053e-01
6.676509976389999323e-01,1.640082188188231482e+00
8.271329998970000652e-01,8.499381283202775972e-01
9.642647504810000214e-01,8.842289156473317480e-01
1.394161701200000048e+00,1.269144523341769082e+00
7.584049701689999923e-01,1.335394182705645916e+00
6.900759935379999765e-01,9.392674773304711122e-01
6.740249991419999809e-01,1.102837821432288479e+00
8.615220189090000424e-01,5.331521291622008940e-01
7.907469868659999790e-01,9.632892051522652377e-01
7.285000085830000138e-01,8.212287104790968462e-01
2.411980032920000017e-01,1.416384101036672449e+00
3.354600071909999981e-01,1.101626062044196885e+00
5.912460088730000507e-01,1.124152791151666442e+00
1.058426976200000036e+00,9.032899792782106418e-01
7.669919729230000316e-01,1.120437663305683174e+00
5.881239771840000019e-01,1.162678914223871152e+00
5.922303199769999305e-01,1.309134716113456998e+00
8.753510117530000079e-01,1.090833084102028394e+00
7.038279771799998974e-01,1.042711481155978337e+00
5.677499771120000371e-01,1.052302589688305368e+00
7.133870124819999825e-01,1.458800357935920777e+00
1.077505946160000061e+00,1.349902467078686330e+00
6.909419894220000247e-01,1.167587869612255913e+00
7.724580168719999973e-01,9.573246813143478917e-01
7.237120270730000859e-01,1.290295178516632779e+00
9.752489924429997847e-01,1.264042906363814778e+00
9.151769876480000399e-01,1.122143991800875762e+00
7.574009895319999686e-01,1.094996401273236497e+00
6.912069916730000374e-01,1.310325507565946346e+00
1.183527946470000147e+00,1.221422460550756650e+00
7.705749869349999281e-01,1.234207479807714281e+00
8.947700262070000798e-01,9.541843311774708125e-01
6.143350005150000070e-01,1.290549142404299632e+00
7.692319750789999855e-01,1.264383527181783373e+00
9.070749878880000061e-01,1.138424511528638439e+00
4.068099856379999713e-01,1.044039706422647429e+00
5.138880014419999753e-01,1.205727825988134327e+00
2.481469959019999838e-01,1.165230244060904585e+00
2.568759918210000159e-01,1.264387914329302642e+00
5.980659723279999618e-01,8.784494929832215027e-01
5.981699824330000137e-01,1.181227243015809725e+00
8.801140189170000294e-01,1.133110497131255112e+00
1.085649013520000095e+00,1.103781040764870269e+00
9.920129775999999566e-01,1.232405258329289932e+00
8.743849992749999078e-01,1.003705538204135772e+00
8.770260214810000621e-01,1.230565663602734894e+00
1.008928894999999937e+00,1.304309695643689038e+00
8.088759779930000393e-01,1.262240958209919883e+00
6.714209914210000907e-01,1.322998206794538945e+00
7.449629902840000373e-01,1.310258151526602743e+00
6.942679882050000195e-01,1.297582457743430950e+00
1.001886010170000008e+00,1.102407856353028404e+00
7.935580015180000446e-01,1.066197241331208190e+00
8.450049161910000439e-01,1.157518187135542220e+00
8.031240105629999793e-01,1.151905099974632085e+00
5.744469761850000689e-01,1.155313296436474291e+00
5.679720044139999757e-01,1.065361082242705093e+00
4.538080096239999195e-01,1.118988951214166416e+00
8.494881391529999215e-01,1.270904586989249241e+00
4.064599871639999473e-01,1.123100659287982195e+00
2.453519999980000310e-01,1.166634479451039041e+00
2.323218107220000217e+00,1.114854018342192665e+00
2.027115583420000089e+00,1.277726466805034100e+00
1.581117987629999888e+00,9.356428228993934892e-01
1.727049946780000012e+00,1.081787441585315035e+00
1.150642037389999928e+00,1.795260983565136303e+00
1.607933998109999818e+00,1.118560884150115786e+00
1.331233978270000007e+00,9.653916614789216366e-01
1.221642017359999999e+00,1.637385591201631296e+00
1.583541989330000010e+00,1.417620913625123658e+00
1.608662128450000006e+00,1.572993689008939766e+00
2.185653924939999992e+00,8.989499028928896740e-01
2.989559888840000124e+00,7.823115392539230495e-01
7.574499845500000106e-01,1.274103628175800473e+00
1.811344027520000122e+00,8.693875840046640935e-01
1.527951955800000094e+00,1.459731334624421395e+00
8.892235755919999374e-01,1.169427869353619531e+00
