1.176299691200000108e+00,1.061129139416614242e+00
1.714609026910000056e+00,1.195196134793051090e+00
1.307337045669999975e+00,1.490571795637180230e+00
6.186890006069999393e-01,1.340025450812115659e+00
2.298435926440000276e+00,8.346668745608526452e-01
1.808241009709999902e+00,1.908893012059557970e+00
8.794149756429999742e-01,1.690322900600305323e+00
1.570945024490000064e+00,1.130154222322937052e+00
1.578516006470000121e+00,1.368624932810467376e+00
6.200309991839999535e-01,1.598805783868369579e+00
9.928810000419999726e-01,9.690497711650183366e-01
4.551869928839999413e-01,1.001544742454640424e+00
1.017398953439999865e+00,7.722033950131614866e-01
8.378469943999999892e-01,1.147840780426006901e+00
4.884769916529999589e-01,8.511899446579250794e-01
1.246340990070000210e+00,7.814232018636854127e-01
1.209630966189999990e+00,1.137939211977539555e+00
1.252451062200000020e+00,1.163402444767816624e+00
1.519726991650000025e+00,1.284049221000112873e+00
1.063797950739999942e+00,1.308389249382892361e+00
1.571495056150000069e+00,1.169605776229400318e+00
1.278105020519999968e+00,1.474981841903344915e+00
1.192077994349999948e+00,1.240435361530471070e+00
8.304439187050000060e-01,1.311579335521402934e+00
1.402015686039999931e+00,9.270795414059588291e-01
1.156504034999999986e+00,1.397912986765848631e+00
1.162554860120000200e+00,1.201632605284068234e+00
6.007519960399999581e-01,1.217177428502330017e+00
1.253835797310000055e+00,7.882785483977574614e-01
1.791844010350000183e+00,1.271073413378680517e+00
1.734062552449999961e+00,1.587434830902255900e+00
4.939970970150000085e+00,1.611568527109498383e+00
2.394351005549999911e+00,3.657297233353079768e+00
2.212575912479999740e+00,2.104278095709052110e+00
1.886527061460000043e+00,2.248956900340234988e+00
9.343829751010001017e-01,1.621007007787457654e+00
9.099829792980000942e-01,1.576346190396291869e+00
8.112999796870000724e-01,1.158055784697535007e+00
1.049708962440000004e+00,9.898116747280942818e-01
1.351788043980000076e+00,1.347325944478479975e+00
1.277305960659999906e+00,1.234373876109970958e+00
7.854449748989998925e-01,1.349216863757156881e+00
4.846229851250000165e-01,9.596310828565128848e-01
6.676359772680000582e-01,7.183990141214239289e-01
8.322510123249999836e-01,8.588677167547282831e-01
5.959370136259999340e-01,9.382732190682232520e-01
3.410890102390000123e-01,7.551069171827463622e-01
6.860110163689999707e-01,5.482408448217558350e-01
8.153510093690000682e-01,7.779874051843128635e-01
3.985430002210000322e-01,8.808179687375763400e-01
6.998159885410000225e-01,6.026730796746201380e-01
4.263690114019999533e-01,7.536364390734374696e-01
6.866139769550000382e-01,5.884253087914742553e-01
1.826770007609999913e-01,8.107384348510102701e-01
7.018824815749999946e-01,3.756000832451197313e-01
1.796682000159999681e+00,8.058699977828051031e-01
7.204269766809999753e-01,1.458813673359934615e+00
4.680640101429999755e-01,8.489333387686793797e-01
6.408870220180000743e-01,6.615444593631651937e-01
7.520520091060001189e-01,6.753228145805840743e-01
1.001817584040000098e+00,9.754450942872647801e-01
1.660804033279999814e+00,9.749985589916208006e-01
1.450595021250000061e+00,1.415882990863310376e+00
1.085010051729999869e+00,1.369124055660694506e+00
1.099555015560000015e+00,1.108323975581002818e+00
7.694180011750000325e-01,1.127896807184864514e+00
1.254430413249999932e+00,9.680754439045221593e-01
1.496320962910000052e+00,1.264040754732785654e+00
7.186369895940000196e-01,1.366594064002352171e+00
8.902019858359999649e-01,9.398472594287951010e-01
9.891759753229999452e-01,9.673122760753656291e-01
2.849014520649999938e+00,1.041113135363421538e+00
4.281075000759999583e+00,2.366825304722785184e+00
1.248739004139999942e+00,3.199442728331413299e+00
7.096589803699999699e-01,1.428193188124571300e+00
7.497439980509998936e-01,1.007818247328439387e+00
8.907449841499999188e-01,9.470240048469978911e-01
1.469527959819999952e+00,1.385557592077672595e+00
1.608888030049999918e+00,1.343367771277963030e+00
1.043460965159999976e+00,1.467056811016073548e+00
1.184751033780000018e+00,1.203766388506434248e+00
5.063725113870000127e-01,1.163213951613717878e+00
6.946156024930000283e-01,8.240738838775133468e-01
9.299110174179998634e-01,9.329104510470367373e-01
7.754629850390000190e-01,9.456206098220205636e-01
8.564696311949999696e-01,9.435280755805289798e-01
9.269009828569999554e-01,9.113017280425750322e-01
7.506660223010001021e-01,9.492377268641363219e-01
9.248849749570000611e-01,9.114337905258628192e-01
1.070162653919999984e+00,9.520436723183056671e-01
8.752880096439998869e-01,1.073359131924638943e+00
7.511039972310000756e-01,9.701991776966252257e-01
8.627579808239999037e-01,8.488713149986371054e-01
5.096570253369999692e-01,9.355263273018725734e-01
8.495249748229999343e-01,7.222582748107098105e-01
6.711369752879999817e-01,9.190664128176401215e-01
6.132180094720000030e-01,7.722406460054279664e-01
3.810549974440000098e-01,7.901525411349887840e-01
8.710420131680000067e-01,5.454651939619633572e-01
6.540319919589999698e-01,9.250243178247028464e-01
9.089673757550000843e-01,7.601705534907295947e-01
9.709029793739999414e-01,9.404566690038497212e-01
9.856920242310001079e-01,9.430650650798154677e-01
1.356256246570000101e+00,1.029171626864454847e+00
1.309872984889999925e+00,1.247625728205513207e+00
6.344919800760000506e-01,1.237939105659634054e+00
5.933508276940000492e-01,8.463754770853438858e-01
8.796380162239999523e-01,7.492338862060349269e-01
1.131836414339999930e+00,9.727042437610162740e-01
1.841274023059999765e+00,1.165664875515101784e+00
2.261745929719999992e+00,1.574198668987671246e+00
2.597975969309999744e+00,1.886856752931805881e+00
2.399192094800000064e+00,2.191637700212835771e+00
1.982298016549999931e+00,2.070978128854818578e+00
2.269547939300000206e+00,1.893380671935965154e+00
2.017889976500000238e+00,2.084993530287742480e+00
1.452262043950000026e+00,1.941859689700265124e+00
1.342797994609999934e+00,1.603026932267675120e+00
1.311915040020000145e+00,1.431590296223430370e+00
1.276762008670000226e+00,1.448583679288554027e+00
1.275267004970000118e+00,1.412175701638453074e+00
1.210446000100000141e+00,1.329951001544826372e+00
8.153480291369999966e-01,1.297151022580737223e+00
7.271119952200000291e-01,1.011758270001097859e+00
6.043019890790000126e-01,9.235762256876089982e-01
9.830358624459999417e-01,8.184732378238739336e-01
1.101529002189999940e+00,1.064948967079349051e+00
1.183724999429999869e+00,1.093038221516304587e+00
4.356400072569999726e-01,1.175967694664618923e+00
3.270040154459999959e-01,6.499481852020304595e-01
8.039849996569999879e-01,5.956126469753069141e-01
4.216859936710000145e-01,8.759074060873942580e-01
5.734559893609999515e-01,6.568765241935223820e-01
3.959457874300000291e-01,7.031637772430685551e-01
4.163750112060000119e-01,5.159261982071378094e-01
5.603970289230000290e-01,6.447800219135982891e-01
7.749050259590000156e-01,6.343519503498501466e-01
6.370840072629999629e-01,8.246469146784786153e-01
3.839260041709999793e-01,7.333823982165850186e-01
5.648739933969999516e-01,5.367974413470835149e-01
1.054715037350000051e+00,6.804702593452587323e-01
6.537709832190000681e-01,1.011048893614076682e+00
5.931029915809999942e-01,7.667986758819491655e-01
1.022608995439999946e+00,7.057416682611751257e-01
8.359869718549999273e-01,9.720695410996071928e-01
6.375340223309999832e-01,9.365611772511713840e-01
9.755985140799999789e-01,7.687928076695773605e-01
4.898079931740000337e-01,9.516477609904751001e-01
1.098647952079999879e+00,7.067823632017369295e-01
1.151165962220000116e+00,1.085797827807158278e+00
8.061249852179999120e-01,1.067943274243433160e+00
4.744769930839999872e-01,9.698629734492566490e-01
7.896029949189999897e-01,6.226102141998379746e-01
4.762530028819999539e-01,8.860475154484480642e-01
5.455229878430000179e-01,7.051887449225814342e-01
6.212809681889999158e-01,6.939199289855814134e-01
7.707700133319999036e-01,7.101447803625420274e-01
9.337069988249999675e-01,8.617648751507921423e-01
8.110550045970000843e-01,9.337969397511922676e-01
6.005529761310000048e-01,8.629768293123564193e-01
1.002521038060000036e+00,7.504059554003535970e-01
8.921650052069998171e-01,9.868336297500504006e-01
9.160850048070000584e-01,9.522285465440701868e-01
7.413420081139999729e-01,9.801847245219056370e-01
9.283249974250000758e-01,8.093614104487433236e-01
6.429409980770000033e-01,1.001870329812836191e+00
9.950090050700001187e-01,7.807735744525783339e-01
6.271365880970000140e-01,1.028236034881339078e+00
1.038689017300000073e+00,7.573137082077338045e-01
6.888009905820000611e-01,1.072034968435610303e+00
5.214130282399999095e-01,7.772857578728910033e-01
6.510270237919999481e-01,7.422479716133224548e-01
1.159701943399999990e+00,7.425759992991088909e-01
6.456400156020000169e-01,1.126014183684929337e+00
1.195862650870000099e+00,7.945962469498039082e-01
1.304703950880000018e+00,1.121397758114832666e+00
8.844429850579998975e-01,1.201613977452300031e+00
7.697709798810000725e-01,1.027487929076416506e+00
7.702100276950000213e-01,8.525637780893354778e-01
6.418280005459999771e-01,8.865587722526828696e-01
8.937159776689999058e-01,8.507869662666731614e-01
5.247250199319999364e-01,9.246104465983729925e-01
5.142210125920000374e-01,7.085316692654032300e-01
7.172748446459999982e-01,7.044390183279496398e-01
6.410769820210000525e-01,7.761806314506858318e-01
4.689820110800000941e-01,7.925233913675570063e-01
1.203750014310000171e+00,6.326864215161042138e-01
7.911959886550000709e-01,1.093825573912020843e+00
1.136301159859999910e+00,8.747064697325916960e-01
8.642929792399999256e-01,1.120422895386482098e+00
8.814030289650001126e-01,8.641780203749469536e-01
5.817409753800000249e-01,1.019588975223591154e+00
8.651199936869999885e-01,7.131774951063828416e-01
9.078124761579999813e-01,9.502259305048511573e-01
7.377740144730000615e-01,9.658278652948621978e-01
1.120375037189999867e+00,8.483732889622320750e-01
9.422479867940000142e-01,1.093493143715272842e+00
1.060060024260000011e+00,9.791595594736485220e-01
7.158420085910000008e-01,1.114017983168616999e+00
4.040209949019999969e-01,8.042479489196927567e-01
2.920779883859999648e-01,6.777552061229531466e-01
6.317924261089999938e-01,5.275922677638329450e-01
1.124665260310000026e+00,7.606040726254181816e-01
1.115690946580000009e+00,1.086052110414210015e+00
1.247418999670000028e+00,1.059018069487118963e+00
6.976169943809999996e-01,1.173065390211832648e+00
3.693974971769999893e+00,8.088801456511953702e-01
8.204839825630000361e-01,2.847281489339770211e+00
8.573070168499999921e-01,9.607968576059108257e-01
6.902359724040000311e-01,1.179817067631875105e+00
8.385969996449998964e-01,6.336448120865934008e-01
1.287726998329999928e+00,1.296077959431774174e+00
9.632229804989999034e-01,1.203410526759667087e+00
1.343299984930000024e+00,9.696135033040773621e-01
7.316169738770000874e-01,1.407719447267686830e+00
6.809219717980000697e-01,7.679585310118720587e-01
7.014784216880000089e-01,9.676636623961193395e-01
6.698030233380000142e-01,7.910309156874798520e-01
1.365643024439999964e+00,8.597612727304211333e-01
9.781420230869999344e-01,1.260722358004778609e+00
6.786789894100000442e-01,9.846052451769872205e-01
5.976330041890000055e-01,8.731827773995188835e-01
8.193774819369999962e-01,6.973015068438849218e-01
7.911109924320000042e-01,9.607805742381974046e-01
1.044147372249999872e+00,8.893096639200542830e-01
1.400015950200000026e+00,1.026549054282608786e+00
8.748620152470000244e-01,1.284861947758351830e+00
6.228179931639999944e-01,9.623071954873826384e-01
7.164059877399998610e-01,7.995563735922187609e-01
6.523500084880000660e-01,8.251137760385649500e-01
9.379299879070001067e-01,8.481944591999073246e-01
5.936999917030000296e-01,9.727944586330210530e-01
5.393440127369999448e-01,7.200630977916343545e-01
9.370089769359999377e-01,7.306830766992724602e-01
8.087720274930000341e-01,9.244491453204656262e-01
5.654280185700000239e-01,9.107270506036745372e-01
6.020820140839999723e-01,7.255307279170724044e-01
1.146679997439999932e+00,6.925527405934712721e-01
9.824249744419999431e-01,1.124944593953264738e+00
5.671510100359999917e-01,1.001118525838996742e+00
7.866399884220000027e-01,7.290364233380828285e-01
7.388439774510000557e-01,8.441285711524659785e-01
6.810299754140000106e-01,8.581920012264694364e-01
7.086979746820000203e-01,8.318630178194249547e-01
6.642330288889999323e-01,7.741886483951239128e-01
5.124790072439999733e-01,7.967452998944265508e-01
6.040380001070000393e-01,6.775101683136403041e-01
6.728799939159999521e-01,7.179043905422212157e-01
8.265414834020000656e-01,7.791487038697161305e-01
4.546860158440000355e-01,8.765407498786149665e-01
5.594509840010000179e-01,6.126447030977315578e-01
1.332218050960000122e-01,6.970661715741657272e-01
1.633069962260000063e-01,3.839888597411453830e-01
1.797860413789999778e-01,4.366232529485480907e-01
5.747918486599999932e-01,3.661498613821894677e-01
8.508148789409999413e-01,6.714820450990960365e-01
8.527640104289999634e-01,8.203390918369978246e-01
1.687628030779999788e+00,8.416317612935154679e-01
2.149522066120000297e+00,1.422991239829450416e+00
8.122850060459999577e-01,1.755606163331254965e+00
1.239639997479999867e+00,9.828961577899877344e-01
2.128437280650000041e+00,1.205086396280037553e+00
2.139239072800000141e+00,1.809920624778683429e+00
9.779880046840000452e-01,2.000968366147181765e+00
6.937779784199998856e-01,1.077444147246940709e+00
7.218790054320000094e-01,9.141545877814710730e-01
7.631160020829999002e-01,9.826093189822686647e-01
8.565329909319999713e-01,9.933434589074191523e-01
1.109338045120000116e+00,9.661196291591408469e-01
6.476340293879999654e-01,1.105958213002245394e+00
9.241870045659998922e-01,8.199234093490952446e-01
7.877320051189998784e-01,9.850492586398361672e-01
1.305567026139999864e+00,8.808229476988466145e-01
9.107710123059999940e-01,1.283288769389206774e+00
8.699640035629999657e-01,9.354787815224301362e-01
5.743020176890000217e-01,9.835363446780635011e-01
8.599532246590000373e-01,7.238890990345429044e-01
4.775849878790000003e-01,9.704018860726387752e-01
1.108017444610000179e+00,6.762447562444608984e-01
1.290724992749999966e+00,1.092423757218428104e+00
8.591579794879999898e-01,1.185513809981058264e+00
3.058980107309999807e-01,9.752250873380748919e-01
9.039019942279999942e-01,5.405172165551289654e-01
6.352750062940000220e-01,9.514388007031554517e-01
1.023422956470000145e+00,8.161162604344217586e-01
6.730669736859999919e-01,1.042758968519336138e+00
8.504790067669999454e-01,7.336617984746858223e-01
5.141969919200000128e-01,9.625882874216783458e-01
1.527956604959999964e+00,6.530712294184641831e-01
4.094385623930000051e+00,1.390871843248758788e+00
9.952359795569999390e-01,3.047157719532508136e+00
8.670449852940000923e-01,1.141996449381647238e+00
1.141056060789999993e+00,1.101979784898683201e+00
1.622257947919999888e+00,1.025248629446832149e+00
1.980204939840000566e+00,1.883724952619473036e+00
1.375547051430000112e+00,1.683902417930133844e+00
1.851865053180000054e+00,1.332338925929349216e+00
1.420923948290000016e+00,1.796791271756227992e+00
1.589177966120000285e+00,1.350380156706300960e+00
1.673199415210000041e+00,1.686842425183836758e+00
2.123934030530000072e+00,1.542637076931367091e+00
1.648401975629999905e+00,1.950991434170708860e+00
1.204741954800000014e+00,1.603882361475766904e+00
7.920839786529999538e-01,1.319635287663714296e+00
1.227027416229999890e+00,1.036350186413135699e+00
1.226951003070000157e+00,1.324966924760496711e+00
1.131343960759999989e+00,1.291549442125614844e+00
1.252465009690000075e+00,1.207887473278479229e+00
1.116891980170000132e+00,1.238476655423680350e+00
1.122387051579999850e+00,1.182690532193164001e+00
1.040153026579999862e+00,1.202555459892948209e+00
8.091310262680000420e-01,1.093178244942039301e+00
7.681059837340000751e-01,9.808683888707782073e-01
7.982919812199998910e-01,9.040399574157542695e-01
7.666722536090000428e-01,9.173834012940320637e-01
1.057360053060000027e+00,9.056400648147946431e-01
8.607699871060000563e-01,1.061854427289687042e+00
1.070777058600000053e+00,9.368817958056256945e-01
5.301510095600000527e-01,1.095943364705379786e+00
6.604189872739999467e-01,6.960894125030947510e-01
9.909179806709998983e-01,8.378083689997916084e-01
3.561530113220000016e-01,9.813722831965797644e-01
9.618239998820000691e-01,6.250267622013628843e-01
1.244829058649999931e+00,9.751884809686544031e-01
8.381230235100001202e-01,1.117099396987617288e+00
9.245989918709998090e-01,1.003167494731272980e+00
8.131660223010001021e-01,9.130841550117733130e-01
1.003061056139999963e+00,9.010552116288893520e-01
8.752340078350000496e-01,1.097762304836734870e+00
7.991399765009998823e-01,9.041178663556220796e-01
8.812961578369999938e-01,9.300045260003504399e-01
1.063080191609999892e+00,9.374640457623062417e-01
9.057049751279999672e-01,1.077089246346410789e+00
6.909559965129999926e-01,9.894607767042397084e-01
1.355970025060000195e+00,8.210473250938321588e-01
7.572399973869999856e-01,1.266267708971094530e+00
2.043754577640000125e+00,8.878408152831832600e-01
8.576130270960000690e-01,1.769244868455247532e+00
2.364957094190000220e+00,9.026237685952882561e-01
4.179231166840000178e+00,2.096265474025123421e+00
2.233561992649999883e+00,3.068253906086991112e+00
8.013390302660000630e-01,2.175279372093441133e+00
8.372840285299999463e-01,1.096968823382062030e+00
8.851529955859999133e-01,9.931943767657288591e-01
9.040349721909999303e-01,1.373736495333420793e+00
1.302939534190000082e+00,1.075933810932361068e+00
7.228699922560000157e-01,1.261936440920860880e+00
8.009120225910000279e-01,9.439205595940982629e-01
1.032919287679999965e+00,9.417772848365354443e-01
1.321628212929999879e+00,1.062181633850890261e+00
9.367759823799999275e-01,1.342021908021425070e+00
7.007700204850000336e-01,9.907492577541235912e-01
7.624319791789999634e-01,8.397619804042780745e-01
1.144938945770000105e+00,8.905912149841711534e-01
7.721610069269999599e-01,1.154203115847200811e+00
8.772150278090000697e-01,9.005070358727714774e-01
1.243505001070000171e+00,9.466863011916265558e-01
6.381840109830000385e-01,1.171415137495722014e+00
7.468199729919999807e-01,8.396158951791056202e-01
6.839929819109999976e-01,8.691952356290640891e-01
1.419505119320000119e+00,7.768471367205442846e-01
6.141470074649999500e-01,1.373383746478329615e+00
7.347676754000000976e-01,7.311028916287590773e-01
6.770560145379999062e-01,8.842671462558336914e-01
1.074026942249999950e+00,7.555052981851863025e-01
6.156389713290000287e-01,1.138919928989789776e+00
9.692379832269999440e-01,7.448229712392336888e-01
9.916120171550001361e-01,9.935435160243557551e-01
8.089560270310000023e-01,1.003049802301387627e+00
2.435143947599999859e+00,9.290204020194555712e-01
8.223479986189999869e-01,1.965066688753455360e+00
5.938220024110000272e-01,9.383238854194687617e-01
5.762249827380000466e-01,9.009001329238501832e-01
4.224239885809999429e-01,6.165456597374687764e-01
6.765879988670000511e-01,8.460874567289203840e-01
5.520349740979999531e-01,7.788323736107253259e-01
9.015229940410001142e-01,6.468172456561522843e-01
7.489960193629999763e-01,1.006116326233545966e+00
8.627583980560000754e-01,7.560194575595007294e-01
9.480749964710000199e-01,9.626411142889960137e-01
1.055613875389999956e+00,9.430670173685780089e-01
1.970020055770000278e+00,1.066177134489117329e+00
9.391199946399999554e-01,1.670368281521012799e+00
1.009042978289999892e+00,1.003953717815525781e+00
7.824029922490001177e-01,1.122185081717030908e+00
1.016265034679999957e+00,8.421765260999861669e-01
8.782749772069999850e-01,1.194759716062087751e+00
7.353619933130000064e-01,9.383865253883676427e-01
1.109990954399999952e+00,8.767777256188578061e-01
7.727199792860000027e-01,1.125958125338013538e+00
1.164981961250000086e+00,8.734371552563474639e-01
7.157210111620000426e-01,1.194484596011100352e+00
1.475479006770000101e+00,8.005511313410422769e-01
8.354520201680000202e-01,1.415263903436804194e+00
7.344660162930000125e-01,8.893240977148993975e-01
7.861927747729999805e-01,9.374429829922591439e-01
1.143465042110000107e+00,8.403846483765680109e-01
9.246990084650000830e-01,1.181982756917861810e+00
2.958764553069999970e+00,1.003043996067165988e+00
2.138324022289999959e+00,2.307698373471672948e+00
2.038712024690000124e+00,1.850480889214816793e+00
1.480209946629999829e+00,1.913106314678167275e+00
9.367650747299998137e-01,1.365502629388684053e+00
1.715939760209999942e+00,1.289383985630992102e+00
1.001402020450000041e+00,1.652025617428329207e+00
8.896229863169999863e-01,1.133528574914163478e+00
7.492939829829999843e-01,1.168133280259631368e+00
1.115183949470000213e+00,8.197869166474019975e-01
9.457820057870001129e-01,1.272787972201036011e+00
6.452180147170000213e-01,1.030071308386477424e+00
1.164842009540000056e+00,8.233305096214067476e-01
1.244351029399999975e+00,1.158803929740009453e+00
9.045109748840000075e-01,1.201462253527185720e+00
5.575259923929999362e-01,1.036740919508436720e+00
5.778343677520000332e-01,7.068049896336091598e-01
7.199835777280000348e-01,7.763742816684279235e-01
7.607790231700000128e-01,8.592118125150010055e-01
5.404400229450000426e-01,8.553291350026106521e-01
8.009672760959999360e-01,6.977324792357809669e-01
7.710149884220000027e-01,8.568131602970291416e-01
6.709719896319999988e-01,8.445307787601711302e-01
2.768970489500000021e+00,8.060877272809562344e-01
3.086133003230000060e+00,2.149777665080448763e+00
1.116358041760000086e+00,2.431843661936138101e+00
1.018260955809999979e+00,1.289367024392310990e+00
7.442610263819999794e-01,1.056958163525263839e+00
1.114386796949999869e+00,1.017183399446996095e+00
1.380516409870000238e+00,1.379169564520827063e+00
1.229098439219999950e+00,1.254193313742029803e+00
1.573238968849999919e+00,1.290633274038213596e+00
1.245597958560000107e+00,1.469427868923742775e+00
8.298619985580000247e-01,1.240853067635921514e+00
5.376980304720000436e-01,1.076416835103543246e+00
8.593800067899999284e-01,7.445740779176184265e-01
7.949647903440000274e-01,1.007009521327687507e+00
8.122889995569999577e-01,9.266291310674674708e-01
1.209460973739999945e+00,9.117911239771016030e-01
1.043611049649999956e+00,1.148653028504703633e+00
9.914460182190000248e-01,1.077647722569924582e+00
1.377645969390000058e+00,1.056691781295074684e+00
7.495359778399999229e-01,1.266447461548602771e+00
7.549669742579999676e-01,9.278268409067726985e-01
8.522210121150000095e-01,9.037673810696048582e-01
1.312628030780000010e+00,9.009515216325828524e-01
9.499999880790001017e-01,1.317232325682296867e+00
8.433979749680000637e-01,9.894003807571578601e-01
6.329939961430000039e-01,9.464191455367837458e-01
6.848490238189999246e-01,7.888236059053372884e-01
8.296039700509999504e-01,8.547076248678766586e-01
1.117776036259999994e+00,9.146309880701734008e-01
1.060515046120000138e+00,1.096937892649807678e+00
9.966710209849999336e-01,1.068913094475897996e+00
6.726049780850000825e-01,1.022097159228714025e+00
8.499810099600000335e-01,8.202952029476231477e-01
7.929700016980000266e-01,9.523868664684627117e-01
7.509549856190000927e-01,8.920510514920712009e-01
9.556260704989999466e-01,8.809313996715453232e-01
6.085839867589999397e-01,9.710709784693301039e-01
7.782499790189999489e-01,7.646032283301398280e-01
5.098140239720000411e-01,8.882683657661296639e-01
6.364319920540000286e-01,6.535240259026826593e-01
6.015599966049999248e-01,8.071770393274955158e-01
6.556333899499999784e-01,6.958352046425182458e-01
6.385549902920000243e-01,7.814501198812024985e-01
8.762890100480000832e-01,7.381368787755610006e-01
7.967479825020000739e-01,8.981725343889755964e-01
6.824830174449999509e-01,8.654153060425723298e-01
8.025500178340000401e-01,7.859014660977187150e-01
7.950311899190000142e-01,8.587774590169201527e-01
1.584897041320000088e+00,8.737322914648291139e-01
1.017485976220000143e+00,1.410123406220285647e+00
9.177780151369999695e-01,1.021332587445776596e+00
1.230221033100000083e+00,1.027713991997875942e+00
1.027899026870000121e+00,1.140249973492990287e+00
9.125559926030000213e-01,1.144511050125449625e+00
7.935979962350000472e-01,1.014466432658473138e+00
1.030437946320000187e+00,8.727376897662116884e-01
5.325379967690000438e-01,1.121537246791856512e+00
6.127780079839999505e-01,7.190416490409267114e-01
8.741289973260000234e-01,7.931253892123226734e-01
3.667230010029999820e-01,9.129268618787602652e-01
7.391750216480000857e-01,6.278499934543272376e-01
5.604230165479999748e-01,8.194597493828269519e-01
7.758178114889999755e-01,6.611925658586631505e-01
8.102909922600001202e-01,9.100010893595231742e-01
6.437510252000000488e-01,8.017797432462623330e-01
7.236457467079999706e-01,7.872765360475330043e-01
9.113870263100001257e-01,8.064063326205289650e-01
6.627830266949999993e-01,9.181762904598462782e-01
1.002035975460000117e+00,8.117385517255047978e-01
8.224419951440000709e-01,9.872030396889379666e-01
1.030576944350000135e+00,8.807903568870324440e-01
6.781139969830000114e-01,1.073537080684024314e+00
5.333459973340000104e-01,7.708079010908225337e-01
3.209959864620000047e-01,7.433728680751973128e-01
7.608630061149999069e-01,5.398300180303072793e-01
7.439860105509998878e-01,8.510714126352625364e-01
5.468400120740000148e-01,8.223785994850212333e-01
7.004669904709999173e-01,6.898837743758454710e-01
8.356525897980000561e-01,7.616406108668902775e-01
1.274258971210000091e+00,8.816794067623970887e-01
8.934450149539999719e-01,1.205125080248863112e+00
6.211659908290000365e-01,9.138609357215696782e-01
7.900159955019999680e-01,7.892450000983723957e-01
1.067494988440000014e+00,8.487389546819429365e-01
6.698009967800000464e-01,1.098737070133047888e+00
1.265694975850000015e+00,8.206005271184105831e-01
6.380620002750000408e-01,1.176806450624735767e+00
9.348030090330000652e-01,7.777310381960296226e-01
8.006410002709999363e-01,1.042365405845320447e+00
1.085708975790000030e+00,8.303920964078225220e-01
3.527039885520000251e-01,1.158649016641024820e+00
5.883709788319999578e-01,5.662079691146177929e-01
4.875420033929999120e-01,7.502442845664903937e-01
4.636880159380000199e-01,6.524736770020964638e-01
3.637039959430000136e-01,6.752967648484622387e-01
8.750243186949999696e-01,5.293437641921365788e-01
6.435279846190000708e-01,8.800826854137240307e-01
4.834130108360000233e-01,7.499286545421870454e-01
2.120890021319999930e-01,6.290251838507416871e-01
4.560469985010000560e-01,4.197729893451273009e-01
4.367910027499999903e-01,6.234945059033502046e-01
7.238804101939999569e-01,5.793967685300956960e-01
5.560690164570000205e-01,7.704865695326472697e-01
4.748429954049999679e-01,6.417787260687091155e-01
2.674640119080000100e-01,6.168826678381539308e-01
9.588437080380001198e-01,4.569151087744500739e-01
7.868980169300000549e-01,9.431726594119622664e-01
1.794360995290000149e+00,8.232603794324001578e-01
1.337677955630000026e+00,1.525057806181049136e+00
1.210453987120000185e+00,1.187578741032603080e+00
5.654799938200000264e-01,1.253722214676642022e+00
4.008429944520000565e-01,7.117528624660336423e-01
2.727654874320000200e-01,7.190896224153018323e-01
5.836449861529999783e-01,5.581986246052368372e-01
8.533802628519999711e-01,7.305807860712302260e-01
8.660610318179999823e-01,9.048516158000106113e-01
1.158349990839999899e+00,8.841109319233689812e-01
7.764859795569999390e-01,1.103976924300631879e+00
1.068807005880000105e+00,8.499545687662151128e-01
5.888479948040000744e-01,1.098372742658835444e+00
1.588868498799999918e+00,7.181174617645187386e-01
4.327859878540000205e-01,1.465836572245570846e+00
3.996030092239999942e-01,6.135843248608097156e-01
5.545349717140000134e-01,7.005322418489550174e-01
6.221979856490000849e-01,6.237945026978556351e-01
1.149551987649999996e+00,8.468467297053722254e-01
1.121260046960000034e+00,1.087235140301929581e+00
9.776459932329999436e-01,1.027494541451531074e+00
1.732741951940000025e+00,1.066002909672780108e+00
2.302707910540000125e+00,1.456813556634917406e+00
1.053477048870000043e+00,1.958705112563962958e+00
7.962800264360000435e-01,1.177745950181341428e+00
5.203329920770000117e-01,9.449480928732005847e-01
6.104800105090000262e-01,7.631356011426229102e-01
4.453057944770000276e-01,9.313926140339793269e-01
6.522138714790000069e-01,6.392224894450087014e-01
1.175541162490000069e+00,7.979856975841193023e-01
1.032202124599999937e+00,1.123957963622627565e+00
7.193930149079998948e-01,1.030224881741331311e+00
8.200139999390000378e-01,8.553729938126652943e-01
9.497330188750000568e-01,8.685325370392872335e-01
1.039114952089999822e+00,1.020719354570851944e+00
5.883830189700000046e-01,1.066100019492698836e+00
9.508559703829998488e-01,7.352946832788532783e-01
5.277600288389999728e-01,9.993354548142731053e-01
7.736063003540000205e-01,6.948080945554355736e-01
9.703559875489998765e-01,9.121294843079440495e-01
1.383889913560000018e+00,9.445429980707054085e-01
7.795230150220000542e-01,1.313118782884834301e+00
6.069999933240000090e-01,8.694044057420335925e-01
4.660570025440000097e-01,7.687240922096059137e-01
9.455270171170000459e-01,6.646763147640321057e-01
6.238729953770000280e-01,1.017987427022861713e+00
3.923240005969999555e-01,7.551074432709689033e-01
5.156549811360000568e-01,6.007895961854945455e-01
9.679385423660000765e-01,6.394758337802423087e-01
1.356565952299999989e+00,9.843270222754277876e-01
9.072690010070000310e-01,1.248016488019149994e+00
8.162760138510000152e-01,9.289226753090112920e-01
2.479866981509999846e+00,9.032113351614994290e-01
1.133080005649999888e+00,1.988292386360012820e+00
1.045583963389999926e+00,1.208295627146648954e+00
8.474370241169999485e-01,1.173632382768377447e+00
1.536522984499999911e+00,8.472228694945765914e-01
9.008989930149998715e-01,1.612101998312063911e+00
4.812009930610000596e-01,9.861428719820382049e-01
8.572540283199999722e-01,7.379820769054774576e-01
8.617479801180000232e-01,9.565614823615981033e-01
1.008694052699999899e+00,9.683899062289055282e-01
1.127727031710000105e+00,1.095979074838131950e+00
7.795569896699999779e-01,1.057267559775958654e+00
9.895502924920001053e-01,9.342559682950862809e-01
8.363329768179998958e-01,1.021746105680372718e+00
9.099559783939998869e-01,9.194092086383529594e-01
5.511059761050000061e-01,1.026676616925848995e+00
1.239764332770000088e+00,6.960626678916079779e-01
1.211838960649999963e+00,1.206871528174251917e+00
1.379981994630000042e+00,1.160239094799275783e+00
1.148460984229999982e+00,1.332837314302510734e+00
7.663900256160000035e-01,1.115671323069408416e+00
9.660840034479999394e-01,9.426274087854737971e-01
8.156750202179999798e-01,1.050440777628059763e+00
1.142272949220000111e+00,9.316120011594245520e-01
1.299479961400000105e+00,1.190809894495057142e+00
8.583310246469999516e-01,1.202915946854495211e+00
7.149469852449999996e-01,1.000718255435422144e+00
8.764400482179999230e-01,8.559092896058579925e-01
8.305460214609999836e-01,9.555754218642829034e-01
8.535240292550000385e-01,9.775381432825969164e-01
9.092410206789999227e-01,9.249510233451714303e-01
5.202720165249999917e-01,9.545667103593333813e-01
7.411040067669999454e-01,7.244746049908432628e-01
5.853319764140000325e-01,8.450936025072178781e-01
5.047770142559999673e-01,7.239752211591120590e-01
5.519493222240000607e-01,7.121574261690403196e-01
9.697520136830000137e-01,6.554797244013145230e-01
1.116515994070000017e+00,9.780622600730821681e-01
1.049844980239999837e+00,1.078268034005609888e+00
6.342629790310000404e-01,1.032342506974543328e+00
5.644329786300000817e-01,7.686754234345266612e-01
9.184709787370000100e-01,7.352606183109003934e-01
9.593539834020000656e-01,9.673783411109764252e-01
5.984159708020000412e-01,1.005477254610885884e+00
9.383450150489999197e-01,7.506958908587696433e-01
4.542250037189999867e-01,9.452353780242838122e-01
7.079470157619999204e-01,6.586950148300700913e-01
3.876500129699999575e-01,8.526153566432015385e-01
4.484339952470000057e-01,5.402275158626006490e-01
8.405709862710000202e-01,6.750132795573577926e-01
5.337110161779999862e-01,8.322627928729641189e-01
7.211350202559999589e-01,6.813021388430517966e-01
5.215386152269999576e-01,8.112056467345931665e-01
7.050759792330000275e-01,6.057571962263563758e-01
6.405649781229999506e-01,8.440558766330333862e-01
5.168589949609999623e-01,7.030853324778135738e-01
1.660409450529999997e+00,6.805809208049143910e-01
2.465307950970000217e+00,1.413266909044717856e+00
1.622156023979999917e+00,1.968114100402762912e+00
1.866270065310000170e+00,1.534247139251431191e+00
3.623536109919999415e+00,1.629575902325438364e+00
7.948709726329999947e-01,2.852404579548356800e+00
9.065989851950000400e-01,1.187454185594204237e+00
8.571879863740000660e-01,1.168566989489030927e+00
7.756379842759999477e-01,9.195530326962900736e-01
7.006700038909999817e-01,1.284198844012365059e+00
6.443409919740000769e-01,7.940466162387939120e-01
7.579550147059999077e-01,8.111790404208409910e-01
5.499600172040000068e-01,9.729537380942508973e-01
4.964669942859999408e-01,6.599890196602706816e-01
1.367677569390000070e+00,7.356774214184750305e-01
1.397894024850000250e+00,1.220393093899902803e+00
8.148130178450000427e-01,1.285683848937484663e+00
1.278898954390000009e+00,9.303984236667353080e-01
8.623980283740000363e-01,1.170132391314336662e+00
1.093865990639999897e+00,9.859209008434692834e-01
8.134710192680000285e-01,1.182077476957385409e+00
1.466687083240000078e+00,8.571549191423620817e-01
9.060310125349999577e-01,1.427347995684566051e+00
7.652140259739999006e-01,9.652085495533887505e-01
1.311033964160000176e+00,9.399620086296316401e-01
7.892500162119999718e-01,1.227543602183263971e+00
1.474902033810000068e+00,9.568894930128971632e-01
9.167850017550001063e-01,1.403522236122540567e+00
1.186140060420000086e+00,9.270952162087735537e-01
1.411391973500000008e+00,1.295713600764263340e+00
2.092472076419999993e+00,1.255646620337956820e+00
7.189220190049999681e-01,1.870800684698249006e+00
1.301861047739999888e+00,9.180395895095775360e-01
1.268974781040000055e+00,1.300250383895998452e+00
1.221997022629999874e+00,1.250013751808778828e+00
9.061110019680000960e-01,1.368684868933874199e+00
1.078873991970000112e+00,9.697371845896284315e-01
1.028025031089999874e+00,1.144602853760888328e+00
7.863690257070000689e-01,1.139250578313750983e+00
1.276852965350000035e+00,9.187818743786116960e-01
7.093420028689999546e-01,1.260169965528998182e+00
5.201929807659999572e-01,8.574506519326423604e-01
5.645610094070000473e-01,7.740558741338049442e-01
9.855200052259999177e-01,6.828567061599056798e-01
1.092841982840000004e+00,1.068074804119395260e+00
4.786899983879999709e-01,1.073340918138995681e+00
3.955059945579999514e-01,6.562372829931178986e-01
1.850703001020000071e+00,6.119425157507670798e-01
1.195796012879999815e+00,1.550871084297845703e+00
1.702510833739999896e+00,1.204792832686915727e+00
2.998351097109999586e+00,1.536898089515728483e+00
2.407080888749999925e+00,2.279494226980443905e+00
2.585943937299999718e+00,2.192085621637289705e+00
2.233839035029999920e+00,2.243783054282289857e+00
1.655773043629999997e+00,1.964495812985994405e+00
1.430611014370000156e+00,1.851876312379730383e+00
8.921740055079999676e-01,1.494425635953545717e+00
1.231696963309999893e+00,1.191510915800990222e+00
8.955079913140001624e-01,1.410757250328172896e+00
1.602033019070000064e+00,1.047031163523922448e+00
1.585399031639999956e+00,1.592610652051053677e+00
1.232059955600000034e+00,1.460834360938845888e+00
1.210371017459999976e+00,1.333858712476683861e+00
1.242141008379999967e+00,1.226904756661492790e+00
9.857040047650000858e-01,1.284008399457340799e+00
7.289689779279999726e-01,1.153188059092620898e+00
6.761519908910000876e-01,8.848499343596597511e-01
1.071573019029999907e+00,8.709033712867574328e-01
9.457439780239998983e-01,1.114852107308214713e+00
4.376370012759999706e-01,1.017243200023652872e+00
5.141820311550000522e-01,6.778585631736626649e-01
3.387190103530000052e-01,6.782342788160063973e-01
7.144280076029999593e-01,5.786139590680482447e-01
4.996199905870000180e-01,8.375502587367181784e-01
7.917379736899999854e-01,6.087918397074113530e-01
8.646243214609999894e-01,8.653846502378086392e-01
6.024960279459999901e-01,8.520719731233078464e-01
1.260069966320000123e+00,7.508549726557224302e-01
1.012339949610000067e+00,1.157936950690976685e+00
1.004528999329999950e+00,9.987253737198300563e-01
6.310235261919999727e-01,1.082704560637150371e+00
1.141221046449999887e+00,7.140464690544120474e-01
5.426099896430000014e-01,1.177314400501533909e+00
8.547459840769999762e-01,7.196457648756081626e-01
7.744219899179999311e-01,9.558207923915852389e-01
3.084340095520000102e-01,8.291476344401850218e-01
8.376209735870000506e-01,6.087093255603605035e-01
7.293469905850000767e-01,8.718600161319949304e-01
7.503905892370000830e-01,7.998307998169289501e-01
1.134822010990000019e+00,9.027178246485382251e-01
1.614240050320000064e+00,1.008209690623876442e+00
1.244793057440000128e+00,1.460114054660498040e+00
7.141630053519999466e-01,1.215554259086691902e+00
7.293040156360000026e-01,8.475814355562258928e-01
6.486989855770000091e-01,8.788101491331826720e-01
3.427990078929999962e-01,8.422518599251077598e-01
3.861860036850000011e-01,6.221857404392570068e-01
6.366299986840000535e-01,5.748386690801989829e-01
3.990480005740000280e-01,7.516020829819541893e-01
4.178859889509999870e-01,5.957101665815890401e-01
1.103790521619999909e+00,5.726227910069656701e-01
6.956189870829999622e-01,1.017326252719516377e+00
8.070139884950000564e-01,7.965820027630388100e-01
5.947690010070000310e-01,8.628348230004995179e-01
1.107607960700000005e+00,6.629915925391147713e-01
9.713580012320000012e-01,1.132794211792506278e+00
7.170349955560000321e-01,9.564080240101908714e-01
6.764810085300000386e-01,8.504959447460709310e-01
1.687772989270000190e+00,7.800438733091651367e-01
9.907569885250000485e-01,1.479250652982948999e+00
8.082039952280000161e-01,1.061843142998045719e+00
1.087718963619999979e+00,9.335288266067390817e-01
1.564818024639999861e+00,1.039367736145269117e+00
6.673809885979999912e-01,1.507206564855769537e+00
1.256489992140000123e+00,8.529586502337391796e-01
1.091886043549999963e+00,1.209331863932065598e+00
7.375509738919999725e-01,1.113367850344759713e+00
6.224380135540000802e-01,9.735401740557028116e-01
8.364729881290000613e-01,7.459217625496515902e-01
5.774260163309999916e-01,9.506707631509971890e-01
1.015761017800000054e+00,7.917238987386919780e-01
1.106158971790000001e+00,9.997677337603353420e-01
6.945540308949998964e-01,1.088575825091202987e+00
1.130903959270000092e+00,8.534087885592720468e-01
9.518219828609999489e-01,1.084705964628128738e+00
7.524570226669999862e-01,9.984307862363747121e-01
5.585229992869999993e-01,9.319459104456295773e-01
1.415836334229999771e+00,6.769390554936457471e-01
1.855298042299999839e+00,1.333372971099996640e+00
7.845479845999999702e-01,1.609652901070759423e+00
8.210539817810000862e-01,9.350642764704775178e-01
5.835890173909999978e-01,9.259655549934318053e-01
8.359720110889999889e-01,7.601079649978698116e-01
2.184663057329999880e+00,1.048876811251692409e+00
6.805480122570000123e-01,1.763809403360947270e+00
1.238904953000000031e+00,8.699091840880248672e-01
1.030328035349999949e+00,1.266070374203440263e+00
7.914109826090000022e-01,9.554512425659182906e-01
8.423720002169999832e-01,1.136735304247486367e+00
4.464710056780000769e-01,8.657707763728492711e-01
5.589337944979999584e-01,6.802295746547657451e-01
7.099329829220000221e-01,8.027372722163571561e-01
7.334340214730000751e-01,7.423094194477622976e-01
7.833399772640000647e-01,8.963074613458399398e-01
8.426809906959999985e-01,8.263616670508507900e-01
1.099761009220000085e+00,8.850667761221803209e-01
8.706315755840000614e-01,1.089866776600796561e+00
5.862460136410000411e-01,9.197349633698933546e-01
8.863990306849999223e-01,7.581777380696266277e-01
1.019399046900000050e+00,9.245387783508798307e-01
8.493610024450000129e-01,1.047220191204990991e+00
1.010666966439999870e+00,9.450771227558476539e-01
1.331516027449999973e+00,1.002602456093342864e+00
1.215008974079999859e+00,1.258464442767860847e+00
1.645591020579999952e+00,1.214532704124745566e+00
9.708780050280000351e-01,1.482061650472314529e+00
1.411272048950000135e+00,1.052141181084897070e+00
7.953929901119999313e-01,1.403602404772618994e+00
1.046331048010000098e+00,9.071093727346293267e-01
8.879339694979999642e-01,1.197625846547683670e+00
8.349300026890000836e-01,9.438750685165656629e-01
9.847199916839999290e-01,1.005451049943246522e+00
1.090394020079999970e+00,1.032585281281602985e+00
4.901649951929999416e-01,1.100141610737945808e+00
6.141669750209999279e-01,7.462551201985985205e-01
6.314740180969999894e-01,7.503559033431167480e-01
8.252440094949999860e-01,7.762971561247963281e-01
1.051450967789999913e+00,9.359318990897802504e-01
1.047114968300000060e+00,1.009047362630383970e+00
3.921430110930000379e-01,1.047686005597411985e+00
4.695149958129999912e-01,6.234610719828346248e-01
7.720900177959999500e-01,6.452675885076685214e-01
7.520099878309999264e-01,8.563272932585407338e-01
6.877393722529999698e-01,8.711178963180965518e-01
6.718119978899999012e-01,7.630541897538221097e-01
1.185933232310000029e+00,7.534278177604829541e-01
6.571980118750000432e-01,1.143824446770001169e+00
8.213180303569999063e-01,7.739909905577160298e-01
7.795739769939998842e-01,9.147007158580502395e-01
1.030122995379999962e+00,8.193715151676657094e-01
6.211889982220000217e-01,1.092049190357702315e+00
8.660820126530001106e-01,7.411198330132142686e-01
9.608931541439998947e-01,9.342863184421137390e-01
6.760399937630000577e-01,9.840003117493953955e-01
7.402380108830000083e-01,8.308217126877193159e-01
5.984709858890000511e-01,8.354191585266742548e-01
6.151059865950000427e-01,7.304819558660134993e-01
9.358735680580000382e-01,7.924623676643364201e-01
5.818247795100000008e-01,9.260440563450484941e-01
7.156659960750000327e-01,7.410769264548834334e-01
6.529520154000000298e-01,8.176808891491416098e-01
9.700022935870000751e-01,7.285761019079877165e-01
7.834500074390000623e-01,1.026799557797860141e+00
7.448130249979999506e-01,8.321842420320161304e-01
8.276180028919999376e-01,8.490674092255074967e-01
8.943400979040000420e-01,8.794203766865540395e-01
2.505017042159999985e+00,9.520885465960334804e-01
1.620712041850000062e+00,2.026502464367244460e+00
1.417585968970000110e+00,1.456031552852148581e+00
1.049872040749999957e+00,1.442591458106693425e+00
1.226507544519999993e+00,1.031785553685207413e+00
1.043179035189999881e+00,1.401720167537575668e+00
9.694439768789999690e-01,1.138654582872050236e+00
8.192250132559999454e-01,1.072518542803567954e+00
8.129550218580000598e-01,9.846317064889945625e-01
6.712080240250000163e-01,9.349500277415540017e-01
5.289899706839999993e-01,8.626526833405125938e-01
3.461930155749999849e-01,7.282092109067026531e-01
4.789490103719999947e-01,5.870577224474443634e-01
1.153810977940000093e+00,6.502953700046955055e-01
9.671270251270001062e-01,1.089633884504184635e+00
7.845839858059999727e-01,9.728042855766593222e-01
4.701859951020000428e-01,8.659311235687264796e-01
5.632782578470000301e-01,6.106653466662206320e-01
2.416239976880000528e-01,7.543585857471725165e-01
2.709859907630000064e-01,4.874851650062206332e-01
1.994680017229999991e-01,4.972565921477822282e-01
1.327169984580000017e-01,4.057986109107417638e-01
4.732620120049999546e-01,3.752363185008060764e-01
6.585559844969999244e-01,5.692336220289294646e-01
9.621880054470001165e-01,6.922509122700657436e-01
5.111979842189999790e-01,9.310715812113540268e-01
9.829789996150001263e-01,5.954629306534033883e-01
9.100099802019999684e-01,9.723653738680307912e-01
1.026576042179999870e+00,8.979731378695429145e-01
8.309389948840000262e-01,1.067068581525463244e+00
9.651920199390001676e-01,8.559009024093404694e-01
1.000543951989999902e+00,1.014548358920867477e+00
1.983185052870000131e+00,1.031964537043541297e+00
1.274855017659999978e+00,1.692551169074594020e+00
1.286525964740000028e+00,1.252819261255722294e+00
1.382244944570000245e+00,1.303597038749116699e+00
1.736924052240000016e+00,1.287449010800464810e+00
1.257668018339999971e+00,1.681719859606597423e+00
7.533379793170000838e-01,1.289240038856994452e+00
1.084908962249999886e+00,9.462744145199718515e-01
1.062494039539999990e+00,1.171813562587382673e+00
7.787629961969999570e-01,1.148939756626346620e+00
8.256469964979999965e-01,9.822122537229172057e-01
9.891830086709999525e-01,9.037684144743692860e-01
1.418092012410000047e+00,1.065099526294499999e+00
1.151677966120000063e+00,1.349019486272509338e+00
1.250364065170000094e+00,1.144365121246150530e+00
8.794019818310000458e-01,1.249155536655557786e+00
1.089423060420000144e+00,9.664114392215469307e-01
1.809062957759999701e+00,1.171735902968055409e+00
8.687390089040000207e-01,1.590432331722519965e+00
8.521729707719999380e-01,1.025311790481318264e+00
1.307837963100000112e+00,1.000018805487814966e+00
1.262575984000000151e+00,1.208623925068060156e+00
7.601559758189999627e-01,1.362563310396318617e+00
1.069887042049999959e+00,8.988558842401987992e-01
8.579840064049999437e-01,1.079275186576240664e+00
1.149323940279999956e+00,1.006913643750386056e+00
1.067142963410000034e+00,1.183157345810837535e+00
7.400619983670000401e-01,1.066752549027550900e+00
6.799880266190000411e-01,9.233477924795507885e-01
7.323921322820000634e-01,8.165333074896644616e-01
8.352749943730000126e-01,8.573904277404036378e-01
6.000829935070000065e-01,9.567800185432113746e-01
1.010563969610000168e+00,7.315056707485366738e-01
7.613970041280000434e-01,1.026210716260946176e+00
7.260069847110000030e-01,8.436155584128999241e-01
1.064324021340000037e+00,8.647186267715091246e-01
5.901079773899998715e-01,1.019817350745727103e+00
7.744659781460000447e-01,7.733252726261520271e-01
7.406870126719998781e-01,8.805371923916539556e-01
8.908360004430001533e-01,7.885698214554918151e-01
7.620100975040000613e-01,1.004601268343698450e+00
7.774500250820000069e-01,8.163173846867276540e-01
5.811070203779999943e-01,8.732384987362857842e-01
7.908779978749999051e-01,7.358245643085311594e-01
8.903719782829999652e-01,8.680048222116080181e-01
7.882059812549999656e-01,9.345067979673743475e-01
7.301949858670000459e-01,8.778799125626197686e-01
9.248933196070000529e-01,8.187193972155043520e-01
1.265586972239999941e+00,9.546077694968498895e-01
7.884140014650000694e-01,1.210953766140456134e+00
9.180610179899999501e-01,8.868149877358145750e-01
6.569269895549999516e-01,9.811847013399714879e-01
8.252680301670000107e-01,7.795615683610029878e-01
4.257229864599999525e-01,9.660694846935807822e-01
9.114630222319999309e-01,6.078689056682523573e-01
7.238519787790000937e-01,9.746822597229427565e-01
9.657319784160000031e-01,8.030779727459984585e-01
7.194200158119999911e-01,1.015022769761429799e+00
7.146480083470000411e-01,7.888275258144354929e-01
6.188799738879999790e-01,8.476857702844171616e-01
8.502969741820000094e-01,7.463500071204939301e-01
6.113014817240000065e-01,9.116774429274886460e-01
8.405809998509999881e-01,7.532937879050399799e-01
5.909900069240000553e-01,8.912038459072061380e-01
1.191807866100000002e+00,7.166119714357431780e-01
1.072478055950000009e+00,1.153984021299272911e+00
7.976800203319999172e-01,1.036678165162683074e+00
7.140370011329999489e-01,9.254297534191184837e-01
8.885610103609999921e-01,8.012265606181167010e-01
7.367290258409999737e-01,9.649658623287712400e-01
9.655410051350000744e-01,8.818440734953193472e-01
8.569459915160000385e-01,9.806367135568043736e-01
5.838339924809999859e-01,9.233975485115545334e-01
3.047562122340000457e+00,7.650635712605369232e-01
8.865389823909999301e-01,2.356264876666478436e+00
1.186460971829999878e+00,9.997461543210830470e-01
8.750730156899999557e-01,1.326784277779090360e+00
1.111973047260000014e+00,7.824573047459187913e-01
6.929270029070000447e-01,1.430104986557962699e+00
5.632749795910000357e-01,7.985279635860370595e-01
5.519689917560000048e-01,7.508988176510589252e-01
9.211350083349998386e-01,7.996999911937615613e-01
5.465030074119999748e-01,9.284939003288543713e-01
9.997850060459999577e-01,7.614451244703931421e-01
7.512239813800000166e-01,9.933386160618697946e-01
8.402569890019999654e-01,8.211982032886676608e-01
7.843149900439999600e-01,9.485524717879040280e-01
5.915480256080000165e-01,8.265508673396461115e-01
6.109840273859999948e-01,7.674838647921181645e-01
9.328789710999999540e-01,7.496005266104874831e-01
7.992020249369999885e-01,9.366099021862142049e-01
9.833549857140000405e-01,9.003566844323278584e-01
5.405290126799999761e-01,9.842753644432747917e-01
1.093670010570000128e+00,6.891760661012411582e-01
9.266330003740002041e-01,1.106372768933011175e+00
7.972419857979999858e-01,9.401535695233496082e-01
5.896059870719999596e-01,9.385494325240909541e-01
7.799540162090000672e-01,7.031009841561521867e-01
5.182790160179999717e-01,8.885418667654715330e-01
7.263879776000000676e-01,7.092162374843054007e-01
6.216366887090000182e-01,8.156343496584743669e-01
8.810679912569999717e-01,7.360642227797961068e-01
7.315016984940000411e-01,9.353200423519267837e-01
9.703850150110000516e-01,7.993739180345045270e-01
8.715350031849999901e-01,9.972948119955570290e-01
5.505740046500000595e-01,9.104504492054134035e-01
2.576299905780000121e-01,7.294204032412886507e-01
6.952109932899999123e-01,5.033299803440789422e-01
3.547430038449999601e-01,7.879337637532519700e-01
1.308350920679999918e+00,5.728939661599862232e-01
1.424710035319999957e+00,1.189910114471903091e+00
2.422243118290000385e+00,1.225681306310379748e+00
1.588093161580000023e+00,2.027144283088837540e+00
2.882889986040000352e+00,1.402897919651273861e+00
1.510810017590000109e+00,2.415617919128224766e+00
5.103110075000000245e-01,1.460374216868483455e+00
6.637499928469999810e-01,9.861043341991382327e-01
5.865659713749999948e-01,8.347309302562498923e-01
9.182999730109998593e-01,9.339824567764173358e-01
1.126363039020000123e+00,1.102779771218961535e+00
9.455379843710000065e-01,1.031984797964984546e+00
7.979699969290000583e-01,1.092784308085680722e+00
8.895260095600000527e-01,8.778866930444129135e-01
5.017459988589999531e-01,9.728124154925233968e-01
7.889080047609999813e-01,7.407855488187412574e-01
5.571460127830000220e-01,8.776533994417063944e-01
8.079270124439998924e-01,6.946811416829794528e-01
7.382910251620000697e-01,9.154209661408888588e-01
6.742079854009999096e-01,7.856946206631302276e-01
8.787713646889999675e-01,8.146437063235348885e-01
7.401880025859999268e-01,9.073491848270521798e-01
8.886500000949999478e-01,8.267891508765008446e-01
7.983270287510000340e-01,9.578445134805104733e-01
5.137799978260000344e-01,8.410611574721250649e-01
7.760372757910000141e-01,7.188691483689856332e-01
8.528280258179999906e-01,8.397926759070518665e-01
7.851629853249999513e-01,9.051557376193671844e-01
8.431609868999999646e-01,8.940273249515899856e-01
1.024798870089999925e+00,8.690215336569144799e-01
8.044279813770001120e-01,1.036655372702299571e+00
8.841310143469999216e-01,9.033998268464097370e-01
3.615649938579999501e-01,9.402608533727372375e-01
1.171491026879999842e+00,5.888698782427500555e-01
4.477910101410000343e-01,1.153810307307475913e+00
7.665730118750000432e-01,6.154323185292749354e-01
7.735599875449999940e-01,9.145679274623910171e-01
1.054823040959999902e+00,7.672872516795116171e-01
7.843300104139999673e-01,1.118365768585042774e+00
1.034250974660000155e+00,8.438201015252252413e-01
1.096979022029999973e+00,1.029705252428807283e+00
7.633029818529999400e-01,1.103216374159608382e+00
5.883730053899999257e-01,8.832163917258244457e-01
6.365630030629999547e-01,7.599317847545736804e-01
5.750700235369999858e-01,7.684678916009445304e-01
5.399640202519999654e-01,7.656665702465638157e-01
1.324671149250000068e+00,6.853669599440986859e-01
8.178460001949999780e-01,1.205021264344900089e+00
6.359609961509999909e-01,8.889918672569069313e-01
8.135920166969999867e-01,7.953463191091484363e-01
9.872140288350000903e-01,8.270247757033081237e-01
9.839289784429998686e-01,1.069546889237089182e+00
5.904790163040000150e-01,1.012733962695572476e+00
8.986790180209999201e-01,7.187336638914698650e-01
6.268000006680000125e-01,9.739006917272985397e-01
6.926850080490000172e-01,7.539949638504694907e-01
5.757049918169999669e-01,8.536389353275432024e-01
6.764680147170000213e-01,6.844301222624189496e-01
8.279470205309999997e-01,8.133846289024410092e-01
6.547859907149999881e-01,8.723119143438933243e-01
1.085815548900000094e+00,7.658429865898610522e-01
8.509550094600001335e-01,1.066809390842516025e+00
8.879359960559999321e-01,8.836444887770662504e-01
6.557850241659999302e-01,9.813112712998356413e-01
6.597809791559999804e-01,7.462050867696858880e-01
8.856279850010000398e-01,8.256532446246015455e-01
7.502999901769999980e-01,9.283012162470242190e-01
9.303160309790000637e-01,8.471760052570117550e-01
7.259460091590000941e-01,9.791327583202404927e-01
7.123904824259998936e-01,8.007566624754339779e-01
9.326570034029998402e-01,8.587105001615793487e-01
6.544970273969999974e-01,9.448473563907960893e-01
4.987269937989999846e-01,8.025464655360177169e-01
9.782410264020000579e-01,6.850688512787941331e-01
5.593240261080000275e-01,9.568275808328342569e-01
8.733990192409999409e-01,7.415193391055200367e-01
6.232500076290000690e-01,9.292021576583714415e-01
6.319249868390000024e-01,6.979957474490015024e-01
8.335350155830000274e-01,8.197274072678301104e-01
8.613430261610000027e-01,8.440235460579913473e-01
1.036013007159999999e+00,9.251127414991876519e-01
6.160370111469999355e-01,1.045600309165312103e+00
9.874529838560001105e-01,7.226680727383665293e-01
6.686739921569999634e-01,1.039159202698531015e+00
6.455339789389999972e-01,7.684502443735804489e-01
1.007030010220000049e+00,8.294268863414734350e-01
7.763000130650000719e-01,9.723006608112850779e-01
9.358490109440000815e-01,8.897294379345459525e-01
6.626719832419999401e-01,9.904219371860332188e-01
1.113351941109999910e+00,7.452839812632855443e-01
5.495319962500000432e-01,1.149899705916013426e+00
9.273632764820001206e-01,6.878807776637234639e-01
8.215330243109999486e-01,1.008286524374281345e+00
9.193540215490000334e-01,8.559683705425079614e-01
6.899859905239998925e-01,1.018320106377293088e+00
6.497738957409999738e-01,7.837332446884149872e-01
9.705049991610000815e-01,7.910905736000737321e-01
8.034440279009998909e-01,1.005788635425791666e+00
8.920990228650002019e-01,8.771837688689462231e-01
7.462270259859999921e-01,9.682623890829624713e-01
1.495407462120000197e+00,8.103847298925019871e-01
7.597569823270000633e-01,1.386147910147526474e+00
9.677280187610000084e-01,8.578309009307027999e-01
1.126011013979999920e+00,1.054941561665988958e+00
7.641419768330000029e-01,1.063991513563794955e+00
1.423818945879999909e+00,9.666104460325226633e-01
8.309190273280000483e-01,1.311204169881713177e+00
5.316870212550000030e-01,9.055380133805970289e-01
6.942920088770000442e-01,8.278728253487614985e-01
1.097100019450000019e+00,7.432117121747965349e-01
8.623710274700000511e-01,1.162863993096406201e+00
9.711959958080000899e-01,9.496157576330762629e-01
7.501904964450000213e-01,9.743743516305990449e-01
5.659890174870000346e-01,8.648020735521000368e-01
7.235890030859999378e-01,7.640637208671305913e-01
1.088876962660000114e+00,8.228671782350945874e-01
2.614549994470000138e-01,1.081615452228881669e+00
1.923168003559999895e-01,5.361961464636453290e-01
2.048390060660000012e-01,4.446086415227063493e-01
3.752999901769999980e-01,4.187832872118198990e-01
1.878910064700000104e-01,6.096231530759890216e-01
4.178839921949999980e-01,3.731556884413039232e-01
6.128349900249999704e-01,5.327424927056622073e-01
4.822100102900000462e-01,6.702142167760145597e-01
8.136649727820000066e-01,5.952146422714470475e-01
8.997989892959999958e-01,8.145525567701804581e-01
7.667459845540000041e-01,8.729445304453543608e-01
6.762999892229999421e-01,8.499314214899829079e-01
9.804093837739999984e-01,7.383131564235799749e-01
1.075533032420000090e+00,9.878529695211739625e-01
6.459739804270000496e-01,1.070080117213113802e+00
7.601699829100000416e-01,7.818105258798749846e-01
8.707180023190000950e-01,8.477169550526461039e-01
1.045557022089999899e+00,9.258087447512635126e-01
4.832339882850000268e-01,1.089501827580087179e+00
1.085988998409999962e+00,6.552347872934116690e-01
7.320979833600000930e-01,1.082052294620323707e+00
7.128990292550000385e-01,8.255523662716591771e-01
1.045389056210000112e+00,8.851398937535269740e-01
7.359200119969999676e-01,9.871267473292444361e-01
8.956930041310000590e-01,8.813770020593300059e-01
8.745509982110000191e-01,9.699576192468091218e-01
9.237470030779999508e-01,8.827851082340492095e-01
9.997780323029999971e-01,1.039097134069257855e+00
1.739534020420000049e+00,9.934167803665517882e-01
8.107889890670000321e-01,1.532626437127402985e+00
7.049050331119999235e-01,9.415030010882379230e-01
8.328269720080000438e-01,8.783207295828200367e-01
8.276600241660000412e-01,8.872352055148903238e-01
8.953109979629999549e-01,1.018661480081382686e+00
1.459501028060000039e+00,9.530922874705447523e-01
1.179519057270000060e+00,1.306053738979397805e+00
1.443411946299999915e+00,1.202431899684418770e+00
1.306735038760000078e+00,1.350356516209482605e+00
7.634999752040000365e-01,1.255881144052800824e+00
1.145148038860000161e+00,9.868025746068268544e-01
7.253450155259999477e-01,1.156132921771552802e+00
7.633590102199999672e-01,8.890191598811577611e-01
6.174820065499999622e-01,9.692876405549027963e-01
1.029322981830000039e+00,7.200721300460662944e-01
1.302055954929999926e+00,1.107952483579028868e+00
3.164124965670000122e+00,1.217521038718670345e+00
9.734439849849999549e-01,2.475528664951370139e+00
1.229671001429999855e+00,1.082182484201757333e+00
7.441530227660000385e-01,1.332528656884102825e+00
1.063034057620000139e+00,8.118754373853293016e-01
1.123872041700000102e+00,1.380966298912130297e+00
8.984770178789999173e-01,1.091095719860197377e+00
7.175139784810000698e-01,1.012350571458617843e+00
5.367509722709999931e-01,9.238912753028531988e-01
1.175443053249999981e+00,6.851230368940343096e-01
1.101048946379999949e+00,1.229165313981045671e+00
5.734490156170000130e-01,1.077815140757875323e+00
1.431144952770000200e+00,7.856959192574002326e-01
1.037794947620000130e+00,1.270013062457998831e+00
6.568620204930000206e-01,1.080817183906561230e+00
1.074908018110000141e+00,8.936208842204739211e-01
1.385972023009999887e+00,9.989480410698520219e-01
1.004804968829999812e+00,1.360483266367452870e+00
1.609539985660000116e+00,1.091046796708411648e+00
2.817575931549999524e+00,1.414562959608264059e+00
1.962562561039999931e+00,2.293269493326819397e+00
1.279752016069999998e+00,1.817938176980844922e+00
1.995329976079999845e+00,1.349335948459885248e+00
2.033385992049999924e+00,1.776708101295819464e+00
1.307443976400000096e+00,1.975763663578169682e+00
1.611258029939999892e+00,1.439545589864083430e+00
2.040218114850000042e+00,1.525196181609792312e+00
2.183244943620000100e+00,1.904974197025290028e+00
1.351415991779999937e+00,2.029302097599902321e+00
7.242180109020001089e-01,1.407088657032711465e+00
1.363389015200000109e+00,1.029396365247442713e+00
1.526808977129999967e+00,1.409353234286050416e+00
1.784019589419999940e+00,1.529995824630189905e+00
1.103597044940000105e+00,1.696231472095915072e+00
1.763007998470000004e+00,1.141039072603099003e+00
1.157549023629999896e+00,1.677395502374888991e+00
1.153326034550000045e+00,1.226266917316751082e+00
2.362811088559999551e+00,1.312890962785563387e+00
2.580787897110000007e+00,1.961871106820874955e+00
1.242146968839999976e+00,2.230897430436173501e+00
1.712821006770000265e+00,1.386081699438377779e+00
6.676509976389999323e-01,1.575726200109307973e+00
8.271329998970000652e-01,1.009073191292395810e+00
9.642647504810000214e-01,1.161905513694078351e+00
1.394161701200000048e+00,9.866633013094515681e-01
7.584049701689999923e-01,1.453997209979876803e+00
6.900759935379999765e-01,8.983957024919139167e-01
6.740249991419999809e-01,8.449391076759629193e-01
8.615220189090000424e-01,8.554528652100736874e-01
7.907469868659999790e-01,9.773705441604566557e-01
7.285000085830000138e-01,8.890082073616747405e-01
2.411980032920000017e-01,8.262090511596897890e-01
3.354600071909999981e-01,5.088865934098556476e-01
5.912460088730000507e-01,5.513506403026253722e-01
1.058426976200000036e+00,7.066998307863128215e-01
7.669919729230000316e-01,1.035605133312448523e+00
5.881239771840000019e-01,8.064783614475500295e-01
5.922303199769999305e-01,7.068299840227019182e-01
8.753510117530000079e-01,7.034571443738717456e-01
7.038279771799998974e-01,9.358905786805530314e-01
5.677499771120000371e-01,8.055209733068804390e-01
7.133870124819999825e-01,6.980368631106758093e-01
1.077505946160000061e+00,7.880105287910467160e-01
6.909419894220000247e-01,1.058492135563472658e+00
7.724580168719999973e-01,8.103617511347949165e-01
7.237120270730000859e-01,8.494115759701785784e-01
9.752489924429997847e-01,8.026814977628780046e-01
9.151769876480000399e-01,1.033847226900559191e+00
7.574009895319999686e-01,9.389031873495962133e-01
6.912069916730000374e-01,8.660959458675812073e-01
1.183527946470000147e+00,8.078978457180994166e-01
7.705749869349999281e-01,1.138889968704130506e+00
8.947700262070000798e-01,8.905890857881277878e-01
6.143350005150000070e-01,9.644298738960223050e-01
7.692319750789999855e-01,7.297474150580192109e-01
9.070749878880000061e-01,9.190383604520667715e-01
4.068099856379999713e-01,9.301663335236068919e-01
5.138880014419999753e-01,6.358268292779941655e-01
2.481469959019999838e-01,6.841137225992934834e-01
2.568759918210000159e-01,4.536174279668063747e-01
5.980659723279999618e-01,5.381588753366006728e-01
5.981699824330000137e-01,6.466794588414471745e-01
8.801140189170000294e-01,7.031295214286015227e-01
1.085649013520000095e+00,8.829124800133490991e-01
9.920129775999999566e-01,9.873612859520203289e-01
8.743849992749999078e-01,1.019657395830054103e+00
8.770260214810000621e-01,9.085818229838998894e-01
1.008928894999999937e+00,9.316012275072300675e-01
8.088759779930000393e-01,1.051788384678955302e+00
6.714209914210000907e-01,9.012251192727839255e-01
7.449629902840000373e-01,8.154916828668293816e-01
6.942679882050000195e-01,8.451368372297619613e-01
1.001886010170000008e+00,8.315952558571502173e-01
7.935580015180000446e-01,1.023121770418828680e+00
8.450049161910000439e-01,8.645999070049122937e-01
8.031240105629999793e-01,9.357635485661371932e-01
5.744469761850000689e-01,8.595704717486036817e-01
5.679720044139999757e-01,7.631429209932413249e-01
4.538080096239999195e-01,7.197129883454987942e-01
8.494881391529999215e-01,6.254886129343140144e-01
4.064599871639999473e-01,9.150567481800714331e-01
2.453519999980000310e-01,5.692663097279304640e-01
2.323218107220000217e+00,5.001817999189710484e-01
2.027115583420000089e+00,1.811395888828577272e+00
1.581117987629999888e+00,1.722109140034378871e+00
1.727049946780000012e+00,1.518586715383005714e+00
1.150642037389999928e+00,1.432798759807853095e+00
1.607933998109999818e+00,1.345522316100723259e+00
1.331233978270000007e+00,1.588450361888134488e+00
1.221642017359999999e+00,1.289180296168457085e+00
1.583541989330000010e+00,1.386415534684506179e+00
1.608662128450000006e+00,1.441390672311270604e+00
2.185653924939999992e+00,1.572151620340475064e+00
2.989559888840000124e+00,1.964020127417593464e+00
7.574499845500000106e-01,2.426367962580792348e+00
1.811344027520000122e+00,1.102677696406426877e+00
1.527951955800000094e+00,1.740102066855731211e+00
8.892235755919999374e-01,1.459091312917980110e+00
