7.274609804150000691e-01,1.035097241401672363e+00
7.892770171170000459e-01,8.515235185623168945e-01
6.237750053410000550e-01,9.458495974540710449e-01
6.914690136910000007e-01,8.173328638076782227e-01
8.557710051540000640e-01,8.758088946342468262e-01
7.093830108640000187e-01,9.695237874984741211e-01
1.014547944070000041e+00,8.415156006813049316e-01
1.115731000900000103e+00,1.071144104003906250e+00
4.182830154900000208e-01,1.108806252479553223e+00
1.002280950550000105e+00,6.250001788139343262e-01
1.218860983849999968e+00,1.118725657463073730e+00
1.143296003339999922e+00,1.191401004791259766e+00
6.528189778330000248e-01,1.135837197303771973e+00
6.746559739110000731e-01,8.241382837295532227e-01
6.009536385540000802e-01,8.980414271354675293e-01
6.694570183749999348e-01,8.222826719284057617e-01
6.538079977039999990e-01,8.595780134201049805e-01
7.814120054240000224e-01,8.218972682952880859e-01
1.206303954120000022e+00,8.995275497436523438e-01
8.469259738919999725e-01,1.179166674613952637e+00
8.286409974099999687e-01,8.894534111022949219e-01
6.482390165329999787e-01,9.413328766822814941e-01
5.623700022700000023e-01,8.193017244338989258e-01
7.183309793469999649e-01,7.770655155181884766e-01
1.099647998810000082e+00,8.826094269752502441e-01
9.541710019110000163e-01,1.121208310127258301e+00
7.290139794350000146e-01,9.805932641029357910e-01
6.694499850270000385e-01,8.577750325202941895e-01
8.631219863889999511e-01,8.452033996582031250e-01
6.464660167689999515e-01,9.794679880142211914e-01
8.223180174830000411e-01,8.005659580230712891e-01
9.235979914669999458e-01,9.484256505966186523e-01
8.300920128820000743e-01,9.930779337882995605e-01
1.067314028740000031e+00,9.207919836044311523e-01
1.546175003050000107e+00,1.106263995170593262e+00
6.827279925350000500e-01,1.426422834396362305e+00
6.385620236399999206e-01,7.946310043334960938e-01
6.464239954950000699e-01,8.861483931541442871e-01
6.881093978879999629e-01,8.759642243385314941e-01
7.273989915849999877e-01,8.820513486862182617e-01
6.500350236890000133e-01,8.865215182304382324e-01
8.693690299990000092e-01,8.134328126907348633e-01
4.408580064769999640e-01,9.653494358062744141e-01
4.518609941010000575e-01,6.321653723716735840e-01
7.575070261959999662e-01,6.845713853836059570e-01
4.952389895920000229e-01,8.759927749633789062e-01
6.850870251659999521e-01,6.493023037910461426e-01
7.243813276289999825e-01,8.145314455032348633e-01
8.653740286830000628e-01,8.148173689842224121e-01
7.400469779970000328e-01,9.161704778671264648e-01
8.070759773250000269e-01,8.230367302894592285e-01
8.204330205920000729e-01,8.986960053443908691e-01
1.114411950110000049e+00,9.074042439460754395e-01
1.108605027200000093e+00,1.123584151268005371e+00
4.751499891279999943e-01,1.102205634117126465e+00
1.039268016820000140e+00,6.814457178115844727e-01
9.457899928089998909e-01,1.154435873031616211e+00
7.877500057220000462e-01,1.009654641151428223e+00
3.504549860949999762e-01,9.213342070579528809e-01
9.367713332179998797e-01,6.302257180213928223e-01
9.868059754369999936e-01,1.073344469070434570e+00
6.470239758489999549e-01,1.018789529800415039e+00
1.029777050020000084e+00,7.856379151344299316e-01
1.187446951870000156e+00,1.097988367080688477e+00
9.328820109370000724e-01,1.162979602813720703e+00
7.528370022769999004e-01,9.894403219223022461e-01
6.420040130619999452e-01,9.101917147636413574e-01
2.307340055699999559e-01,8.512073159217834473e-01
4.714997112749998998e-01,5.594155192375183105e-01
8.772729635240000823e-01,7.464217543601989746e-01
7.876309752460000091e-01,9.657750129699707031e-01
2.742219865320000283e-01,8.451070785522460938e-01
3.992269933219999567e-01,5.044457316398620605e-01
9.923512339589999343e-01,6.414170861244201660e-01
7.627239823340000724e-01,1.020695328712463379e+00
7.200859785079999353e-01,7.937814593315124512e-01
6.264780163759999798e-01,8.162105679512023926e-01
7.269890308380000388e-01,7.642658948898315430e-01
9.301019906999998810e-01,8.497110605239868164e-01
6.872699856759999504e-01,9.825531840324401855e-01
8.662552833559999943e-01,7.977647185325622559e-01
8.352038264269999734e-01,9.621266126632690430e-01
9.402499794960000878e-01,9.218288064002990723e-01
1.023357987399999836e+00,1.008675336837768555e+00
7.322629690170000538e-01,1.062507629394531250e+00
9.300749897960000068e-01,8.614116311073303223e-01
8.702930212019999168e-01,1.041111350059509277e+00
5.104020237919999481e-01,9.728198051452636719e-01
1.025817990299999982e+00,7.300107479095458984e-01
4.551239907739999535e-01,1.124033927917480469e+00
7.345349788670000324e-01,6.502819657325744629e-01
7.012919783589999234e-01,9.102427363395690918e-01
1.014386057849999911e+00,8.341984748840332031e-01
1.123770236970000225e+00,1.055520415306091309e+00
4.825370013710000294e-01,1.101322531700134277e+00
4.689320027829999571e-01,6.604906916618347168e-01
8.755196928980000237e-01,7.300227880477905273e-01
1.145424962039999883e+00,9.941301941871643066e-01
1.943787455559999877e+00,1.129217386245727539e+00
1.557039022450000143e+00,1.681876063346862793e+00
2.104775905609999942e+00,1.366435766220092773e+00
1.062240004540000005e+00,1.873711347579956055e+00
7.867829799650000178e-01,1.128800392150878906e+00
2.247971057890000068e+00,1.093502521514892578e+00
5.664669871329999218e-01,2.139855384826660156e+00
8.389729857439999217e-01,7.775916457176208496e-01
3.188189864160000386e-01,1.176707863807678223e+00
6.386680006980000046e-01,7.157881259918212891e-01
7.540266513819999794e-01,9.473040103912353516e-01
1.085826039310000102e+00,9.294902682304382324e-01
6.014299988750000381e-01,1.122934699058532715e+00
6.923220157619999204e-01,7.369270324707031250e-01
8.782439827919999997e-01,8.583661317825317383e-01
1.279224038119999962e+00,9.674692153930664062e-01
7.251669764520000117e-01,1.227505922317504883e+00
4.283109903339999969e-01,8.150296211242675781e-01
7.012249827380000466e-01,6.894904971122741699e-01
8.846225738529999161e-01,8.999611735343933105e-01
7.809653878210001121e-01,9.758794307708740234e-01
9.259700179099999984e-01,8.809537887573242188e-01
9.178640246389999646e-01,9.987675547599792480e-01
9.073020219800000952e-01,9.801710247993469238e-01
4.099450111390000040e-01,9.839104413986206055e-01
8.741459846500000408e-01,6.431988477706909180e-01
1.231343984599999830e+00,1.019163489341735840e+00
7.683960199359999299e-01,1.202150106430053711e+00
9.357339143749998644e-01,8.525635004043579102e-01
7.523270249369999885e-01,1.041532516479492188e+00
6.247839927670000293e-01,8.898582458496093750e-01
1.977947235110000035e+00,8.219751715660095215e-01
2.476479291920000048e+00,1.784992814064025879e+00
6.822599768639999729e-01,2.000806331634521484e+00
1.294077992440000102e+00,7.790451645851135254e-01
2.116506099700000032e+00,1.465934872627258301e+00
2.030230045320000176e+00,1.958923220634460449e+00
1.727593064309999926e+00,1.832819819450378418e+00
1.321619033810000010e+00,1.689998984336853027e+00
1.114274978639999913e+00,1.468770980834960938e+00
1.618482947350000201e+00,1.363681554794311523e+00
1.102354049679999948e+00,1.712830781936645508e+00
8.501269817350000091e-01,1.263622045516967773e+00
6.531813144679999850e-01,1.132281422615051270e+00
6.168276071549999573e-01,9.801236391067504883e-01
1.023204803470000090e+00,9.244666099548339844e-01
1.176781058310000017e+00,1.162539601325988770e+00
1.108754038809999898e+00,1.193034410476684570e+00
9.838110208509999177e-01,1.130938410758972168e+00
1.829927563670000312e+00,1.062382578849792480e+00
1.342131018639999951e+00,1.684612393379211426e+00
1.265669584270000092e+00,1.265863060951232910e+00
7.930377125740000199e-01,1.319766163825988770e+00
1.030689358710000114e+00,1.009461402893066406e+00
8.210232257839999992e-01,1.223905563354492188e+00
1.099169254300000009e+00,1.023033738136291504e+00
5.255355238910000004e-01,1.224764108657836914e+00
7.758393883709999717e-01,7.679577469825744629e-01
7.209759950640000081e-01,9.903994202613830566e-01
8.666771054269999386e-01,8.889772295951843262e-01
8.462041020389999835e-01,9.810429811477661133e-01
7.614132165909999195e-01,9.411362409591674805e-01
6.587246060370000045e-01,8.842866420745849609e-01
1.078659296040000104e+00,8.216873407363891602e-01
1.281940340999999872e+00,1.123264193534851074e+00
6.600005030629999547e-01,1.221871495246887207e+00
1.112500548360000119e+00,7.875458002090454102e-01
6.280704736709999958e-01,1.194637417793273926e+00
6.864575743680000341e-01,7.960460186004638672e-01
9.000409841540001343e-01,8.958513736724853516e-01
7.342569231990000445e-01,1.020317554473876953e+00
1.011121273039999879e+00,8.698878884315490723e-01
8.827599883079999543e-01,1.082142233848571777e+00
7.521411776540001259e-01,9.576333761215209961e-01
9.489411115649999395e-01,8.895729780197143555e-01
6.799052953720000625e-01,1.041355133056640625e+00
7.211565971369999772e-01,8.293073177337646484e-01
6.504104733470000843e-01,8.893069028854370117e-01
7.167106270790000178e-01,8.237926959991455078e-01
9.056316018100001308e-01,8.690212368965148926e-01
6.526464819910000603e-01,9.842551946640014648e-01
7.056654095649999014e-01,7.848865985870361328e-01
6.581057906149999637e-01,8.537886738777160645e-01
6.592794060709999959e-01,8.068147301673889160e-01
6.634064316750000190e-01,8.094771504402160645e-01
7.808002829549999246e-01,8.063901662826538086e-01
7.565907239910000248e-01,8.849738240242004395e-01
9.280405640599999062e-01,8.545558452606201172e-01
7.073829770089999913e-01,9.838117957115173340e-01
3.888399899009999383e-01,8.171576261520385742e-01
3.422417938710000107e-01,6.263301372528076172e-01
2.337300032380000003e-01,6.179460883140563965e-01
1.459127068520000015e-01,5.200935602188110352e-01
3.949534893039999828e-01,4.423268735408782959e-01
9.678409695629999199e-01,5.961635708808898926e-01
7.839220166210000285e-01,9.493420720100402832e-01
8.333759903910000766e-01,7.639909982681274414e-01
9.723259806630000224e-01,8.546515107154846191e-01
6.905210018160000685e-01,9.708712697029113770e-01
1.345324039460000121e+00,7.840715646743774414e-01
7.227010130879999439e-01,1.301987171173095703e+00
6.804850101469999135e-01,8.078356385231018066e-01
7.610610127449999318e-01,8.762429356575012207e-01
8.075709938999999782e-01,9.279584288597106934e-01
5.886639952659999953e-01,9.407811164855957031e-01
9.960750937460000065e-01,7.743244171142578125e-01
1.045413970949999882e+00,1.077482461929321289e+00
4.713059961800000752e-01,1.058806777000427246e+00
1.047140955920000005e+00,6.639752984046936035e-01
1.126214265820000060e+00,1.137598156929016113e+00
2.560461759570000329e+00,1.116035699844360352e+00
7.747610211370000721e-01,2.151451587677001953e+00
7.172060012819999608e-01,7.827744483947753906e-01
8.005080223080000001e-01,1.012118935585021973e+00
5.680390000339999856e-01,1.051276683807373047e+00
1.195780038829999947e+00,8.502395153045654297e-01
7.970449924470000003e-01,1.291473269462585449e+00
4.899359941480000979e-01,9.136832952499389648e-01
9.918130040170001216e-01,7.448727488517761230e-01
7.445690035819999553e-01,1.105877637863159180e+00
6.096370220180000743e-01,8.550631403923034668e-01
8.565919995309999591e-01,7.896748781204223633e-01
8.144299983980000102e-01,9.711385369300842285e-01
7.605929970739999657e-01,9.069200158119201660e-01
9.157519936559999074e-01,8.785093426704406738e-01
7.421634793279999753e-01,9.962655901908874512e-01
7.329360246660000522e-01,8.582633137702941895e-01
8.745691180230000805e-01,8.768613338470458984e-01
9.644910097120000803e-01,9.749994874000549316e-01
1.477671980859999845e+00,1.021687507629394531e+00
6.752679944040000937e-01,1.384184479713439941e+00
5.030400156970000758e-01,7.849657535552978516e-01
7.066659927370000371e-01,7.770090103149414062e-01
2.968195915220000369e+00,9.169988036155700684e-01
1.255300998690000114e+00,2.481553554534912109e+00
4.084815025330000182e+00,1.047329664230346680e+00
1.692322969440000158e+00,3.385136365890502930e+00
4.121052026750000041e-01,1.420862674713134766e+00
1.035750985149999970e+00,9.317355155944824219e-01
6.408920288089999806e-01,1.484625577926635742e+00
7.065470218660000468e-01,1.051193237304687500e+00
1.060830354689999977e+00,1.082851290702819824e+00
1.880954027180000265e+00,1.246248722076416016e+00
1.886373996729999947e+00,1.735245704650878906e+00
1.328773975370000082e+00,1.639870524406433105e+00
3.931840062139999592e-01,1.304021000862121582e+00
6.382430195809999374e-01,7.412948012351989746e-01
1.045531988140000035e+00,1.000830411911010742e+00
6.588029861449999913e-01,1.210305452346801758e+00
8.046740293499999863e-01,8.626511693000793457e-01
8.740410208700001293e-01,9.929826855659484863e-01
8.532550334930000258e-01,9.947587251663208008e-01
8.952109813690000140e-01,9.591529369354248047e-01
7.301589846610000434e-01,9.859379529953002930e-01
4.149410128589999802e-01,8.650054335594177246e-01
2.700940072540000125e-01,6.615448594093322754e-01
4.911319911479999356e-01,5.802850723266601562e-01
5.079169869420000483e-01,7.204149365425109863e-01
1.224020004270000017e+00,6.775054931640625000e-01
1.267657995220000222e+00,1.169911980628967285e+00
2.633487939829999736e+00,1.129218578338623047e+00
3.999615430830000040e+00,2.146184444427490234e+00
6.651418209080000032e+00,3.048063278198242188e+00
2.102678060530000170e+00,5.003940105438232422e+00
1.283689975739999989e+00,1.760863542556762695e+00
1.291347503659999951e+00,1.897900581359863281e+00
1.353754043579999733e+00,1.965813755989074707e+00
2.390191078189999985e+00,1.896952509880065918e+00
1.461441040039999972e+00,2.508991718292236328e+00
1.599208951000000045e+00,1.635382175445556641e+00
1.471150994300000070e+00,1.799328923225402832e+00
1.298205018039999992e+00,1.611234784126281738e+00
1.579622030259999921e+00,1.467583894729614258e+00
1.360355019570000268e+00,1.656927824020385742e+00
8.036410212519999874e-01,1.453174829483032227e+00
4.276689887049999750e-01,1.080376744270324707e+00
2.694070041180000041e-01,8.453663587570190430e-01
3.897170126439999938e-01,7.144185900688171387e-01
4.179170131680000067e-01,7.416433691978454590e-01
1.546036005019999937e+00,6.850494742393493652e-01
1.017611026760000037e+00,1.436140418052673340e+00
8.653150200839999640e-01,9.302117228507995605e-01
6.194109916690000439e-01,9.331173300743103027e-01
8.454149961469999974e-01,7.908729314804077148e-01
8.048596382139999728e-01,9.798002243041992188e-01
1.435889005660000217e+00,9.222740530967712402e-01
2.565752029420000024e+00,1.378394484519958496e+00
6.206179142000000759e+00,2.125904560089111328e+00
9.309499859810000943e-01,4.695740699768066406e+00
9.077759981159999603e-01,7.382396459579467773e-01
4.609797894950000141e-01,1.487252593040466309e+00
5.264570117000000327e-01,1.127722501754760742e+00
7.942249774930000283e-01,1.131031990051269531e+00
9.704009890559999185e-01,1.202325463294982910e+00
6.695889830590000535e-01,1.197776198387145996e+00
6.997730135920000594e-01,9.003730416297912598e-01
6.903669834139999351e-01,9.052597284317016602e-01
6.361600160600000553e-01,8.559803962707519531e-01
9.726700186730000697e-01,7.911611795425415039e-01
6.393389701839999884e-01,1.031039476394653320e+00
5.123779773709999930e-01,7.600947618484497070e-01
5.699130296709999932e-01,7.180646657943725586e-01
8.318089842800000522e-01,7.612119913101196289e-01
4.694110155110000071e-01,9.250141382217407227e-01
9.054309725759999150e-01,6.370243430137634277e-01
8.482750058169999940e-01,9.872633814811706543e-01
6.566630005839999562e-01,8.930950164794921875e-01
6.324055790899999474e-01,7.812284231185913086e-01
3.268550038340000130e-01,7.926767468452453613e-01
3.047409951689999952e-01,5.748788118362426758e-01
2.159480005499999911e-01,5.801434516906738281e-01
2.148479968310000043e-01,4.930458962917327881e-01
1.512310057880000003e-01,4.757468700408935547e-01
4.153338372709999837e-01,4.034421145915985107e-01
7.344200015070000420e-01,5.745801925659179688e-01
9.913370013240000445e-01,7.560639381408691406e-01
7.910000085830000138e-01,9.143157005310058594e-01
7.429170012469999973e-01,7.808426022529602051e-01
7.426548600200000294e-01,8.086432814598083496e-01
8.799139857289999256e-01,8.370244503021240234e-01
7.376829981800000491e-01,9.493854641914367676e-01
1.240342974660000097e+00,8.474012613296508789e-01
8.343409895899999151e-01,1.230138063430786133e+00
3.054729998110000122e-01,8.990430831909179688e-01
8.929460048680001316e-01,5.941331386566162109e-01
1.285866022110000007e+00,1.051729559898376465e+00
4.146400094030000538e-01,1.237930297851562500e+00
1.090137004850000091e+00,5.982884168624877930e-01
5.923830270769999684e-01,1.183407425880432129e+00
3.773260116580000045e-01,7.400766611099243164e-01
2.693597316740000469e+00,6.511591672897338867e-01
2.288666009900000020e+00,2.300548315048217773e+00
8.955270051960001476e-01,1.764933347702026367e+00
8.070570230480000884e-01,9.706538915634155273e-01
1.194862961769999954e+00,1.112800836563110352e+00
8.929409980769997812e-01,1.372302770614624023e+00
9.776080250740000199e-01,1.091494917869567871e+00
1.832507014270000179e+00,1.173302054405212402e+00
1.403792977329999747e+00,1.740422129631042480e+00
7.223749756810000644e-01,1.336307525634765625e+00
6.599410176280000595e-01,9.414712786674499512e-01
7.407349944109999917e-01,9.626464247703552246e-01
5.553659796709999874e-01,9.873319864273071289e-01
1.236768960949999885e+00,8.154588341712951660e-01
6.214020252229999208e-01,1.289083361625671387e+00
7.108730077739999764e-01,7.588641047477722168e-01
3.064779937269999643e-01,8.963267207145690918e-01
6.473349928859999380e-01,5.804431438446044922e-01
5.458269715310000159e-01,8.434954881668090820e-01
1.024247765539999966e+00,7.071996331214904785e-01
8.176820278170000567e-01,1.050882577896118164e+00
7.440620064740001149e-01,8.540396690368652344e-01
7.367150187490000279e-01,8.465421795845031738e-01
5.768560171130000525e-01,8.580508232116699219e-01
9.152600169179998524e-01,7.476252913475036621e-01
1.137029051779999911e+00,1.003752946853637695e+00
4.960080087179999930e-01,1.120447278022766113e+00
4.941360056399998757e-01,6.645501255989074707e-01
8.834533095360000976e-01,7.430270910263061523e-01
1.271524906160000024e+00,9.955841302871704102e-01
8.864369988439999570e-01,1.215497970581054688e+00
8.988280296330001251e-01,9.211767315864562988e-01
9.049779772759999341e-01,1.000410556793212891e+00
8.299319744109999730e-01,1.007240295410156250e+00
8.756300210950000995e-01,9.578797221183776855e-01
5.502920150760000073e-01,9.997294545173645020e-01
1.073919415470000027e+00,7.611950635910034180e-01
8.491920232770000521e-01,1.158417105674743652e+00
6.393229961399998773e-01,9.284242391586303711e-01
7.995309829709998928e-01,8.164488673210144043e-01
9.646000266079999275e-01,9.446159601211547852e-01
8.413559794430000016e-01,1.032172203063964844e+00
7.011449933050000194e-01,9.302718639373779297e-01
7.240070104600000445e-01,8.530400991439819336e-01
1.010308027270000020e+00,8.823501467704772949e-01
6.538060307499999890e-01,1.072989821434020996e+00
7.932850122450000319e-01,7.912902832031250000e-01
6.538396477699999210e-01,9.348108172416687012e-01
1.160789966579999888e+00,8.116409182548522949e-01
8.085789680480000019e-01,1.182067632675170898e+00
3.743770122530000188e-01,8.786450028419494629e-01
2.556999921800000020e-01,6.302995681762695312e-01
4.893150031570000502e-01,5.814316868782043457e-01
1.151844024660000132e+00,7.241130471229553223e-01
7.372779846189999597e-01,1.136857032775878906e+00
1.088750958439999916e+00,7.720156311988830566e-01
1.975852966309999514e+00,1.094604134559631348e+00
8.547700047490001118e-01,1.696386098861694336e+00
7.977370023729999371e-01,8.574965596199035645e-01
1.052428960799999924e+00,1.000351071357727051e+00
3.179450988770000208e+00,1.180770635604858398e+00
1.797067999840000319e+00,2.664868831634521484e+00
1.056702017779999947e+00,1.489347457885742188e+00
8.751260042189999977e-01,1.245296359062194824e+00
6.645399928090000019e-01,1.205190420150756836e+00
7.571684122089999969e-01,1.038426518440246582e+00
1.368484020229999931e+00,1.077465534210205078e+00
9.052469730380000579e-01,1.442541956901550293e+00
1.032060980800000083e+00,1.017486691474914551e+00
6.141330003739999821e-01,1.154949665069580078e+00
9.733130335809998535e-01,8.270726203918457031e-01
6.452289819719999597e-01,1.109869003295898438e+00
4.894390106200000035e-01,8.187730908393859863e-01
8.408679962160000576e-01,7.414421439170837402e-01
7.771940231319999226e-01,9.831480979919433594e-01
6.755350232119999854e-01,8.794530630111694336e-01
6.592059731480000018e-01,8.166956305503845215e-01
1.084153056139999904e+00,8.111532926559448242e-01
9.314100146289999715e-01,1.107351899147033691e+00
1.359479665760000122e+00,9.567944407463073730e-01
7.633988261220000515e-01,1.301559686660766602e+00
5.357339978220000409e-01,8.548299074172973633e-01
6.781889796259998882e-01,7.847384214401245117e-01
7.839810252189999273e-01,8.957132101058959961e-01
1.169367671010000054e+00,9.313986301422119141e-01
1.015287995340000027e+00,1.181289434432983398e+00
9.259430170060000131e-01,1.033553361892700195e+00
1.319244027140000108e+00,1.008603453636169434e+00
9.717460274700000511e-01,1.303945183753967285e+00
1.176299691200000108e+00,1.028191089630126953e+00
1.714609026910000056e+00,1.234182834625244141e+00
1.307337045669999975e+00,1.599829196929931641e+00
6.186890006069999393e-01,1.278850078582763672e+00
2.298435926440000276e+00,8.758804202079772949e-01
1.808241009709999902e+00,2.138622999191284180e+00
8.794149756429999742e-01,1.592341065406799316e+00
1.570945024490000064e+00,1.067748546600341797e+00
1.578516006470000121e+00,1.669860839843750000e+00
6.200309991839999535e-01,1.572744488716125488e+00
9.928810000419999726e-01,9.100799560546875000e-01
4.551869928839999413e-01,1.263981342315673828e+00
1.017398953439999865e+00,7.892714738845825195e-01
8.378469943999999892e-01,1.205887317657470703e+00
4.884769916529999589e-01,9.707152843475341797e-01
1.246340990070000210e+00,7.324122190475463867e-01
1.209630966189999990e+00,1.282169818878173828e+00
1.252451062200000020e+00,1.156153440475463867e+00
1.519726991650000025e+00,1.221540093421936035e+00
1.063797950739999942e+00,1.431731939315795898e+00
1.571495056150000069e+00,1.113647222518920898e+00
1.278105020519999968e+00,1.552652359008789062e+00
1.192077994349999948e+00,1.300154805183410645e+00
8.304439187050000060e-01,1.298051714897155762e+00
1.402015686039999931e+00,1.052102923393249512e+00
1.156504034999999986e+00,1.482470512390136719e+00
1.162554860120000200e+00,1.223595023155212402e+00
6.007519960399999581e-01,1.262411832809448242e+00
1.253835797310000055e+00,8.581414222717285156e-01
1.791844010350000183e+00,1.362823128700256348e+00
1.734062552449999961e+00,1.643747925758361816e+00
4.939970970150000085e+00,1.568876028060913086e+00
2.394351005549999911e+00,3.932699918746948242e+00
2.212575912479999740e+00,1.851452827453613281e+00
1.886527061460000043e+00,2.226917266845703125e+00
9.343829751010001017e-01,2.053603887557983398e+00
9.099829792980000942e-01,1.417971730232238770e+00
8.112999796870000724e-01,1.451245069503784180e+00
1.049708962440000004e+00,1.275836825370788574e+00
1.351788043980000076e+00,1.353718042373657227e+00
1.277305960659999906e+00,1.450371861457824707e+00
7.854449748989998925e-01,1.321592569351196289e+00
4.846229851250000165e-01,9.697260856628417969e-01
6.676359772680000582e-01,7.988387346267700195e-01
8.322510123249999836e-01,9.242590069770812988e-01
5.959370136259999340e-01,9.813350439071655273e-01
3.410890102390000123e-01,7.797190546989440918e-01
6.860110163689999707e-01,6.140938997268676758e-01
8.153510093690000682e-01,8.583794832229614258e-01
3.985430002210000322e-01,8.859871625900268555e-01
6.998159885410000225e-01,5.802389383316040039e-01
4.263690114019999533e-01,8.385833501815795898e-01
6.866139769550000382e-01,6.016498208045959473e-01
1.826770007609999913e-01,8.159399032592773438e-01
7.018824815749999946e-01,4.252849817276000977e-01
1.796682000159999681e+00,8.407962322235107422e-01
7.204269766809999753e-01,1.542396426200866699e+00
4.680640101429999755e-01,6.995402574539184570e-01
6.408870220180000743e-01,7.021597027778625488e-01
7.520520091060001189e-01,8.445665836334228516e-01
1.001817584040000098e+00,8.897638320922851562e-01
1.660804033279999814e+00,1.049738049507141113e+00
1.450595021250000061e+00,1.495961904525756836e+00
1.085010051729999869e+00,1.305482506752014160e+00
1.099555015560000015e+00,1.127911925315856934e+00
7.694180011750000325e-01,1.206917881965637207e+00
1.254430413249999932e+00,9.748036861419677734e-01
1.496320962910000052e+00,1.349510550498962402e+00
7.186369895940000196e-01,1.453262448310852051e+00
8.902019858359999649e-01,8.935022354125976562e-01
9.891759753229999452e-01,1.104476094245910645e+00
2.849014520649999938e+00,1.124047040939331055e+00
4.281075000759999583e+00,2.423418045043945312e+00
1.248739004139999942e+00,3.270786762237548828e+00
7.096589803699999699e-01,1.141568064689636230e+00
7.497439980509998936e-01,1.217424154281616211e+00
8.907449841499999188e-01,1.260998964309692383e+00
1.469527959819999952e+00,1.277866482734680176e+00
1.608888030049999918e+00,1.600223302841186523e+00
1.043460965159999976e+00,1.585697412490844727e+00
1.184751033780000018e+00,1.162775158882141113e+00
5.063725113870000127e-01,1.316552042961120605e+00
6.946156024930000283e-01,7.973039746284484863e-01
9.299110174179998634e-01,9.796351790428161621e-01
7.754629850390000190e-01,1.083215236663818359e+00
8.564696311949999696e-01,9.268397092819213867e-01
9.269009828569999554e-01,9.902432560920715332e-01
7.506660223010001021e-01,1.016545057296752930e+00
9.248849749570000611e-01,8.809008598327636719e-01
1.070162653919999984e+00,1.022131919860839844e+00
8.752880096439998869e-01,1.103790044784545898e+00
7.511039972310000756e-01,9.607520699501037598e-01
8.627579808239999037e-01,9.072423577308654785e-01
5.096570253369999692e-01,9.963775873184204102e-01
8.495249748229999343e-01,7.270905971527099609e-01
6.711369752879999817e-01,9.962542057037353516e-01
6.132180094720000030e-01,8.143134713172912598e-01
3.810549974440000098e-01,7.906737923622131348e-01
8.710420131680000067e-01,6.216110587120056152e-01
6.540319919589999698e-01,9.753352999687194824e-01
9.089673757550000843e-01,7.538616061210632324e-01
9.709029793739999414e-01,9.678277373313903809e-01
9.856920242310001079e-01,9.883171319961547852e-01
1.356256246570000101e+00,1.010969758033752441e+00
1.309872984889999925e+00,1.293231964111328125e+00
6.344919800760000506e-01,1.245883226394653320e+00
5.933508276940000492e-01,8.144008517265319824e-01
8.796380162239999523e-01,8.700531721115112305e-01
1.131836414339999930e+00,1.050674319267272949e+00
1.841274023059999765e+00,1.175252914428710938e+00
2.261745929719999992e+00,1.651869535446166992e+00
2.597975969309999744e+00,1.901484847068786621e+00
2.399192094800000064e+00,2.172059297561645508e+00
1.982298016549999931e+00,2.092579126358032227e+00
2.269547939300000206e+00,1.916115403175354004e+00
2.017889976500000238e+00,2.224004268646240234e+00
1.452262043950000026e+00,2.037223100662231445e+00
1.342797994609999934e+00,1.681704401969909668e+00
1.311915040020000145e+00,1.643084883689880371e+00
1.276762008670000226e+00,1.574747204780578613e+00
1.275267004970000118e+00,1.495453000068664551e+00
1.210446000100000141e+00,1.448912501335144043e+00
8.153480291369999966e-01,1.364040017127990723e+00
7.271119952200000291e-01,1.062710165977478027e+00
6.043019890790000126e-01,1.012064695358276367e+00
9.830358624459999417e-01,8.894155025482177734e-01
1.101529002189999940e+00,1.128664970397949219e+00
1.183724999429999869e+00,1.140971660614013672e+00
4.356400072569999726e-01,1.187357306480407715e+00
3.270040154459999959e-01,6.623429656028747559e-01
8.039849996569999879e-01,6.649401187896728516e-01
4.216859936710000145e-01,9.743281602859497070e-01
5.734559893609999515e-01,6.246420741081237793e-01
3.959457874300000291e-01,7.666785717010498047e-01
4.163750112060000119e-01,6.028053760528564453e-01
5.603970289230000290e-01,6.235225200653076172e-01
7.749050259590000156e-01,7.041355371475219727e-01
6.370840072629999629e-01,8.312565088272094727e-01
3.839260041709999793e-01,7.173777222633361816e-01
5.648739933969999516e-01,5.699624419212341309e-01
1.054715037350000051e+00,7.266533374786376953e-01
6.537709832190000681e-01,1.044060111045837402e+00
5.931029915809999942e-01,7.216341495513916016e-01
1.022608995439999946e+00,7.488346099853515625e-01
8.359869718549999273e-01,1.059341788291931152e+00
6.375340223309999832e-01,8.864360451698303223e-01
9.755985140799999789e-01,7.892067432403564453e-01
4.898079931740000337e-01,1.052823781967163086e+00
1.098647952079999879e+00,6.723591089248657227e-01
1.151165962220000116e+00,1.160314321517944336e+00
8.061249852179999120e-01,1.122185707092285156e+00
4.744769930839999872e-01,8.987178206443786621e-01
7.896029949189999897e-01,7.181753516197204590e-01
4.762530028819999539e-01,9.647809863090515137e-01
5.455229878430000179e-01,6.879753470420837402e-01
6.212809681889999158e-01,7.612111568450927734e-01
7.707700133319999036e-01,7.851471304893493652e-01
9.337069988249999675e-01,8.676049709320068359e-01
8.110550045970000843e-01,9.644605517387390137e-01
6.005529761310000048e-01,8.704127669334411621e-01
1.002521038060000036e+00,7.516736984252929688e-01
8.921650052069998171e-01,1.062579631805419922e+00
9.160850048070000584e-01,9.433355927467346191e-01
7.413420081139999729e-01,9.911255836486816406e-01
9.283249974250000758e-01,8.750600814819335938e-01
6.429409980770000033e-01,1.030240535736083984e+00
9.950090050700001187e-01,8.057832121849060059e-01
6.271365880970000140e-01,1.085866808891296387e+00
1.038689017300000073e+00,7.801994681358337402e-01
6.888009905820000611e-01,1.114572644233703613e+00
5.214130282399999095e-01,8.161270022392272949e-01
6.510270237919999481e-01,7.434808015823364258e-01
1.159701943399999990e+00,8.382360935211181641e-01
6.456400156020000169e-01,1.165317773818969727e+00
1.195862650870000099e+00,7.506343722343444824e-01
1.304703950880000018e+00,1.213176369667053223e+00
8.844429850579998975e-01,1.231853961944580078e+00
7.697709798810000725e-01,9.567317962646484375e-01
7.702100276950000213e-01,9.461649656295776367e-01
6.418280005459999771e-01,9.531295299530029297e-01
8.937159776689999058e-01,8.506181240081787109e-01
5.247250199319999364e-01,1.027234911918640137e+00
5.142210125920000374e-01,7.244068384170532227e-01
7.172748446459999982e-01,7.470528483390808105e-01
6.410769820210000525e-01,8.666073083877563477e-01
4.689820110800000941e-01,7.744198441505432129e-01
1.203750014310000171e+00,6.583158969879150391e-01
7.911959886550000709e-01,1.188598036766052246e+00
1.136301159859999910e+00,8.186704516410827637e-01
8.642929792399999256e-01,1.140260100364685059e+00
8.814030289650001126e-01,9.248238801956176758e-01
5.817409753800000249e-01,9.897056818008422852e-01
8.651199936869999885e-01,7.817003726959228516e-01
9.078124761579999813e-01,1.010747551918029785e+00
7.377740144730000615e-01,9.956505894660949707e-01
1.120375037189999867e+00,8.727295398712158203e-01
9.422479867940000142e-01,1.162463068962097168e+00
1.060060024260000011e+00,9.926927685737609863e-01
7.158420085910000008e-01,1.113560914993286133e+00
4.040209949019999969e-01,8.650602698326110840e-01
2.920779883859999648e-01,6.876833438873291016e-01
6.317924261089999938e-01,6.204140186309814453e-01
1.124665260310000026e+00,8.350248932838439941e-01
1.115690946580000009e+00,1.115246176719665527e+00
1.247418999670000028e+00,1.057860970497131348e+00
6.976169943809999996e-01,1.184212565422058105e+00
3.693974971769999893e+00,8.118749856948852539e-01
8.204839825630000361e-01,3.037242650985717773e+00
8.573070168499999921e-01,7.115693092346191406e-01
6.902359724040000311e-01,1.181599497795104980e+00
8.385969996449998964e-01,1.032672524452209473e+00
1.287726998329999928e+00,1.118046522140502930e+00
9.632229804989999034e-01,1.376772522926330566e+00
1.343299984930000024e+00,1.072844624519348145e+00
7.316169738770000874e-01,1.375048518180847168e+00
6.809219717980000697e-01,8.873822689056396484e-01
7.014784216880000089e-01,9.251231551170349121e-01
6.698030233380000142e-01,9.122033119201660156e-01
1.365643024439999964e+00,8.673675060272216797e-01
9.781420230869999344e-01,1.345045208930969238e+00
6.786789894100000442e-01,9.917439818382263184e-01
5.976330041890000055e-01,8.512494564056396484e-01
8.193774819369999962e-01,8.220227360725402832e-01
7.911109924320000042e-01,9.698738455772399902e-01
1.044147372249999872e+00,9.106702208518981934e-01
1.400015950200000026e+00,1.091995000839233398e+00
8.748620152470000244e-01,1.319349288940429688e+00
6.228179931639999944e-01,9.331308603286743164e-01
7.164059877399998610e-01,8.404151201248168945e-01
6.523500084880000660e-01,9.230459332466125488e-01
9.379299879070001067e-01,8.483453392982482910e-01
5.936999917030000296e-01,1.043036818504333496e+00
5.393440127369999448e-01,7.586390972137451172e-01
9.370089769359999377e-01,7.551930546760559082e-01
8.087720274930000341e-01,1.021726250648498535e+00
5.654280185700000239e-01,8.785845041275024414e-01
6.020820140839999723e-01,7.325040698051452637e-01
1.146679997439999932e+00,7.839056253433227539e-01
9.824249744419999431e-01,1.153892397880554199e+00
5.671510100359999917e-01,9.821072816848754883e-01
7.866399884220000027e-01,7.364699244499206543e-01
7.388439774510000557e-01,9.412046074867248535e-01
6.810299754140000106e-01,8.717088103294372559e-01
7.086979746820000203e-01,8.362695574760437012e-01
6.642330288889999323e-01,8.563782572746276855e-01
5.124790072439999733e-01,8.146410584449768066e-01
6.040380001070000393e-01,7.067541480064392090e-01
6.728799939159999521e-01,7.778745889663696289e-01
8.265414834020000656e-01,8.019957542419433594e-01
4.546860158440000355e-01,8.984178900718688965e-01
5.594509840010000179e-01,6.247041225433349609e-01
1.332218050960000122e-01,7.421443462371826172e-01
1.633069962260000063e-01,4.175557792186737061e-01
1.797860413789999778e-01,4.690955579280853271e-01
5.747918486599999932e-01,4.440599381923675537e-01
8.508148789409999413e-01,6.942756175994873047e-01
8.527640104289999634e-01,8.348479866981506348e-01
1.687628030779999788e+00,8.251848220825195312e-01
2.149522066120000297e+00,1.450040459632873535e+00
8.122850060459999577e-01,1.734981775283813477e+00
1.239639997479999867e+00,8.400779366493225098e-01
2.128437280650000041e+00,1.356920361518859863e+00
2.139239072800000141e+00,1.943782687187194824e+00
9.779880046840000452e-01,1.887969374656677246e+00
6.937779784199998856e-01,1.136402606964111328e+00
7.218790054320000094e-01,1.083869695663452148e+00
7.631160020829999002e-01,1.084154486656188965e+00
8.565329909319999713e-01,1.049898505210876465e+00
1.109338045120000116e+00,1.061510562896728516e+00
6.476340293879999654e-01,1.190892696380615234e+00
9.241870045659998922e-01,8.200399279594421387e-01
7.877320051189998784e-01,1.057791471481323242e+00
1.305567026139999864e+00,9.101297259330749512e-01
9.107710123059999940e-01,1.290519833564758301e+00
8.699640035629999657e-01,9.623050093650817871e-01
5.743020176890000217e-01,1.001745700836181641e+00
8.599532246590000373e-01,7.959877848625183105e-01
4.775849878790000003e-01,1.018596887588500977e+00
1.108017444610000179e+00,6.990397572517395020e-01
1.290724992749999966e+00,1.174861550331115723e+00
8.591579794879999898e-01,1.220467686653137207e+00
3.058980107309999807e-01,9.221109151840209961e-01
9.039019942279999942e-01,6.019725799560546875e-01
6.352750062940000220e-01,1.067640304565429688e+00
1.023422956470000145e+00,7.855697274208068848e-01
6.730669736859999919e-01,1.090413451194763184e+00
8.504790067669999454e-01,7.961694002151489258e-01
5.141969919200000128e-01,9.667418003082275391e-01
1.527956604959999964e+00,7.040055990219116211e-01
4.094385623930000051e+00,1.454774618148803711e+00
9.952359795569999390e-01,3.180363416671752930e+00
8.670449852940000923e-01,8.105859160423278809e-01
1.141056060789999993e+00,1.208301663398742676e+00
1.622257947919999888e+00,1.394848942756652832e+00
1.980204939840000566e+00,1.676078319549560547e+00
1.375547051430000112e+00,1.868328809738159180e+00
1.851865053180000054e+00,1.419791817665100098e+00
1.420923948290000016e+00,1.841606378555297852e+00
1.589177966120000285e+00,1.471560120582580566e+00
1.673199415210000041e+00,1.654344797134399414e+00
2.123934030530000072e+00,1.687173008918762207e+00
1.648401975629999905e+00,2.007300853729248047e+00
1.204741954800000014e+00,1.637728810310363770e+00
7.920839786529999538e-01,1.402552962303161621e+00
1.227027416229999890e+00,1.143982410430908203e+00
1.226951003070000157e+00,1.449977636337280273e+00
1.131343960759999989e+00,1.350408077239990234e+00
1.252465009690000075e+00,1.262558341026306152e+00
1.116891980170000132e+00,1.340644955635070801e+00
1.122387051579999850e+00,1.215871095657348633e+00
1.040153026579999862e+00,1.230155348777770996e+00
8.091310262680000420e-01,1.162868499755859375e+00
7.681059837340000751e-01,1.003169178962707520e+00
7.982919812199998910e-01,9.852617383003234863e-01
7.666722536090000428e-01,9.867770671844482422e-01
1.057360053060000027e+00,9.383572340011596680e-01
8.607699871060000563e-01,1.129847645759582520e+00
1.070777058600000053e+00,9.512298703193664551e-01
5.301510095600000527e-01,1.127501130104064941e+00
6.604189872739999467e-01,7.246305346488952637e-01
9.909179806709998983e-01,8.760469555854797363e-01
3.561530113220000016e-01,1.072142004966735840e+00
9.618239998820000691e-01,5.831049084663391113e-01
1.244829058649999931e+00,1.077154994010925293e+00
8.381230235100001202e-01,1.188914060592651367e+00
9.245989918709998090e-01,8.935257196426391602e-01
8.131660223010001021e-01,1.022794127464294434e+00
1.003061056139999963e+00,9.374979734420776367e-01
8.752340078350000496e-01,1.087531805038452148e+00
7.991399765009998823e-01,9.778921008110046387e-01
8.812961578369999938e-01,9.451389312744140625e-01
1.063080191609999892e+00,1.005934238433837891e+00
9.057049751279999672e-01,1.119878172874450684e+00
6.909559965129999926e-01,9.915378689765930176e-01
1.355970025060000195e+00,8.648962378501892090e-01
7.572399973869999856e-01,1.354144692420959473e+00
2.043754577640000125e+00,8.567126393318176270e-01
8.576130270960000690e-01,1.857311725616455078e+00
2.364957094190000220e+00,8.882984519004821777e-01
4.179231166840000178e+00,2.144828796386718750e+00
2.233561992649999883e+00,3.288450002670288086e+00
8.013390302660000630e-01,1.843443989753723145e+00
8.372840285299999463e-01,1.206755042076110840e+00
8.851529955859999133e-01,1.380710721015930176e+00
9.040349721909999303e-01,1.327875256538391113e+00
1.302939534190000082e+00,1.252969384193420410e+00
7.228699922560000157e-01,1.460867881774902344e+00
8.009120225910000279e-01,9.503034949302673340e-01
1.032919287679999965e+00,1.037508368492126465e+00
1.321628212929999879e+00,1.143710851669311523e+00
9.367759823799999275e-01,1.299770236015319824e+00
7.007700204850000336e-01,1.006591796875000000e+00
7.624319791789999634e-01,9.010306000709533691e-01
1.144938945770000105e+00,9.602678418159484863e-01
7.721610069269999599e-01,1.204031705856323242e+00
8.772150278090000697e-01,8.941688537597656250e-01
1.243505001070000171e+00,1.015184044837951660e+00
6.381840109830000385e-01,1.252339363098144531e+00
7.468199729919999807e-01,7.899584770202636719e-01
6.839929819109999976e-01,9.424672126770019531e-01
1.419505119320000119e+00,8.657196760177612305e-01
6.141470074649999500e-01,1.381506800651550293e+00
7.347676754000000976e-01,7.343734502792358398e-01
6.770560145379999062e-01,9.296489953994750977e-01
1.074026942249999950e+00,8.552559614181518555e-01
6.156389713290000287e-01,1.131178617477416992e+00
9.692379832269999440e-01,7.613573670387268066e-01
9.916120171550001361e-01,1.067488670349121094e+00
8.089560270310000023e-01,1.036315798759460449e+00
2.435143947599999859e+00,9.164062142372131348e-01
8.223479986189999869e-01,2.101259231567382812e+00
5.938220024110000272e-01,8.093156218528747559e-01
5.762249827380000466e-01,8.991537690162658691e-01
4.224239885809999429e-01,8.874512314796447754e-01
6.765879988670000511e-01,7.451358437538146973e-01
5.520349740979999531e-01,9.022434949874877930e-01
9.015229940410001142e-01,7.500570416450500488e-01
7.489960193629999763e-01,9.900263547897338867e-01
8.627583980560000754e-01,8.283113241195678711e-01
9.480749964710000199e-01,9.353556036949157715e-01
1.055613875389999956e+00,9.848023056983947754e-01
1.970020055770000278e+00,1.068244099617004395e+00
9.391199946399999554e-01,1.727449417114257812e+00
1.009042978289999892e+00,9.400247335433959961e-01
7.824029922490001177e-01,1.160219430923461914e+00
1.016265034679999957e+00,9.874369502067565918e-01
8.782749772069999850e-01,1.169180631637573242e+00
7.353619933130000064e-01,1.028151750564575195e+00
1.109990954399999952e+00,9.340789914131164551e-01
7.727199792860000027e-01,1.195792436599731445e+00
1.164981961250000086e+00,9.008788466453552246e-01
7.157210111620000426e-01,1.218452095985412598e+00
1.475479006770000101e+00,8.508123755455017090e-01
8.354520201680000202e-01,1.447394847869873047e+00
7.344660162930000125e-01,9.116886258125305176e-01
7.861927747729999805e-01,9.371496438980102539e-01
1.143465042110000107e+00,9.705474376678466797e-01
9.246990084650000830e-01,1.200781822204589844e+00
2.958764553069999970e+00,1.003773808479309082e+00
2.138324022289999959e+00,2.486961364746093750e+00
2.038712024690000124e+00,1.712792038917541504e+00
1.480209946629999829e+00,1.871559023857116699e+00
9.367650747299998137e-01,1.550021648406982422e+00
1.715939760209999942e+00,1.256833553314208984e+00
1.001402020450000041e+00,1.848537087440490723e+00
8.896229863169999863e-01,1.216408252716064453e+00
7.492939829829999843e-01,1.202639818191528320e+00
1.115183949470000213e+00,1.056667447090148926e+00
9.457820057870001129e-01,1.277342200279235840e+00
6.452180147170000213e-01,1.073196411132812500e+00
1.164842009540000056e+00,8.675161004066467285e-01
1.244351029399999975e+00,1.245629906654357910e+00
9.045109748840000075e-01,1.225256800651550293e+00
5.575259923929999362e-01,9.959064722061157227e-01
5.778343677520000332e-01,7.987562417984008789e-01
7.199835777280000348e-01,8.367065787315368652e-01
7.607790231700000128e-01,9.052362442016601562e-01
5.404400229450000426e-01,8.977768421173095703e-01
8.009672760959999360e-01,7.278512120246887207e-01
7.710149884220000027e-01,9.248376488685607910e-01
6.709719896319999988e-01,8.631237745285034180e-01
2.768970489500000021e+00,7.998842597007751465e-01
3.086133003230000060e+00,2.305626630783081055e+00
1.116358041760000086e+00,2.335114717483520508e+00
1.018260955809999979e+00,1.079110383987426758e+00
7.442610263819999794e-01,1.318097829818725586e+00
1.114386796949999869e+00,1.117333292961120605e+00
1.380516409870000238e+00,1.370929598808288574e+00
1.229098439219999950e+00,1.471188783645629883e+00
1.573238968849999919e+00,1.313053846359252930e+00
1.245597958560000107e+00,1.562374472618103027e+00
8.298619985580000247e-01,1.285534501075744629e+00
5.376980304720000436e-01,1.039998054504394531e+00
8.593800067899999284e-01,8.646124005317687988e-01
7.949647903440000274e-01,1.089022994041442871e+00
8.122889995569999577e-01,9.685999751091003418e-01
1.209460973739999945e+00,9.695982933044433594e-01
1.043611049649999956e+00,1.229723691940307617e+00
9.914460182190000248e-01,1.064623355865478516e+00
1.377645969390000058e+00,1.065057396888732910e+00
7.495359778399999229e-01,1.351989865303039551e+00
7.549669742579999676e-01,8.808106780052185059e-01
8.522210121150000095e-01,9.702026844024658203e-01
1.312628030780000010e+00,1.019997119903564453e+00
9.499999880790001017e-01,1.319463729858398438e+00
8.433979749680000637e-01,1.013211011886596680e+00
6.329939961430000039e-01,9.946990609169006348e-01
6.848490238189999246e-01,8.499379158020019531e-01
8.296039700509999504e-01,8.935028314590454102e-01
1.117776036259999994e+00,9.684251546859741211e-01
1.060515046120000138e+00,1.142881751060485840e+00
9.966710209849999336e-01,1.075635313987731934e+00
6.726049780850000825e-01,1.055088281631469727e+00
8.499810099600000335e-01,8.454056978225708008e-01
7.929700016980000266e-01,1.004916071891784668e+00
7.509549856190000927e-01,9.329960346221923828e-01
9.556260704989999466e-01,9.060195088386535645e-01
6.085839867589999397e-01,1.047432065010070801e+00
7.782499790189999489e-01,7.749950885772705078e-01
5.098140239720000411e-01,9.314098358154296875e-01
6.364319920540000286e-01,7.085735797882080078e-01
6.015599966049999248e-01,8.187336921691894531e-01
6.556333899499999784e-01,7.627491354942321777e-01
6.385549902920000243e-01,7.971251606941223145e-01
8.762890100480000832e-01,7.722350955009460449e-01
7.967479825020000739e-01,9.394287467002868652e-01
6.824830174449999509e-01,8.614880442619323730e-01
8.025500178340000401e-01,8.036265969276428223e-01
7.950311899190000142e-01,9.077428579330444336e-01
1.584897041320000088e+00,8.909553885459899902e-01
1.017485976220000143e+00,1.459460258483886719e+00
9.177780151369999695e-01,9.935414195060729980e-01
1.230221033100000083e+00,1.032670617103576660e+00
1.027899026870000121e+00,1.271442174911499023e+00
9.125559926030000213e-01,1.100630402565002441e+00
7.935979962350000472e-01,1.056228995323181152e+00
1.030437946320000187e+00,9.813657402992248535e-01
5.325379967690000438e-01,1.148865103721618652e+00
6.127780079839999505e-01,7.572888731956481934e-01
8.741289973260000234e-01,8.579564094543457031e-01
3.667230010029999820e-01,9.998646974563598633e-01
7.391750216480000857e-01,5.979802608489990234e-01
5.604230165479999748e-01,9.062971472740173340e-01
7.758178114889999755e-01,7.141722440719604492e-01
8.102909922600001202e-01,8.827683329582214355e-01
6.437510252000000488e-01,8.779925704002380371e-01
7.236457467079999706e-01,7.664690613746643066e-01
9.113870263100001257e-01,8.468698263168334961e-01
6.627830266949999993e-01,9.706509709358215332e-01
1.002035975460000117e+00,7.832757830619812012e-01
8.224419951440000709e-01,1.059346199035644531e+00
1.030576944350000135e+00,8.992464542388916016e-01
6.781139969830000114e-01,1.081035017967224121e+00
5.333459973340000104e-01,8.173417448997497559e-01
3.209959864620000047e-01,7.614862918853759766e-01
7.608630061149999069e-01,6.118152141571044922e-01
7.439860105509998878e-01,9.191775918006896973e-01
5.468400120740000148e-01,8.355944156646728516e-01
7.004669904709999173e-01,7.008674740791320801e-01
8.356525897980000561e-01,8.292704820632934570e-01
1.274258971210000091e+00,9.004703760147094727e-01
8.934450149539999719e-01,1.204077839851379395e+00
6.211659908290000365e-01,9.111347794532775879e-01
7.900159955019999680e-01,7.958500385284423828e-01
1.067494988440000014e+00,9.472576379776000977e-01
6.698009967800000464e-01,1.116371035575866699e+00
1.265694975850000015e+00,8.101717233657836914e-01
6.380620002750000408e-01,1.282811999320983887e+00
9.348030090330000652e-01,7.725718617439270020e-01
8.006410002709999363e-01,1.065404534339904785e+00
1.085708975790000030e+00,9.252681136131286621e-01
3.527039885520000251e-01,1.142740726470947266e+00
5.883709788319999578e-01,5.954351425170898438e-01
4.875420033929999120e-01,8.384079337120056152e-01
4.636880159380000199e-01,7.079450488090515137e-01
3.637039959430000136e-01,6.819072961807250977e-01
8.750243186949999696e-01,5.942228436470031738e-01
6.435279846190000708e-01,9.441834092140197754e-01
4.834130108360000233e-01,7.171296477317810059e-01
2.120890021319999930e-01,6.452157497406005859e-01
4.560469985010000560e-01,4.718159437179565430e-01
4.367910027499999903e-01,6.582168340682983398e-01
7.238804101939999569e-01,6.006401181221008301e-01
5.560690164570000205e-01,8.008874058723449707e-01
4.748429954049999679e-01,6.534533500671386719e-01
2.674640119080000100e-01,6.270949840545654297e-01
9.588437080380001198e-01,4.917352199554443359e-01
7.868980169300000549e-01,9.941521883010864258e-01
1.794360995290000149e+00,7.963446378707885742e-01
1.337677955630000026e+00,1.561569452285766602e+00
1.210453987120000185e+00,1.167028665542602539e+00
5.654799938200000264e-01,1.204664945602416992e+00
4.008429944520000565e-01,7.990836501121520996e-01
2.727654874320000200e-01,7.564503550529479980e-01
5.836449861529999783e-01,6.482089757919311523e-01
8.533802628519999711e-01,8.337741494178771973e-01
8.660610318179999823e-01,9.486007094383239746e-01
1.158349990839999899e+00,9.124523997306823730e-01
7.764859795569999390e-01,1.124407529830932617e+00
1.068807005880000105e+00,8.374936580657958984e-01
5.888479948040000744e-01,1.111101388931274414e+00
1.588868498799999918e+00,7.500002980232238770e-01
4.327859878540000205e-01,1.523610830307006836e+00
3.996030092239999942e-01,6.023391485214233398e-01
5.545349717140000134e-01,7.298365831375122070e-01
6.221979856490000849e-01,8.045027852058410645e-01
1.149551987649999996e+00,8.019665479660034180e-01
1.121260046960000034e+00,1.149782299995422363e+00
9.776459932329999436e-01,1.071298241615295410e+00
1.732741951940000025e+00,1.004947423934936523e+00
2.302707910540000125e+00,1.577587485313415527e+00
1.053477048870000043e+00,1.931657552719116211e+00
7.962800264360000435e-01,1.065941452980041504e+00
5.203329920770000117e-01,1.083101868629455566e+00
6.104800105090000262e-01,8.974469304084777832e-01
4.453057944770000276e-01,9.480100274085998535e-01
6.522138714790000069e-01,7.684237360954284668e-01
1.175541162490000069e+00,8.846648335456848145e-01
1.032202124599999937e+00,1.187430858612060547e+00
7.193930149079998948e-01,1.017886281013488770e+00
8.200139999390000378e-01,8.353649973869323730e-01
9.497330188750000568e-01,9.469554424285888672e-01
1.039114952089999822e+00,1.026182413101196289e+00
5.883830189700000046e-01,1.082224607467651367e+00
9.508559703829998488e-01,7.678533792495727539e-01
5.277600288389999728e-01,1.075689911842346191e+00
7.736063003540000205e-01,7.235124111175537109e-01
9.703559875489998765e-01,9.399540424346923828e-01
1.383889913560000018e+00,1.032050490379333496e+00
7.795230150220000542e-01,1.304997920989990234e+00
6.069999933240000090e-01,8.553878068923950195e-01
4.660570025440000097e-01,8.257393240928649902e-01
9.455270171170000459e-01,7.328593730926513672e-01
6.238729953770000280e-01,1.063276529312133789e+00
3.923240005969999555e-01,7.679151892662048340e-01
5.156549811360000568e-01,6.413072347640991211e-01
9.679385423660000765e-01,7.338464856147766113e-01
1.356565952299999989e+00,1.014172673225402832e+00
9.072690010070000310e-01,1.236858963966369629e+00
8.162760138510000152e-01,9.089136123657226562e-01
2.479866981509999846e+00,9.331278800964355469e-01
1.133080005649999888e+00,2.135129690170288086e+00
1.045583963389999926e+00,1.033167243003845215e+00
8.474370241169999485e-01,1.206264257431030273e+00
1.536522984499999911e+00,1.075533866882324219e+00
9.008989930149998715e-01,1.571881651878356934e+00
4.812009930610000596e-01,1.034114956855773926e+00
8.572540283199999722e-01,8.158211708068847656e-01
8.617479801180000232e-01,1.088896393775939941e+00
1.008694052699999899e+00,1.004521727561950684e+00
1.127727031710000105e+00,1.094233751296997070e+00
7.795569896699999779e-01,1.151632428169250488e+00
9.895502924920001053e-01,9.014322757720947266e-01
8.363329768179998958e-01,1.094240903854370117e+00
9.099559783939998869e-01,9.577201008796691895e-01
5.511059761050000061e-01,1.028740644454956055e+00
1.239764332770000088e+00,7.634701728820800781e-01
1.211838960649999963e+00,1.282042026519775391e+00
1.379981994630000042e+00,1.174379706382751465e+00
1.148460984229999982e+00,1.324693918228149414e+00
7.663900256160000035e-01,1.168329000473022461e+00
9.660840034479999394e-01,9.488595128059387207e-01
8.156750202179999798e-01,1.132267713546752930e+00
1.142272949220000111e+00,9.868729114532470703e-01
1.299479961400000105e+00,1.225810647010803223e+00
8.583310246469999516e-01,1.290179967880249023e+00
7.149469852449999996e-01,9.743734598159790039e-01
8.764400482179999230e-01,9.288049936294555664e-01
8.305460214609999836e-01,1.040460348129272461e+00
8.535240292550000385e-01,9.723057150840759277e-01
9.092410206789999227e-01,9.860153794288635254e-01
5.202720165249999917e-01,1.015293717384338379e+00
7.411040067669999454e-01,7.301184535026550293e-01
5.853319764140000325e-01,9.194688200950622559e-01
5.047770142559999673e-01,7.637277245521545410e-01
5.519493222240000607e-01,7.143451571464538574e-01
9.697520136830000137e-01,7.400256395339965820e-01
1.116515994070000017e+00,1.014231681823730469e+00
1.049844980239999837e+00,1.071342229843139648e+00
6.342629790310000404e-01,1.035019516944885254e+00
5.644329786300000817e-01,7.789414525032043457e-01
9.184709787370000100e-01,7.860074043273925781e-01
9.593539834020000656e-01,1.031587004661560059e+00
5.984159708020000412e-01,1.013106584548950195e+00
9.383450150489999197e-01,7.647600769996643066e-01
4.542250037189999867e-01,1.045151472091674805e+00
7.079470157619999204e-01,6.561787724494934082e-01
3.876500129699999575e-01,8.853877782821655273e-01
4.484339952470000057e-01,6.115354299545288086e-01
8.405709862710000202e-01,6.779520511627197266e-01
5.337110161779999862e-01,9.250778555870056152e-01
7.211350202559999589e-01,6.588674187660217285e-01
5.215386152269999576e-01,8.327976465225219727e-01
7.050759792330000275e-01,6.676698327064514160e-01
6.405649781229999506e-01,8.238445520401000977e-01
5.168589949609999623e-01,7.553619146347045898e-01
1.660409450529999997e+00,6.824398040771484375e-01
2.465307950970000217e+00,1.504803538322448730e+00
1.622156023979999917e+00,1.967064738273620605e+00
1.866270065310000170e+00,1.379945397377014160e+00
3.623536109919999415e+00,1.750267744064331055e+00
7.948709726329999947e-01,3.031823396682739258e+00
9.065989851950000400e-01,9.198330640792846680e-01
8.571879863740000660e-01,1.383960604667663574e+00
7.756379842759999477e-01,1.269491553306579590e+00
7.006700038909999817e-01,1.147879719734191895e+00
6.443409919740000769e-01,1.034560322761535645e+00
7.579550147059999077e-01,9.360474348068237305e-01
5.499600172040000068e-01,9.634428024291992188e-01
4.964669942859999408e-01,7.612960338592529297e-01
1.367677569390000070e+00,7.228146791458129883e-01
1.397894024850000250e+00,1.313751697540283203e+00
8.148130178450000427e-01,1.241632938385009766e+00
1.278898954390000009e+00,8.793599605560302734e-01
8.623980283740000363e-01,1.302700638771057129e+00
1.093865990639999897e+00,9.647505283355712891e-01
8.134710192680000285e-01,1.193309545516967773e+00
1.466687083240000078e+00,9.671824574470520020e-01
9.060310125349999577e-01,1.461039662361145020e+00
7.652140259739999006e-01,9.897353053092956543e-01
1.311033964160000176e+00,9.712259769439697266e-01
7.892500162119999718e-01,1.355347037315368652e+00
1.474902033810000068e+00,9.167598485946655273e-01
9.167850017550001063e-01,1.471016526222229004e+00
1.186140060420000086e+00,9.953991770744323730e-01
1.411391973500000008e+00,1.269156098365783691e+00
2.092472076419999993e+00,1.392291903495788574e+00
7.189220190049999681e-01,1.867638230323791504e+00
1.301861047739999888e+00,8.609567880630493164e-01
1.268974781040000055e+00,1.457262754440307617e+00
1.221997022629999874e+00,1.341857075691223145e+00
9.061110019680000960e-01,1.315553545951843262e+00
1.078873991970000112e+00,1.096050620079040527e+00
1.028025031089999874e+00,1.238097667694091797e+00
7.863690257070000689e-01,1.159037232398986816e+00
1.276852965350000035e+00,9.811811447143554688e-01
7.093420028689999546e-01,1.338464975357055664e+00
5.201929807659999572e-01,8.672574758529663086e-01
5.645610094070000473e-01,8.000760078430175781e-01
9.855200052259999177e-01,8.206012248992919922e-01
1.092841982840000004e+00,1.079823136329650879e+00
4.786899983879999709e-01,1.094053626060485840e+00
3.955059945579999514e-01,6.634857654571533203e-01
1.850703001020000071e+00,6.747577786445617676e-01
1.195796012879999815e+00,1.686861038208007812e+00
1.702510833739999896e+00,1.065798163414001465e+00
2.998351097109999586e+00,1.567813396453857422e+00
2.407080888749999925e+00,2.471695661544799805e+00
2.585943937299999718e+00,1.994171857833862305e+00
2.233839035029999920e+00,2.322018861770629883e+00
1.655773043629999997e+00,2.129949569702148438e+00
1.430611014370000156e+00,1.818153977394104004e+00
8.921740055079999676e-01,1.725882887840270996e+00
1.231696963309999893e+00,1.326874017715454102e+00
8.955079913140001624e-01,1.556488513946533203e+00
1.602033019070000064e+00,1.195869684219360352e+00
1.585399031639999956e+00,1.676429152488708496e+00
1.232059955600000034e+00,1.535663366317749023e+00
1.210371017459999976e+00,1.298516273498535156e+00
1.242141008379999967e+00,1.326904892921447754e+00
9.857040047650000858e-01,1.342322230339050293e+00
7.289689779279999726e-01,1.152904033660888672e+00
6.761519908910000876e-01,9.899535179138183594e-01
1.071573019029999907e+00,9.531699419021606445e-01
9.457439780239998983e-01,1.198133349418640137e+00
4.376370012759999706e-01,1.039396882057189941e+00
5.141820311550000522e-01,6.923854947090148926e-01
3.387190103530000052e-01,7.827069163322448730e-01
7.144280076029999593e-01,6.143319606781005859e-01
4.996199905870000180e-01,8.700836896896362305e-01
7.917379736899999854e-01,6.543525457382202148e-01
8.646243214609999894e-01,8.814335465431213379e-01
6.024960279459999901e-01,8.961718082427978516e-01
1.260069966320000123e+00,7.189903855323791504e-01
1.012339949610000067e+00,1.224475622177124023e+00
1.004528999329999950e+00,9.892587065696716309e-01
6.310235261919999727e-01,1.051856756210327148e+00
1.141221046449999887e+00,8.073304891586303711e-01
5.426099896430000014e-01,1.214115142822265625e+00
8.547459840769999762e-01,7.287036776542663574e-01
7.744219899179999311e-01,1.019623637199401855e+00
3.084340095520000102e-01,9.077322483062744141e-01
8.376209735870000506e-01,5.834746360778808594e-01
7.293469905850000767e-01,9.902582764625549316e-01
7.503905892370000830e-01,8.276711702346801758e-01
1.134822010990000019e+00,8.596562743186950684e-01
1.614240050320000064e+00,1.128345847129821777e+00
1.244793057440000128e+00,1.438430428504943848e+00
7.141630053519999466e-01,1.166348457336425781e+00
7.293040156360000026e-01,8.855778574943542480e-01
6.486989855770000091e-01,9.648720026016235352e-01
3.427990078929999962e-01,8.861770033836364746e-01
3.861860036850000011e-01,6.589008569717407227e-01
6.366299986840000535e-01,6.894477605819702148e-01
3.990480005740000280e-01,8.177997469902038574e-01
4.178859889509999870e-01,5.951644182205200195e-01
1.103790521619999909e+00,6.210796236991882324e-01
6.956189870829999622e-01,1.083191394805908203e+00
8.070139884950000564e-01,7.238339185714721680e-01
5.947690010070000310e-01,8.811033964157104492e-01
1.107607960700000005e+00,7.300778627395629883e-01
9.713580012320000012e-01,1.125683426856994629e+00
7.170349955560000321e-01,9.817963838577270508e-01
6.764810085300000386e-01,8.465303778648376465e-01
1.687772989270000190e+00,8.543270826339721680e-01
9.907569885250000485e-01,1.567823529243469238e+00
8.082039952280000161e-01,9.757901430130004883e-01
1.087718963619999979e+00,9.697656631469726562e-01
1.564818024639999861e+00,1.186479806900024414e+00
6.673809885979999912e-01,1.488243937492370605e+00
1.256489992140000123e+00,8.223723769187927246e-01
1.091886043549999963e+00,1.354853034019470215e+00
7.375509738919999725e-01,1.154927730560302734e+00
6.224380135540000802e-01,9.336808919906616211e-01
8.364729881290000613e-01,8.829687833786010742e-01
5.774260163309999916e-01,1.016009688377380371e+00
1.015761017800000054e+00,7.848508358001708984e-01
1.106158971790000001e+00,1.107279658317565918e+00
6.945540308949998964e-01,1.107421040534973145e+00
1.130903959270000092e+00,8.203055262565612793e-01
9.518219828609999489e-01,1.184357762336730957e+00
7.524570226669999862e-01,1.007080078125000000e+00
5.585229992869999993e-01,9.040114879608154297e-01
1.415836334229999771e+00,7.893121242523193359e-01
1.855298042299999839e+00,1.402605772018432617e+00
7.845479845999999702e-01,1.613119602203369141e+00
8.210539817810000862e-01,8.616998791694641113e-01
5.835890173909999978e-01,1.043086767196655273e+00
8.359720110889999889e-01,8.507495522499084473e-01
2.184663057329999880e+00,1.033734440803527832e+00
6.805480122570000123e-01,1.936199903488159180e+00
1.238904953000000031e+00,7.412489056587219238e-01
1.030328035349999949e+00,1.351821184158325195e+00
7.914109826090000022e-01,1.121979832649230957e+00
8.423720002169999832e-01,9.852448105812072754e-01
4.464710056780000769e-01,1.036175251007080078e+00
5.589337944979999584e-01,7.315495610237121582e-01
7.099329829220000221e-01,8.284049034118652344e-01
7.334340214730000751e-01,8.817687630653381348e-01
7.833399772640000647e-01,8.601229786872863770e-01
8.426809906959999985e-01,8.808183073997497559e-01
1.099761009220000085e+00,9.174969792366027832e-01
8.706315755840000614e-01,1.097804427146911621e+00
5.862460136410000411e-01,9.235030412673950195e-01
8.863990306849999223e-01,7.706146240234375000e-01
1.019399046900000050e+00,1.013124465942382812e+00
8.493610024450000129e-01,1.065898418426513672e+00
1.010666966439999870e+00,9.411783814430236816e-01
1.331516027449999973e+00,1.083393692970275879e+00
1.215008974079999859e+00,1.295360803604125977e+00
1.645591020579999952e+00,1.195753812789916992e+00
9.708780050280000351e-01,1.544297933578491211e+00
1.411272048950000135e+00,1.047755002975463867e+00
7.953929901119999313e-01,1.463065862655639648e+00
1.046331048010000098e+00,9.770288467407226562e-01
8.879339694979999642e-01,1.225599408149719238e+00
8.349300026890000836e-01,1.059923052787780762e+00
9.847199916839999290e-01,1.026015639305114746e+00
1.090394020079999970e+00,1.115734577178955078e+00
4.901649951929999416e-01,1.155796408653259277e+00
6.141669750209999279e-01,7.195844650268554688e-01
6.314740180969999894e-01,8.620858788490295410e-01
8.252440094949999860e-01,8.289045691490173340e-01
1.051450967789999913e+00,9.430153965950012207e-01
1.047114968300000060e+00,1.072231888771057129e+00
3.921430110930000379e-01,1.052082538604736328e+00
4.695149958129999912e-01,6.108344793319702148e-01
7.720900177959999500e-01,7.378081083297729492e-01
7.520099878309999264e-01,9.144390821456909180e-01
6.877393722529999698e-01,8.526455760002136230e-01
6.718119978899999012e-01,8.136126995086669922e-01
1.185933232310000029e+00,8.089025020599365234e-01
6.571980118750000432e-01,1.170911312103271484e+00
8.213180303569999063e-01,7.501404285430908203e-01
7.795739769939998842e-01,9.468127489089965820e-01
1.030122995379999962e+00,8.954945802688598633e-01
6.211889982220000217e-01,1.082197070121765137e+00
8.660820126530001106e-01,7.723056077957153320e-01
9.608931541439998947e-01,9.964141845703125000e-01
6.760399937630000577e-01,1.026475310325622559e+00
7.402380108830000083e-01,8.208636045455932617e-01
5.984709858890000511e-01,9.009891152381896973e-01
6.151059865950000427e-01,7.818722128868103027e-01
9.358735680580000382e-01,8.008918762207031250e-01
5.818247795100000008e-01,1.010866403579711914e+00
7.156659960750000327e-01,7.226319909095764160e-01
6.529520154000000298e-01,8.607834577560424805e-01
9.700022935870000751e-01,7.930557727813720703e-01
7.834500074390000623e-01,1.022448539733886719e+00
7.448130249979999506e-01,8.588753342628479004e-01
8.276180028919999376e-01,8.678454160690307617e-01
8.943400979040000420e-01,9.328650236129760742e-01
2.505017042159999985e+00,9.726024270057678223e-01
1.620712041850000062e+00,2.118470430374145508e+00
1.417585968970000110e+00,1.353825569152832031e+00
1.049872040749999957e+00,1.415680766105651855e+00
1.226507544519999993e+00,1.211883664131164551e+00
1.043179035189999881e+00,1.384725809097290039e+00
9.694439768789999690e-01,1.221397042274475098e+00
8.192250132559999454e-01,1.176543831825256348e+00
8.129550218580000598e-01,1.051964044570922852e+00
6.712080240250000163e-01,1.030778169631958008e+00
5.289899706839999993e-01,8.989082574844360352e-01
3.461930155749999849e-01,7.827003598213195801e-01
4.789490103719999947e-01,6.385625600814819336e-01
1.153810977940000093e+00,7.171184420585632324e-01
9.671270251270001062e-01,1.147322297096252441e+00
7.845839858059999727e-01,9.377466440200805664e-01
4.701859951020000428e-01,8.623576164245605469e-01
5.632782578470000301e-01,6.753233075141906738e-01
2.416239976880000528e-01,7.725498080253601074e-01
2.709859907630000064e-01,5.196382999420166016e-01
1.994680017229999991e-01,5.572614669799804688e-01
1.327169984580000017e-01,4.721071422100067139e-01
4.732620120049999546e-01,4.054071903228759766e-01
6.585559844969999244e-01,6.256608963012695312e-01
9.621880054470001165e-01,7.009682059288024902e-01
5.111979842189999790e-01,9.064131379127502441e-01
9.829789996150001263e-01,5.842466950416564941e-01
9.100099802019999684e-01,9.986154437065124512e-01
1.026576042179999870e+00,9.105821847915649414e-01
8.309389948840000262e-01,1.036277770996093750e+00
9.651920199390001676e-01,9.112966656684875488e-01
1.000543951989999902e+00,1.047367334365844727e+00
1.983185052870000131e+00,1.065018653869628906e+00
1.274855017659999978e+00,1.769526720046997070e+00
1.286525964740000028e+00,1.190273880958557129e+00
1.382244944570000245e+00,1.337958216667175293e+00
1.736924052240000016e+00,1.418752908706665039e+00
1.257668018339999971e+00,1.672325491905212402e+00
7.533379793170000838e-01,1.315032005310058594e+00
1.084908962249999886e+00,1.032036304473876953e+00
1.062494039539999990e+00,1.299732565879821777e+00
7.787629961969999570e-01,1.206313133239746094e+00
8.256469964979999965e-01,9.922821521759033203e-01
9.891830086709999525e-01,1.032510757446289062e+00
1.418092012410000047e+00,1.112462282180786133e+00
1.151677966120000063e+00,1.380795359611511230e+00
1.250364065170000094e+00,1.152161359786987305e+00
8.794019818310000458e-01,1.277029633522033691e+00
1.089423060420000144e+00,1.015327930450439453e+00
1.809062957759999701e+00,1.211900830268859863e+00
8.687390089040000207e-01,1.689738154411315918e+00
8.521729707719999380e-01,9.629393219947814941e-01
1.307837963100000112e+00,1.083065867424011230e+00
1.262575984000000151e+00,1.381566524505615234e+00
7.601559758189999627e-01,1.286429643630981445e+00
1.069887042049999959e+00,9.482167959213256836e-01
8.579840064049999437e-01,1.217582702636718750e+00
1.149323940279999956e+00,1.010419011116027832e+00
1.067142963410000034e+00,1.232569098472595215e+00
7.400619983670000401e-01,1.132578730583190918e+00
6.799880266190000411e-01,9.156289100646972656e-01
7.323921322820000634e-01,9.032678008079528809e-01
8.352749943730000126e-01,9.242734313011169434e-01
6.000829935070000065e-01,9.703565835952758789e-01
1.010563969610000168e+00,7.808288335800170898e-01
7.613970041280000434e-01,1.088481426239013672e+00
7.260069847110000030e-01,8.572474718093872070e-01
1.064324021340000037e+00,8.696271777153015137e-01
5.901079773899998715e-01,1.107934713363647461e+00
7.744659781460000447e-01,7.392355799674987793e-01
7.406870126719998781e-01,9.308258891105651855e-01
8.908360004430001533e-01,8.744937777519226074e-01
7.620100975040000613e-01,9.824922680854797363e-01
7.774500250820000069e-01,8.740580081939697266e-01
5.811070203779999943e-01,9.040980339050292969e-01
7.908779978749999051e-01,7.607393860816955566e-01
8.903719782829999652e-01,9.245197772979736328e-01
7.882059812549999656e-01,9.627103209495544434e-01
7.301949858670000459e-01,8.841090798377990723e-01
9.248933196070000529e-01,8.623781800270080566e-01
1.265586972239999941e+00,1.005678415298461914e+00
7.884140014650000694e-01,1.227232694625854492e+00
9.180610179899999501e-01,8.720912337303161621e-01
6.569269895549999516e-01,1.038668155670166016e+00
8.252680301670000107e-01,8.366792798042297363e-01
4.257229864599999525e-01,9.812400341033935547e-01
9.114630222319999309e-01,6.672962903976440430e-01
7.238519787790000937e-01,1.040401935577392578e+00
9.657319784160000031e-01,8.334845900535583496e-01
7.194200158119999911e-01,1.029257059097290039e+00
7.146480083470000411e-01,8.292539715766906738e-01
6.188799738879999790e-01,8.604509830474853516e-01
8.502969741820000094e-01,7.898566722869873047e-01
6.113014817240000065e-01,9.574921727180480957e-01
8.405809998509999881e-01,7.596136927604675293e-01
5.909900069240000553e-01,9.488131403923034668e-01
1.191807866100000002e+00,7.430552244186401367e-01
1.072478055950000009e+00,1.195991635322570801e+00
7.976800203319999172e-01,1.048265457153320312e+00
7.140370011329999489e-01,8.991969227790832520e-01
8.885610103609999921e-01,8.842432498931884766e-01
7.367290258409999737e-01,1.011630892753601074e+00
9.655410051350000744e-01,8.803116679191589355e-01
8.569459915160000385e-01,1.057423830032348633e+00
5.838339924809999859e-01,9.519466757774353027e-01
3.047562122340000457e+00,7.758278846740722656e-01
8.865389823909999301e-01,2.554880380630493164e+00
1.186460971829999878e+00,7.758424878120422363e-01
8.750730156899999557e-01,1.335522294044494629e+00
1.111973047260000014e+00,1.073647975921630859e+00
6.929270029070000447e-01,1.272054910659790039e+00
5.632749795910000357e-01,9.316298961639404297e-01
5.519689917560000048e-01,8.682802915573120117e-01
9.211350083349998386e-01,8.326517939567565918e-01
5.465030074119999748e-01,1.049595594406127930e+00
9.997850060459999577e-01,7.221511602401733398e-01
7.512239813800000166e-01,1.071419477462768555e+00
8.402569890019999654e-01,8.372284770011901855e-01
7.843149900439999600e-01,9.392626285552978516e-01
5.915480256080000165e-01,8.919993638992309570e-01
6.109840273859999948e-01,7.667524218559265137e-01
9.328789710999999540e-01,7.988368272781372070e-01
7.992020249369999885e-01,1.011425137519836426e+00
9.833549857140000405e-01,8.793808817863464355e-01
5.405290126799999761e-01,1.034247756004333496e+00
1.093670010570000128e+00,7.091977000236511230e-01
9.266330003740002041e-01,1.152970194816589355e+00
7.972419857979999858e-01,9.689127802848815918e-01
5.896059870719999596e-01,9.167371988296508789e-01
7.799540162090000672e-01,7.889423966407775879e-01
5.182790160179999717e-01,9.375790357589721680e-01
7.263879776000000676e-01,7.184230089187622070e-01
6.216366887090000182e-01,8.842267394065856934e-01
8.810679912569999717e-01,7.718776464462280273e-01
7.315016984940000411e-01,9.610438942909240723e-01
9.703850150110000516e-01,8.256739377975463867e-01
8.715350031849999901e-01,1.019521951675415039e+00
5.505740046500000595e-01,9.305037856101989746e-01
2.576299905780000121e-01,7.312539219856262207e-01
6.952109932899999123e-01,5.608751773834228516e-01
3.547430038449999601e-01,8.774719238281250000e-01
1.308350920679999918e+00,5.645902752876281738e-01
1.424710035319999957e+00,1.268179535865783691e+00
2.422243118290000385e+00,1.242079019546508789e+00
1.588093161580000023e+00,1.994007349014282227e+00
2.882889986040000352e+00,1.368477582931518555e+00
1.510810017590000109e+00,2.486989736557006836e+00
5.103110075000000245e-01,1.437208056449890137e+00
6.637499928469999810e-01,9.643769860267639160e-01
5.865659713749999948e-01,1.152349710464477539e+00
9.182999730109998593e-01,9.975921511650085449e-01
1.126363039020000123e+00,1.169885754585266113e+00
9.455379843710000065e-01,1.216712236404418945e+00
7.979699969290000583e-01,1.040996789932250977e+00
8.895260095600000527e-01,9.456639885902404785e-01
5.017459988589999531e-01,1.015662550926208496e+00
7.889080047609999813e-01,7.206009626388549805e-01
5.571460127830000220e-01,9.570405483245849609e-01
8.079270124439998924e-01,7.439032196998596191e-01
7.382910251620000697e-01,9.382973313331604004e-01
6.742079854009999096e-01,8.486202955245971680e-01
8.787713646889999675e-01,8.121162652969360352e-01
7.401880025859999268e-01,9.604293107986450195e-01
8.886500000949999478e-01,8.406713604927062988e-01
7.983270287510000340e-01,9.703044891357421875e-01
5.137799978260000344e-01,8.937544822692871094e-01
7.760372757910000141e-01,7.125496268272399902e-01
8.528280258179999906e-01,9.234016537666320801e-01
7.851629853249999513e-01,9.363422393798828125e-01
8.431609868999999646e-01,8.840923309326171875e-01
1.024798870089999925e+00,9.378554224967956543e-01
8.044279813770001120e-01,1.062990784645080566e+00
8.841310143469999216e-01,8.970475792884826660e-01
3.615649938579999501e-01,9.905732274055480957e-01
1.171491026879999842e+00,6.141315698623657227e-01
4.477910101410000343e-01,1.235143899917602539e+00
7.665730118750000432e-01,6.193488240242004395e-01
7.735599875449999940e-01,9.339109659194946289e-01
1.054823040959999902e+00,8.829658031463623047e-01
7.843300104139999673e-01,1.081010222434997559e+00
1.034250974660000155e+00,8.669061660766601562e-01
1.096979022029999973e+00,1.088121891021728516e+00
7.633029818529999400e-01,1.111388564109802246e+00
5.883730053899999257e-01,8.872306942939758301e-01
6.365630030629999547e-01,8.123780488967895508e-01
5.750700235369999858e-01,8.500630259513854980e-01
5.399640202519999654e-01,7.818121314048767090e-01
1.324671149250000068e+00,7.457516789436340332e-01
8.178460001949999780e-01,1.285928130149841309e+00
6.359609961509999909e-01,8.409484028816223145e-01
8.135920166969999867e-01,8.010431528091430664e-01
9.872140288350000903e-01,9.441552162170410156e-01
9.839289784429998686e-01,1.041523337364196777e+00
5.904790163040000150e-01,1.029160380363464355e+00
8.986790180209999201e-01,7.671122550964355469e-01
6.268000006680000125e-01,1.029545187950134277e+00
6.926850080490000172e-01,7.908052206039428711e-01
5.757049918169999669e-01,8.665664792060852051e-01
6.764680147170000213e-01,7.614255547523498535e-01
8.279470205309999997e-01,8.345851302146911621e-01
6.547859907149999881e-01,9.185118079185485840e-01
1.085815548900000094e+00,7.785844206809997559e-01
8.509550094600001335e-01,1.106294274330139160e+00
8.879359960559999321e-01,8.979173898696899414e-01
6.557850241659999302e-01,9.735622406005859375e-01
6.597809791559999804e-01,8.128034472465515137e-01
8.856279850010000398e-01,8.435894250869750977e-01
7.502999901769999980e-01,9.917854666709899902e-01
9.303160309790000637e-01,8.664832711219787598e-01
7.259460091590000941e-01,1.012279987335205078e+00
7.123904824259998936e-01,8.473489880561828613e-01
9.326570034029998402e-01,8.656780123710632324e-01
6.544970273969999974e-01,1.015768766403198242e+00
4.987269937989999846e-01,7.951645255088806152e-01
9.782410264020000579e-01,7.198369503021240234e-01
5.593240261080000275e-01,1.061402201652526855e+00
8.733990192409999409e-01,7.040253281593322754e-01
6.232500076290000690e-01,9.784980416297912598e-01
6.319249868390000024e-01,7.599951028823852539e-01
8.335350155830000274e-01,7.976093292236328125e-01
8.613430261610000027e-01,9.307899475097656250e-01
1.036013007159999999e+00,9.270443916320800781e-01
6.160370111469999355e-01,1.057427525520324707e+00
9.874529838560001105e-01,7.557136416435241699e-01
6.686739921569999634e-01,1.075760364532470703e+00
6.455339789389999972e-01,8.046657443046569824e-01
1.007030010220000049e+00,8.315779566764831543e-01
7.763000130650000719e-01,1.077873349189758301e+00
9.358490109440000815e-01,8.720546364784240723e-01
6.626719832419999401e-01,1.020892500877380371e+00
1.113351941109999910e+00,8.103615641593933105e-01
5.495319962500000432e-01,1.161943912506103516e+00
9.273632764820001206e-01,7.123303413391113281e-01
8.215330243109999486e-01,1.050559163093566895e+00
9.193540215490000334e-01,9.207701683044433594e-01
6.899859905239998925e-01,1.007745385169982910e+00
6.497738957409999738e-01,8.370720744132995605e-01
9.705049991610000815e-01,8.335663080215454102e-01
8.034440279009998909e-01,1.053290367126464844e+00
8.920990228650002019e-01,8.946598768234252930e-01
7.462270259859999921e-01,9.859533905982971191e-01
1.495407462120000197e+00,8.731716871261596680e-01
7.597569823270000633e-01,1.423516154289245605e+00
9.677280187610000084e-01,8.321178555488586426e-01
1.126011013979999920e+00,1.091715931892395020e+00
7.641419768330000029e-01,1.174287796020507812e+00
1.423818945879999909e+00,9.095087647438049316e-01
8.309190273280000483e-01,1.422032237052917480e+00
5.316870212550000030e-01,9.281730651855468750e-01
6.942920088770000442e-01,8.015043139457702637e-01
1.097100019450000019e+00,9.256884455680847168e-01
8.623710274700000511e-01,1.162889480590820312e+00
9.711959958080000899e-01,9.431666731834411621e-01
7.501904964450000213e-01,1.055938243865966797e+00
5.659890174870000346e-01,8.870184421539306641e-01
7.235890030859999378e-01,7.811048030853271484e-01
1.088876962660000114e+00,8.996151685714721680e-01
2.614549994470000138e-01,1.122380256652832031e+00
1.923168003559999895e-01,5.018256902694702148e-01
2.048390060660000012e-01,5.430805087089538574e-01
3.752999901769999980e-01,5.178231000900268555e-01
1.878910064700000104e-01,5.971656441688537598e-01
4.178839921949999980e-01,4.205557405948638916e-01
6.128349900249999704e-01,5.860745906829833984e-01
4.822100102900000462e-01,6.828696131706237793e-01
8.136649727820000066e-01,5.757589936256408691e-01
8.997989892959999958e-01,8.390280008316040039e-01
7.667459845540000041e-01,8.776934742927551270e-01
6.762999892229999421e-01,8.087272644042968750e-01
9.804093837739999984e-01,7.880768179893493652e-01
1.075533032420000090e+00,1.026621341705322266e+00
6.459739804270000496e-01,1.071640849113464355e+00
7.601699829100000416e-01,7.834036350250244141e-01
8.707180023190000950e-01,9.239134192466735840e-01
1.045557022089999899e+00,9.790508151054382324e-01
4.832339882850000268e-01,1.089651584625244141e+00
1.085988998409999962e+00,6.811356544494628906e-01
7.320979833600000930e-01,1.169631600379943848e+00
7.128990292550000385e-01,8.392068743705749512e-01
1.045389056210000112e+00,8.766266107559204102e-01
7.359200119969999676e-01,1.104812383651733398e+00
8.956930041310000590e-01,8.486319184303283691e-01
8.745509982110000191e-01,1.005915880203247070e+00
9.237470030779999508e-01,9.690340161323547363e-01
9.997780323029999971e-01,1.011132955551147461e+00
1.739534020420000049e+00,1.062316298484802246e+00
8.107889890670000321e-01,1.587432146072387695e+00
7.049050331119999235e-01,8.755362629890441895e-01
8.328269720080000438e-01,9.405336976051330566e-01
8.276600241660000412e-01,1.025182008743286133e+00
8.953109979629999549e-01,9.873971939086914062e-01
1.459501028060000039e+00,1.024643182754516602e+00
1.179519057270000060e+00,1.406483054161071777e+00
1.443411946299999915e+00,1.154040336608886719e+00
1.306735038760000078e+00,1.403717160224914551e+00
7.634999752040000365e-01,1.298008322715759277e+00
1.145148038860000161e+00,9.564492702484130859e-01
7.253450155259999477e-01,1.288964509963989258e+00
7.633590102199999672e-01,9.309490919113159180e-01
6.174820065499999622e-01,9.944186806678771973e-01
1.029322981830000039e+00,8.558533787727355957e-01
1.302055954929999926e+00,1.135676264762878418e+00
3.164124965670000122e+00,1.261451482772827148e+00
9.734439849849999549e-01,2.573183298110961914e+00
1.229671001429999855e+00,8.830902576446533203e-01
7.441530227660000385e-01,1.409978151321411133e+00
1.063034057620000139e+00,1.027782797813415527e+00
1.123872041700000102e+00,1.291021585464477539e+00
8.984770178789999173e-01,1.263952136039733887e+00
7.175139784810000698e-01,1.079601764678955078e+00
5.367509722709999931e-01,9.569237232208251953e-01
1.175443053249999981e+00,8.144734501838684082e-01
1.101048946379999949e+00,1.250223398208618164e+00
5.734490156170000130e-01,1.100841045379638672e+00
1.431144952770000200e+00,7.577390074729919434e-01
1.037794947620000130e+00,1.422473669052124023e+00
6.568620204930000206e-01,1.043435692787170410e+00
1.074908018110000141e+00,8.507186770439147949e-01
1.385972023009999887e+00,1.184873938560485840e+00
1.004804968829999812e+00,1.346710324287414551e+00
1.609539985660000116e+00,1.060706853866577148e+00
2.817575931549999524e+00,1.553013443946838379e+00
1.962562561039999931e+00,2.357146024703979492e+00
1.279752016069999998e+00,1.685132503509521484e+00
1.995329976079999845e+00,1.402584671974182129e+00
2.033385992049999924e+00,2.009129285812377930e+00
1.307443976400000096e+00,1.952925801277160645e+00
1.611258029939999892e+00,1.464951157569885254e+00
2.040218114850000042e+00,1.762567639350891113e+00
2.183244943620000100e+00,1.998442292213439941e+00
1.351415991779999937e+00,2.047348976135253906e+00
7.242180109020001089e-01,1.466615080833435059e+00
1.363389015200000109e+00,1.122989892959594727e+00
1.526808977129999967e+00,1.594186544418334961e+00
1.784019589419999940e+00,1.577559947967529297e+00
1.103597044940000105e+00,1.730387806892395020e+00
1.763007998470000004e+00,1.224325656890869141e+00
1.157549023629999896e+00,1.771778941154479980e+00
1.153326034550000045e+00,1.253211975097656250e+00
2.362811088559999551e+00,1.329936861991882324e+00
2.580787897110000007e+00,2.169819116592407227e+00
1.242146968839999976e+00,2.197677373886108398e+00
1.712821006770000265e+00,1.309191107749938965e+00
6.676509976389999323e-01,1.831973910331726074e+00
8.271329998970000652e-01,1.017672896385192871e+00
9.642647504810000214e-01,1.220577716827392578e+00
1.394161701200000048e+00,1.228245615959167480e+00
7.584049701689999923e-01,1.464133858680725098e+00
6.900759935379999765e-01,9.390988349914550781e-01
6.740249991419999809e-01,9.492366313934326172e-01
8.615220189090000424e-01,9.044199585914611816e-01
7.907469868659999790e-01,1.005336999893188477e+00
7.285000085830000138e-01,9.183048009872436523e-01
2.411980032920000017e-01,8.757566213607788086e-01
3.354600071909999981e-01,5.324195027351379395e-01
5.912460088730000507e-01,6.308735609054565430e-01
1.058426976200000036e+00,7.632013559341430664e-01
7.669919729230000316e-01,1.043868064880371094e+00
5.881239771840000019e-01,7.963145375251770020e-01
5.922303199769999305e-01,7.287881374359130859e-01
8.753510117530000079e-01,7.559822201728820801e-01
7.038279771799998974e-01,9.511608481407165527e-01
5.677499771120000371e-01,8.028962612152099609e-01
7.133870124819999825e-01,7.377427220344543457e-01
1.077505946160000061e+00,8.534170389175415039e-01
6.909419894220000247e-01,1.087920427322387695e+00
7.724580168719999973e-01,7.850072383880615234e-01
7.237120270730000859e-01,9.019082188606262207e-01
9.752489924429997847e-01,8.561612963676452637e-01
9.151769876480000399e-01,1.040232181549072266e+00
7.574009895319999686e-01,9.739674925804138184e-01
6.912069916730000374e-01,8.827209472656250000e-01
1.183527946470000147e+00,8.574370741844177246e-01
7.705749869349999281e-01,1.206425309181213379e+00
8.947700262070000798e-01,8.627042770385742188e-01
6.143350005150000070e-01,1.012279152870178223e+00
7.692319750789999855e-01,7.969638705253601074e-01
9.070749878880000061e-01,9.326152801513671875e-01
4.068099856379999713e-01,9.986516237258911133e-01
5.138880014419999753e-01,6.291165351867675781e-01
2.481469959019999838e-01,7.527454495429992676e-01
2.568759918210000159e-01,5.259425640106201172e-01
5.980659723279999618e-01,5.382071733474731445e-01
5.981699824330000137e-01,7.444446086883544922e-01
8.801140189170000294e-01,6.904464364051818848e-01
1.085649013520000095e+00,8.943959474563598633e-01
9.920129775999999566e-01,1.022132158279418945e+00
8.743849992749999078e-01,9.668971300125122070e-01
8.770260214810000621e-01,9.310337305068969727e-01
1.008928894999999937e+00,9.703975915908813477e-01
8.088759779930000393e-01,1.075542569160461426e+00
6.714209914210000907e-01,9.302610754966735840e-01
7.449629902840000373e-01,8.627244234085083008e-01
6.942679882050000195e-01,9.190379381179809570e-01
1.001886010170000008e+00,8.598186373710632324e-01
7.935580015180000446e-01,1.071918010711669922e+00
8.450049161910000439e-01,8.864011168479919434e-01
8.031240105629999793e-01,9.545303583145141602e-01
5.744469761850000689e-01,9.181883931159973145e-01
5.679720044139999757e-01,7.631571292877197266e-01
4.538080096239999195e-01,7.771459221839904785e-01
8.494881391529999215e-01,6.802163124084472656e-01
4.064599871639999473e-01,9.547584652900695801e-01
2.453519999980000310e-01,5.869046449661254883e-01
2.323218107220000217e+00,5.226325392723083496e-01
2.027115583420000089e+00,1.990600705146789551e+00
1.581117987629999888e+00,1.560508966445922852e+00
1.727049946780000012e+00,1.410393834114074707e+00
1.150642037389999928e+00,1.641379117965698242e+00
1.607933998109999818e+00,1.263148784637451172e+00
1.331233978270000007e+00,1.677427291870117188e+00
1.221642017359999999e+00,1.426760792732238770e+00
1.583541989330000010e+00,1.385966420173645020e+00
1.608662128450000006e+00,1.634674906730651855e+00
2.185653924939999992e+00,1.596690654754638672e+00
2.989559888840000124e+00,2.011682748794555664e+00
7.574499845500000106e-01,2.544545888900756836e+00
1.811344027520000122e+00,9.513682723045349121e-01
1.527951955800000094e+00,1.986632704734802246e+00
8.892235755919999374e-01,1.617218852043151855e+00
