1.069700956339999953e+00,1.250171184539794922e+00
7.274609804150000691e-01,1.133231282234191895e+00
7.892770171170000459e-01,8.636227846145629883e-01
6.237750053410000550e-01,8.934897184371948242e-01
6.914690136910000007e-01,7.708690166473388672e-01
8.557710051540000640e-01,8.141082525253295898e-01
7.093830108640000187e-01,9.422029852867126465e-01
1.014547944070000041e+00,8.391834497451782227e-01
1.115731000900000103e+00,1.063669562339782715e+00
4.182830154900000208e-01,1.155824184417724609e+00
1.002280950550000105e+00,6.310644745826721191e-01
1.218860983849999968e+00,1.040009737014770508e+00
1.143296003339999922e+00,1.233560562133789062e+00
6.528189778330000248e-01,1.187161207199096680e+00
6.746559739110000731e-01,8.106254935264587402e-01
6.009536385540000802e-01,8.027703166007995605e-01
6.694570183749999348e-01,7.478840351104736328e-01
6.538079977039999990e-01,7.962749004364013672e-01
7.814120054240000224e-01,7.877594232559204102e-01
1.206303954120000022e+00,8.838786482810974121e-01
8.469259738919999725e-01,1.212903141975402832e+00
8.286409974099999687e-01,9.613009095191955566e-01
6.482390165329999787e-01,9.293196797370910645e-01
5.623700022700000023e-01,7.913982868194580078e-01
7.183309793469999649e-01,7.172912359237670898e-01
1.099647998810000082e+00,8.314897418022155762e-01
9.541710019110000163e-01,1.128745555877685547e+00
7.290139794350000146e-01,1.037379026412963867e+00
6.694499850270000385e-01,8.590037226676940918e-01
8.631219863889999511e-01,8.025729656219482422e-01
6.464660167689999515e-01,9.466965794563293457e-01
8.223180174830000411e-01,7.917647957801818848e-01
9.235979914669999458e-01,9.145781993865966797e-01
8.300920128820000743e-01,1.000214457511901855e+00
1.067314028740000031e+00,9.342516660690307617e-01
1.546175003050000107e+00,1.109763979911804199e+00
6.827279925350000500e-01,1.485594034194946289e+00
6.385620236399999206e-01,8.538950085639953613e-01
6.464239954950000699e-01,7.768362760543823242e-01
6.881093978879999629e-01,7.806338071823120117e-01
7.273989915849999877e-01,8.126707077026367188e-01
6.500350236890000133e-01,8.445575833320617676e-01
8.693690299990000092e-01,7.877508997917175293e-01
4.408580064769999640e-01,9.504819512367248535e-01
4.518609941010000575e-01,6.359279155731201172e-01
7.575070261959999662e-01,6.232916712760925293e-01
4.952389895920000229e-01,8.558301925659179688e-01
6.850870251659999521e-01,6.716941595077514648e-01
7.243813276289999825e-01,8.029695153236389160e-01
8.653740286830000628e-01,8.421163558959960938e-01
7.400469779970000328e-01,9.511253833770751953e-01
8.070759773250000269e-01,8.629509806632995605e-01
8.204330205920000729e-01,9.076296091079711914e-01
1.114411950110000049e+00,9.211010932922363281e-01
1.108605027200000093e+00,1.145056009292602539e+00
4.751499891279999943e-01,1.155472993850708008e+00
1.039268016820000140e+00,6.739047765731811523e-01
9.457899928089998909e-01,1.070876240730285645e+00
7.877500057220000462e-01,1.027957916259765625e+00
3.504549860949999762e-01,9.031996130943298340e-01
9.367713332179998797e-01,5.632483959197998047e-01
9.868059754369999936e-01,9.869717955589294434e-01
6.470239758489999549e-01,1.053957223892211914e+00
1.029777050020000084e+00,7.983582615852355957e-01
1.187446951870000156e+00,1.072142481803894043e+00
9.328820109370000724e-01,1.211085319519042969e+00
7.528370022769999004e-01,1.025658249855041504e+00
6.420040130619999452e-01,8.760347366333007812e-01
2.307340055699999559e-01,7.829088568687438965e-01
4.714997112749998998e-01,4.652152955532073975e-01
8.772729635240000823e-01,6.280765533447265625e-01
7.876309752460000091e-01,9.477093815803527832e-01
2.742219865320000283e-01,8.996846675872802734e-01
3.992269933219999567e-01,5.053601264953613281e-01
9.923512339589999343e-01,5.753178596496582031e-01
7.627239823340000724e-01,1.031540870666503906e+00
7.200859785079999353e-01,8.865241408348083496e-01
6.264780163759999798e-01,8.426924347877502441e-01
7.269890308380000388e-01,7.695023417472839355e-01
9.301019906999998810e-01,8.412099480628967285e-01
6.872699856759999504e-01,1.000411391258239746e+00
8.662552833559999943e-01,8.260937929153442383e-01
8.352038264269999734e-01,9.499568343162536621e-01
9.402499794960000878e-01,9.352685809135437012e-01
1.023357987399999836e+00,1.013506054878234863e+00
7.322629690170000538e-01,1.081899404525756836e+00
9.300749897960000068e-01,8.649410009384155273e-01
8.702930212019999168e-01,1.000653028488159180e+00
5.104020237919999481e-01,9.651128053665161133e-01
1.025817990299999982e+00,6.887865662574768066e-01
4.551239907739999535e-01,1.062395811080932617e+00
7.345349788670000324e-01,6.545464396476745605e-01
7.012919783589999234e-01,8.385512828826904297e-01
1.014386057849999911e+00,8.270253539085388184e-01
1.123770236970000225e+00,1.063144207000732422e+00
4.825370013710000294e-01,1.161924123764038086e+00
4.689320027829999571e-01,6.802779436111450195e-01
8.755196928980000237e-01,6.382696032524108887e-01
1.145424962039999883e+00,9.462525844573974609e-01
1.943787455559999877e+00,1.171376228332519531e+00
1.557039022450000143e+00,1.791797637939453125e+00
2.104775905609999942e+00,1.538805603981018066e+00
1.062240004540000005e+00,1.935270071029663086e+00
7.867829799650000178e-01,1.170994997024536133e+00
2.247971057890000068e+00,9.083144664764404297e-01
5.664669871329999218e-01,2.004604101181030273e+00
8.389729857439999217e-01,8.015314936637878418e-01
3.188189864160000386e-01,9.232864379882812500e-01
6.386680006980000046e-01,5.417522788047790527e-01
7.540266513819999794e-01,7.591732740402221680e-01
1.085826039310000102e+00,8.623396158218383789e-01
6.014299988750000381e-01,1.120025634765625000e+00
6.923220157619999204e-01,7.686902880668640137e-01
8.782439827919999997e-01,8.136581182479858398e-01
1.279224038119999962e+00,9.593112468719482422e-01
7.251669764520000117e-01,1.273157715797424316e+00
4.283109903339999969e-01,8.724861741065979004e-01
7.012249827380000466e-01,6.192850470542907715e-01
8.846225738529999161e-01,8.119600415229797363e-01
7.809653878210001121e-01,9.645960927009582520e-01
9.259700179099999984e-01,8.949887752532958984e-01
9.178640246389999646e-01,9.999554753303527832e-01
9.073020219800000952e-01,1.001043319702148438e+00
4.099450111390000040e-01,9.926137328147888184e-01
8.741459846500000408e-01,6.143323183059692383e-01
1.231343984599999830e+00,9.423303008079528809e-01
7.683960199359999299e-01,1.236577510833740234e+00
9.357339143749998644e-01,9.029008150100708008e-01
7.523270249369999885e-01,1.006745934486389160e+00
6.247839927670000293e-01,8.757901191711425781e-01
1.977947235110000035e+00,7.698077559471130371e-01
2.476479291920000048e+00,1.791216015815734863e+00
6.822599768639999729e-01,2.239372014999389648e+00
1.294077992440000102e+00,9.012609124183654785e-01
2.116506099700000032e+00,1.274619579315185547e+00
2.030230045320000176e+00,1.930696606636047363e+00
1.727593064309999926e+00,1.907310843467712402e+00
1.321619033810000010e+00,1.672868132591247559e+00
1.114274978639999913e+00,1.348785996437072754e+00
1.618482947350000201e+00,1.170370459556579590e+00
1.102354049679999948e+00,1.542954087257385254e+00
8.501269817350000091e-01,1.176538109779357910e+00
6.531813144679999850e-01,9.584641456604003906e-01
6.168276071549999573e-01,7.962188720703125000e-01
1.023204803470000090e+00,7.588808536529541016e-01
1.176781058310000017e+00,1.065657496452331543e+00
1.108754038809999898e+00,1.202647686004638672e+00
9.838110208509999177e-01,1.158761739730834961e+00
1.829927563670000312e+00,1.060360908508300781e+00
1.342131018639999951e+00,1.696971535682678223e+00
1.265669584270000092e+00,1.369625568389892578e+00
7.930377125740000199e-01,1.286488890647888184e+00
1.030689358710000114e+00,9.233718514442443848e-01
8.210232257839999992e-01,1.080093145370483398e+00
1.099169254300000009e+00,9.327386021614074707e-01
5.255355238910000004e-01,1.133507251739501953e+00
7.758393883709999717e-01,7.117069959640502930e-01
7.209759950640000081e-01,8.733461499214172363e-01
8.666771054269999386e-01,8.440182805061340332e-01
8.462041020389999835e-01,9.519462585449218750e-01
7.614132165909999195e-01,9.436450004577636719e-01
6.587246060370000045e-01,8.782238960266113281e-01
1.078659296040000104e+00,7.960303425788879395e-01
1.281940340999999872e+00,1.109843730926513672e+00
6.600005030629999547e-01,1.285369277000427246e+00
1.112500548360000119e+00,8.231055140495300293e-01
6.280704736709999958e-01,1.135606884956359863e+00
6.864575743680000341e-01,7.902712821960449219e-01
9.000409841540001343e-01,8.105146288871765137e-01
7.342569231990000445e-01,9.755731225013732910e-01
1.011121273039999879e+00,8.602809906005859375e-01
8.827599883079999543e-01,1.062303423881530762e+00
7.521411776540001259e-01,9.786543250083923340e-01
9.489411115649999395e-01,8.730030059814453125e-01
6.799052953720000625e-01,1.015967845916748047e+00
7.211565971369999772e-01,8.214409947395324707e-01
6.504104733470000843e-01,8.394123315811157227e-01
7.167106270790000178e-01,7.877279520034790039e-01
9.056316018100001308e-01,8.345838189125061035e-01
6.526464819910000603e-01,9.813179969787597656e-01
7.056654095649999014e-01,7.985749244689941406e-01
6.581057906149999637e-01,8.263069391250610352e-01
6.592794060709999959e-01,7.928069829940795898e-01
6.634064316750000190e-01,7.913549542427062988e-01
7.808002829549999246e-01,7.945466637611389160e-01
7.565907239910000248e-01,8.838881254196166992e-01
9.280405640599999062e-01,8.713102936744689941e-01
7.073829770089999913e-01,1.000315666198730469e+00
3.888399899009999383e-01,8.412668704986572266e-01
3.422417938710000107e-01,5.884428620338439941e-01
2.337300032380000003e-01,5.375829339027404785e-01
1.459127068520000015e-01,4.529954195022583008e-01
3.949534893039999828e-01,3.811779916286468506e-01
9.678409695629999199e-01,5.659465193748474121e-01
7.839220166210000285e-01,1.012725472450256348e+00
8.333759903910000766e-01,9.013966917991638184e-01
9.723259806630000224e-01,9.297798871994018555e-01
6.905210018160000685e-01,1.037777543067932129e+00
1.345324039460000121e+00,8.306738734245300293e-01
7.227010130879999439e-01,1.313954949378967285e+00
6.804850101469999135e-01,8.739831447601318359e-01
7.610610127449999318e-01,8.106405138969421387e-01
8.075709938999999782e-01,8.697417378425598145e-01
5.886639952659999953e-01,9.090473651885986328e-01
9.960750937460000065e-01,7.451109290122985840e-01
1.045413970949999882e+00,1.043666005134582520e+00
4.713059961800000752e-01,1.101467490196228027e+00
1.047140955920000005e+00,6.678183078765869141e-01
1.126214265820000060e+00,1.076664686203002930e+00
2.560461759570000329e+00,1.165439605712890625e+00
7.747610211370000721e-01,2.259510993957519531e+00
7.172060012819999608e-01,9.758739471435546875e-01
8.005080223080000001e-01,8.411013484001159668e-01
5.680390000339999856e-01,9.015111923217773438e-01
1.195780038829999947e+00,7.290992736816406250e-01
7.970449924470000003e-01,1.194293737411499023e+00
4.899359941480000979e-01,9.228633046150207520e-01
9.918130040170001216e-01,6.696191430091857910e-01
7.445690035819999553e-01,1.035571932792663574e+00
6.096370220180000743e-01,8.727053403854370117e-01
8.565919995309999591e-01,7.579225897789001465e-01
8.144299983980000102e-01,9.387879371643066406e-01
7.605929970739999657e-01,9.190075397491455078e-01
9.157519936559999074e-01,8.760201930999755859e-01
7.421634793279999753e-01,9.911819696426391602e-01
7.329360246660000522e-01,8.670713901519775391e-01
8.745691180230000805e-01,8.514323234558105469e-01
9.644910097120000803e-01,9.585326313972473145e-01
1.477671980859999845e+00,1.033886075019836426e+00
6.752679944040000937e-01,1.428296923637390137e+00
5.030400156970000758e-01,8.447110056877136230e-01
7.066659927370000371e-01,6.735717654228210449e-01
2.968195915220000369e+00,8.197323083877563477e-01
1.255300998690000114e+00,2.547885179519653320e+00
4.084815025330000182e+00,1.362020492553710938e+00
1.692322969440000158e+00,3.424707174301147461e+00
4.121052026750000041e-01,1.751455426216125488e+00
1.035750985149999970e+00,6.557068228721618652e-01
6.408920288089999806e-01,1.065117955207824707e+00
7.065470218660000468e-01,7.961528897285461426e-01
1.060830354689999977e+00,8.263975977897644043e-01
1.880954027180000265e+00,1.098677873611450195e+00
1.886373996729999947e+00,1.739701986312866211e+00
1.328773975370000082e+00,1.785891175270080566e+00
3.931840062139999592e-01,1.362368941307067871e+00
6.382430195809999374e-01,6.227412819862365723e-01
1.045531988140000035e+00,7.624486684799194336e-01
6.588029861449999913e-01,1.083671927452087402e+00
8.046740293499999863e-01,8.102503418922424316e-01
8.740410208700001293e-01,9.017886519432067871e-01
8.532550334930000258e-01,9.616965651512145996e-01
8.952109813690000140e-01,9.493681788444519043e-01
7.301589846610000434e-01,9.801973700523376465e-01
4.149410128589999802e-01,8.569277524948120117e-01
2.700940072540000125e-01,6.093783974647521973e-01
4.911319911479999356e-01,4.840855896472930908e-01
5.079169869420000483e-01,6.448610424995422363e-01
1.224020004270000017e+00,6.682796478271484375e-01
1.267657995220000222e+00,1.212767958641052246e+00
2.633487939829999736e+00,1.281941890716552734e+00
3.999615430830000040e+00,2.322269916534423828e+00
6.651418209080000032e+00,3.430648326873779297e+00
2.102678060530000170e+00,5.516211509704589844e+00
1.283689975739999989e+00,2.195001602172851562e+00
1.291347503659999951e+00,1.339199066162109375e+00
1.353754043579999733e+00,1.303007602691650391e+00
2.390191078189999985e+00,1.350831866264343262e+00
1.461441040039999972e+00,2.141770124435424805e+00
1.599208951000000045e+00,1.489046096801757812e+00
1.471150994300000070e+00,1.546113610267639160e+00
1.298205018039999992e+00,1.455851197242736816e+00
1.579622030259999921e+00,1.317835569381713867e+00
1.360355019570000268e+00,1.522853136062622070e+00
8.036410212519999874e-01,1.370636701583862305e+00
4.276689887049999750e-01,9.362642765045166016e-01
2.694070041180000041e-01,6.226621270179748535e-01
3.897170126439999938e-01,4.841783046722412109e-01
4.179170131680000067e-01,5.678710937500000000e-01
1.546036005019999937e+00,5.950568318367004395e-01
1.017611026760000037e+00,1.452845931053161621e+00
8.653150200839999640e-01,1.108413457870483398e+00
6.194109916690000439e-01,9.657281637191772461e-01
8.454149961469999974e-01,7.713260054588317871e-01
8.048596382139999728e-01,9.307820200920104980e-01
1.435889005660000217e+00,9.111817479133605957e-01
2.565752029420000024e+00,1.388481616973876953e+00
6.206179142000000759e+00,2.279417276382446289e+00
9.309499859810000943e-01,5.104257583618164062e+00
9.077759981159999603e-01,1.281598210334777832e+00
4.609797894950000141e-01,9.936301708221435547e-01
5.264570117000000327e-01,6.531137228012084961e-01
7.942249774930000283e-01,6.808874011039733887e-01
9.704009890559999185e-01,8.873499631881713867e-01
6.695889830590000535e-01,1.034362196922302246e+00
6.997730135920000594e-01,8.146774768829345703e-01
6.903669834139999351e-01,8.226668238639831543e-01
6.361600160600000553e-01,8.170132637023925781e-01
9.726700186730000697e-01,7.753891348838806152e-01
6.393389701839999884e-01,1.028238534927368164e+00
5.123779773709999930e-01,7.918140888214111328e-01
5.699130296709999932e-01,6.788997650146484375e-01
8.318089842800000522e-01,7.163745164871215820e-01
4.694110155110000071e-01,9.180163741111755371e-01
9.054309725759999150e-01,6.557513475418090820e-01
8.482750058169999940e-01,9.689841866493225098e-01
6.566630005839999562e-01,9.471547007560729980e-01
6.324055790899999474e-01,7.987705469131469727e-01
3.268550038340000130e-01,7.708800435066223145e-01
3.047409951689999952e-01,5.377154350280761719e-01
2.159480005499999911e-01,5.061429738998413086e-01
2.148479968310000043e-01,4.377059638500213623e-01
1.512310057880000003e-01,4.326337575912475586e-01
4.153338372709999837e-01,3.843151032924652100e-01
7.344200015070000420e-01,5.816621780395507812e-01
9.913370013240000445e-01,8.365266323089599609e-01
7.910000085830000138e-01,1.047285676002502441e+00
7.429170012469999973e-01,9.079524874687194824e-01
7.426548600200000294e-01,8.614320158958435059e-01
8.799139857289999256e-01,8.588508367538452148e-01
7.376829981800000491e-01,9.630739092826843262e-01
1.240342974660000097e+00,8.618797659873962402e-01
8.343409895899999151e-01,1.236571311950683594e+00
3.054729998110000122e-01,9.534691572189331055e-01
8.929460048680001316e-01,5.313888192176818848e-01
1.285866022110000007e+00,9.515213966369628906e-01
4.146400094030000538e-01,1.278944730758666992e+00
1.090137004850000091e+00,6.368702054023742676e-01
5.923830270769999684e-01,1.106530547142028809e+00
3.773260116580000045e-01,7.620348334312438965e-01
2.693597316740000469e+00,5.740773081779479980e-01
2.288666009900000020e+00,2.322436809539794922e+00
8.955270051960001476e-01,2.133336544036865234e+00
8.070570230480000884e-01,1.053718924522399902e+00
1.194862961769999954e+00,9.153512120246887207e-01
8.929409980769997812e-01,1.205496549606323242e+00
9.776080250740000199e-01,9.956851005554199219e-01
1.832507014270000179e+00,1.044770359992980957e+00
1.403792977329999747e+00,1.698614478111267090e+00
7.223749756810000644e-01,1.416623353958129883e+00
6.599410176280000595e-01,8.767254948616027832e-01
7.407349944109999917e-01,7.950250506401062012e-01
5.553659796709999874e-01,8.532946705818176270e-01
1.236768960949999885e+00,7.165234088897705078e-01
6.214020252229999208e-01,1.224793195724487305e+00
7.108730077739999764e-01,7.914834022521972656e-01
3.064779937269999643e-01,8.287241458892822266e-01
6.473349928859999380e-01,5.260826945304870605e-01
5.458269715310000159e-01,7.651548981666564941e-01
1.024247765539999966e+00,7.046866416931152344e-01
8.176820278170000567e-01,1.062945961952209473e+00
7.440620064740001149e-01,9.298759698867797852e-01
7.367150187490000279e-01,8.636269569396972656e-01
5.768560171130000525e-01,8.543965816497802734e-01
9.152600169179998524e-01,7.326430678367614746e-01
1.137029051779999911e+00,9.817204475402832031e-01
4.960080087179999930e-01,1.166996002197265625e+00
4.941360056399998757e-01,6.911783814430236816e-01
8.834533095360000976e-01,6.580561995506286621e-01
1.271524906160000024e+00,9.535093903541564941e-01
8.864369988439999570e-01,1.267571330070495605e+00
8.988280296330001251e-01,9.946467876434326172e-01
9.049779772759999341e-01,9.846034646034240723e-01
8.299319744109999730e-01,9.898949265480041504e-01
8.756300210950000995e-01,9.331984519958496094e-01
5.502920150760000073e-01,9.641610980033874512e-01
1.073919415470000027e+00,7.193455100059509277e-01
8.491920232770000521e-01,1.100882887840270996e+00
6.393229961399998773e-01,9.563173055648803711e-01
7.995309829709998928e-01,7.856477499008178711e-01
9.646000266079999275e-01,8.969233036041259766e-01
8.413559794430000016e-01,1.030220746994018555e+00
7.011449933050000194e-01,9.448629617691040039e-01
7.240070104600000445e-01,8.322091698646545410e-01
1.010308027270000020e+00,8.426246047019958496e-01
6.538060307499999890e-01,1.061176180839538574e+00
7.932850122450000319e-01,8.046876192092895508e-01
6.538396477699999210e-01,8.928942680358886719e-01
1.160789966579999888e+00,7.938985228538513184e-01
8.085789680480000019e-01,1.171974658966064453e+00
3.743770122530000188e-01,9.298530220985412598e-01
2.556999921800000020e-01,5.824394822120666504e-01
4.893150031570000502e-01,4.712107479572296143e-01
1.151844024660000132e+00,6.427916288375854492e-01
7.372779846189999597e-01,1.157047152519226074e+00
1.088750958439999916e+00,8.752258419990539551e-01
1.975852966309999514e+00,1.121412038803100586e+00
8.547700047490001118e-01,1.813261389732360840e+00
7.977370023729999371e-01,1.006695508956909180e+00
1.052428960799999924e+00,9.062387347221374512e-01
3.179450988770000208e+00,1.096840620040893555e+00
1.797067999840000319e+00,2.726184606552124023e+00
1.056702017779999947e+00,1.784623503684997559e+00
8.751260042189999977e-01,1.151001453399658203e+00
6.645399928090000019e-01,9.751519560813903809e-01
7.571684122089999969e-01,8.060889840126037598e-01
1.368484020229999931e+00,8.659996390342712402e-01
9.052469730380000579e-01,1.334881544113159180e+00
1.032060980800000083e+00,1.013904094696044922e+00
6.141330003739999821e-01,1.086751818656921387e+00
9.733130335809998535e-01,7.756409049034118652e-01
6.452289819719999597e-01,1.027638435363769531e+00
4.894390106200000035e-01,7.963200807571411133e-01
8.408679962160000576e-01,6.617725491523742676e-01
7.771940231319999226e-01,9.209485650062561035e-01
6.755350232119999854e-01,8.899432420730590820e-01
6.592059731480000018e-01,8.095765113830566406e-01
1.084153056139999904e+00,7.921571135520935059e-01
9.314100146289999715e-01,1.114040136337280273e+00
1.359479665760000122e+00,1.019300580024719238e+00
7.633988261220000515e-01,1.336815476417541504e+00
5.357339978220000409e-01,9.056358933448791504e-01
6.781889796259998882e-01,7.027337551116943359e-01
7.839810252189999273e-01,7.997105717658996582e-01
1.169367671010000054e+00,8.870325088500976562e-01
1.015287995340000027e+00,1.184975504875183105e+00
9.259430170060000131e-01,1.087357878684997559e+00
1.319244027140000108e+00,1.011670947074890137e+00
9.717460274700000511e-01,1.305969238281250000e+00
1.176299691200000108e+00,1.061921119689941406e+00
1.714609026910000056e+00,1.199678897857666016e+00
1.307337045669999975e+00,1.619195699691772461e+00
6.186890006069999393e-01,1.337265133857727051e+00
2.298435926440000276e+00,7.930052876472473145e-01
1.808241009709999902e+00,2.034402370452880859e+00
8.794149756429999742e-01,1.747922182083129883e+00
1.570945024490000064e+00,1.016828894615173340e+00
1.578516006470000121e+00,1.494854450225830078e+00
6.200309991839999535e-01,1.536003232002258301e+00
9.928810000419999726e-01,8.079016804695129395e-01
4.551869928839999413e-01,1.042788863182067871e+00
1.017398953439999865e+00,6.529501080513000488e-01
8.378469943999999892e-01,1.053294062614440918e+00
4.884769916529999589e-01,9.448498487472534180e-01
1.246340990070000210e+00,6.705285906791687012e-01
1.209630966189999990e+00,1.228758096694946289e+00
1.252451062200000020e+00,1.238983392715454102e+00
1.519726991650000025e+00,1.269646406173706055e+00
1.063797950739999942e+00,1.474983334541320801e+00
1.571495056150000069e+00,1.142167925834655762e+00
1.278105020519999968e+00,1.504656910896301270e+00
1.192077994349999948e+00,1.307706236839294434e+00
8.304439187050000060e-01,1.227271795272827148e+00
1.402015686039999931e+00,9.480535984039306641e-01
1.156504034999999986e+00,1.364035725593566895e+00
1.162554860120000200e+00,1.206590414047241211e+00
6.007519960399999581e-01,1.198612332344055176e+00
1.253835797310000055e+00,7.720406055450439453e-01
1.791844010350000183e+00,1.240002870559692383e+00
1.734062552449999961e+00,1.681874990463256836e+00
4.939970970150000085e+00,1.665556907653808594e+00
2.394351005549999911e+00,4.099221706390380859e+00
2.212575912479999740e+00,2.328893423080444336e+00
1.886527061460000043e+00,2.060154438018798828e+00
9.343829751010001017e-01,1.803018569946289062e+00
9.099829792980000942e-01,1.062622785568237305e+00
8.112999796870000724e-01,9.954787492752075195e-01
1.049708962440000004e+00,9.192965626716613770e-01
1.351788043980000076e+00,1.095451593399047852e+00
1.277305960659999906e+00,1.336972951889038086e+00
7.854449748989998925e-01,1.295828580856323242e+00
4.846229851250000165e-01,9.181943535804748535e-01
6.676359772680000582e-01,6.650115251541137695e-01
8.322510123249999836e-01,7.892040610313415527e-01
5.959370136259999340e-01,9.231649637222290039e-01
3.410890102390000123e-01,7.518571615219116211e-01
6.860110163689999707e-01,5.467427968978881836e-01
8.153510093690000682e-01,7.961811423301696777e-01
3.985430002210000322e-01,9.112400412559509277e-01
6.998159885410000225e-01,6.011235117912292480e-01
4.263690114019999533e-01,8.094445466995239258e-01
6.866139769550000382e-01,6.165647506713867188e-01
1.826770007609999913e-01,8.007752895355224609e-01
7.018824815749999946e-01,4.309100806713104248e-01
1.796682000159999681e+00,8.005931377410888672e-01
7.204269766809999753e-01,1.657391548156738281e+00
4.680640101429999755e-01,8.953982591629028320e-01
6.408870220180000743e-01,6.492348313331604004e-01
7.520520091060001189e-01,7.680926918983459473e-01
1.001817584040000098e+00,8.609487414360046387e-01
1.660804033279999814e+00,1.056122541427612305e+00
1.450595021250000061e+00,1.569361090660095215e+00
1.085010051729999869e+00,1.443387269973754883e+00
1.099555015560000015e+00,1.154743909835815430e+00
7.694180011750000325e-01,1.147102594375610352e+00
1.254430413249999932e+00,8.970032334327697754e-01
1.496320962910000052e+00,1.248859524726867676e+00
7.186369895940000196e-01,1.457295179367065430e+00
8.902019858359999649e-01,8.786299824714660645e-01
9.891759753229999452e-01,9.696955084800720215e-01
2.849014520649999938e+00,1.053420186042785645e+00
4.281075000759999583e+00,2.471793889999389648e+00
1.248739004139999942e+00,3.655625820159912109e+00
7.096589803699999699e-01,1.424379944801330566e+00
7.497439980509998936e-01,8.591518402099609375e-01
8.907449841499999188e-01,8.625890612602233887e-01
1.469527959819999952e+00,9.716510176658630371e-01
1.608888030049999918e+00,1.418371558189392090e+00
1.043460965159999976e+00,1.553884863853454590e+00
1.184751033780000018e+00,1.131284594535827637e+00
5.063725113870000127e-01,1.209730267524719238e+00
6.946156024930000283e-01,7.014563679695129395e-01
9.299110174179998634e-01,8.107466697692871094e-01
7.754629850390000190e-01,9.986611008644104004e-01
8.564696311949999696e-01,8.930720686912536621e-01
9.269009828569999554e-01,9.468980431556701660e-01
7.506660223010001021e-01,1.004428863525390625e+00
9.248849749570000611e-01,8.740863800048828125e-01
1.070162653919999984e+00,9.976251721382141113e-01
8.752880096439998869e-01,1.116683006286621094e+00
7.511039972310000756e-01,9.759540557861328125e-01
8.627579808239999037e-01,8.718423843383789062e-01
5.096570253369999692e-01,9.504646658897399902e-01
8.495249748229999343e-01,6.878468394279479980e-01
6.711369752879999817e-01,9.285113215446472168e-01
6.132180094720000030e-01,8.098254799842834473e-01
3.810549974440000098e-01,7.570224404335021973e-01
8.710420131680000067e-01,5.779249072074890137e-01
6.540319919589999698e-01,9.385666251182556152e-01
9.089673757550000843e-01,7.979050278663635254e-01
9.709029793739999414e-01,9.807479381561279297e-01
9.856920242310001079e-01,1.040480732917785645e+00
1.356256246570000101e+00,1.054826736450195312e+00
1.309872984889999925e+00,1.337115764617919922e+00
6.344919800760000506e-01,1.320810198783874512e+00
5.933508276940000492e-01,8.051428198814392090e-01
8.796380162239999523e-01,7.401386499404907227e-01
1.131836414339999930e+00,9.554839730262756348e-01
1.841274023059999765e+00,1.161260485649108887e+00
2.261745929719999992e+00,1.713185906410217285e+00
2.597975969309999744e+00,2.069154500961303711e+00
2.399192094800000064e+00,2.346272706985473633e+00
1.982298016549999931e+00,2.212435960769653320e+00
2.269547939300000206e+00,1.885381460189819336e+00
2.017889976500000238e+00,2.082318305969238281e+00
1.452262043950000026e+00,1.905782818794250488e+00
1.342797994609999934e+00,1.462971687316894531e+00
1.311915040020000145e+00,1.350759148597717285e+00
1.276762008670000226e+00,1.321671843528747559e+00
1.275267004970000118e+00,1.293369650840759277e+00
1.210446000100000141e+00,1.290430307388305664e+00
8.153480291369999966e-01,1.241086721420288086e+00
7.271119952200000291e-01,9.375162720680236816e-01
6.043019890790000126e-01,8.506376743316650391e-01
9.830358624459999417e-01,7.530101537704467773e-01
1.101529002189999940e+00,1.034536004066467285e+00
1.183724999429999869e+00,1.143442153930664062e+00
4.356400072569999726e-01,1.211900353431701660e+00
3.270040154459999959e-01,6.476672887802124023e-01
8.039849996569999879e-01,5.282753109931945801e-01
4.216859936710000145e-01,8.850419521331787109e-01
5.734559893609999515e-01,6.181359291076660156e-01
3.959457874300000291e-01,7.146549820899963379e-01
4.163750112060000119e-01,5.872898697853088379e-01
5.603970289230000290e-01,5.941874980926513672e-01
7.749050259590000156e-01,7.044860124588012695e-01
6.370840072629999629e-01,8.743456006050109863e-01
3.839260041709999793e-01,7.802640199661254883e-01
5.648739933969999516e-01,5.812698006629943848e-01
1.054715037350000051e+00,7.063119411468505859e-01
6.537709832190000681e-01,1.087018966674804688e+00
5.931029915809999942e-01,8.068882226943969727e-01
1.022608995439999946e+00,7.408969402313232422e-01
8.359869718549999273e-01,1.064032554626464844e+00
6.375340223309999832e-01,9.436993598937988281e-01
9.755985140799999789e-01,7.836328148841857910e-01
4.898079931740000337e-01,1.030530214309692383e+00
1.098647952079999879e+00,6.783840060234069824e-01
1.151165962220000116e+00,1.116680860519409180e+00
8.061249852179999120e-01,1.187012195587158203e+00
4.744769930839999872e-01,9.275010824203491211e-01
7.896029949189999897e-01,6.583286523818969727e-01
4.762530028819999539e-01,8.812992572784423828e-01
5.455229878430000179e-01,6.588611006736755371e-01
6.212809681889999158e-01,6.961019039154052734e-01
7.707700133319999036e-01,7.569867372512817383e-01
9.337069988249999675e-01,8.741969466209411621e-01
8.110550045970000843e-01,1.005324482917785645e+00
6.005529761310000048e-01,9.202972650527954102e-01
1.002521038060000036e+00,7.543123960494995117e-01
8.921650052069998171e-01,1.049147129058837891e+00
9.160850048070000584e-01,9.853667020797729492e-01
7.413420081139999729e-01,9.979984760284423828e-01
9.283249974250000758e-01,8.664640784263610840e-01
6.429409980770000033e-01,9.997743368148803711e-01
9.950090050700001187e-01,7.923352718353271484e-01
6.271365880970000140e-01,1.045537114143371582e+00
1.038689017300000073e+00,7.836629152297973633e-01
6.888009905820000611e-01,1.077925443649291992e+00
5.214130282399999095e-01,8.326948881149291992e-01
6.510270237919999481e-01,6.881863474845886230e-01
1.159701943399999990e+00,7.783912420272827148e-01
6.456400156020000169e-01,1.171009182929992676e+00
1.195862650870000099e+00,8.059994578361511230e-01
1.304703950880000018e+00,1.198203682899475098e+00
8.844429850579998975e-01,1.308654308319091797e+00
7.697709798810000725e-01,9.948265552520751953e-01
7.702100276950000213e-01,8.864774703979492188e-01
6.418280005459999771e-01,8.811061382293701172e-01
8.937159776689999058e-01,7.836346626281738281e-01
5.247250199319999364e-01,9.685646295547485352e-01
5.142210125920000374e-01,7.008273601531982422e-01
7.172748446459999982e-01,6.746996045112609863e-01
6.410769820210000525e-01,8.283321261405944824e-01
4.689820110800000941e-01,7.804492712020874023e-01
1.203750014310000171e+00,6.460384726524353027e-01
7.911959886550000709e-01,1.195458412170410156e+00
1.136301159859999910e+00,9.188238382339477539e-01
8.642929792399999256e-01,1.160219073295593262e+00
8.814030289650001126e-01,9.709451198577880859e-01
5.817409753800000249e-01,9.702609181404113770e-01
8.651199936869999885e-01,7.435165643692016602e-01
9.078124761579999813e-01,9.438894391059875488e-01
7.377740144730000615e-01,9.903615713119506836e-01
1.120375037189999867e+00,8.633409142494201660e-01
9.422479867940000142e-01,1.145456314086914062e+00
1.060060024260000011e+00,1.029369354248046875e+00
7.158420085910000008e-01,1.109881281852722168e+00
4.040209949019999969e-01,8.543106317520141602e-01
2.920779883859999648e-01,6.003838181495666504e-01
6.317924261089999938e-01,5.002436637878417969e-01
1.124665260310000026e+00,7.526650428771972656e-01
1.115690946580000009e+00,1.143446087837219238e+00
1.247418999670000028e+00,1.161378383636474609e+00
6.976169943809999996e-01,1.261022925376892090e+00
3.693974971769999893e+00,8.499347567558288574e-01
8.204839825630000361e-01,3.099044322967529297e+00
8.573070168499999921e-01,1.068771243095397949e+00
6.902359724040000311e-01,9.497742056846618652e-01
8.385969996449998964e-01,8.247180581092834473e-01
1.287726998329999928e+00,9.291008710861206055e-01
9.632229804989999034e-01,1.277622580528259277e+00
1.343299984930000024e+00,1.053829908370971680e+00
7.316169738770000874e-01,1.326131939888000488e+00
6.809219717980000697e-01,8.806552290916442871e-01
7.014784216880000089e-01,8.114130496978759766e-01
6.698030233380000142e-01,8.245205879211425781e-01
1.365643024439999964e+00,8.014826178550720215e-01
9.781420230869999344e-01,1.328354120254516602e+00
6.786789894100000442e-01,1.069161653518676758e+00
5.976330041890000055e-01,8.219693303108215332e-01
8.193774819369999962e-01,7.455601096153259277e-01
7.911109924320000042e-01,9.099404215812683105e-01
1.044147372249999872e+00,8.994433879852294922e-01
1.400015950200000026e+00,1.090218782424926758e+00
8.748620152470000244e-01,1.373338818550109863e+00
6.228179931639999944e-01,9.924277663230895996e-01
7.164059877399998610e-01,7.743883132934570312e-01
6.523500084880000660e-01,8.329946398735046387e-01
9.379299879070001067e-01,7.889657616615295410e-01
5.936999917030000296e-01,1.002658367156982422e+00
5.393440127369999448e-01,7.554135918617248535e-01
9.370089769359999377e-01,6.971379518508911133e-01
8.087720274930000341e-01,9.963889122009277344e-01
5.654280185700000239e-01,9.187284111976623535e-01
6.020820140839999723e-01,7.275254130363464355e-01
1.146679997439999932e+00,7.433838844299316406e-01
9.824249744419999431e-01,1.158692479133605957e+00
5.671510100359999917e-01,1.061232566833496094e+00
7.866399884220000027e-01,7.374697327613830566e-01
7.388439774510000557e-01,8.835862278938293457e-01
6.810299754140000106e-01,8.581227064132690430e-01
7.086979746820000203e-01,8.118525147438049316e-01
6.642330288889999323e-01,8.300079107284545898e-01
5.124790072439999733e-01,7.976092696189880371e-01
6.040380001070000393e-01,6.801969408988952637e-01
6.728799939159999521e-01,7.422841787338256836e-01
8.265414834020000656e-01,7.990255355834960938e-01
4.546860158440000355e-01,9.190886020660400391e-01
5.594509840010000179e-01,6.443090438842773438e-01
1.332218050960000122e-01,7.056261301040649414e-01
1.633069962260000063e-01,3.871867358684539795e-01
1.797860413789999778e-01,3.896037042140960693e-01
5.747918486599999932e-01,4.035308659076690674e-01
8.508148789409999413e-01,7.040154933929443359e-01
8.527640104289999634e-01,9.326862096786499023e-01
1.687628030779999788e+00,9.478353261947631836e-01
2.149522066120000297e+00,1.582161903381347656e+00
8.122850060459999577e-01,1.975978016853332520e+00
1.239639997479999867e+00,9.833138585090637207e-01
2.128437280650000041e+00,1.239772439002990723e+00
2.139239072800000141e+00,1.936972260475158691e+00
9.779880046840000452e-01,1.990774631500244141e+00
6.937779784199998856e-01,1.108727931976318359e+00
7.218790054320000094e-01,8.334314227104187012e-01
7.631160020829999002e-01,8.406451344490051270e-01
8.565329909319999713e-01,8.733474016189575195e-01
1.109338045120000116e+00,9.463334083557128906e-01
6.476340293879999654e-01,1.143010139465332031e+00
9.241870045659998922e-01,8.049740791320800781e-01
7.877320051189998784e-01,9.919892549514770508e-01
1.305567026139999864e+00,9.021052718162536621e-01
9.107710123059999940e-01,1.288620948791503906e+00
8.699640035629999657e-01,1.014879226684570312e+00
5.743020176890000217e-01,9.638961553573608398e-01
8.599532246590000373e-01,7.372990846633911133e-01
4.775849878790000003e-01,9.396004676818847656e-01
1.108017444610000179e+00,6.633520722389221191e-01
1.290724992749999966e+00,1.123193621635437012e+00
8.591579794879999898e-01,1.293540596961975098e+00
3.058980107309999807e-01,9.748963713645935059e-01
9.039019942279999942e-01,5.329370498657226562e-01
6.352750062940000220e-01,9.598580002784729004e-01
1.023422956470000145e+00,7.852947115898132324e-01
6.730669736859999919e-01,1.066735744476318359e+00
8.504790067669999454e-01,8.199756145477294922e-01
5.141969919200000128e-01,9.372754693031311035e-01
1.527956604959999964e+00,6.906863451004028320e-01
4.094385623930000051e+00,1.443885207176208496e+00
9.952359795569999390e-01,3.445967435836791992e+00
8.670449852940000923e-01,1.222130060195922852e+00
1.141056060789999993e+00,9.659170508384704590e-01
1.622257947919999888e+00,1.167631387710571289e+00
1.980204939840000566e+00,1.547197222709655762e+00
1.375547051430000112e+00,1.843936324119567871e+00
1.851865053180000054e+00,1.402731776237487793e+00
1.420923948290000016e+00,1.733737111091613770e+00
1.589177966120000285e+00,1.430636882781982422e+00
1.673199415210000041e+00,1.536411046981811523e+00
2.123934030530000072e+00,1.608902096748352051e+00
1.648401975629999905e+00,1.955789685249328613e+00
1.204741954800000014e+00,1.617486357688903809e+00
7.920839786529999538e-01,1.255892157554626465e+00
1.227027416229999890e+00,9.195492267608642578e-01
1.226951003070000157e+00,1.229178905487060547e+00
1.131343960759999989e+00,1.251156926155090332e+00
1.252465009690000075e+00,1.178491353988647461e+00
1.116891980170000132e+00,1.265655159950256348e+00
1.122387051579999850e+00,1.168813824653625488e+00
1.040153026579999862e+00,1.166071295738220215e+00
8.091310262680000420e-01,1.103863954544067383e+00
7.681059837340000751e-01,9.241803884506225586e-01
7.982919812199998910e-01,8.814627528190612793e-01
7.666722536090000428e-01,9.023498892784118652e-01
1.057360053060000027e+00,8.798349499702453613e-01
8.607699871060000563e-01,1.099035739898681641e+00
1.070777058600000053e+00,9.642781019210815430e-01
5.301510095600000527e-01,1.113931059837341309e+00
6.604189872739999467e-01,7.137877941131591797e-01
9.909179806709998983e-01,7.859473824501037598e-01
3.561530113220000016e-01,1.043296337127685547e+00
9.618239998820000691e-01,5.776344537734985352e-01
1.244829058649999931e+00,1.006266593933105469e+00
8.381230235100001202e-01,1.251244187355041504e+00
9.245989918709998090e-01,9.565711617469787598e-01
8.131660223010001021e-01,1.001763820648193359e+00
1.003061056139999963e+00,9.214454293251037598e-01
8.752340078350000496e-01,1.060113668441772461e+00
7.991399765009998823e-01,9.725315570831298828e-01
8.812961578369999938e-01,9.083245396614074707e-01
1.063080191609999892e+00,9.669312238693237305e-01
9.057049751279999672e-01,1.109112858772277832e+00
6.909559965129999926e-01,9.987055659294128418e-01
1.355970025060000195e+00,8.276754021644592285e-01
7.572399973869999856e-01,1.322062611579895020e+00
2.043754577640000125e+00,9.007757902145385742e-01
8.576130270960000690e-01,1.847914218902587891e+00
2.364957094190000220e+00,1.012339472770690918e+00
4.179231166840000178e+00,2.097140550613403320e+00
2.233561992649999883e+00,3.553389549255371094e+00
8.013390302660000630e-01,2.167663574218750000e+00
8.372840285299999463e-01,9.793053269386291504e-01
8.851529955859999133e-01,9.336140155792236328e-01
9.040349721909999303e-01,9.717606902122497559e-01
1.302939534190000082e+00,9.884946346282958984e-01
7.228699922560000157e-01,1.292474746704101562e+00
8.009120225910000279e-01,8.719491958618164062e-01
1.032919287679999965e+00,9.020984768867492676e-01
1.321628212929999879e+00,1.082180023193359375e+00
9.367759823799999275e-01,1.313201785087585449e+00
7.007700204850000336e-01,1.035465478897094727e+00
7.624319791789999634e-01,8.366804718971252441e-01
1.144938945770000105e+00,8.717843890190124512e-01
7.721610069269999599e-01,1.165342926979064941e+00
8.772150278090000697e-01,9.013810157775878906e-01
1.243505001070000171e+00,9.624893665313720703e-01
6.381840109830000385e-01,1.245970129966735840e+00
7.468199729919999807e-01,8.045764565467834473e-01
6.839929819109999976e-01,8.568434119224548340e-01
1.419505119320000119e+00,8.144965171813964844e-01
6.141470074649999500e-01,1.369973659515380859e+00
7.347676754000000976e-01,7.952764034271240234e-01
6.770560145379999062e-01,8.465101718902587891e-01
1.074026942249999950e+00,8.086329102516174316e-01
6.156389713290000287e-01,1.107235789299011230e+00
9.692379832269999440e-01,7.788917422294616699e-01
9.916120171550001361e-01,1.024618625640869141e+00
8.089560270310000023e-01,1.059240937232971191e+00
2.435143947599999859e+00,9.216062426567077637e-01
8.223479986189999869e-01,2.147990226745605469e+00
5.938220024110000272e-01,1.005613565444946289e+00
5.762249827380000466e-01,7.497600913047790527e-01
4.224239885809999429e-01,7.251434922218322754e-01
6.765879988670000511e-01,6.075242757797241211e-01
5.520349740979999531e-01,7.929729819297790527e-01
9.015229940410001142e-01,7.108364105224609375e-01
7.489960193629999763e-01,9.700687527656555176e-01
8.627583980560000754e-01,8.715502023696899414e-01
9.480749964710000199e-01,9.503600001335144043e-01
1.055613875389999956e+00,1.020825743675231934e+00
1.970020055770000278e+00,1.106796979904174805e+00
9.391199946399999554e-01,1.807128429412841797e+00
1.009042978289999892e+00,1.070505976676940918e+00
7.824029922490001177e-01,1.070967793464660645e+00
1.016265034679999957e+00,9.023106694221496582e-01
8.782749772069999850e-01,1.068606972694396973e+00
7.353619933130000064e-01,9.755057096481323242e-01
1.109990954399999952e+00,8.600353598594665527e-01
7.727199792860000027e-01,1.137449264526367188e+00
1.164981961250000086e+00,9.000393748283386230e-01
7.157210111620000426e-01,1.181081056594848633e+00
1.475479006770000101e+00,8.595120310783386230e-01
8.354520201680000202e-01,1.414079189300537109e+00
7.344660162930000125e-01,9.663454294204711914e-01
7.861927747729999805e-01,8.572220206260681152e-01
1.143465042110000107e+00,8.914948105812072754e-01
9.246990084650000830e-01,1.165410637855529785e+00
2.958764553069999970e+00,1.017206549644470215e+00
2.138324022289999959e+00,2.551901102066040039e+00
2.038712024690000124e+00,2.032672405242919922e+00
1.480209946629999829e+00,1.914876699447631836e+00
9.367650747299998137e-01,1.485281348228454590e+00
1.715939760209999942e+00,1.043590426445007324e+00
1.001402020450000041e+00,1.607943177223205566e+00
8.896229863169999863e-01,1.104809522628784180e+00
7.492939829829999843e-01,9.833790063858032227e-01
1.115183949470000213e+00,8.711825013160705566e-01
9.457820057870001129e-01,1.142087697982788086e+00
6.452180147170000213e-01,1.031791329383850098e+00
1.164842009540000056e+00,7.949355244636535645e-01
1.244351029399999975e+00,1.174623608589172363e+00
9.045109748840000075e-01,1.261199116706848145e+00
5.575259923929999362e-01,1.006996154785156250e+00
5.778343677520000332e-01,7.262753844261169434e-01
7.199835777280000348e-01,7.245900630950927734e-01
7.607790231700000128e-01,8.335022330284118652e-01
5.404400229450000426e-01,8.714787960052490234e-01
8.009672760959999360e-01,7.061784267425537109e-01
7.710149884220000027e-01,8.931535482406616211e-01
6.709719896319999988e-01,8.832665085792541504e-01
2.768970489500000021e+00,8.058061599731445312e-01
3.086133003230000060e+00,2.394634723663330078e+00
1.116358041760000086e+00,2.743312120437622070e+00
1.018260955809999979e+00,1.262467741966247559e+00
7.442610263819999794e-01,1.086923122406005859e+00
1.114386796949999869e+00,8.737992644309997559e-01
1.380516409870000238e+00,1.141231417655944824e+00
1.229098439219999950e+00,1.362103104591369629e+00
1.573238968849999919e+00,1.260662436485290527e+00
1.245597958560000107e+00,1.514456868171691895e+00
8.298619985580000247e-01,1.283088803291320801e+00
5.376980304720000436e-01,9.503331184387207031e-01
8.593800067899999284e-01,7.075113058090209961e-01
7.949647903440000274e-01,9.373678565025329590e-01
8.122889995569999577e-01,9.043623805046081543e-01
1.209460973739999945e+00,9.143142104148864746e-01
1.043611049649999956e+00,1.216847896575927734e+00
9.914460182190000248e-01,1.110923647880554199e+00
1.377645969390000058e+00,1.062865138053894043e+00
7.495359778399999229e-01,1.353660345077514648e+00
7.549669742579999676e-01,8.960297703742980957e-01
8.522210121150000095e-01,8.685278296470642090e-01
1.312628030780000010e+00,9.426536560058593750e-01
9.499999880790001017e-01,1.297224640846252441e+00
8.433979749680000637e-01,1.045054793357849121e+00
6.329939961430000039e-01,9.456818699836730957e-01
6.848490238189999246e-01,7.805535197257995605e-01
8.296039700509999504e-01,8.095346093177795410e-01
1.117776036259999994e+00,9.220052957534790039e-01
1.060515046120000138e+00,1.148070216178894043e+00
9.966710209849999336e-01,1.119101643562316895e+00
6.726049780850000825e-01,1.067689180374145508e+00
8.499810099600000335e-01,8.182838559150695801e-01
7.929700016980000266e-01,9.368739724159240723e-01
7.509549856190000927e-01,9.023795723915100098e-01
9.556260704989999466e-01,8.676342368125915527e-01
6.085839867589999397e-01,1.020985722541809082e+00
7.782499790189999489e-01,7.676020860671997070e-01
5.098140239720000411e-01,8.792513012886047363e-01
6.364319920540000286e-01,6.837854981422424316e-01
6.015599966049999248e-01,7.667455673217773438e-01
6.556333899499999784e-01,7.464658617973327637e-01
6.385549902920000243e-01,7.858095169067382812e-01
8.762890100480000832e-01,7.754983305931091309e-01
7.967479825020000739e-01,9.551697969436645508e-01
6.824830174449999509e-01,9.065601229667663574e-01
8.025500178340000401e-01,8.158225417137145996e-01
7.950311899190000142e-01,9.013452529907226562e-01
1.584897041320000088e+00,9.015845060348510742e-01
1.017485976220000143e+00,1.501189589500427246e+00
9.177780151369999695e-01,1.110311985015869141e+00
1.230221033100000083e+00,1.005577921867370605e+00
1.027899026870000121e+00,1.237921953201293945e+00
9.125559926030000213e-01,1.100043177604675293e+00
7.935979962350000472e-01,1.002135515213012695e+00
1.030437946320000187e+00,9.059791564941406250e-01
5.325379967690000438e-01,1.079930067062377930e+00
6.127780079839999505e-01,7.135799527168273926e-01
8.741289973260000234e-01,7.498977184295654297e-01
3.667230010029999820e-01,9.522584080696105957e-01
7.391750216480000857e-01,5.798659324645996094e-01
5.604230165479999748e-01,8.377748131752014160e-01
7.758178114889999755e-01,7.202859520912170410e-01
8.102909922600001202e-01,8.750394582748413086e-01
6.437510252000000488e-01,9.118450284004211426e-01
7.236457467079999706e-01,7.870797514915466309e-01
9.113870263100001257e-01,8.395217657089233398e-01
6.627830266949999993e-01,9.860324263572692871e-01
1.002035975460000117e+00,8.065606951713562012e-01
8.224419951440000709e-01,1.051855802536010742e+00
1.030576944350000135e+00,9.323747754096984863e-01
6.781139969830000114e-01,1.081476926803588867e+00
5.333459973340000104e-01,8.241685628890991211e-01
3.209959864620000047e-01,6.967211961746215820e-01
7.608630061149999069e-01,5.284460186958312988e-01
7.439860105509998878e-01,8.520215153694152832e-01
5.468400120740000148e-01,8.607501387596130371e-01
7.004669904709999173e-01,7.102092504501342773e-01
8.356525897980000561e-01,8.171674609184265137e-01
1.274258971210000091e+00,9.273715615272521973e-01
8.934450149539999719e-01,1.267243623733520508e+00
6.211659908290000365e-01,1.000112295150756836e+00
7.900159955019999680e-01,7.740584015846252441e-01
1.067494988440000014e+00,8.888046145439147949e-01
6.698009967800000464e-01,1.107898116111755371e+00
1.265694975850000015e+00,8.197082281112670898e-01
6.380620002750000408e-01,1.252440929412841797e+00
9.348030090330000652e-01,8.056094646453857422e-01
8.006410002709999363e-01,9.995776414871215820e-01
1.085708975790000030e+00,9.124423861503601074e-01
3.527039885520000251e-01,1.122263789176940918e+00
5.883709788319999578e-01,5.797458291053771973e-01
4.875420033929999120e-01,7.226362228393554688e-01
4.636880159380000199e-01,6.575506329536437988e-01
3.637039959430000136e-01,6.345321536064147949e-01
8.750243186949999696e-01,5.574858188629150391e-01
6.435279846190000708e-01,9.407455325126647949e-01
4.834130108360000233e-01,7.901254296302795410e-01
2.120890021319999930e-01,6.571140885353088379e-01
4.560469985010000560e-01,4.433674812316894531e-01
4.367910027499999903e-01,6.154585480690002441e-01
7.238804101939999569e-01,6.125891804695129395e-01
5.560690164570000205e-01,8.295703530311584473e-01
4.748429954049999679e-01,7.162266373634338379e-01
2.674640119080000100e-01,6.463339328765869141e-01
9.588437080380001198e-01,4.849809408187866211e-01
7.868980169300000549e-01,9.996970891952514648e-01
1.794360995290000149e+00,9.032065272331237793e-01
1.337677955630000026e+00,1.659922361373901367e+00
1.210453987120000185e+00,1.364416480064392090e+00
5.654799938200000264e-01,1.244294404983520508e+00
4.008429944520000565e-01,7.476611733436584473e-01
2.727654874320000200e-01,5.906181335449218750e-01
5.836449861529999783e-01,4.854344725608825684e-01
8.533802628519999711e-01,7.151952981948852539e-01
8.660610318179999823e-01,9.350699782371520996e-01
1.158349990839999899e+00,9.580636024475097656e-01
7.764859795569999390e-01,1.180720090866088867e+00
1.068807005880000105e+00,9.053456187248229980e-01
5.888479948040000744e-01,1.108219027519226074e+00
1.588868498799999918e+00,7.582776546478271484e-01
4.327859878540000205e-01,1.493862390518188477e+00
3.996030092239999942e-01,6.661183238029479980e-01
5.545349717140000134e-01,5.832373499870300293e-01
6.221979856490000849e-01,6.992236375808715820e-01
1.149551987649999996e+00,7.581232190132141113e-01
1.121260046960000034e+00,1.161870360374450684e+00
9.776459932329999436e-01,1.166877508163452148e+00
1.732741951940000025e+00,1.056310653686523438e+00
2.302707910540000125e+00,1.622797131538391113e+00
1.053477048870000043e+00,2.094720125198364258e+00
7.962800264360000435e-01,1.174488186836242676e+00
5.203329920770000117e-01,9.150885939598083496e-01
6.104800105090000262e-01,6.926631331443786621e-01
4.453057944770000276e-01,7.475568652153015137e-01
6.522138714790000069e-01,6.265670657157897949e-01
1.175541162490000069e+00,7.755834460258483887e-01
1.032202124599999937e+00,1.183096528053283691e+00
7.193930149079998948e-01,1.100525140762329102e+00
8.200139999390000378e-01,8.556085824966430664e-01
9.497330188750000568e-01,9.164322614669799805e-01
1.039114952089999822e+00,1.019950389862060547e+00
5.883830189700000046e-01,1.094346284866333008e+00
9.508559703829998488e-01,7.564342021942138672e-01
5.277600288389999728e-01,1.009315848350524902e+00
7.736063003540000205e-01,7.059755921363830566e-01
9.703559875489998765e-01,8.717600107192993164e-01
1.383889913560000018e+00,1.033300518989562988e+00
7.795230150220000542e-01,1.357334971427917480e+00
6.069999933240000090e-01,9.191393852233886719e-01
4.660570025440000097e-01,7.576476931571960449e-01
9.455270171170000459e-01,6.421506404876708984e-01
6.238729953770000280e-01,9.992609024047851562e-01
3.923240005969999555e-01,7.787100672721862793e-01
5.156549811360000568e-01,5.870000720024108887e-01
9.679385423660000765e-01,6.693623065948486328e-01
1.356565952299999989e+00,1.018708705902099609e+00
9.072690010070000310e-01,1.336450815200805664e+00
8.162760138510000152e-01,1.014829516410827637e+00
2.479866981509999846e+00,9.229409694671630859e-01
1.133080005649999888e+00,2.182356595993041992e+00
1.045583963389999926e+00,1.244077563285827637e+00
8.474370241169999485e-01,1.108533978462219238e+00
1.536522984499999911e+00,9.535553455352783203e-01
9.008989930149998715e-01,1.467082977294921875e+00
4.812009930610000596e-01,1.019219398498535156e+00
8.572540283199999722e-01,6.681296825408935547e-01
8.617479801180000232e-01,9.329861998558044434e-01
1.008694052699999899e+00,9.549809098243713379e-01
1.127727031710000105e+00,1.066820740699768066e+00
7.795569896699999779e-01,1.164642930030822754e+00
9.895502924920001053e-01,9.061298370361328125e-01
8.363329768179998958e-01,1.048175334930419922e+00
9.099559783939998869e-01,9.423000216484069824e-01
5.511059761050000061e-01,9.905522465705871582e-01
1.239764332770000088e+00,7.216699123382568359e-01
1.211838960649999963e+00,1.226856946945190430e+00
1.379981994630000042e+00,1.240324497222900391e+00
1.148460984229999982e+00,1.366687774658203125e+00
7.663900256160000035e-01,1.199347019195556641e+00
9.660840034479999394e-01,8.971744179725646973e-01
8.156750202179999798e-01,1.029696702957153320e+00
1.142272949220000111e+00,9.254292845726013184e-01
1.299479961400000105e+00,1.165980815887451172e+00
8.583310246469999516e-01,1.301942825317382812e+00
7.149469852449999996e-01,9.747148156166076660e-01
8.764400482179999230e-01,8.435365557670593262e-01
8.305460214609999836e-01,9.590622186660766602e-01
8.535240292550000385e-01,9.322392344474792480e-01
9.092410206789999227e-01,9.474020004272460938e-01
5.202720165249999917e-01,9.908677935600280762e-01
7.411040067669999454e-01,6.982166767120361328e-01
5.853319764140000325e-01,8.467178940773010254e-01
5.047770142559999673e-01,7.392957806587219238e-01
5.519493222240000607e-01,6.704868674278259277e-01
9.697520136830000137e-01,7.023676633834838867e-01
1.116515994070000017e+00,1.021869421005249023e+00
1.049844980239999837e+00,1.154158115386962891e+00
6.342629790310000404e-01,1.110929727554321289e+00
5.644329786300000817e-01,7.918249964714050293e-01
9.184709787370000100e-01,7.181717753410339355e-01
9.593539834020000656e-01,9.835468530654907227e-01
5.984159708020000412e-01,1.032184600830078125e+00
9.383450150489999197e-01,7.600648999214172363e-01
4.542250037189999867e-01,1.000310778617858887e+00
7.079470157619999204e-01,6.495033502578735352e-01
3.876500129699999575e-01,8.183242082595825195e-01
4.484339952470000057e-01,5.875672698020935059e-01
8.405709862710000202e-01,6.181182265281677246e-01
5.337110161779999862e-01,9.187197089195251465e-01
7.211350202559999589e-01,7.050141692161560059e-01
5.215386152269999576e-01,8.322153687477111816e-01
7.050759792330000275e-01,6.898720860481262207e-01
6.405649781229999506e-01,8.194284439086914062e-01
5.168589949609999623e-01,7.794589400291442871e-01
1.660409450529999997e+00,6.823617219924926758e-01
2.465307950970000217e+00,1.544610500335693359e+00
1.622156023979999917e+00,2.214592695236206055e+00
1.866270065310000170e+00,1.615049719810485840e+00
3.623536109919999415e+00,1.757335782051086426e+00
7.948709726329999947e-01,3.105456113815307617e+00
9.065989851950000400e-01,1.045690894126892090e+00
8.571879863740000660e-01,9.859356880187988281e-01
7.756379842759999477e-01,9.539831280708312988e-01
7.006700038909999817e-01,8.895742297172546387e-01
6.443409919740000769e-01,8.285869956016540527e-01
7.579550147059999077e-01,7.821086049079895020e-01
5.499600172040000068e-01,8.656015992164611816e-01
4.964669942859999408e-01,7.132678627967834473e-01
1.367677569390000070e+00,6.624520421028137207e-01
1.397894024850000250e+00,1.321289420127868652e+00
8.148130178450000427e-01,1.388295769691467285e+00
1.278898954390000009e+00,9.466789364814758301e-01
8.623980283740000363e-01,1.269721865653991699e+00
1.093865990639999897e+00,9.767554402351379395e-01
8.134710192680000285e-01,1.131551384925842285e+00
1.466687083240000078e+00,9.301856160163879395e-01
9.060310125349999577e-01,1.412312150001525879e+00
7.652140259739999006e-01,1.019537568092346191e+00
1.311033964160000176e+00,8.840940594673156738e-01
7.892500162119999718e-01,1.291644454002380371e+00
1.474902033810000068e+00,9.228058457374572754e-01
9.167850017550001063e-01,1.417333841323852539e+00
1.186140060420000086e+00,1.028132438659667969e+00
1.411391973500000008e+00,1.204382419586181641e+00
2.092472076419999993e+00,1.389242649078369141e+00
7.189220190049999681e-01,1.918447613716125488e+00
1.301861047739999888e+00,9.094274640083312988e-01
1.268974781040000055e+00,1.282361268997192383e+00
1.221997022629999874e+00,1.286935567855834961e+00
9.061110019680000960e-01,1.249543190002441406e+00
1.078873991970000112e+00,1.007073044776916504e+00
1.028025031089999874e+00,1.122356653213500977e+00
7.863690257070000689e-01,1.092441678047180176e+00
1.276852965350000035e+00,9.062781333923339844e-01
7.093420028689999546e-01,1.266740560531616211e+00
5.201929807659999572e-01,8.603410720825195312e-01
5.645610094070000473e-01,6.882702112197875977e-01
9.855200052259999177e-01,7.126918435096740723e-01
1.092841982840000004e+00,1.034462571144104004e+00
4.786899983879999709e-01,1.136967182159423828e+00
3.955059945579999514e-01,6.758034825325012207e-01
1.850703001020000071e+00,5.823504924774169922e-01
1.195796012879999815e+00,1.683100581169128418e+00
1.702510833739999896e+00,1.259470462799072266e+00
2.998351097109999586e+00,1.611000657081604004e+00
2.407080888749999925e+00,2.621888160705566406e+00
2.585943937299999718e+00,2.238970041275024414e+00
2.233839035029999920e+00,2.344583272933959961e+00
1.655773043629999997e+00,2.086143016815185547e+00
1.430611014370000156e+00,1.628726243972778320e+00
8.921740055079999676e-01,1.427940487861633301e+00
1.231696963309999893e+00,1.007154941558837891e+00
8.955079913140001624e-01,1.237752914428710938e+00
1.602033019070000064e+00,9.995099306106567383e-01
1.585399031639999956e+00,1.519291281700134277e+00
1.232059955600000034e+00,1.542829155921936035e+00
1.210371017459999976e+00,1.273422956466674805e+00
1.242141008379999967e+00,1.238813519477844238e+00
9.857040047650000858e-01,1.261848330497741699e+00
7.289689779279999726e-01,1.068585157394409180e+00
6.761519908910000876e-01,8.605489730834960938e-01
1.071573019029999907e+00,8.076598644256591797e-01
9.457439780239998983e-01,1.105327486991882324e+00
4.376370012759999706e-01,1.029555201530456543e+00
5.141820311550000522e-01,6.372724175453186035e-01
3.387190103530000052e-01,6.704384684562683105e-01
7.144280076029999593e-01,5.409689545631408691e-01
4.996199905870000180e-01,8.176351785659790039e-01
7.917379736899999854e-01,6.728993058204650879e-01
8.646243214609999894e-01,8.841487765312194824e-01
6.024960279459999901e-01,9.539011120796203613e-01
1.260069966320000123e+00,7.584455013275146484e-01
1.012339949610000067e+00,1.244823694229125977e+00
1.004528999329999950e+00,1.089743256568908691e+00
6.310235261919999727e-01,1.071226000785827637e+00
1.141221046449999887e+00,7.870920300483703613e-01
5.426099896430000014e-01,1.155981183052062988e+00
8.547459840769999762e-01,7.267931103706359863e-01
7.744219899179999311e-01,9.340900778770446777e-01
3.084340095520000102e-01,8.885293602943420410e-01
8.376209735870000506e-01,5.306870341300964355e-01
7.293469905850000767e-01,9.096724390983581543e-01
7.503905892370000830e-01,8.534425497055053711e-01
1.134822010990000019e+00,8.640530109405517578e-01
1.614240050320000064e+00,1.157057762145996094e+00
1.244793057440000128e+00,1.540783286094665527e+00
7.141630053519999466e-01,1.284580230712890625e+00
7.293040156360000026e-01,8.623738288879394531e-01
6.486989855770000091e-01,8.472896814346313477e-01
3.427990078929999962e-01,7.868300080299377441e-01
3.861860036850000011e-01,5.506154298782348633e-01
6.366299986840000535e-01,5.687150359153747559e-01
3.990480005740000280e-01,7.608843445777893066e-01
4.178859889509999870e-01,5.927277803421020508e-01
1.103790521619999909e+00,5.954842567443847656e-01
6.956189870829999622e-01,1.117055296897888184e+00
8.070139884950000564e-01,8.411493897438049316e-01
5.947690010070000310e-01,9.053835272789001465e-01
1.107607960700000005e+00,7.497196793556213379e-01
9.713580012320000012e-01,1.128660082817077637e+00
7.170349955560000321e-01,1.050840616226196289e+00
6.764810085300000386e-01,8.507650494575500488e-01
1.687772989270000190e+00,8.073209524154663086e-01
9.907569885250000485e-01,1.573376536369323730e+00
8.082039952280000161e-01,1.095273971557617188e+00
1.087718963619999979e+00,9.209919571876525879e-01
1.564818024639999861e+00,1.124168515205383301e+00
6.673809885979999912e-01,1.500806212425231934e+00
1.256489992140000123e+00,8.431869149208068848e-01
1.091886043549999963e+00,1.245329499244689941e+00
7.375509738919999725e-01,1.150014996528625488e+00
6.224380135540000802e-01,8.724064826965332031e-01
8.364729881290000613e-01,7.672959566116333008e-01
5.774260163309999916e-01,9.241414666175842285e-01
1.015761017800000054e+00,7.380094528198242188e-01
1.106158971790000001e+00,1.058059811592102051e+00
6.945540308949998964e-01,1.148613214492797852e+00
1.130903959270000092e+00,8.404603004455566406e-01
9.518219828609999489e-01,1.151301026344299316e+00
7.524570226669999862e-01,1.037177801132202148e+00
5.585229992869999993e-01,8.766938447952270508e-01
1.415836334229999771e+00,7.194983363151550293e-01
1.855298042299999839e+00,1.360936522483825684e+00
7.845479845999999702e-01,1.738413214683532715e+00
8.210539817810000862e-01,9.471397399902343750e-01
5.835890173909999978e-01,9.204531311988830566e-01
8.359720110889999889e-01,7.419248819351196289e-01
2.184663057329999880e+00,9.218490123748779297e-01
6.805480122570000123e-01,1.959004521369934082e+00
1.238904953000000031e+00,8.849905729293823242e-01
1.030328035349999949e+00,1.232629776000976562e+00
7.914109826090000022e-01,1.102332472801208496e+00
8.423720002169999832e-01,9.102235436439514160e-01
4.464710056780000769e-01,9.369843602180480957e-01
5.589337944979999584e-01,6.388532519340515137e-01
7.099329829220000221e-01,7.048349976539611816e-01
7.334340214730000751e-01,8.249456882476806641e-01
7.833399772640000647e-01,8.502169847488403320e-01
8.426809906959999985e-01,8.892771005630493164e-01
1.099761009220000085e+00,9.368180036544799805e-01
8.706315755840000614e-01,1.135041236877441406e+00
5.862460136410000411e-01,9.739120602607727051e-01
8.863990306849999223e-01,7.464030385017395020e-01
1.019399046900000050e+00,9.602684378623962402e-01
8.493610024450000129e-01,1.076187372207641602e+00
1.010666966439999870e+00,9.536976218223571777e-01
1.331516027449999973e+00,1.067699193954467773e+00
1.215008974079999859e+00,1.319584727287292480e+00
1.645591020579999952e+00,1.247440218925476074e+00
9.708780050280000351e-01,1.568724751472473145e+00
1.411272048950000135e+00,1.078001141548156738e+00
7.953929901119999313e-01,1.378167390823364258e+00
1.046331048010000098e+00,9.326052665710449219e-01
8.879339694979999642e-01,1.092091798782348633e+00
8.349300026890000836e-01,9.843593239784240723e-01
9.847199916839999290e-01,9.361431002616882324e-01
1.090394020079999970e+00,1.047269225120544434e+00
4.901649951929999416e-01,1.135066866874694824e+00
6.141669750209999279e-01,6.843965649604797363e-01
6.314740180969999894e-01,7.488852143287658691e-01
8.252440094949999860e-01,7.680855393409729004e-01
1.051450967789999913e+00,9.160605072975158691e-01
1.047114968300000060e+00,1.097472310066223145e+00
3.921430110930000379e-01,1.105557799339294434e+00
4.695149958129999912e-01,6.077724695205688477e-01
7.720900177959999500e-01,6.343346238136291504e-01
7.520099878309999264e-01,8.677613735198974609e-01
6.877393722529999698e-01,8.673998117446899414e-01
6.718119978899999012e-01,8.175979852676391602e-01
1.185933232310000029e+00,8.023306727409362793e-01
6.571980118750000432e-01,1.191962957382202148e+00
8.213180303569999063e-01,8.161066770553588867e-01
7.795739769939998842e-01,9.143480658531188965e-01
1.030122995379999962e+00,8.907783627510070801e-01
6.211889982220000217e-01,1.078991889953613281e+00
8.660820126530001106e-01,7.809041142463684082e-01
9.608931541439998947e-01,9.465622901916503906e-01
6.760399937630000577e-01,1.030729055404663086e+00
7.402380108830000083e-01,8.191025853157043457e-01
5.984709858890000511e-01,8.537108898162841797e-01
6.151059865950000427e-01,7.492296695709228516e-01
9.358735680580000382e-01,7.548893094062805176e-01
5.818247795100000008e-01,9.992573261260986328e-01
7.156659960750000327e-01,7.462922334671020508e-01
6.529520154000000298e-01,8.304205536842346191e-01
9.700022935870000751e-01,7.893868684768676758e-01
7.834500074390000623e-01,1.027042865753173828e+00
7.448130249979999506e-01,9.011469483375549316e-01
8.276180028919999376e-01,8.624975681304931641e-01
8.943400979040000420e-01,9.234654903411865234e-01
2.505017042159999985e+00,9.782564640045166016e-01
1.620712041850000062e+00,2.205476284027099609e+00
1.417585968970000110e+00,1.615989208221435547e+00
1.049872040749999957e+00,1.416242480278015137e+00
1.226507544519999993e+00,1.126344203948974609e+00
1.043179035189999881e+00,1.241784095764160156e+00
9.694439768789999690e-01,1.111465811729431152e+00
8.192250132559999454e-01,1.046126604080200195e+00
8.129550218580000598e-01,9.282945394515991211e-01
6.712080240250000163e-01,9.160265326499938965e-01
5.289899706839999993e-01,8.080629110336303711e-01
3.461930155749999849e-01,6.930752992630004883e-01
4.789490103719999947e-01,5.473605394363403320e-01
1.153810977940000093e+00,6.392767429351806641e-01
9.671270251270001062e-01,1.158030509948730469e+00
7.845839858059999727e-01,1.049970269203186035e+00
4.701859951020000428e-01,9.018641114234924316e-01
5.632782578470000301e-01,6.540065407752990723e-01
2.416239976880000528e-01,7.092840075492858887e-01
2.709859907630000064e-01,4.696525633335113525e-01
1.994680017229999991e-01,4.764508903026580811e-01
1.327169984580000017e-01,4.235879778861999512e-01
4.732620120049999546e-01,3.695382773876190186e-01
6.585559844969999244e-01,6.247314214706420898e-01
9.621880054470001165e-01,7.817576527595520020e-01
5.111979842189999790e-01,1.021386027336120605e+00
9.829789996150001263e-01,6.939614415168762207e-01
9.100099802019999684e-01,1.029908657073974609e+00
1.026576042179999870e+00,9.979395270347595215e-01
8.309389948840000262e-01,1.082824349403381348e+00
9.651920199390001676e-01,9.400638937950134277e-01
1.000543951989999902e+00,1.032237768173217773e+00
1.983185052870000131e+00,1.065822124481201172e+00
1.274855017659999978e+00,1.814309477806091309e+00
1.286525964740000028e+00,1.326354384422302246e+00
1.382244944570000245e+00,1.298889756202697754e+00
1.736924052240000016e+00,1.372238874435424805e+00
1.257668018339999971e+00,1.646720409393310547e+00
7.533379793170000838e-01,1.300659179687500000e+00
1.084908962249999886e+00,8.927968144416809082e-01
1.062494039539999990e+00,1.119294404983520508e+00
7.787629961969999570e-01,1.118937730789184570e+00
8.256469964979999965e-01,9.022344946861267090e-01
9.891830086709999525e-01,9.236534237861633301e-01
1.418092012410000047e+00,1.050195336341857910e+00
1.151677966120000063e+00,1.384278655052185059e+00
1.250364065170000094e+00,1.203747034072875977e+00
8.794019818310000458e-01,1.265096306800842285e+00
1.089423060420000144e+00,9.882221221923828125e-01
1.809062957759999701e+00,1.129029035568237305e+00
8.687390089040000207e-01,1.686528325080871582e+00
8.521729707719999380e-01,1.008756875991821289e+00
1.307837963100000112e+00,9.482813477516174316e-01
1.262575984000000151e+00,1.293583512306213379e+00
7.601559758189999627e-01,1.282378554344177246e+00
1.069887042049999959e+00,8.982277512550354004e-01
8.579840064049999437e-01,1.108225107192993164e+00
1.149323940279999956e+00,9.627940058708190918e-01
1.067142963410000034e+00,1.173457384109497070e+00
7.400619983670000401e-01,1.125741720199584961e+00
6.799880266190000411e-01,8.730667829513549805e-01
7.323921322820000634e-01,8.111215233802795410e-01
8.352749943730000126e-01,8.479476571083068848e-01
6.000829935070000065e-01,9.286652803421020508e-01
1.010563969610000168e+00,7.551563978195190430e-01
7.613970041280000434e-01,1.055231690406799316e+00
7.260069847110000030e-01,8.864299654960632324e-01
1.064324021340000037e+00,8.471224904060363770e-01
5.901079773899998715e-01,1.102299332618713379e+00
7.744659781460000447e-01,7.590092420578002930e-01
7.406870126719998781e-01,8.754700422286987305e-01
8.908360004430001533e-01,8.589190840721130371e-01
7.620100975040000613e-01,9.712712764739990234e-01
7.774500250820000069e-01,8.809012174606323242e-01
5.811070203779999943e-01,8.862200379371643066e-01
7.908779978749999051e-01,7.378825545310974121e-01
8.903719782829999652e-01,8.874892592430114746e-01
7.882059812549999656e-01,9.734129309654235840e-01
7.301949858670000459e-01,9.007750153541564941e-01
9.248933196070000529e-01,8.516321778297424316e-01
1.265586972239999941e+00,9.966145753860473633e-01
7.884140014650000694e-01,1.265149593353271484e+00
9.180610179899999501e-01,9.198536872863769531e-01
6.569269895549999516e-01,9.943199157714843750e-01
8.252680301670000107e-01,8.024458289146423340e-01
4.257229864599999525e-01,9.173341393470764160e-01
9.114630222319999309e-01,6.222526431083679199e-01
7.238519787790000937e-01,9.714285135269165039e-01
9.657319784160000031e-01,8.529482483863830566e-01
7.194200158119999911e-01,1.027314305305480957e+00
7.146480083470000411e-01,8.522948026657104492e-01
6.188799738879999790e-01,8.364204168319702148e-01
8.502969741820000094e-01,7.634647488594055176e-01
6.113014817240000065e-01,9.344626665115356445e-01
8.405809998509999881e-01,7.644214630126953125e-01
5.909900069240000553e-01,9.267125129699707031e-01
1.191807866100000002e+00,7.485138773918151855e-01
1.072478055950000009e+00,1.192413806915283203e+00
7.976800203319999172e-01,1.131960630416870117e+00
7.140370011329999489e-01,9.171096086502075195e-01
8.885610103609999921e-01,8.398317694664001465e-01
7.367290258409999737e-01,9.682219028472900391e-01
9.655410051350000744e-01,8.615860342979431152e-01
8.569459915160000385e-01,1.027809023857116699e+00
5.838339924809999859e-01,9.567533731460571289e-01
3.047562122340000457e+00,7.438910603523254395e-01
8.865389823909999301e-01,2.601905822753906250e+00
1.186460971829999878e+00,1.085816740989685059e+00
8.750730156899999557e-01,1.203104138374328613e+00
1.111973047260000014e+00,9.816806316375732422e-01
6.929270029070000447e-01,1.145941972732543945e+00
5.632749795910000357e-01,8.395168185234069824e-01
5.519689917560000048e-01,7.201741337776184082e-01
9.211350083349998386e-01,7.052348852157592773e-01
5.465030074119999748e-01,9.849562644958496094e-01
9.997850060459999577e-01,7.187308669090270996e-01
7.512239813800000166e-01,1.044405221939086914e+00
8.402569890019999654e-01,8.781607747077941895e-01
7.843149900439999600e-01,9.333822727203369141e-01
5.915480256080000165e-01,8.953216671943664551e-01
6.109840273859999948e-01,7.461503744125366211e-01
9.328789710999999540e-01,7.514202594757080078e-01
7.992020249369999885e-01,9.967799782752990723e-01
9.833549857140000405e-01,9.112523198127746582e-01
5.405290126799999761e-01,1.044449090957641602e+00
1.093670010570000128e+00,7.172958254814147949e-01
9.266330003740002041e-01,1.115397930145263672e+00
7.972419857979999858e-01,1.016152977943420410e+00
5.896059870719999596e-01,9.094510674476623535e-01
7.799540162090000672e-01,7.453148961067199707e-01
5.182790160179999717e-01,8.796128034591674805e-01
7.263879776000000676e-01,6.902971267700195312e-01
6.216366887090000182e-01,8.354491591453552246e-01
8.810679912569999717e-01,7.661370038986206055e-01
7.315016984940000411e-01,9.579636454582214355e-01
9.703850150110000516e-01,8.572422862052917480e-01
8.715350031849999901e-01,1.031228303909301758e+00
5.505740046500000595e-01,9.680792689323425293e-01
2.576299905780000121e-01,7.193565964698791504e-01
6.952109932899999123e-01,4.811850488185882568e-01
3.547430038449999601e-01,7.991340160369873047e-01
1.308350920679999918e+00,5.619589686393737793e-01
1.424710035319999957e+00,1.269265890121459961e+00
2.422243118290000385e+00,1.405633926391601562e+00
1.588093161580000023e+00,2.169770956039428711e+00
2.882889986040000352e+00,1.586951494216918945e+00
1.510810017590000109e+00,2.528263330459594727e+00
5.103110075000000245e-01,1.551842570304870605e+00
6.637499928469999810e-01,7.210364937782287598e-01
5.865659713749999948e-01,7.875078320503234863e-01
9.182999730109998593e-01,7.364234328269958496e-01
1.126363039020000123e+00,9.845061898231506348e-01
9.455379843710000065e-01,1.159046530723571777e+00
7.979699969290000583e-01,1.032173037528991699e+00
8.895260095600000527e-01,9.109508395195007324e-01
5.017459988589999531e-01,9.731233119964599609e-01
7.889080047609999813e-01,6.831670999526977539e-01
5.571460127830000220e-01,8.821038007736206055e-01
8.079270124439998924e-01,7.202538251876831055e-01
7.382910251620000697e-01,8.992567062377929688e-01
6.742079854009999096e-01,8.587598204612731934e-01
8.787713646889999675e-01,8.066444396972656250e-01
7.401880025859999268e-01,9.588158726692199707e-01
8.886500000949999478e-01,8.637251853942871094e-01
7.983270287510000340e-01,9.695861935615539551e-01
5.137799978260000344e-01,9.083770513534545898e-01
7.760372757910000141e-01,6.877880096435546875e-01
8.528280258179999906e-01,8.729215860366821289e-01
7.851629853249999513e-01,9.441613554954528809e-01
8.431609868999999646e-01,8.965913653373718262e-01
1.024798870089999925e+00,9.372732043266296387e-01
8.044279813770001120e-01,1.078124165534973145e+00
8.841310143469999216e-01,9.198344349861145020e-01
3.615649938579999501e-01,9.693477153778076172e-01
1.171491026879999842e+00,5.764436125755310059e-01
4.477910101410000343e-01,1.165697097778320312e+00
7.665730118750000432e-01,6.562824249267578125e-01
7.735599875449999940e-01,8.625142574310302734e-01
1.054823040959999902e+00,8.834915161132812500e-01
7.843300104139999673e-01,1.097452282905578613e+00
1.034250974660000155e+00,9.060772657394409180e-01
1.096979022029999973e+00,1.082364439964294434e+00
7.633029818529999400e-01,1.142573475837707520e+00
5.883730053899999257e-01,8.922276496887207031e-01
6.365630030629999547e-01,7.427004575729370117e-01
5.750700235369999858e-01,7.706851959228515625e-01
5.399640202519999654e-01,7.263604402542114258e-01
1.324671149250000068e+00,6.966977715492248535e-01
8.178460001949999780e-01,1.290782928466796875e+00
6.359609961509999909e-01,9.452345967292785645e-01
8.135920166969999867e-01,7.815385460853576660e-01
9.872140288350000903e-01,9.074342846870422363e-01
9.839289784429998686e-01,1.048097610473632812e+00
5.904790163040000150e-01,1.054308652877807617e+00
8.986790180209999201e-01,7.552640438079833984e-01
6.268000006680000125e-01,9.698012471199035645e-01
6.926850080490000172e-01,7.785975337028503418e-01
5.757049918169999669e-01,8.151799440383911133e-01
6.764680147170000213e-01,7.295995950698852539e-01
8.279470205309999997e-01,8.003606200218200684e-01
6.547859907149999881e-01,9.203328490257263184e-01
1.085815548900000094e+00,7.963356971740722656e-01
8.509550094600001335e-01,1.115083336830139160e+00
8.879359960559999321e-01,9.582579135894775391e-01
6.557850241659999302e-01,9.745573401451110840e-01
6.597809791559999804e-01,8.000770211219787598e-01
8.856279850010000398e-01,7.916219234466552734e-01
7.502999901769999980e-01,9.633095860481262207e-01
9.303160309790000637e-01,8.717475533485412598e-01
7.259460091590000941e-01,1.001731514930725098e+00
7.123904824259998936e-01,8.554811477661132812e-01
9.326570034029998402e-01,8.350288867950439453e-01
6.544970273969999974e-01,1.001627087593078613e+00
4.987269937989999846e-01,8.013280630111694336e-01
9.782410264020000579e-01,6.692785620689392090e-01
5.593240261080000275e-01,1.025699138641357422e+00
8.733990192409999409e-01,7.313162088394165039e-01
6.232500076290000690e-01,9.490732550621032715e-01
6.319249868390000024e-01,7.746440172195434570e-01
8.335350155830000274e-01,7.688739895820617676e-01
8.613430261610000027e-01,9.223781228065490723e-01
1.036013007159999999e+00,9.534900188446044922e-01
6.160370111469999355e-01,1.087551951408386230e+00
9.874529838560001105e-01,7.772861123085021973e-01
6.686739921569999634e-01,1.038469314575195312e+00
6.455339789389999972e-01,8.148363828659057617e-01
1.007030010220000049e+00,7.814390063285827637e-01
7.763000130650000719e-01,1.054794311523437500e+00
9.358490109440000815e-01,8.975737690925598145e-01
6.626719832419999401e-01,1.007226943969726562e+00
1.113351941109999910e+00,8.076971769332885742e-01
5.495319962500000432e-01,1.136386513710021973e+00
9.273632764820001206e-01,7.306491136550903320e-01
8.215330243109999486e-01,9.895657896995544434e-01
9.193540215490000334e-01,9.279394149780273438e-01
6.899859905239998925e-01,9.969519376754760742e-01
6.497738957409999738e-01,8.276197314262390137e-01
9.705049991610000815e-01,7.857069373130798340e-01
8.034440279009998909e-01,1.027268171310424805e+00
8.920990228650002019e-01,9.163597822189331055e-01
7.462270259859999921e-01,9.753498435020446777e-01
1.495407462120000197e+00,8.689767122268676758e-01
7.597569823270000633e-01,1.430748105049133301e+00
9.677280187610000084e-01,9.098361730575561523e-01
1.126011013979999920e+00,1.030614733695983887e+00
7.641419768330000029e-01,1.161269307136535645e+00
1.423818945879999909e+00,8.943313956260681152e-01
8.309190273280000483e-01,1.377265691757202148e+00
5.316870212550000030e-01,9.602500200271606445e-01
6.942920088770000442e-01,7.029990553855895996e-01
1.097100019450000019e+00,8.117381334304809570e-01
8.623710274700000511e-01,1.125615000724792480e+00
9.711959958080000899e-01,9.675015807151794434e-01
7.501904964450000213e-01,1.038368940353393555e+00
5.659890174870000346e-01,8.759424090385437012e-01
7.235890030859999378e-01,7.250560522079467773e-01
1.088876962660000114e+00,8.356593847274780273e-01
2.614549994470000138e-01,1.120826840400695801e+00
1.923168003559999895e-01,5.105940103530883789e-01
2.048390060660000012e-01,4.177073240280151367e-01
3.752999901769999980e-01,4.239152073860168457e-01
1.878910064700000104e-01,5.538433194160461426e-01
4.178839921949999980e-01,4.197975993156433105e-01
6.128349900249999704e-01,5.853457450866699219e-01
4.822100102900000462e-01,7.443606257438659668e-01
8.136649727820000066e-01,6.546988487243652344e-01
8.997989892959999958e-01,8.999435901641845703e-01
7.667459845540000041e-01,9.817072153091430664e-01
6.762999892229999421e-01,8.849464654922485352e-01
9.804093837739999984e-01,8.096401095390319824e-01
1.075533032420000090e+00,1.036102533340454102e+00
6.459739804270000496e-01,1.123558998107910156e+00
7.601699829100000416e-01,8.020119667053222656e-01
8.707180023190000950e-01,8.673641085624694824e-01
1.045557022089999899e+00,9.569598436355590820e-01
4.832339882850000268e-01,1.095272064208984375e+00
1.085988998409999962e+00,6.768856644630432129e-01
7.320979833600000930e-01,1.106746196746826172e+00
7.128990292550000385e-01,8.679664134979248047e-01
1.045389056210000112e+00,8.357191681861877441e-01
7.359200119969999676e-01,1.087266325950622559e+00
8.956930041310000590e-01,8.688259124755859375e-01
8.745509982110000191e-01,9.747233986854553223e-01
9.237470030779999508e-01,9.666258096694946289e-01
9.997780323029999971e-01,1.002936601638793945e+00
1.739534020420000049e+00,1.063156962394714355e+00
8.107889890670000321e-01,1.629090309143066406e+00
7.049050331119999235e-01,9.611456990242004395e-01
8.328269720080000438e-01,8.335463404655456543e-01
8.276600241660000412e-01,9.254450201988220215e-01
8.953109979629999549e-01,9.278718829154968262e-01
1.459501028060000039e+00,9.789966344833374023e-01
1.179519057270000060e+00,1.410983800888061523e+00
1.443411946299999915e+00,1.227031588554382324e+00
1.306735038760000078e+00,1.413239359855651855e+00
7.634999752040000365e-01,1.322896003723144531e+00
1.145148038860000161e+00,9.030180573463439941e-01
7.253450155259999477e-01,1.165555596351623535e+00
7.633590102199999672e-01,8.658210039138793945e-01
6.174820065499999622e-01,8.737030625343322754e-01
1.029322981830000039e+00,7.648077011108398438e-01
1.302055954929999926e+00,1.070335507392883301e+00
3.164124965670000122e+00,1.298146128654479980e+00
9.734439849849999549e-01,2.727341413497924805e+00
1.229671001429999855e+00,1.157847642898559570e+00
7.441530227660000385e-01,1.240314722061157227e+00
1.063034057620000139e+00,8.843942880630493164e-01
1.123872041700000102e+00,1.102222919464111328e+00
8.984770178789999173e-01,1.164464831352233887e+00
7.175139784810000698e-01,9.962885975837707520e-01
5.367509722709999931e-01,8.474864959716796875e-01
1.175443053249999981e+00,7.012441754341125488e-01
1.101048946379999949e+00,1.177304625511169434e+00
5.734490156170000130e-01,1.152837991714477539e+00
1.431144952770000200e+00,7.481994032859802246e-01
1.037794947620000130e+00,1.373304009437561035e+00
6.568620204930000206e-01,1.117860555648803711e+00
1.074908018110000141e+00,8.083871006965637207e-01
1.385972023009999887e+00,1.106902837753295898e+00
1.004804968829999812e+00,1.364234328269958496e+00
1.609539985660000116e+00,1.090469479560852051e+00
2.817575931549999524e+00,1.530555725097656250e+00
1.962562561039999931e+00,2.479722023010253906e+00
1.279752016069999998e+00,1.891843557357788086e+00
1.995329976079999845e+00,1.329018354415893555e+00
2.033385992049999924e+00,1.837862491607666016e+00
1.307443976400000096e+00,1.903493762016296387e+00
1.611258029939999892e+00,1.353698611259460449e+00
2.040218114850000042e+00,1.547371745109558105e+00
2.183244943620000100e+00,1.888984322547912598e+00
1.351415991779999937e+00,2.019695758819580078e+00
7.242180109020001089e-01,1.394806504249572754e+00
1.363389015200000109e+00,8.754465579986572266e-01
1.526808977129999967e+00,1.329360961914062500e+00
1.784019589419999940e+00,1.486056685447692871e+00
1.103597044940000105e+00,1.689930796623229980e+00
1.763007998470000004e+00,1.185974478721618652e+00
1.157549023629999896e+00,1.652251601219177246e+00
1.153326034550000045e+00,1.225902438163757324e+00
2.362811088559999551e+00,1.191652655601501465e+00
2.580787897110000007e+00,2.110678672790527344e+00
1.242146968839999976e+00,2.338393449783325195e+00
1.712821006770000265e+00,1.332150220870971680e+00
6.676509976389999323e-01,1.621214509010314941e+00
8.271329998970000652e-01,8.509843349456787109e-01
9.642647504810000214e-01,9.192799329757690430e-01
1.394161701200000048e+00,1.031343460083007812e+00
7.584049701689999923e-01,1.364831209182739258e+00
6.900759935379999765e-01,9.036154150962829590e-01
6.740249991419999809e-01,8.196891546249389648e-01
8.615220189090000424e-01,8.041256070137023926e-01
7.907469868659999790e-01,9.457079172134399414e-01
7.285000085830000138e-01,9.012660384178161621e-01
2.411980032920000017e-01,8.504709601402282715e-01
3.354600071909999981e-01,4.773851633071899414e-01
5.912460088730000507e-01,5.253507494926452637e-01
1.058426976200000036e+00,7.239855527877807617e-01
7.669919729230000316e-01,1.091139435768127441e+00
5.881239771840000019e-01,8.930873274803161621e-01
5.922303199769999305e-01,7.426943182945251465e-01
8.753510117530000079e-01,7.370150685310363770e-01
7.038279771799998974e-01,9.521743655204772949e-01
5.677499771120000371e-01,8.359389305114746094e-01
7.133870124819999825e-01,7.241081595420837402e-01
1.077505946160000061e+00,8.280002474784851074e-01
6.909419894220000247e-01,1.111682415008544922e+00
7.724580168719999973e-01,8.362727165222167969e-01
7.237120270730000859e-01,8.789119720458984375e-01
9.752489924429997847e-01,8.459281921386718750e-01
9.151769876480000399e-01,1.034535288810729980e+00
7.574009895319999686e-01,1.001476168632507324e+00
6.912069916730000374e-01,8.786160349845886230e-01
1.183527946470000147e+00,8.204981684684753418e-01
7.705749869349999281e-01,1.191101551055908203e+00
8.947700262070000798e-01,9.021292924880981445e-01
6.143350005150000070e-01,9.757432341575622559e-01
7.692319750789999855e-01,7.689362168312072754e-01
9.070749878880000061e-01,8.726871013641357422e-01
4.068099856379999713e-01,9.850221872329711914e-01
5.138880014419999753e-01,6.119399666786193848e-01
2.481469959019999838e-01,6.687222123146057129e-01
2.568759918210000159e-01,4.722083210945129395e-01
5.980659723279999618e-01,4.660560190677642822e-01
5.981699824330000137e-01,7.253748178482055664e-01
8.801140189170000294e-01,7.420111894607543945e-01
1.085649013520000095e+00,9.560832381248474121e-01
9.920129775999999566e-01,1.126197695732116699e+00
8.743849992749999078e-01,1.065422296524047852e+00
8.770260214810000621e-01,9.713308215141296387e-01
1.008928894999999937e+00,9.674401879310607910e-01
8.088759779930000393e-01,1.067764520645141602e+00
6.714209914210000907e-01,9.224159717559814453e-01
7.449629902840000373e-01,8.080225586891174316e-01
6.942679882050000195e-01,8.570713400840759277e-01
1.001886010170000008e+00,8.222077488899230957e-01
7.935580015180000446e-01,1.053303360939025879e+00
8.450049161910000439e-01,9.104256629943847656e-01
8.031240105629999793e-01,9.390907883644104004e-01
5.744469761850000689e-01,9.098435640335083008e-01
5.679720044139999757e-01,7.340945005416870117e-01
4.538080096239999195e-01,7.179299592971801758e-01
8.494881391529999215e-01,6.309464573860168457e-01
4.064599871639999473e-01,9.257518053054809570e-01
2.453519999980000310e-01,6.088222265243530273e-01
2.323218107220000217e+00,4.649004638195037842e-01
2.027115583420000089e+00,2.034496307373046875e+00
1.581117987629999888e+00,1.915547370910644531e+00
1.727049946780000012e+00,1.561381101608276367e+00
1.150642037389999928e+00,1.649417281150817871e+00
1.607933998109999818e+00,1.218808293342590332e+00
1.331233978270000007e+00,1.536801815032958984e+00
1.221642017359999999e+00,1.349955677986145020e+00
1.583541989330000010e+00,1.252467155456542969e+00
1.608662128450000006e+00,1.521905064582824707e+00
2.185653924939999992e+00,1.559561848640441895e+00
2.989559888840000124e+00,1.999389052391052246e+00
7.574499845500000106e-01,2.639990091323852539e+00
1.811344027520000122e+00,9.847282171249389648e-01
1.527951955800000094e+00,1.671335697174072266e+00
8.892235755919999374e-01,1.509904026985168457e+00
