1.176299691200000108e+00,9.690443565011813698e-01
1.714609026910000056e+00,1.129646078888895788e+00
1.307337045669999975e+00,1.501619413695921779e+00
6.186890006069999393e-01,1.301958059032670700e+00
2.298435926440000276e+00,8.050178994182480841e-01
1.808241009709999902e+00,1.987320941118344342e+00
8.794149756429999742e-01,1.645072946127434488e+00
1.570945024490000064e+00,9.272808287835101471e-01
1.578516006470000121e+00,1.452462153169295833e+00
6.200309991839999535e-01,1.774476926248415909e+00
9.928810000419999726e-01,8.362777285849705144e-01
4.551869928839999413e-01,8.526349361448146702e-01
1.017398953439999865e+00,8.727894860692435586e-01
8.378469943999999892e-01,1.174899000513392355e+00
4.884769916529999589e-01,6.142915674874694920e-01
1.246340990070000210e+00,6.291727223664373980e-01
1.209630966189999990e+00,1.187928668516905040e+00
1.252451062200000020e+00,1.054903068594252424e+00
1.519726991650000025e+00,1.096271521995698217e+00
1.063797950739999942e+00,1.281593851277896379e+00
1.571495056150000069e+00,1.178449591594624479e+00
1.278105020519999968e+00,1.523002770460754940e+00
1.192077994349999948e+00,1.185866693753449663e+00
8.304439187050000060e-01,1.273061835907482786e+00
1.402015686039999931e+00,9.817561043205851323e-01
1.156504034999999986e+00,1.400195009836215032e+00
1.162554860120000200e+00,1.144416816656543379e+00
6.007519960399999581e-01,1.083091778585613119e+00
1.253835797310000055e+00,7.618588342211426445e-01
1.791844010350000183e+00,1.322750637679799501e+00
1.734062552449999961e+00,1.494122574632580802e+00
4.939970970150000085e+00,1.390895723750771973e+00
2.394351005549999911e+00,3.666955918955419502e+00
2.212575912479999740e+00,2.016514873530649954e+00
1.886527061460000043e+00,2.260742736348368531e+00
9.343829751010001017e-01,2.065262344656932036e+00
9.099829792980000942e-01,1.759831177257665136e+00
8.112999796870000724e-01,1.103379519544888332e+00
1.049708962440000004e+00,8.681437872700095149e-01
1.351788043980000076e+00,1.386830804778513615e+00
1.277305960659999906e+00,1.163111846595421328e+00
7.854449748989998925e-01,9.872551386769755632e-01
4.846229851250000165e-01,8.789789256835653930e-01
6.676359772680000582e-01,6.812821555081041147e-01
8.322510123249999836e-01,8.250418553574309088e-01
5.959370136259999340e-01,8.523935826365595103e-01
3.410890102390000123e-01,6.020523134536587273e-01
6.860110163689999707e-01,5.120575606734270036e-01
8.153510093690000682e-01,8.145467560600199164e-01
3.985430002210000322e-01,7.976721747054388301e-01
6.998159885410000225e-01,4.212474868192905286e-01
4.263690114019999533e-01,7.036605555609410922e-01
6.866139769550000382e-01,6.325651460898995548e-01
1.826770007609999913e-01,7.587786730069082664e-01
7.018824815749999946e-01,2.856159215584395117e-01
1.796682000159999681e+00,7.744009423391413627e-01
7.204269766809999753e-01,1.453469805981075114e+00
4.680640101429999755e-01,6.588064430499174229e-01
6.408870220180000743e-01,6.002839439650360376e-01
7.520520091060001189e-01,8.846822200691453197e-01
1.001817584040000098e+00,9.981730298202438068e-01
1.660804033279999814e+00,7.896169319720816038e-01
1.450595021250000061e+00,1.274477305118712822e+00
1.085010051729999869e+00,1.412873360827322511e+00
1.099555015560000015e+00,1.108050441197404590e+00
7.694180011750000325e-01,1.106608610681087512e+00
1.254430413249999932e+00,1.022694975220213243e+00
1.496320962910000052e+00,1.238759615417623472e+00
7.186369895940000196e-01,1.286598012449415185e+00
8.902019858359999649e-01,8.727334810224604000e-01
9.891759753229999452e-01,1.008164825262723552e+00
2.849014520649999938e+00,1.063339256619231010e+00
4.281075000759999583e+00,2.256585260432351081e+00
1.248739004139999942e+00,2.977203831778309162e+00
7.096589803699999699e-01,1.169912396844681624e+00
7.497439980509998936e-01,1.340553304139316504e+00
8.907449841499999188e-01,1.506186649057160709e+00
1.469527959819999952e+00,1.309165207349766380e+00
1.608888030049999918e+00,9.255685878604773542e-01
1.043460965159999976e+00,1.294828865571330700e+00
1.184751033780000018e+00,1.375533823209273310e+00
5.063725113870000127e-01,1.155638960005821003e+00
6.946156024930000283e-01,6.137636083450268565e-01
9.299110174179998634e-01,8.730733774338524933e-01
7.754629850390000190e-01,8.957896972296895965e-01
8.564696311949999696e-01,8.527803585114843710e-01
9.269009828569999554e-01,8.599947790713837747e-01
7.506660223010001021e-01,8.971102444196609182e-01
9.248849749570000611e-01,8.419918800411790860e-01
1.070162653919999984e+00,8.797459442617078240e-01
8.752880096439998869e-01,9.897300297867173136e-01
7.511039972310000756e-01,9.384055034267333451e-01
8.627579808239999037e-01,8.192568694597281986e-01
5.096570253369999692e-01,9.341289801894753220e-01
8.495249748229999343e-01,7.064160715762238807e-01
6.711369752879999817e-01,8.554309635291504899e-01
6.132180094720000030e-01,7.132820527833821922e-01
3.810549974440000098e-01,7.392912125380689536e-01
8.710420131680000067e-01,5.160899591992660351e-01
6.540319919589999698e-01,8.830433330930496094e-01
9.089673757550000843e-01,6.860452439285751325e-01
9.709029793739999414e-01,8.257654217692138587e-01
9.856920242310001079e-01,9.008523893527835558e-01
1.356256246570000101e+00,1.017866497501981771e+00
1.309872984889999925e+00,1.195783162497537466e+00
6.344919800760000506e-01,1.180228137620835671e+00
5.933508276940000492e-01,8.225861294229931397e-01
8.796380162239999523e-01,8.310136209227096948e-01
1.131836414339999930e+00,1.021555298657656152e+00
1.841274023059999765e+00,1.080592924189452297e+00
2.261745929719999992e+00,1.404315463601652381e+00
2.597975969309999744e+00,1.799791006441981756e+00
2.399192094800000064e+00,2.173637525657585279e+00
1.982298016549999931e+00,2.051269324507913883e+00
2.269547939300000206e+00,1.939864312842193517e+00
2.017889976500000238e+00,2.254343726282762805e+00
1.452262043950000026e+00,2.022601521492559229e+00
1.342797994609999934e+00,1.589064316829079893e+00
1.311915040020000145e+00,1.501351612552392911e+00
1.276762008670000226e+00,1.506225638373484665e+00
1.275267004970000118e+00,1.324986346309876550e+00
1.210446000100000141e+00,1.148210384456026079e+00
8.153480291369999966e-01,1.192643352440406090e+00
7.271119952200000291e-01,9.744075860272126688e-01
6.043019890790000126e-01,8.477521993520992227e-01
9.830358624459999417e-01,7.453816399951436189e-01
1.101529002189999940e+00,9.747247337565199121e-01
1.183724999429999869e+00,9.612020438165358449e-01
4.356400072569999726e-01,1.050049404453683666e+00
3.270040154459999959e-01,6.120697995262645019e-01
8.039849996569999879e-01,6.247578849209562968e-01
4.216859936710000145e-01,8.878822509595526435e-01
5.734559893609999515e-01,5.241756688187140245e-01
3.959457874300000291e-01,5.655346448193948605e-01
4.163750112060000119e-01,5.313428695849320427e-01
5.603970289230000290e-01,6.440802652412754847e-01
7.749050259590000156e-01,5.479218946122029754e-01
6.370840072629999629e-01,6.779458736265780994e-01
3.839260041709999793e-01,6.782899982076107115e-01
5.648739933969999516e-01,5.207316445967793417e-01
1.054715037350000051e+00,6.816046915845114240e-01
6.537709832190000681e-01,9.959001238506238751e-01
5.931029915809999942e-01,6.362578773075036054e-01
1.022608995439999946e+00,6.506874295436274602e-01
8.359869718549999273e-01,1.047347242558452685e+00
6.375340223309999832e-01,9.156460716012277956e-01
9.755985140799999789e-01,6.478417750419958043e-01
4.898079931740000337e-01,9.395873141441341003e-01
1.098647952079999879e+00,7.471665360370202125e-01
1.151165962220000116e+00,1.045052775456290828e+00
8.061249852179999120e-01,9.711854394066462559e-01
4.744769930839999872e-01,8.980678012193062942e-01
7.896029949189999897e-01,6.420493618615548126e-01
4.762530028819999539e-01,9.197417294623271289e-01
5.455229878430000179e-01,6.771652954982232409e-01
6.212809681889999158e-01,5.767117940978232493e-01
7.707700133319999036e-01,6.519964084287163120e-01
9.337069988249999675e-01,8.640261021898866245e-01
8.110550045970000843e-01,8.346217649255307514e-01
6.005529761310000048e-01,7.457080694380257002e-01
1.002521038060000036e+00,7.268703166401571103e-01
8.921650052069998171e-01,1.013144827558010386e+00
9.160850048070000584e-01,8.908556893455880088e-01
7.413420081139999729e-01,9.035110430677681936e-01
9.283249974250000758e-01,7.977913659804061197e-01
6.429409980770000033e-01,1.027424548370840629e+00
9.950090050700001187e-01,7.542085791322742372e-01
6.271365880970000140e-01,9.462304908306697904e-01
1.038689017300000073e+00,7.181714232135520959e-01
6.888009905820000611e-01,1.047739135193768156e+00
5.214130282399999095e-01,7.309976603993966204e-01
6.510270237919999481e-01,6.860154705324140734e-01
1.159701943399999990e+00,7.405291030094045546e-01
6.456400156020000169e-01,1.084393887963989389e+00
1.195862650870000099e+00,6.686204578518318842e-01
1.304703950880000018e+00,1.057957309393793288e+00
8.844429850579998975e-01,1.205446574554579486e+00
7.697709798810000725e-01,9.806153004793054517e-01
7.702100276950000213e-01,7.982651876737854035e-01
6.418280005459999771e-01,9.359745218922495003e-01
8.937159776689999058e-01,8.669981323013173924e-01
5.247250199319999364e-01,8.403753579343185010e-01
5.142210125920000374e-01,6.165070749896196522e-01
7.172748446459999982e-01,7.122074769751030043e-01
6.410769820210000525e-01,7.467969114036043798e-01
4.689820110800000941e-01,6.832680906747389260e-01
1.203750014310000171e+00,5.378067136717445962e-01
7.911959886550000709e-01,1.055572398708297666e+00
1.136301159859999910e+00,8.202111794439677084e-01
8.642929792399999256e-01,1.035528328456008174e+00
8.814030289650001126e-01,8.369088690963571997e-01
5.817409753800000249e-01,1.038209830407899936e+00
8.651199936869999885e-01,7.203478062698083217e-01
9.078124761579999813e-01,9.094437138192813519e-01
7.377740144730000615e-01,9.420469441417533840e-01
1.120375037189999867e+00,7.852479894883177547e-01
9.422479867940000142e-01,1.029284395500087879e+00
1.060060024260000011e+00,9.621592869941596460e-01
7.158420085910000008e-01,1.034374662937944889e+00
4.040209949019999969e-01,7.657808937061083565e-01
2.920779883859999648e-01,6.729931123995581688e-01
6.317924261089999938e-01,5.713643677688268196e-01
1.124665260310000026e+00,7.133075090246301375e-01
1.115690946580000009e+00,9.646986892591491447e-01
1.247418999670000028e+00,9.122351469893662523e-01
6.976169943809999996e-01,1.087707406041583003e+00
3.693974971769999893e+00,8.342365259537627420e-01
8.204839825630000361e-01,2.894694788663089824e+00
8.573070168499999921e-01,7.669846165218738854e-01
6.902359724040000311e-01,1.118229085867193273e+00
8.385969996449998964e-01,1.074946580690530062e+00
1.287726998329999928e+00,1.407999817864104886e+00
9.632229804989999034e-01,9.385265950462331475e-01
1.343299984930000024e+00,7.038169438323886862e-01
7.316169738770000874e-01,1.499592866998871177e+00
6.809219717980000697e-01,8.580810402795969738e-01
7.014784216880000089e-01,7.206978226828800738e-01
6.698030233380000142e-01,8.024455141045223616e-01
1.365643024439999964e+00,7.923979009367446702e-01
9.781420230869999344e-01,1.192108563452542347e+00
6.786789894100000442e-01,8.818849194736073649e-01
5.976330041890000055e-01,8.043408514630878692e-01
8.193774819369999962e-01,7.593256725221929626e-01
7.911109924320000042e-01,9.357553810000939221e-01
1.044147372249999872e+00,7.892818072274399022e-01
1.400015950200000026e+00,9.045373829641434327e-01
8.748620152470000244e-01,1.266210982490178383e+00
6.228179931639999944e-01,9.399661479530733166e-01
7.164059877399998610e-01,7.453515709708430359e-01
6.523500084880000660e-01,8.694508845192525648e-01
9.379299879070001067e-01,8.362801198498439614e-01
5.936999917030000296e-01,8.701873439448570835e-01
5.393440127369999448e-01,6.306723493639559974e-01
9.370089769359999377e-01,7.355904775208406132e-01
8.087720274930000341e-01,9.246203276502183988e-01
5.654280185700000239e-01,7.806630031827840321e-01
6.020820140839999723e-01,6.146582319625972790e-01
1.146679997439999932e+00,6.961684042545677187e-01
9.824249744419999431e-01,1.144531520654900048e+00
5.671510100359999917e-01,9.008284902166655561e-01
7.866399884220000027e-01,5.943545968244899891e-01
7.388439774510000557e-01,9.098117894324484478e-01
6.810299754140000106e-01,9.160803047031262913e-01
7.086979746820000203e-01,7.157899326195256151e-01
6.642330288889999323e-01,6.788182946420809882e-01
5.124790072439999733e-01,8.037065022961366045e-01
6.040380001070000393e-01,6.769912685104377825e-01
6.728799939159999521e-01,6.387000371913119645e-01
8.265414834020000656e-01,7.147466321763920050e-01
4.546860158440000355e-01,8.209006081087608653e-01
5.594509840010000179e-01,5.384405554239046765e-01
1.332218050960000122e-01,6.791224850295715099e-01
1.633069962260000063e-01,3.975447687110322814e-01
1.797860413789999778e-01,3.966397674160739850e-01
5.747918486599999932e-01,3.194745288928995119e-01
8.508148789409999413e-01,5.947295589627498158e-01
8.527640104289999634e-01,7.160428177715514320e-01
1.687628030779999788e+00,7.262115266560138505e-01
2.149522066120000297e+00,1.370305501602291809e+00
8.122850060459999577e-01,1.722434362125768281e+00
1.239639997479999867e+00,8.808199819092586980e-01
2.128437280650000041e+00,1.335629485705688513e+00
2.139239072800000141e+00,2.036694677753279503e+00
9.779880046840000452e-01,1.918820538445679791e+00
6.937779784199998856e-01,8.900901281988389258e-01
7.218790054320000094e-01,1.087338065095075912e+00
7.631160020829999002e-01,1.285694052623167050e+00
8.565329909319999713e-01,8.557328992774785315e-01
1.109338045120000116e+00,6.458108866366858436e-01
6.476340293879999654e-01,1.060078546275925460e+00
9.241870045659998922e-01,8.347609206798829451e-01
7.877320051189998784e-01,8.917292903670229753e-01
1.305567026139999864e+00,7.636742538365047794e-01
9.107710123059999940e-01,1.198285977698963389e+00
8.699640035629999657e-01,8.525256322797023500e-01
5.743020176890000217e-01,9.459249631565269656e-01
8.599532246590000373e-01,7.853791148522220045e-01
4.775849878790000003e-01,9.654076336738310893e-01
1.108017444610000179e+00,5.860109657044607623e-01
1.290724992749999966e+00,1.018140268623713096e+00
8.591579794879999898e-01,1.131562803532108363e+00
3.058980107309999807e-01,8.857737284305926551e-01
9.039019942279999942e-01,5.074016637645634153e-01
6.352750062940000220e-01,1.032123420793843671e+00
1.023422956470000145e+00,7.793728253203943135e-01
6.730669736859999919e-01,8.761755211720043679e-01
8.504790067669999454e-01,6.570941678029288413e-01
5.141969919200000128e-01,1.014385427469834955e+00
1.527956604959999964e+00,6.452538988982521317e-01
4.094385623930000051e+00,1.280497746038177453e+00
9.952359795569999390e-01,2.979556770836796264e+00
8.670449852940000923e-01,8.807954759836220671e-01
1.141056060789999993e+00,1.163432408549126329e+00
1.622257947919999888e+00,1.580926581740743186e+00
1.980204939840000566e+00,1.910207524951588409e+00
1.375547051430000112e+00,1.287377488766520806e+00
1.851865053180000054e+00,1.133139603475307622e+00
1.420923948290000016e+00,2.118211726703605358e+00
1.589177966120000285e+00,1.449714557117729230e+00
1.673199415210000041e+00,1.358179820445263752e+00
2.123934030530000072e+00,1.512239103252881245e+00
1.648401975629999905e+00,1.956430642624788163e+00
1.204741954800000014e+00,1.578029303256219595e+00
7.920839786529999538e-01,1.277823179954733046e+00
1.227027416229999890e+00,1.097717366933995242e+00
1.226951003070000157e+00,1.369855313068338631e+00
1.131343960759999989e+00,1.135664544079277416e+00
1.252465009690000075e+00,1.033457109331885615e+00
1.116891980170000132e+00,1.202303297257857562e+00
1.122387051579999850e+00,1.182141459760924995e+00
1.040153026579999862e+00,1.096483813946496300e+00
8.091310262680000420e-01,9.876688135179823025e-01
7.681059837340000751e-01,9.351702498018980014e-01
7.982919812199998910e-01,9.120123633804542163e-01
7.666722536090000428e-01,8.725989709229600155e-01
1.057360053060000027e+00,8.308793285616921098e-01
8.607699871060000563e-01,9.792233060061834582e-01
1.070777058600000053e+00,8.506718605849584725e-01
5.301510095600000527e-01,1.037447863106277124e+00
6.604189872739999467e-01,6.592567982182852004e-01
9.909179806709998983e-01,8.122018499876012543e-01
3.561530113220000016e-01,9.711489022648418512e-01
9.618239998820000691e-01,5.256735588577231555e-01
1.244829058649999931e+00,9.185303898266585776e-01
8.381230235100001202e-01,1.109036615603021581e+00
9.245989918709998090e-01,8.867780991309701655e-01
8.131660223010001021e-01,8.500473590254895573e-01
1.003061056139999963e+00,9.170412148470279412e-01
8.752340078350000496e-01,1.119447980306410573e+00
7.991399765009998823e-01,8.129217109868303037e-01
8.812961578369999938e-01,8.493517625644532165e-01
1.063080191609999892e+00,9.924994252628438485e-01
9.057049751279999672e-01,1.037120164806105471e+00
6.909559965129999926e-01,8.822860294314203156e-01
1.355970025060000195e+00,7.708170588257291511e-01
7.572399973869999856e-01,1.272784669690414594e+00
2.043754577640000125e+00,8.398582859982494098e-01
8.576130270960000690e-01,1.672821596799442645e+00
2.364957094190000220e+00,8.453299980560831095e-01
4.179231166840000178e+00,2.104343771879097602e+00
2.233561992649999883e+00,3.127287913509832151e+00
8.013390302660000630e-01,1.931892023747295850e+00
8.372840285299999463e-01,1.144920584973960542e+00
8.851529955859999133e-01,1.528257308840708539e+00
9.040349721909999303e-01,1.588374476560375115e+00
1.302939534190000082e+00,7.583783740611401702e-01
7.228699922560000157e-01,9.179349285117598400e-01
8.009120225910000279e-01,1.077816649202437249e+00
1.032919287679999965e+00,9.689747247650289941e-01
1.321628212929999879e+00,8.328649689000759970e-01
9.367759823799999275e-01,1.141401230309133874e+00
7.007700204850000336e-01,8.714102521532104406e-01
7.624319791789999634e-01,8.159023134204049787e-01
1.144938945770000105e+00,9.812547379470216713e-01
7.721610069269999599e-01,1.129529407424933796e+00
8.772150278090000697e-01,7.229685076950277400e-01
1.243505001070000171e+00,8.830443926469815352e-01
6.381840109830000385e-01,1.218048427131146250e+00
7.468199729919999807e-01,7.868705771604126431e-01
6.839929819109999976e-01,7.701327113977587402e-01
1.419505119320000119e+00,7.831433736940291990e-01
6.141470074649999500e-01,1.352855880299684177e+00
7.347676754000000976e-01,6.071626813788603139e-01
6.770560145379999062e-01,7.978216620092498657e-01
1.074026942249999950e+00,8.624472830706413351e-01
6.156389713290000287e-01,1.098233972645406675e+00
9.692379832269999440e-01,5.772287430375593331e-01
9.916120171550001361e-01,9.331446973928009259e-01
8.089560270310000023e-01,1.046846721423260851e+00
2.435143947599999859e+00,8.796258563367671535e-01
8.223479986189999869e-01,1.856098678070287056e+00
5.938220024110000272e-01,8.402355587856930041e-01
5.762249827380000466e-01,8.854904976865658472e-01
4.224239885809999429e-01,8.398928513019568998e-01
6.765879988670000511e-01,8.584158391632695784e-01
5.520349740979999531e-01,6.283215202640609620e-01
9.015229940410001142e-01,4.767620870528512800e-01
7.489960193629999763e-01,1.017180619773880634e+00
8.627583980560000754e-01,7.412760594851001139e-01
9.480749964710000199e-01,7.543527253004189692e-01
1.055613875389999956e+00,9.091175600896957976e-01
1.970020055770000278e+00,1.025201652879088599e+00
9.391199946399999554e-01,1.629163656467009336e+00
1.009042978289999892e+00,9.296824218500058246e-01
7.824029922490001177e-01,1.131047130701589243e+00
1.016265034679999957e+00,9.961111929937142007e-01
8.782749772069999850e-01,1.185434375405332919e+00
7.353619933130000064e-01,8.284126392640152048e-01
1.109990954399999952e+00,7.812505052533470495e-01
7.727199792860000027e-01,1.166672182863277785e+00
1.164981961250000086e+00,8.364495104818282512e-01
7.157210111620000426e-01,1.033079757356513806e+00
1.475479006770000101e+00,7.582540661334797871e-01
8.354520201680000202e-01,1.379816221071897386e+00
7.344660162930000125e-01,8.522093573085691709e-01
7.861927747729999805e-01,8.579621696967676403e-01
1.143465042110000107e+00,8.934352982146323008e-01
9.246990084650000830e-01,1.171091786361839082e+00
2.958764553069999970e+00,8.719398286641308893e-01
2.138324022289999959e+00,2.241192902492787020e+00
2.038712024690000124e+00,1.736250116586968373e+00
1.480209946629999829e+00,1.855082051409259858e+00
9.367650747299998137e-01,1.505195387030965781e+00
1.715939760209999942e+00,1.478780382949880901e+00
1.001402020450000041e+00,1.698214093803729119e+00
8.896229863169999863e-01,9.899922587799588891e-01
7.492939829829999843e-01,1.110043870453682135e+00
1.115183949470000213e+00,9.396400467856403926e-01
9.457820057870001129e-01,1.172927699413647940e+00
6.452180147170000213e-01,8.637073911039635510e-01
1.164842009540000056e+00,6.179688622755067362e-01
1.244351029399999975e+00,1.156418101105597396e+00
9.045109748840000075e-01,1.188236155527439664e+00
5.575259923929999362e-01,8.473065523884556471e-01
5.778343677520000332e-01,6.670944797868323395e-01
7.199835777280000348e-01,8.563630311437036013e-01
7.607790231700000128e-01,8.641999858232167764e-01
5.404400229450000426e-01,6.918231679951892810e-01
8.009672760959999360e-01,5.935693402846037303e-01
7.710149884220000027e-01,8.775266448395339092e-01
6.709719896319999988e-01,8.061064240155454419e-01
2.768970489500000021e+00,6.850018920045041204e-01
3.086133003230000060e+00,2.090231151201893400e+00
1.116358041760000086e+00,2.311297469093831047e+00
1.018260955809999979e+00,1.107104199275154244e+00
7.442610263819999794e-01,1.310286155875591385e+00
1.114386796949999869e+00,1.425151576489974259e+00
1.380516409870000238e+00,1.341506420950920431e+00
1.229098439219999950e+00,9.404598490427767965e-01
1.573238968849999919e+00,1.206074704163867528e+00
1.245597958560000107e+00,1.621331562480953448e+00
8.298619985580000247e-01,1.143797102708653979e+00
5.376980304720000436e-01,8.879635504823871761e-01
8.593800067899999284e-01,7.543020289751258822e-01
7.949647903440000274e-01,1.019629426716675447e+00
8.122889995569999577e-01,8.693936407023997726e-01
1.209460973739999945e+00,7.661823679451056357e-01
1.043611049649999956e+00,1.085050959192805253e+00
9.914460182190000248e-01,1.035802494168803101e+00
1.377645969390000058e+00,9.459983543670124062e-01
7.495359778399999229e-01,1.214038406014673832e+00
7.549669742579999676e-01,8.999916285592517440e-01
8.522210121150000095e-01,8.976739326554503684e-01
1.312628030780000010e+00,9.186236354261398951e-01
9.499999880790001017e-01,1.283863498520587010e+00
8.433979749680000637e-01,8.715121494086655041e-01
6.329939961430000039e-01,8.570798662239603738e-01
6.848490238189999246e-01,8.586597301461432741e-01
8.296039700509999504e-01,8.570729529804809177e-01
1.117776036259999994e+00,7.889696468747532387e-01
1.060515046120000138e+00,9.956966912355340593e-01
9.966710209849999336e-01,1.008706214395303613e+00
6.726049780850000825e-01,9.903426897970247778e-01
8.499810099600000335e-01,7.962563084336496955e-01
7.929700016980000266e-01,9.511034095431585289e-01
7.509549856190000927e-01,8.455866252702732844e-01
9.556260704989999466e-01,8.050761565970573352e-01
6.085839867589999397e-01,9.386129814542096828e-01
7.782499790189999489e-01,7.386951506346748353e-01
5.098140239720000411e-01,8.413564591759188360e-01
6.364319920540000286e-01,6.102201394588077088e-01
6.015599966049999248e-01,7.462054964117716960e-01
6.556333899499999784e-01,6.581378345959461029e-01
6.385549902920000243e-01,7.054258038048827339e-01
8.762890100480000832e-01,6.907790139486381653e-01
7.967479825020000739e-01,8.470186049088065383e-01
6.824830174449999509e-01,7.942822182051177959e-01
8.025500178340000401e-01,7.359822913029491209e-01
7.950311899190000142e-01,8.369569200193457403e-01
1.584897041320000088e+00,8.651654621505757703e-01
1.017485976220000143e+00,1.349131872746123006e+00
9.177780151369999695e-01,9.253302128181826181e-01
1.230221033100000083e+00,9.971808053236204117e-01
1.027899026870000121e+00,1.239241635138449205e+00
9.125559926030000213e-01,1.124127644702921591e+00
7.935979962350000472e-01,9.176078162248063608e-01
1.030437946320000187e+00,8.540554305206867758e-01
5.325379967690000438e-01,1.164707943328611606e+00
6.127780079839999505e-01,6.848627011420546085e-01
8.741289973260000234e-01,6.733389687712126870e-01
3.667230010029999820e-01,9.101670895081301893e-01
7.391750216480000857e-01,5.616185833248131809e-01
5.604230165479999748e-01,7.187309381342470438e-01
7.758178114889999755e-01,6.230696224037884923e-01
8.102909922600001202e-01,8.479173862509964410e-01
6.437510252000000488e-01,7.253907691904460942e-01
7.236457467079999706e-01,6.968897569229869360e-01
9.113870263100001257e-01,8.142335718775787212e-01
6.627830266949999993e-01,8.937813489372247178e-01
1.002035975460000117e+00,7.318202019827091398e-01
8.224419951440000709e-01,9.591224650276384267e-01
1.030576944350000135e+00,8.526264540163628336e-01
6.781139969830000114e-01,1.047382107202185386e+00
5.333459973340000104e-01,7.300348006175557680e-01
3.209959864620000047e-01,7.199633730396609588e-01
7.608630061149999069e-01,5.705042244372749982e-01
7.439860105509998878e-01,8.172535448871017794e-01
5.468400120740000148e-01,7.152952311655230710e-01
7.004669904709999173e-01,5.838548094819288048e-01
8.356525897980000561e-01,7.375678388886522940e-01
1.274258971210000091e+00,8.814232196897004989e-01
8.934450149539999719e-01,1.095492657970287498e+00
6.211659908290000365e-01,7.952342669331491365e-01
7.900159955019999680e-01,7.826315928659002275e-01
1.067494988440000014e+00,9.594926562162152672e-01
6.698009967800000464e-01,1.075456029502884103e+00
1.265694975850000015e+00,6.893209568844822499e-01
6.380620002750000408e-01,1.128233421540704606e+00
9.348030090330000652e-01,8.042194224265762914e-01
8.006410002709999363e-01,1.020505200083336117e+00
1.085708975790000030e+00,7.751090191006365648e-01
3.527039885520000251e-01,1.091434894355779006e+00
5.883709788319999578e-01,5.316085635994315384e-01
4.875420033929999120e-01,7.329616504246500019e-01
4.636880159380000199e-01,6.753633559341422066e-01
3.637039959430000136e-01,5.993443732531978929e-01
8.750243186949999696e-01,4.041098051975471339e-01
6.435279846190000708e-01,8.477151344519684439e-01
4.834130108360000233e-01,6.842861040259020644e-01
2.120890021319999930e-01,5.290847441278604402e-01
4.560469985010000560e-01,3.950038723383401673e-01
4.367910027499999903e-01,6.691288617445598774e-01
7.238804101939999569e-01,5.112817595341383470e-01
5.560690164570000205e-01,6.467335852778722805e-01
4.748429954049999679e-01,5.905175620723699392e-01
2.674640119080000100e-01,6.183644108221004743e-01
9.588437080380001198e-01,4.426896241288952871e-01
7.868980169300000549e-01,9.055528673190883504e-01
1.794360995290000149e+00,7.261627332353717268e-01
1.337677955630000026e+00,1.436009782593789863e+00
1.210453987120000185e+00,1.143761979930170591e+00
5.654799938200000264e-01,1.259905889638218701e+00
4.008429944520000565e-01,8.015693278560652724e-01
2.727654874320000200e-01,7.968255040305949333e-01
5.836449861529999783e-01,5.837006742592608655e-01
8.533802628519999711e-01,6.614490842557778638e-01
8.660610318179999823e-01,7.944299870508902961e-01
1.158349990839999899e+00,7.962033699901402972e-01
7.764859795569999390e-01,9.895461611908153987e-01
1.068807005880000105e+00,7.917526675589234841e-01
5.888479948040000744e-01,1.040020852485655789e+00
1.588868498799999918e+00,7.068403135000657089e-01
4.327859878540000205e-01,1.456008626636546399e+00
3.996030092239999942e-01,5.852716211743861363e-01
5.545349717140000134e-01,6.720775615685236071e-01
6.221979856490000849e-01,7.313029087776110604e-01
1.149551987649999996e+00,7.958580656826148569e-01
1.121260046960000034e+00,9.019304412044073516e-01
9.776459932329999436e-01,8.916240128745680504e-01
1.732741951940000025e+00,1.037626954755988873e+00
2.302707910540000125e+00,1.501097069827787900e+00
1.053477048870000043e+00,1.837358643057778629e+00
7.962800264360000435e-01,1.070665743020072114e+00
5.203329920770000117e-01,1.028007028222093666e+00
6.104800105090000262e-01,1.019876210182636411e+00
4.453057944770000276e-01,9.665103926841280835e-01
6.522138714790000069e-01,4.413578507047635213e-01
1.175541162490000069e+00,6.763079982857499450e-01
1.032202124599999937e+00,1.139794469106342190e+00
7.193930149079998948e-01,8.869668737942010273e-01
8.200139999390000378e-01,6.597676185470915389e-01
9.497330188750000568e-01,8.829353311087145828e-01
1.039114952089999822e+00,1.038760046547463789e+00
5.883830189700000046e-01,9.829304117649926287e-01
9.508559703829998488e-01,6.436962388924705181e-01
5.277600288389999728e-01,1.048371796096364328e+00
7.736063003540000205e-01,7.317026253748615261e-01
9.703559875489998765e-01,8.125833421381599697e-01
1.383889913560000018e+00,8.696135353256801981e-01
7.795230150220000542e-01,1.243441075732128365e+00
6.069999933240000090e-01,7.917316481518021920e-01
4.660570025440000097e-01,7.490104189294423120e-01
9.455270171170000459e-01,7.392676917472967846e-01
6.238729953770000280e-01,1.006521385036835747e+00
3.923240005969999555e-01,5.955902361044790316e-01
5.156549811360000568e-01,5.225577695740969419e-01
9.679385423660000765e-01,7.012320115539405485e-01
1.356565952299999989e+00,9.662423413287560825e-01
9.072690010070000310e-01,1.050625707952102639e+00
8.162760138510000152e-01,7.716206599037629399e-01
2.479866981509999846e+00,9.359537645446645016e-01
1.133080005649999888e+00,2.115556240958434753e+00
1.045583963389999926e+00,1.049836901474297868e+00
8.474370241169999485e-01,1.053451998149477653e+00
1.536522984499999911e+00,1.076582105057306338e+00
9.008989930149998715e-01,1.750515181369081796e+00
4.812009930610000596e-01,8.147106223013558246e-01
8.572540283199999722e-01,5.473221703746836697e-01
8.617479801180000232e-01,1.124190844281253376e+00
1.008694052699999899e+00,1.008598898301424462e+00
1.127727031710000105e+00,8.077888366068792791e-01
7.795569896699999779e-01,9.295744120614839456e-01
9.895502924920001053e-01,9.334149255677023360e-01
8.363329768179998958e-01,1.044102930593428846e+00
9.099559783939998869e-01,8.298823980007008494e-01
5.511059761050000061e-01,9.579641838438262003e-01
1.239764332770000088e+00,6.786622793860482838e-01
1.211838960649999963e+00,1.187849416588662610e+00
1.379981994630000042e+00,1.111662146587282463e+00
1.148460984229999982e+00,1.198404220561554379e+00
7.663900256160000035e-01,1.067197497278143725e+00
9.660840034479999394e-01,9.874086258644780845e-01
8.156750202179999798e-01,1.085126456548459073e+00
1.142272949220000111e+00,8.847293745119485520e-01
1.299479961400000105e+00,1.099757920965120483e+00
8.583310246469999516e-01,1.166276682008492660e+00
7.149469852449999996e-01,9.284666323031998125e-01
8.764400482179999230e-01,8.537664190420861665e-01
8.305460214609999836e-01,9.539916496335077989e-01
8.535240292550000385e-01,9.069848157887624440e-01
9.092410206789999227e-01,8.186407604516231507e-01
5.202720165249999917e-01,8.965214173065141345e-01
7.411040067669999454e-01,7.312228738700177200e-01
5.853319764140000325e-01,8.119253834052380103e-01
5.047770142559999673e-01,6.511713430909059630e-01
5.519493222240000607e-01,6.375095382453602744e-01
9.697520136830000137e-01,6.155638496176112362e-01
1.116515994070000017e+00,9.274651762333464555e-01
1.049844980239999837e+00,9.891291375152729826e-01
6.342629790310000404e-01,9.152256416668343997e-01
5.644329786300000817e-01,7.458251446254416939e-01
9.184709787370000100e-01,8.105884482854891493e-01
9.593539834020000656e-01,9.705553693144247651e-01
5.984159708020000412e-01,9.000277114192500871e-01
9.383450150489999197e-01,6.541451990009283790e-01
4.542250037189999867e-01,9.764983398015457672e-01
7.079470157619999204e-01,6.790222136111582207e-01
3.876500129699999575e-01,7.721711132735875616e-01
4.484339952470000057e-01,4.636412547110156934e-01
8.405709862710000202e-01,6.394862412961200837e-01
5.337110161779999862e-01,8.173921838531840178e-01
7.211350202559999589e-01,5.699067813329551369e-01
5.215386152269999576e-01,7.280564814937363627e-01
7.050759792330000275e-01,6.031386237018097063e-01
6.405649781229999506e-01,8.001687038127330842e-01
5.168589949609999623e-01,6.623468912105275885e-01
1.660409450529999997e+00,5.997121178816491316e-01
2.465307950970000217e+00,1.414803337768499425e+00
1.622156023979999917e+00,1.887881389297345613e+00
1.866270065310000170e+00,1.338067968410765918e+00
3.623536109919999415e+00,1.697368330440794937e+00
7.948709726329999947e-01,3.129252692789970869e+00
9.065989851950000400e-01,1.119185981634665428e+00
8.571879863740000660e-01,1.140584396206907325e+00
7.756379842759999477e-01,1.295027896200387829e+00
7.006700038909999817e-01,1.374317236452790914e+00
6.443409919740000769e-01,5.129093949966649912e-01
7.579550147059999077e-01,5.851089768839458083e-01
5.499600172040000068e-01,1.075530917541893672e+00
4.964669942859999408e-01,5.757887131296032246e-01
1.367677569390000070e+00,4.412633934646801870e-01
1.397894024850000250e+00,1.196220960154252833e+00
8.148130178450000427e-01,1.166883572525557078e+00
1.278898954390000009e+00,7.894995421620116804e-01
8.623980283740000363e-01,1.220588821995900242e+00
1.093865990639999897e+00,1.072991150419412731e+00
8.134710192680000285e-01,1.123680424860896698e+00
1.466687083240000078e+00,7.767115733983890324e-01
9.060310125349999577e-01,1.442030767418888360e+00
7.652140259739999006e-01,9.716324425623719119e-01
1.311033964160000176e+00,8.365982767927122588e-01
7.892500162119999718e-01,1.241334135222929236e+00
1.474902033810000068e+00,9.229150953793373580e-01
9.167850017550001063e-01,1.275859680945722774e+00
1.186140060420000086e+00,8.839833634362695980e-01
1.411391973500000008e+00,1.277813812472974098e+00
2.092472076419999993e+00,1.273689388696683134e+00
7.189220190049999681e-01,1.748682728819604959e+00
1.301861047739999888e+00,8.316500510259053902e-01
1.268974781040000055e+00,1.351416944575937640e+00
1.221997022629999874e+00,1.365907373306471717e+00
9.061110019680000960e-01,1.284257035986945628e+00
1.078873991970000112e+00,8.085445104316778542e-01
1.028025031089999874e+00,1.174302309594458027e+00
7.863690257070000689e-01,1.191410054831621768e+00
1.276852965350000035e+00,7.991515714713014473e-01
7.093420028689999546e-01,1.117499085356846278e+00
5.201929807659999572e-01,8.553374241285128798e-01
5.645610094070000473e-01,7.118280320415292239e-01
9.855200052259999177e-01,6.800816724110648748e-01
1.092841982840000004e+00,1.013315208307834503e+00
4.786899983879999709e-01,9.398617217347229325e-01
3.955059945579999514e-01,5.129512364897623744e-01
1.850703001020000071e+00,6.555332155548279083e-01
1.195796012879999815e+00,1.621383924806024446e+00
1.702510833739999896e+00,9.803045737950910610e-01
2.998351097109999586e+00,1.346319064357073048e+00
2.407080888749999925e+00,2.407488476423921053e+00
2.585943937299999718e+00,2.222055479172586612e+00
2.233839035029999920e+00,2.172166659566339586e+00
1.655773043629999997e+00,2.078122403582603805e+00
1.430611014370000156e+00,2.081603630626084556e+00
8.921740055079999676e-01,1.612319579066846087e+00
1.231696963309999893e+00,1.140140249254053995e+00
8.955079913140001624e-01,1.461149823000912562e+00
1.602033019070000064e+00,9.860811734644664428e-01
1.585399031639999956e+00,1.395075620357928869e+00
1.232059955600000034e+00,1.335288107261497936e+00
1.210371017459999976e+00,1.158934767251806885e+00
1.242141008379999967e+00,1.177275732600651548e+00
9.857040047650000858e-01,1.282134480153637623e+00
7.289689779279999726e-01,1.082778908289327102e+00
6.761519908910000876e-01,8.177755498286969349e-01
1.071573019029999907e+00,8.646595125944278593e-01
9.457439780239998983e-01,1.132044542881510463e+00
4.376370012759999706e-01,8.689727198628801608e-01
5.141820311550000522e-01,5.378171073225027632e-01
3.387190103530000052e-01,6.986327328514481128e-01
7.144280076029999593e-01,5.941471388336241333e-01
4.996199905870000180e-01,7.131351316848760780e-01
7.917379736899999854e-01,4.640827173572609765e-01
8.646243214609999894e-01,8.018819803042833705e-01
6.024960279459999901e-01,8.465638760850549005e-01
1.260069966320000123e+00,6.597071633104577559e-01
1.012339949610000067e+00,1.099777684325489391e+00
1.004528999329999950e+00,9.631821080699568549e-01
6.310235261919999727e-01,1.023997670559336326e+00
1.141221046449999887e+00,7.462305906017795420e-01
5.426099896430000014e-01,1.213145778768506711e+00
8.547459840769999762e-01,7.045657586178328824e-01
7.744219899179999311e-01,8.591635116001268280e-01
3.084340095520000102e-01,8.270534331887812174e-01
8.376209735870000506e-01,5.919895333287865657e-01
7.293469905850000767e-01,8.151035217617483841e-01
7.503905892370000830e-01,7.318928866183100901e-01
1.134822010990000019e+00,7.920642120689571630e-01
1.614240050320000064e+00,9.594514151268314084e-01
1.244793057440000128e+00,1.390351398707412534e+00
7.141630053519999466e-01,1.151927489847275554e+00
7.293040156360000026e-01,7.964970062885243784e-01
6.486989855770000091e-01,9.925421522037519706e-01
3.427990078929999962e-01,9.272967378135528183e-01
3.861860036850000011e-01,5.061502805435894592e-01
6.366299986840000535e-01,5.039092440696733011e-01
3.990480005740000280e-01,7.631914852199054300e-01
4.178859889509999870e-01,5.200543285818945982e-01
1.103790521619999909e+00,4.241077706570229311e-01
6.956189870829999622e-01,9.491627999678368122e-01
8.070139884950000564e-01,7.167968950073941858e-01
5.947690010070000310e-01,7.557470371413823607e-01
1.107607960700000005e+00,6.763284761614518636e-01
9.713580012320000012e-01,1.173053928798614143e+00
7.170349955560000321e-01,8.919101225177963332e-01
6.764810085300000386e-01,7.410493033128241480e-01
1.687772989270000190e+00,8.430100521941550351e-01
9.907569885250000485e-01,1.536572865905501351e+00
8.082039952280000161e-01,9.083609058921138235e-01
1.087718963619999979e+00,8.233379242371389184e-01
1.564818024639999861e+00,1.150824715123381470e+00
6.673809885979999912e-01,1.561847713444105779e+00
1.256489992140000123e+00,6.753328128220571491e-01
1.091886043549999963e+00,1.138500795066738513e+00
7.375509738919999725e-01,1.231780450708375385e+00
6.224380135540000802e-01,9.394513230698569028e-01
8.364729881290000613e-01,6.260181551231597252e-01
5.774260163309999916e-01,9.609091899603710019e-01
1.015761017800000054e+00,7.774544650328636397e-01
1.106158971790000001e+00,8.724418508624799395e-01
6.945540308949998964e-01,9.759110052582157246e-01
1.130903959270000092e+00,8.179428079955236575e-01
9.518219828609999489e-01,1.037292359514293771e+00
7.524570226669999862e-01,9.677581781118160809e-01
5.585229992869999993e-01,8.723689472648029630e-01
1.415836334229999771e+00,6.578660412306795990e-01
1.855298042299999839e+00,1.343379427024022910e+00
7.845479845999999702e-01,1.545250083843151545e+00
8.210539817810000862e-01,7.349324680750816130e-01
5.835890173909999978e-01,9.652234347817348903e-01
8.359720110889999889e-01,9.648354925031706886e-01
2.184663057329999880e+00,9.857066449428117938e-01
6.805480122570000123e-01,1.571245813793521462e+00
1.238904953000000031e+00,6.969947497880736309e-01
1.030328035349999949e+00,1.335097433716115001e+00
7.914109826090000022e-01,1.092296640178999079e+00
8.423720002169999832e-01,1.021278501299224928e+00
4.464710056780000769e-01,7.622306143983996751e-01
5.589337944979999584e-01,6.311810939494736372e-01
7.099329829220000221e-01,8.775249524237331844e-01
7.334340214730000751e-01,7.029527843175956692e-01
7.833399772640000647e-01,6.938284884814248654e-01
8.426809906959999985e-01,7.695030860136460316e-01
1.099761009220000085e+00,8.100816971454941617e-01
8.706315755840000614e-01,1.045010402556762141e+00
5.862460136410000411e-01,8.494479504214706989e-01
8.863990306849999223e-01,7.025499663891848767e-01
1.019399046900000050e+00,9.743733644261443061e-01
8.493610024450000129e-01,1.034704496150491426e+00
1.010666966439999870e+00,8.353632848069497685e-01
1.331516027449999973e+00,9.510047299323158843e-01
1.215008974079999859e+00,1.276562282932834025e+00
1.645591020579999952e+00,1.161822158288260409e+00
9.708780050280000351e-01,1.383263015068472823e+00
1.411272048950000135e+00,1.030815942215000058e+00
7.953929901119999313e-01,1.457474347304090978e+00
1.046331048010000098e+00,9.264532964098030066e-01
8.879339694979999642e-01,1.149954127440995677e+00
8.349300026890000836e-01,9.380547515051248508e-01
9.847199916839999290e-01,9.443745511482939392e-01
1.090394020079999970e+00,9.850240470023361450e-01
4.901649951929999416e-01,1.029188768401392950e+00
6.141669750209999279e-01,6.478316879664196559e-01
6.314740180969999894e-01,7.394391502918679082e-01
8.252440094949999860e-01,7.547896683979785637e-01
1.051450967789999913e+00,8.588797248018118502e-01
1.047114968300000060e+00,8.688032028460314082e-01
3.921430110930000379e-01,9.698839888136027154e-01
4.695149958129999912e-01,6.204319798935347130e-01
7.720900177959999500e-01,6.662975913119664195e-01
7.520099878309999264e-01,8.437893823009826599e-01
6.877393722529999698e-01,7.655328529481761901e-01
6.718119978899999012e-01,6.390820341201157717e-01
1.185933232310000029e+00,7.586566793952042032e-01
6.571980118750000432e-01,1.163042671293913477e+00
8.213180303569999063e-01,6.619288210135654271e-01
7.795739769939998842e-01,8.075263157740650843e-01
1.030122995379999962e+00,8.767944720494315058e-01
6.211889982220000217e-01,1.085196928588751275e+00
8.660820126530001106e-01,6.533072268335236021e-01
9.608931541439998947e-01,8.883554654087286728e-01
6.760399937630000577e-01,1.011866363350854447e+00
7.402380108830000083e-01,7.705665108197372604e-01
5.984709858890000511e-01,7.500607692733318732e-01
6.151059865950000427e-01,7.398270962979979215e-01
9.358735680580000382e-01,7.671484890120766620e-01
5.818247795100000008e-01,8.580232878275748654e-01
7.156659960750000327e-01,6.393603560031611011e-01
6.529520154000000298e-01,7.928386880233050382e-01
9.700022935870000751e-01,7.174585118741596546e-01
7.834500074390000623e-01,9.644211376842315442e-01
7.448130249979999506e-01,7.519092931329364182e-01
8.276180028919999376e-01,7.822915503160629003e-01
8.943400979040000420e-01,9.048343855305568395e-01
2.505017042159999985e+00,9.331401886467511897e-01
1.620712041850000062e+00,1.940323347272184140e+00
1.417585968970000110e+00,1.307630846850760920e+00
1.049872040749999957e+00,1.389375705740420130e+00
1.226507544519999993e+00,1.250650637235929841e+00
1.043179035189999881e+00,1.515289574754905333e+00
9.694439768789999690e-01,1.055785752586928306e+00
8.192250132559999454e-01,9.396384907979152823e-01
8.129550218580000598e-01,1.035614889051371890e+00
6.712080240250000163e-01,9.815753047921211838e-01
5.289899706839999993e-01,7.204958627305370067e-01
3.461930155749999849e-01,6.225893446664295672e-01
4.789490103719999947e-01,5.244324392142570845e-01
1.153810977940000093e+00,6.140247493875629070e-01
9.671270251270001062e-01,9.887426737832574197e-01
7.845839858059999727e-01,8.141672963103118166e-01
4.701859951020000428e-01,7.579458448191546127e-01
5.632782578470000301e-01,6.603627448656947951e-01
2.416239976880000528e-01,8.021797045138104876e-01
2.709859907630000064e-01,4.339401279900856889e-01
1.994680017229999991e-01,4.059337681953002486e-01
1.327169984580000017e-01,4.079018004805152198e-01
4.732620120049999546e-01,3.591585309929649639e-01
6.585559844969999244e-01,4.731147679349487212e-01
9.621880054470001165e-01,5.735672646046432455e-01
5.111979842189999790e-01,8.123008114427826554e-01
9.829789996150001263e-01,5.320258739115378832e-01
9.100099802019999684e-01,9.723122100198353657e-01
1.026576042179999870e+00,9.251987276229118873e-01
8.309389948840000262e-01,9.983401659937178874e-01
9.651920199390001676e-01,8.344571625800387693e-01
1.000543951989999902e+00,1.062283145355487068e+00
1.983185052870000131e+00,1.056728578599620105e+00
1.274855017659999978e+00,1.632053746459721566e+00
1.286525964740000028e+00,1.127563509739439418e+00
1.382244944570000245e+00,1.297291311900198751e+00
1.736924052240000016e+00,1.398399652213283550e+00
1.257668018339999971e+00,1.698577022740843878e+00
7.533379793170000838e-01,1.164938680448707187e+00
1.084908962249999886e+00,9.060524378983352278e-01
1.062494039539999990e+00,1.312636604342573010e+00
7.787629961969999570e-01,1.164254217341926356e+00
8.256469964979999965e-01,7.635316624193932977e-01
9.891830086709999525e-01,8.298410858638852750e-01
1.418092012410000047e+00,1.085684122561834553e+00
1.151677966120000063e+00,1.270857490537903978e+00
1.250364065170000094e+00,9.471290253163792139e-01
8.794019818310000458e-01,1.178444046941472090e+00
1.089423060420000144e+00,1.030982999212563644e+00
1.809062957759999701e+00,1.163886567410537198e+00
8.687390089040000207e-01,1.529483758674528682e+00
8.521729707719999380e-01,9.050490241319211204e-01
1.307837963100000112e+00,9.931857034815502194e-01
1.262575984000000151e+00,1.327099574379630109e+00
7.601559758189999627e-01,1.285816954338810270e+00
1.069887042049999959e+00,7.241706947568045116e-01
8.579840064049999437e-01,1.047707034327390652e+00
1.149323940279999956e+00,1.101443832832403213e+00
1.067142963410000034e+00,1.099420867006098312e+00
7.400619983670000401e-01,8.904127380839512718e-01
6.799880266190000411e-01,8.948938463061668624e-01
7.323921322820000634e-01,8.564170831236567194e-01
8.352749943730000126e-01,8.225315655647875701e-01
6.000829935070000065e-01,8.609444142708316816e-01
1.010563969610000168e+00,6.424041922814677230e-01
7.613970041280000434e-01,9.708473824212991987e-01
7.260069847110000030e-01,8.251117158692088394e-01
1.064324021340000037e+00,7.747777640023008061e-01
5.901079773899998715e-01,9.721943101114381980e-01
7.744659781460000447e-01,7.318328392354419565e-01
7.406870126719998781e-01,8.430918076442220910e-01
8.908360004430001533e-01,7.761443411566655293e-01
7.620100975040000613e-01,9.556363698648565608e-01
7.774500250820000069e-01,7.594742314577972442e-01
5.811070203779999943e-01,8.022153187697300680e-01
7.908779978749999051e-01,7.426712447429888453e-01
8.903719782829999652e-01,8.417173110297766492e-01
7.882059812549999656e-01,8.506735041172894807e-01
7.301949858670000459e-01,8.078370749392781436e-01
9.248933196070000529e-01,7.796243335212305059e-01
1.265586972239999941e+00,9.546876269183551811e-01
7.884140014650000694e-01,1.158552483792376409e+00
9.180610179899999501e-01,7.847684693114237442e-01
6.569269895549999516e-01,9.513274480158958601e-01
8.252680301670000107e-01,8.457979573005497409e-01
4.257229864599999525e-01,9.434128593300197263e-01
9.114630222319999309e-01,5.306954397756498132e-01
7.238519787790000937e-01,9.238506215426128820e-01
9.657319784160000031e-01,7.854015093362201050e-01
7.194200158119999911e-01,9.193628595757656896e-01
7.146480083470000411e-01,7.109293843353573505e-01
6.188799738879999790e-01,8.273545717330171856e-01
8.502969741820000094e-01,7.323431056199705136e-01
6.113014817240000065e-01,8.638426271951785695e-01
8.405809998509999881e-01,6.803035414315836693e-01
5.909900069240000553e-01,8.600517049036442430e-01
1.191807866100000002e+00,6.862270081859956905e-01
1.072478055950000009e+00,1.117893160268045083e+00
7.976800203319999172e-01,9.474780623234190235e-01
7.140370011329999489e-01,8.406688552126521108e-01
8.885610103609999921e-01,8.302799903494166855e-01
7.367290258409999737e-01,1.008781108238227420e+00
9.655410051350000744e-01,8.159482342269067656e-01
8.569459915160000385e-01,8.907960281578257700e-01
5.838339924809999859e-01,8.870306052855427836e-01
3.047562122340000457e+00,7.687668991404924546e-01
8.865389823909999301e-01,2.324014153633913171e+00
1.186460971829999878e+00,8.005770305271344700e-01
8.750730156899999557e-01,1.241944912644492804e+00
1.111973047260000014e+00,1.068682350982020024e+00
6.929270029070000447e-01,1.501758771078532728e+00
5.632749795910000357e-01,6.445242840175673393e-01
5.519689917560000048e-01,5.953373894534395028e-01
9.211350083349998386e-01,9.359821715783549489e-01
5.465030074119999748e-01,9.454872061294502528e-01
9.997850060459999577e-01,4.749038464877344268e-01
7.512239813800000166e-01,9.151737588031095827e-01
8.402569890019999654e-01,7.889789596962635265e-01
7.843149900439999600e-01,8.962590183841047109e-01
5.915480256080000165e-01,7.594112299333243277e-01
6.109840273859999948e-01,7.320291107609196990e-01
9.328789710999999540e-01,7.486005523253800309e-01
7.992020249369999885e-01,9.081805159562749141e-01
9.833549857140000405e-01,8.106057414368477154e-01
5.405290126799999761e-01,9.265698915466461516e-01
1.093670010570000128e+00,6.545605686609322627e-01
9.266330003740002041e-01,1.113878170619269081e+00
7.972419857979999858e-01,8.875783022644370135e-01
5.896059870719999596e-01,8.312203045223730546e-01
7.799540162090000672e-01,7.118772031922642185e-01
5.182790160179999717e-01,9.259306441789979525e-01
7.263879776000000676e-01,6.648857389732280021e-01
6.216366887090000182e-01,7.194882581607489058e-01
8.810679912569999717e-01,6.808605477447399190e-01
7.315016984940000411e-01,9.139705515852277751e-01
9.703850150110000516e-01,7.175288619457392825e-01
8.715350031849999901e-01,9.241897419227900201e-01
5.505740046500000595e-01,8.771732832755250175e-01
2.576299905780000121e-01,6.963425533569451709e-01
6.952109932899999123e-01,5.027847408715543365e-01
3.547430038449999601e-01,8.148039989613935496e-01
1.308350920679999918e+00,5.035527124181442549e-01
1.424710035319999957e+00,1.074690979799034052e+00
2.422243118290000385e+00,1.127535530493600113e+00
1.588093161580000023e+00,1.945329402457844692e+00
2.882889986040000352e+00,1.322211431857122088e+00
1.510810017590000109e+00,2.474895005050949059e+00
5.103110075000000245e-01,1.560153764180160163e+00
6.637499928469999810e-01,1.036644693011450569e+00
5.865659713749999948e-01,1.055071872095640684e+00
9.182999730109998593e-01,1.049715635598656771e+00
1.126363039020000123e+00,9.216741511107828799e-01
9.455379843710000065e-01,8.162127524560887082e-01
7.979699969290000583e-01,9.916551051298641006e-01
8.895260095600000527e-01,8.905758407773495255e-01
5.017459988589999531e-01,8.177903761409955896e-01
7.889080047609999813e-01,6.514196999297335866e-01
5.571460127830000220e-01,8.378575159233897507e-01
8.079270124439998924e-01,6.593343489833936033e-01
7.382910251620000697e-01,8.813952752842758587e-01
6.742079854009999096e-01,7.299439936415020869e-01
8.787713646889999675e-01,7.304501517179651238e-01
7.401880025859999268e-01,8.717168697210169181e-01
8.886500000949999478e-01,7.731532420554534379e-01
7.983270287510000340e-01,8.910148942482191137e-01
5.137799978260000344e-01,8.183262345177745312e-01
7.760372757910000141e-01,6.832196712978962916e-01
8.528280258179999906e-01,8.471498143078478593e-01
7.851629853249999513e-01,8.575990951453135169e-01
8.431609868999999646e-01,8.057875744290164954e-01
1.024798870089999925e+00,8.184749849781485231e-01
8.044279813770001120e-01,1.018803174742683115e+00
8.841310143469999216e-01,8.696029638830508057e-01
3.615649938579999501e-01,8.727787099675696769e-01
1.171491026879999842e+00,5.766283760588800655e-01
4.477910101410000343e-01,1.175191769438818090e+00
7.665730118750000432e-01,5.511325286065080764e-01
7.735599875449999940e-01,8.132084365455709563e-01
1.054823040959999902e+00,7.824463796279182981e-01
7.843300104139999673e-01,1.065790534099159803e+00
1.034250974660000155e+00,7.426796336807388599e-01
1.096979022029999973e+00,9.656480336561461542e-01
7.633029818529999400e-01,1.111216135752702838e+00
5.883730053899999257e-01,8.593788195623416337e-01
6.365630030629999547e-01,6.958407469171159487e-01
5.750700235369999858e-01,8.196941100323446028e-01
5.399640202519999654e-01,7.428299433756340164e-01
1.324671149250000068e+00,5.961069876698387171e-01
8.178460001949999780e-01,1.120560545440674849e+00
6.359609961509999909e-01,8.166666145573944213e-01
8.135920166969999867e-01,7.088087770932072207e-01
9.872140288350000903e-01,8.544837667727909203e-01
9.839289784429998686e-01,1.067972169303587071e+00
5.904790163040000150e-01,9.009422821170328666e-01
8.986790180209999201e-01,6.296083771248279781e-01
6.268000006680000125e-01,1.040738586386255493e+00
6.926850080490000172e-01,7.887444118503790236e-01
5.757049918169999669e-01,7.201375435038578354e-01
6.764680147170000213e-01,6.318433561723301173e-01
8.279470205309999997e-01,7.993987603462218150e-01
6.547859907149999881e-01,8.306059828996510408e-01
1.085815548900000094e+00,6.648654300515587368e-01
8.509550094600001335e-01,1.004376480236814695e+00
8.879359960559999321e-01,8.569025503142596589e-01
6.557850241659999302e-01,9.132807886144324039e-01
6.597809791559999804e-01,7.443616808555805209e-01
8.856279850010000398e-01,8.214990971159636945e-01
7.502999901769999980e-01,9.142874968660201773e-01
9.303160309790000637e-01,7.644634830703921358e-01
7.259460091590000941e-01,9.146152796418440811e-01
7.123904824259998936e-01,7.912407968724209928e-01
9.326570034029998402e-01,8.159626375684836397e-01
6.544970273969999974e-01,9.131885566842761204e-01
4.987269937989999846e-01,7.255408546017559912e-01
9.782410264020000579e-01,6.468562896658437422e-01
5.593240261080000275e-01,9.627043495997668066e-01
8.733990192409999409e-01,6.828571394512223947e-01
6.232500076290000690e-01,8.425657215559186897e-01
6.319249868390000024e-01,6.573254600763344113e-01
8.335350155830000274e-01,8.040332876915542437e-01
8.613430261610000027e-01,8.159646143410506092e-01
1.036013007159999999e+00,8.295204485224620949e-01
6.160370111469999355e-01,9.882804229042598809e-01
9.874529838560001105e-01,6.942654743992745514e-01
6.686739921569999634e-01,1.024018898289623003e+00
6.455339789389999972e-01,7.746245452615831972e-01
1.007030010220000049e+00,7.472926063227640636e-01
7.763000130650000719e-01,9.551551653189391811e-01
9.358490109440000815e-01,8.452088859552001621e-01
6.626719832419999401e-01,9.256594064872524230e-01
1.113351941109999910e+00,7.131998043104400553e-01
5.495319962500000432e-01,1.123431009031704564e+00
9.273632764820001206e-01,6.536073046916875962e-01
8.215330243109999486e-01,9.252755931753383623e-01
9.193540215490000334e-01,8.646644808157092355e-01
6.899859905239998925e-01,9.674024778951976211e-01
6.497738957409999738e-01,7.172800006251143223e-01
9.705049991610000815e-01,7.676865935039649536e-01
8.034440279009998909e-01,9.980734538329105732e-01
8.920990228650002019e-01,8.055742038209398048e-01
7.462270259859999921e-01,8.590450289636605286e-01
1.495407462120000197e+00,8.169728581723735283e-01
7.597569823270000633e-01,1.364960469901896900e+00
9.677280187610000084e-01,7.738253700508916921e-01
1.126011013979999920e+00,9.776312526136927694e-01
7.641419768330000029e-01,1.131845461460337710e+00
1.423818945879999909e+00,9.421485145914056947e-01
8.309190273280000483e-01,1.228109359689766977e+00
5.316870212550000030e-01,8.513133164847164203e-01
6.942920088770000442e-01,8.185656909861520614e-01
1.097100019450000019e+00,8.028747597262481106e-01
8.623710274700000511e-01,1.085084377203801465e+00
9.711959958080000899e-01,8.250633826166058338e-01
7.501904964450000213e-01,8.554092814354352647e-01
5.659890174870000346e-01,8.886373253524594285e-01
7.235890030859999378e-01,7.898990708098769797e-01
1.088876962660000114e+00,7.314384061854595220e-01
2.614549994470000138e-01,1.005640852924742701e+00
1.923168003559999895e-01,4.691922734413296880e-01
2.048390060660000012e-01,4.404223198091528624e-01
3.752999901769999980e-01,4.764443531351515437e-01
1.878910064700000104e-01,5.457878670623730333e-01
4.178839921949999980e-01,1.981452427243953485e-01
6.128349900249999704e-01,4.395436687348452387e-01
4.822100102900000462e-01,6.782365104499996633e-01
8.136649727820000066e-01,5.089980852745268347e-01
8.997989892959999958e-01,6.897661360624456339e-01
7.667459845540000041e-01,8.545915753065608245e-01
6.762999892229999421e-01,8.213415158212289402e-01
9.804093837739999984e-01,7.314318485228236133e-01
1.075533032420000090e+00,1.008878246058081629e+00
6.459739804270000496e-01,1.065704381862139227e+00
7.601699829100000416e-01,7.044794279624501110e-01
8.707180023190000950e-01,8.517405606781808247e-01
1.045557022089999899e+00,9.869847338133682646e-01
4.832339882850000268e-01,1.015123953473372032e+00
1.085988998409999962e+00,5.396169748709074288e-01
7.320979833600000930e-01,1.081999381512710912e+00
7.128990292550000385e-01,8.537989880147853761e-01
1.045389056210000112e+00,7.799808364563683982e-01
7.359200119969999676e-01,9.270941402788311914e-01
8.956930041310000590e-01,8.573817343973514360e-01
8.745509982110000191e-01,9.274404357169390156e-01
9.237470030779999508e-01,8.399813284606049146e-01
9.997780323029999971e-01,9.896567923765755559e-01
1.739534020420000049e+00,9.704512651428133241e-01
8.107889890670000321e-01,1.450282038557795916e+00
7.049050331119999235e-01,8.793676870677225033e-01
8.328269720080000438e-01,8.726141353967304948e-01
8.276600241660000412e-01,9.802573639261644711e-01
8.953109979629999549e-01,1.002061362599570238e+00
1.459501028060000039e+00,8.067894380559158529e-01
1.179519057270000060e+00,1.220756648087076179e+00
1.443411946299999915e+00,1.184774888630929723e+00
1.306735038760000078e+00,1.300045348415295177e+00
7.634999752040000365e-01,1.181299960921038616e+00
1.145148038860000161e+00,9.905999807651645339e-01
7.253450155259999477e-01,1.187351785944670057e+00
7.633590102199999672e-01,8.739128081674241155e-01
6.174820065499999622e-01,9.179938564000058587e-01
1.029322981830000039e+00,6.964291302979924714e-01
1.302055954929999926e+00,1.044455988472304808e+00
3.164124965670000122e+00,1.132927048756728006e+00
9.734439849849999549e-01,2.316842188963977645e+00
1.229671001429999855e+00,9.021563315683512885e-01
7.441530227660000385e-01,1.397246608560051895e+00
1.063034057620000139e+00,1.101907036038415999e+00
1.123872041700000102e+00,1.404262398117101407e+00
8.984770178789999173e-01,9.014547427652688238e-01
7.175139784810000698e-01,8.816338508100912685e-01
5.367509722709999931e-01,1.025544930753749195e+00
1.175443053249999981e+00,7.200227150586911984e-01
1.101048946379999949e+00,1.023853554808882294e+00
5.734490156170000130e-01,9.489155531889593709e-01
1.431144952770000200e+00,6.335717260915934013e-01
1.037794947620000130e+00,1.326113911023175884e+00
6.568620204930000206e-01,1.074076535991918213e+00
1.074908018110000141e+00,7.596459268643794838e-01
1.385972023009999887e+00,9.874900925921695771e-01
1.004804968829999812e+00,1.395311910857191418e+00
1.609539985660000116e+00,1.007054377373118870e+00
2.817575931549999524e+00,1.301724122141241669e+00
1.962562561039999931e+00,2.327278886748370024e+00
1.279752016069999998e+00,1.737693669368492344e+00
1.995329976079999845e+00,1.244680516042525165e+00
2.033385992049999924e+00,2.025502597594714960e+00
1.307443976400000096e+00,2.113527721863540432e+00
1.611258029939999892e+00,1.231425621247699498e+00
2.040218114850000042e+00,1.473707936109820205e+00
2.183244943620000100e+00,2.101362978672051796e+00
1.351415991779999937e+00,1.959098856634910124e+00
7.242180109020001089e-01,1.137316545173822080e+00
1.363389015200000109e+00,1.066238554028468899e+00
1.526808977129999967e+00,1.614754715894766823e+00
1.784019589419999940e+00,1.398816357058826343e+00
1.103597044940000105e+00,1.387862611914741917e+00
1.763007998470000004e+00,1.064104049289098519e+00
1.157549023629999896e+00,1.776941660085840535e+00
1.153326034550000045e+00,1.220937864374241233e+00
2.362811088559999551e+00,1.121456472360822909e+00
2.580787897110000007e+00,1.936161222240418534e+00
1.242146968839999976e+00,2.193372829823243997e+00
1.712821006770000265e+00,1.234396733793076129e+00
6.676509976389999323e-01,1.671150652439263640e+00
8.271329998970000652e-01,1.194862775512740560e+00
9.642647504810000214e-01,1.135950543475786834e+00
1.394161701200000048e+00,8.262797042182283835e-01
7.584049701689999923e-01,1.370253361139000869e+00
6.900759935379999765e-01,8.516121972862640277e-01
6.740249991419999809e-01,7.299766959892886042e-01
8.615220189090000424e-01,8.407698678370653100e-01
7.907469868659999790e-01,9.125880024123012024e-01
7.285000085830000138e-01,6.812308592246626437e-01
2.411980032920000017e-01,7.599300778794098044e-01
3.354600071909999981e-01,5.381057178355986848e-01
5.912460088730000507e-01,5.631948132193361767e-01
1.058426976200000036e+00,6.219863372031906312e-01
7.669919729230000316e-01,9.005846104201113977e-01
5.881239771840000019e-01,6.697515453631529558e-01
5.922303199769999305e-01,6.804031601072160207e-01
8.753510117530000079e-01,7.659531744680744270e-01
7.038279771799998974e-01,9.108631846693207024e-01
5.677499771120000371e-01,6.755747717203283154e-01
7.133870124819999825e-01,6.430377842794414711e-01
1.077505946160000061e+00,8.431045778185797257e-01
6.909419894220000247e-01,1.056546411572331534e+00
7.724580168719999973e-01,6.749952374645822317e-01
7.237120270730000859e-01,7.810994434219201699e-01
9.752489924429997847e-01,8.502286584545207804e-01
9.151769876480000399e-01,1.020778558859774421e+00
7.574009895319999686e-01,8.320641143056882738e-01
6.912069916730000374e-01,7.981964417746597595e-01
1.183527946470000147e+00,8.422946242479836254e-01
7.705749869349999281e-01,1.140798695123111717e+00
8.947700262070000798e-01,7.807310740186391707e-01
6.143350005150000070e-01,8.912566986333894103e-01
7.692319750789999855e-01,7.535541629833457655e-01
9.070749878880000061e-01,9.285550513849964993e-01
4.068099856379999713e-01,8.596591532515385214e-01
5.138880014419999753e-01,5.296692850001366581e-01
2.481469959019999838e-01,6.799214255558013731e-01
2.568759918210000159e-01,4.820929239266240063e-01
5.980659723279999618e-01,4.608252844028360440e-01
5.981699824330000137e-01,5.652800790686148824e-01
8.801140189170000294e-01,5.875434167455197976e-01
1.085649013520000095e+00,8.093992322574302678e-01
9.920129775999999566e-01,9.215993203966369451e-01
8.743849992749999078e-01,9.501387980961115698e-01
8.770260214810000621e-01,8.969546633193535845e-01
1.008928894999999937e+00,9.414519900612418057e-01
8.088759779930000393e-01,1.078698526141014691e+00
6.714209914210000907e-01,8.724116901633226506e-01
7.449629902840000373e-01,7.806404159495951012e-01
6.942679882050000195e-01,8.740154270756074206e-01
1.001886010170000008e+00,8.052435330153974169e-01
7.935580015180000446e-01,9.260648599673786396e-01
8.450049161910000439e-01,7.740416775262877191e-01
8.031240105629999793e-01,8.934302224181392971e-01
5.744469761850000689e-01,8.522880991634769199e-01
5.679720044139999757e-01,7.132144814853532688e-01
4.538080096239999195e-01,6.829529719979928748e-01
8.494881391529999215e-01,5.992673234700580664e-01
4.064599871639999473e-01,8.705734533535587349e-01
2.453519999980000310e-01,4.953179300073695113e-01
2.323218107220000217e+00,4.285268333500711346e-01
2.027115583420000089e+00,1.827442676416834777e+00
1.581117987629999888e+00,1.534547098756451788e+00
1.727049946780000012e+00,1.283265252093893416e+00
1.150642037389999928e+00,1.600052519263096329e+00
1.607933998109999818e+00,1.591779539394178267e+00
1.331233978270000007e+00,1.605158418872418169e+00
1.221642017359999999e+00,1.151639385428502305e+00
1.583541989330000010e+00,1.412919321765696345e+00
1.608662128450000006e+00,1.568752452223534544e+00
2.185653924939999992e+00,1.457257261611928811e+00
2.989559888840000124e+00,1.835539351577586409e+00
7.574499845500000106e-01,2.336691729203594914e+00
1.811344027520000122e+00,9.993367272530305767e-01
1.527951955800000094e+00,1.898082063368774497e+00
8.892235755919999374e-01,1.619200179376527826e+00
