1.069700956339999953e+00,9.911932945251464844e-01
7.274609804150000691e-01,8.663142919540405273e-01
7.892770171170000459e-01,7.908891439437866211e-01
6.237750053410000550e-01,8.815784454345703125e-01
6.914690136910000007e-01,7.625938057899475098e-01
8.557710051540000640e-01,7.675167918205261230e-01
7.093830108640000187e-01,8.020434975624084473e-01
1.014547944070000041e+00,6.990271806716918945e-01
1.115731000900000103e+00,9.013137221336364746e-01
4.182830154900000208e-01,9.323926568031311035e-01
1.002280950550000105e+00,5.713494420051574707e-01
1.218860983849999968e+00,1.007958292961120605e+00
1.143296003339999922e+00,1.013640999794006348e+00
6.528189778330000248e-01,9.602045416831970215e-01
6.746559739110000731e-01,7.201079130172729492e-01
6.009536385540000802e-01,8.568303585052490234e-01
6.694570183749999348e-01,7.554022669792175293e-01
6.538079977039999990e-01,7.396693229675292969e-01
7.814120054240000224e-01,6.663143038749694824e-01
1.206303954120000022e+00,7.431143522262573242e-01
8.469259738919999725e-01,9.684497117996215820e-01
8.286409974099999687e-01,7.444467544555664062e-01
6.482390165329999787e-01,8.457965254783630371e-01
5.623700022700000023e-01,7.573397159576416016e-01
7.183309793469999649e-01,7.257592678070068359e-01
1.099647998810000082e+00,7.581039071083068848e-01
9.541710019110000163e-01,9.219380021095275879e-01
7.290139794350000146e-01,7.940986752510070801e-01
6.694499850270000385e-01,7.465859651565551758e-01
8.631219863889999511e-01,7.761986851692199707e-01
6.464660167689999515e-01,8.808336853981018066e-01
8.223180174830000411e-01,6.886762380599975586e-01
9.235979914669999458e-01,8.082671761512756348e-01
8.300920128820000743e-01,8.329155445098876953e-01
1.067314028740000031e+00,7.890186905860900879e-01
1.546175003050000107e+00,9.464118480682373047e-01
6.827279925350000500e-01,1.211214542388916016e+00
6.385620236399999206e-01,7.038878202438354492e-01
6.464239954950000699e-01,8.548249006271362305e-01
6.881093978879999629e-01,8.204261660575866699e-01
7.273989915849999877e-01,7.844064831733703613e-01
6.500350236890000133e-01,7.110838294029235840e-01
8.693690299990000092e-01,6.659707427024841309e-01
4.408580064769999640e-01,8.088307976722717285e-01
4.518609941010000575e-01,5.428076386451721191e-01
7.575070261959999662e-01,6.196314692497253418e-01
4.952389895920000229e-01,7.464575767517089844e-01
6.850870251659999521e-01,5.411902666091918945e-01
7.243813276289999825e-01,6.768452525138854980e-01
8.653740286830000628e-01,6.785216331481933594e-01
7.400469779970000328e-01,7.812848687171936035e-01
8.070759773250000269e-01,6.975652575492858887e-01
8.204330205920000729e-01,7.923970818519592285e-01
1.114411950110000049e+00,7.955790162086486816e-01
1.108605027200000093e+00,9.698441624641418457e-01
4.751499891279999943e-01,9.332770109176635742e-01
1.039268016820000140e+00,6.264745593070983887e-01
9.457899928089998909e-01,1.045346856117248535e+00
7.877500057220000462e-01,8.722225427627563477e-01
3.504549860949999762e-01,7.983139753341674805e-01
9.367713332179998797e-01,5.581215620040893555e-01
9.868059754369999936e-01,9.563003778457641602e-01
6.470239758489999549e-01,8.330607414245605469e-01
1.029777050020000084e+00,6.529950499534606934e-01
1.187446951870000156e+00,9.364438056945800781e-01
9.328820109370000724e-01,1.003126025199890137e+00
7.528370022769999004e-01,8.621885776519775391e-01
6.420040130619999452e-01,8.202608823776245117e-01
2.307340055699999559e-01,7.970170974731445312e-01
4.714997112749998998e-01,5.375882983207702637e-01
8.772729635240000823e-01,6.524369120597839355e-01
7.876309752460000091e-01,7.652117013931274414e-01
2.742219865320000283e-01,6.480363607406616211e-01
3.992269933219999567e-01,4.151070415973663330e-01
9.923512339589999343e-01,5.965847373008728027e-01
7.627239823340000724e-01,8.734434843063354492e-01
7.200859785079999353e-01,6.314812898635864258e-01
6.264780163759999798e-01,6.792842745780944824e-01
7.269890308380000388e-01,6.806232929229736328e-01
9.301019906999998810e-01,7.736647129058837891e-01
6.872699856759999504e-01,8.361794948577880859e-01
8.662552833559999943e-01,6.772871613502502441e-01
8.352038264269999734e-01,8.348885178565979004e-01
9.402499794960000878e-01,7.980259060859680176e-01
1.023357987399999836e+00,8.784135580062866211e-01
7.322629690170000538e-01,9.067342877388000488e-01
9.300749897960000068e-01,7.630173563957214355e-01
8.702930212019999168e-01,9.261994361877441406e-01
5.104020237919999481e-01,8.504070639610290527e-01
1.025817990299999982e+00,6.561532616615295410e-01
4.551239907739999535e-01,9.693219661712646484e-01
7.345349788670000324e-01,5.553345680236816406e-01
7.012919783589999234e-01,7.969595193862915039e-01
1.014386057849999911e+00,6.917089819908142090e-01
1.123770236970000225e+00,8.973959088325500488e-01
4.825370013710000294e-01,8.973280787467956543e-01
4.689320027829999571e-01,5.934196710586547852e-01
8.755196928980000237e-01,7.011346220970153809e-01
1.145424962039999883e+00,8.838772177696228027e-01
1.943787455559999877e+00,9.285116791725158691e-01
1.557039022450000143e+00,1.346419572830200195e+00
2.104775905609999942e+00,1.131387591361999512e+00
1.062240004540000005e+00,1.672708988189697266e+00
7.867829799650000178e-01,1.086786389350891113e+00
2.247971057890000068e+00,1.148122429847717285e+00
5.664669871329999218e-01,1.889151096343994141e+00
8.389729857439999217e-01,6.735699772834777832e-01
3.188189864160000386e-01,1.064131975173950195e+00
6.386680006980000046e-01,6.487373113632202148e-01
7.540266513819999794e-01,8.747506737709045410e-01
1.085826039310000102e+00,6.954355835914611816e-01
6.014299988750000381e-01,8.834272027015686035e-01
6.923220157619999204e-01,5.776566267013549805e-01
8.782439827919999997e-01,7.722116112709045410e-01
1.279224038119999962e+00,8.488760590553283691e-01
7.251669764520000117e-01,1.046918869018554688e+00
4.283109903339999969e-01,6.796948313713073730e-01
7.012249827380000466e-01,6.584518551826477051e-01
8.846225738529999161e-01,8.290905356407165527e-01
7.809653878210001121e-01,8.373570442199707031e-01
9.259700179099999984e-01,7.082197666168212891e-01
9.178640246389999646e-01,8.293308615684509277e-01
9.073020219800000952e-01,8.441843390464782715e-01
4.099450111390000040e-01,8.663130998611450195e-01
8.741459846500000408e-01,5.925179123878479004e-01
1.231343984599999830e+00,9.172886610031127930e-01
7.683960199359999299e-01,9.981796741485595703e-01
9.357339143749998644e-01,7.059550285339355469e-01
7.523270249369999885e-01,9.043346643447875977e-01
6.247839927670000293e-01,8.059656620025634766e-01
1.977947235110000035e+00,7.587852478027343750e-01
2.476479291920000048e+00,1.484606266021728516e+00
6.822599768639999729e-01,1.616540551185607910e+00
1.294077992440000102e+00,6.924766302108764648e-01
2.116506099700000032e+00,1.440686345100402832e+00
2.030230045320000176e+00,1.796650409698486328e+00
1.727593064309999926e+00,1.590134501457214355e+00
1.321619033810000010e+00,1.430233120918273926e+00
1.114274978639999913e+00,1.378019809722900391e+00
1.618482947350000201e+00,1.331242084503173828e+00
1.102354049679999948e+00,1.539489507675170898e+00
8.501269817350000091e-01,1.082242727279663086e+00
6.531813144679999850e-01,9.974204897880554199e-01
6.168276071549999573e-01,8.766425251960754395e-01
1.023204803470000090e+00,8.305894732475280762e-01
1.176781058310000017e+00,9.539294838905334473e-01
1.108754038809999898e+00,9.448760747909545898e-01
9.838110208509999177e-01,9.245921373367309570e-01
1.829927563670000312e+00,9.276068210601806641e-01
1.342131018639999951e+00,1.472941279411315918e+00
1.265669584270000092e+00,1.097526311874389648e+00
7.930377125740000199e-01,1.201860189437866211e+00
1.030689358710000114e+00,9.591825604438781738e-01
8.210232257839999992e-01,1.160783052444458008e+00
1.099169254300000009e+00,8.902582526206970215e-01
5.255355238910000004e-01,1.040429592132568359e+00
7.758393883709999717e-01,6.369817256927490234e-01
7.209759950640000081e-01,8.765072226524353027e-01
8.666771054269999386e-01,7.486910223960876465e-01
8.462041020389999835e-01,8.335545659065246582e-01
7.614132165909999195e-01,7.705157399177551270e-01
6.587246060370000045e-01,7.646247744560241699e-01
1.078659296040000104e+00,7.242153286933898926e-01
1.281940340999999872e+00,9.722625613212585449e-01
6.600005030629999547e-01,1.017531275749206543e+00
1.112500548360000119e+00,6.835724711418151855e-01
6.280704736709999958e-01,1.072301983833312988e+00
6.864575743680000341e-01,7.282610535621643066e-01
9.000409841540001343e-01,8.236895203590393066e-01
7.342569231990000445e-01,8.592537045478820801e-01
1.011121273039999879e+00,7.408708333969116211e-01
8.827599883079999543e-01,9.030148983001708984e-01
7.521411776540001259e-01,8.090279698371887207e-01
9.489411115649999395e-01,7.904263138771057129e-01
6.799052953720000625e-01,9.127467274665832520e-01
7.211565971369999772e-01,7.343506813049316406e-01
6.504104733470000843e-01,7.853477597236633301e-01
7.167106270790000178e-01,7.125324606895446777e-01
9.056316018100001308e-01,7.514280080795288086e-01
6.526464819910000603e-01,8.186066746711730957e-01
7.056654095649999014e-01,6.618005037307739258e-01
6.581057906149999637e-01,7.456018924713134766e-01
6.592794060709999959e-01,7.058908939361572266e-01
6.634064316750000190e-01,7.085046768188476562e-01
7.808002829549999246e-01,6.846013665199279785e-01
7.565907239910000248e-01,7.501664757728576660e-01
9.280405640599999062e-01,7.202944755554199219e-01
7.073829770089999913e-01,8.370323777198791504e-01
3.888399899009999383e-01,7.055249214172363281e-01
3.422417938710000107e-01,5.830221772193908691e-01
2.337300032380000003e-01,5.759128332138061523e-01
1.459127068520000015e-01,4.660880267620086670e-01
3.949534893039999828e-01,3.632130622863769531e-01
9.678409695629999199e-01,4.581088423728942871e-01
7.839220166210000285e-01,7.226065397262573242e-01
8.333759903910000766e-01,5.744646191596984863e-01
9.723259806630000224e-01,7.238719463348388672e-01
6.905210018160000685e-01,8.637468218803405762e-01
1.345324039460000121e+00,7.336069941520690918e-01
7.227010130879999439e-01,1.140621185302734375e+00
6.804850101469999135e-01,7.009571790695190430e-01
7.610610127449999318e-01,8.157740831375122070e-01
8.075709938999999782e-01,8.252598643302917480e-01
5.886639952659999953e-01,8.305488824844360352e-01
9.960750937460000065e-01,6.461022496223449707e-01
1.045413970949999882e+00,9.102981686592102051e-01
4.713059961800000752e-01,8.782637119293212891e-01
1.047140955920000005e+00,5.867506861686706543e-01
1.126214265820000060e+00,1.003557324409484863e+00
2.560461759570000329e+00,9.538683295249938965e-01
7.747610211370000721e-01,1.782457351684570312e+00
7.172060012819999608e-01,6.423426866531372070e-01
8.005080223080000001e-01,1.055435538291931152e+00
5.680390000339999856e-01,1.034409403800964355e+00
1.195780038829999947e+00,8.234573602676391602e-01
7.970449924470000003e-01,1.028687238693237305e+00
4.899359941480000979e-01,7.088138461112976074e-01
9.918130040170001216e-01,6.480740904808044434e-01
7.445690035819999553e-01,9.561912417411804199e-01
6.096370220180000743e-01,7.370644807815551758e-01
8.565919995309999591e-01,6.823595762252807617e-01
8.144299983980000102e-01,8.281455039978027344e-01
7.605929970739999657e-01,7.810497283935546875e-01
9.157519936559999074e-01,7.496863603591918945e-01
7.421634793279999753e-01,8.523203134536743164e-01
7.329360246660000522e-01,7.504760622978210449e-01
8.745691180230000805e-01,7.749285101890563965e-01
9.644910097120000803e-01,8.437417149543762207e-01
1.477671980859999845e+00,8.739073872566223145e-01
6.752679944040000937e-01,1.157912969589233398e+00
5.030400156970000758e-01,6.780701875686645508e-01
7.066659927370000371e-01,7.618646621704101562e-01
2.968195915220000369e+00,8.489631414413452148e-01
1.255300998690000114e+00,2.043889522552490234e+00
4.084815025330000182e+00,7.754186987876892090e-01
1.692322969440000158e+00,2.863581180572509766e+00
4.121052026750000041e-01,1.294631481170654297e+00
1.035750985149999970e+00,1.185149192810058594e+00
6.408920288089999806e-01,1.514687418937683105e+00
7.065470218660000468e-01,1.050691246986389160e+00
1.060830354689999977e+00,8.346056938171386719e-01
1.880954027180000265e+00,9.158964157104492188e-01
1.886373996729999947e+00,1.372752428054809570e+00
1.328773975370000082e+00,1.311953544616699219e+00
3.931840062139999592e-01,1.157208800315856934e+00
6.382430195809999374e-01,8.168509602546691895e-01
1.045531988140000035e+00,1.055662393569946289e+00
6.588029861449999913e-01,1.062267541885375977e+00
8.046740293499999863e-01,6.703378558158874512e-01
8.740410208700001293e-01,7.854206562042236328e-01
8.532550334930000258e-01,8.267641067504882812e-01
8.952109813690000140e-01,8.246524333953857422e-01
7.301589846610000434e-01,8.385711908340454102e-01
4.149410128589999802e-01,7.609673142433166504e-01
2.700940072540000125e-01,6.112952232360839844e-01
4.911319911479999356e-01,5.420134663581848145e-01
5.079169869420000483e-01,6.204155087471008301e-01
1.224020004270000017e+00,5.329423546791076660e-01
1.267657995220000222e+00,9.165191054344177246e-01
2.633487939829999736e+00,8.816088438034057617e-01
3.999615430830000040e+00,1.782452106475830078e+00
6.651418209080000032e+00,2.542284488677978516e+00
2.102678060530000170e+00,4.251370906829833984e+00
1.283689975739999989e+00,1.683040857315063477e+00
1.291347503659999951e+00,2.232944726943969727e+00
1.353754043579999733e+00,2.177379846572875977e+00
2.390191078189999985e+00,1.848969221115112305e+00
1.461441040039999972e+00,1.908457040786743164e+00
1.599208951000000045e+00,1.195615410804748535e+00
1.471150994300000070e+00,1.521124124526977539e+00
1.298205018039999992e+00,1.433729648590087891e+00
1.579622030259999921e+00,1.362787961959838867e+00
1.360355019570000268e+00,1.446687698364257812e+00
8.036410212519999874e-01,1.265663385391235352e+00
4.276689887049999750e-01,9.762883186340332031e-01
2.694070041180000041e-01,8.049789667129516602e-01
3.897170126439999938e-01,6.775104403495788574e-01
4.179170131680000067e-01,6.206666231155395508e-01
1.546036005019999937e+00,5.019649267196655273e-01
1.017611026760000037e+00,1.093405723571777344e+00
8.653150200839999640e-01,6.824666261672973633e-01
6.194109916690000439e-01,8.263454437255859375e-01
8.454149961469999974e-01,7.646591663360595703e-01
8.048596382139999728e-01,9.483657479286193848e-01
1.435889005660000217e+00,7.950370907783508301e-01
2.565752029420000024e+00,1.145043134689331055e+00
6.206179142000000759e+00,1.722876429557800293e+00
9.309499859810000943e-01,3.823859214782714844e+00
9.077759981159999603e-01,6.730923056602478027e-01
4.609797894950000141e-01,1.781584858894348145e+00
5.264570117000000327e-01,1.370151042938232422e+00
7.942249774930000283e-01,1.222340583801269531e+00
9.704009890559999185e-01,7.952372431755065918e-01
6.695889830590000535e-01,8.216497302055358887e-01
6.997730135920000594e-01,6.348960399627685547e-01
6.903669834139999351e-01,7.464237213134765625e-01
6.361600160600000553e-01,7.425198554992675781e-01
9.726700186730000697e-01,6.998328566551208496e-01
6.393389701839999884e-01,8.669938445091247559e-01
5.123779773709999930e-01,6.382511258125305176e-01
5.699130296709999932e-01,6.424224972724914551e-01
8.318089842800000522e-01,6.740807294845581055e-01
4.694110155110000071e-01,7.921768426895141602e-01
9.054309725759999150e-01,5.212202072143554688e-01
8.482750058169999940e-01,8.351172804832458496e-01
6.566630005839999562e-01,7.422930002212524414e-01
6.324055790899999474e-01,6.868600249290466309e-01
3.268550038340000130e-01,6.997150182723999023e-01
3.047409951689999952e-01,5.404902696609497070e-01
2.159480005499999911e-01,5.282995700836181641e-01
2.148479968310000043e-01,4.155165553092956543e-01
1.512310057880000003e-01,3.833785951137542725e-01
4.153338372709999837e-01,3.027223944664001465e-01
7.344200015070000420e-01,4.432464241981506348e-01
9.913370013240000445e-01,5.755752921104431152e-01
7.910000085830000138e-01,7.169754505157470703e-01
7.429170012469999973e-01,6.480624675750732422e-01
7.426548600200000294e-01,7.429171204566955566e-01
8.799139857289999256e-01,7.814906239509582520e-01
7.376829981800000491e-01,8.545566797256469727e-01
1.240342974660000097e+00,7.340316176414489746e-01
8.343409895899999151e-01,1.048024654388427734e+00
3.054729998110000122e-01,7.616552710533142090e-01
8.929460048680001316e-01,5.750496387481689453e-01
1.285866022110000007e+00,9.467242956161499023e-01
4.146400094030000538e-01,1.036398291587829590e+00
1.090137004850000091e+00,4.843453764915466309e-01
5.923830270769999684e-01,1.026395916938781738e+00
3.773260116580000045e-01,6.564256548881530762e-01
2.693597316740000469e+00,6.216781139373779297e-01
2.288666009900000020e+00,1.869687676429748535e+00
8.955270051960001476e-01,1.403589725494384766e+00
8.070570230480000884e-01,8.821007013320922852e-01
1.194862961769999954e+00,1.176886796951293945e+00
8.929409980769997812e-01,1.397131443023681641e+00
9.776080250740000199e-01,9.675256013870239258e-01
1.832507014270000179e+00,9.514179825782775879e-01
1.403792977329999747e+00,1.423536300659179688e+00
7.223749756810000644e-01,1.107642292976379395e+00
6.599410176280000595e-01,8.636738657951354980e-01
7.407349944109999917e-01,9.477673768997192383e-01
5.553659796709999874e-01,9.384125471115112305e-01
1.236768960949999885e+00,6.932803392410278320e-01
6.214020252229999208e-01,1.032405138015747070e+00
7.108730077739999764e-01,5.909768939018249512e-01
3.064779937269999643e-01,7.886098623275756836e-01
6.473349928859999380e-01,5.256516337394714355e-01
5.458269715310000159e-01,7.683742642402648926e-01
1.024247765539999966e+00,5.665332078933715820e-01
8.176820278170000567e-01,8.568084836006164551e-01
7.440620064740001149e-01,6.754947304725646973e-01
7.367150187490000279e-01,7.465803623199462891e-01
5.768560171130000525e-01,7.666512727737426758e-01
9.152600169179998524e-01,6.908446550369262695e-01
1.137029051779999911e+00,8.675610423088073730e-01
4.960080087179999930e-01,9.267511367797851562e-01
4.941360056399998757e-01,5.709809064865112305e-01
8.834533095360000976e-01,6.916332244873046875e-01
1.271524906160000024e+00,8.792169690132141113e-01
8.864369988439999570e-01,1.005911111831665039e+00
8.988280296330001251e-01,7.380824089050292969e-01
9.049779772759999341e-01,8.866908550262451172e-01
8.299319744109999730e-01,9.190846085548400879e-01
8.756300210950000995e-01,8.717228174209594727e-01
5.502920150760000073e-01,8.685990571975708008e-01
1.073919415470000027e+00,6.714421510696411133e-01
8.491920232770000521e-01,9.989654421806335449e-01
6.393229961399998773e-01,7.685785293579101562e-01
7.995309829709998928e-01,7.149323821067810059e-01
9.646000266079999275e-01,8.237034678459167480e-01
8.413559794430000016e-01,8.968988060951232910e-01
7.011449933050000194e-01,7.855879664421081543e-01
7.240070104600000445e-01,7.406607270240783691e-01
1.010308027270000020e+00,7.859855890274047852e-01
6.538060307499999890e-01,9.275224804878234863e-01
7.932850122450000319e-01,6.706699132919311523e-01
6.538396477699999210e-01,8.157814145088195801e-01
1.160789966579999888e+00,7.075315713882446289e-01
8.085789680480000019e-01,1.015647411346435547e+00
3.743770122530000188e-01,7.240468263626098633e-01
2.556999921800000020e-01,5.865681767463684082e-01
4.893150031570000502e-01,5.601324439048767090e-01
1.151844024660000132e+00,6.507649421691894531e-01
7.372779846189999597e-01,8.960458040237426758e-01
1.088750958439999916e+00,5.696961879730224609e-01
1.975852966309999514e+00,9.211464524269104004e-01
8.547700047490001118e-01,1.433493375778198242e+00
7.977370023729999371e-01,7.724761962890625000e-01
1.052428960799999924e+00,9.797289371490478516e-01
3.179450988770000208e+00,1.111587762832641602e+00
1.797067999840000319e+00,2.250095844268798828e+00
1.056702017779999947e+00,1.168301343917846680e+00
8.751260042189999977e-01,1.192087411880493164e+00
6.645399928090000019e-01,1.254350781440734863e+00
7.571684122089999969e-01,1.100522041320800781e+00
1.368484020229999931e+00,9.250063300132751465e-01
9.052469730380000579e-01,1.135617017745971680e+00
1.032060980800000083e+00,7.792438268661499023e-01
6.141330003739999821e-01,9.761632680892944336e-01
9.733130335809998535e-01,7.418539524078369141e-01
6.452289819719999597e-01,1.014039754867553711e+00
4.894390106200000035e-01,6.990722417831420898e-01
8.408679962160000576e-01,6.607517004013061523e-01
7.771940231319999226e-01,8.276702761650085449e-01
6.755350232119999854e-01,7.307125329971313477e-01
6.592059731480000018e-01,6.792021393775939941e-01
1.084153056139999904e+00,6.970791816711425781e-01
9.314100146289999715e-01,9.521149396896362305e-01
1.359479665760000122e+00,8.008009195327758789e-01
7.633988261220000515e-01,1.108455777168273926e+00
5.357339978220000409e-01,7.526930570602416992e-01
6.781889796259998882e-01,7.719136476516723633e-01
7.839810252189999273e-01,8.253166675567626953e-01
1.169367671010000054e+00,8.110730648040771484e-01
1.015287995340000027e+00,9.514447450637817383e-01
9.259430170060000131e-01,8.332223892211914062e-01
1.319244027140000108e+00,8.810564279556274414e-01
9.717460274700000511e-01,1.148484230041503906e+00
1.176299691200000108e+00,9.180628061294555664e-01
1.714609026910000056e+00,1.100508928298950195e+00
1.307337045669999975e+00,1.375136375427246094e+00
6.186890006069999393e-01,1.115001082420349121e+00
2.298435926440000276e+00,8.303930759429931641e-01
1.808241009709999902e+00,1.882084965705871582e+00
8.794149756429999742e-01,1.346988677978515625e+00
1.570945024490000064e+00,9.726302623748779297e-01
1.578516006470000121e+00,1.526104450225830078e+00
6.200309991839999535e-01,1.442412137985229492e+00
9.928810000419999726e-01,8.314896225929260254e-01
4.551869928839999413e-01,1.131181120872497559e+00
1.017398953439999865e+00,7.212651371955871582e-01
8.378469943999999892e-01,1.036567926406860352e+00
4.884769916529999589e-01,7.466981410980224609e-01
1.246340990070000210e+00,6.238533258438110352e-01
1.209630966189999990e+00,1.073652982711791992e+00
1.252451062200000020e+00,9.610282182693481445e-01
1.519726991650000025e+00,1.038206100463867188e+00
1.063797950739999942e+00,1.236593246459960938e+00
1.571495056150000069e+00,1.027948975563049316e+00
1.278105020519999968e+00,1.404477000236511230e+00
1.192077994349999948e+00,1.155366063117980957e+00
8.304439187050000060e-01,1.181989669799804688e+00
1.402015686039999931e+00,9.568524360656738281e-01
1.156504034999999986e+00,1.324579477310180664e+00
1.162554860120000200e+00,1.033121943473815918e+00
6.007519960399999581e-01,1.092043042182922363e+00
1.253835797310000055e+00,7.684622406959533691e-01
1.791844010350000183e+00,1.226724386215209961e+00
1.734062552449999961e+00,1.362607002258300781e+00
4.939970970150000085e+00,1.301818728446960449e+00
2.394351005549999911e+00,3.239821434020996094e+00
2.212575912479999740e+00,1.616393208503723145e+00
1.886527061460000043e+00,2.198582172393798828e+00
9.343829751010001017e-01,2.073424816131591797e+00
9.099829792980000942e-01,1.553578257560729980e+00
8.112999796870000724e-01,1.324437141418457031e+00
1.049708962440000004e+00,1.078133583068847656e+00
1.351788043980000076e+00,1.075781345367431641e+00
1.277305960659999906e+00,1.109288692474365234e+00
7.854449748989998925e-01,1.055782318115234375e+00
4.846229851250000165e-01,8.455601334571838379e-01
6.676359772680000582e-01,7.754492759704589844e-01
8.322510123249999836e-01,8.608703017234802246e-01
5.959370136259999340e-01,8.262991309165954590e-01
3.410890102390000123e-01,6.175306439399719238e-01
6.860110163689999707e-01,5.141781568527221680e-01
8.153510093690000682e-01,7.374869585037231445e-01
3.985430002210000322e-01,7.267675399780273438e-01
6.998159885410000225e-01,4.755746722221374512e-01
4.263690114019999533e-01,7.207812666893005371e-01
6.866139769550000382e-01,5.261042714118957520e-01
1.826770007609999913e-01,7.079597711563110352e-01
7.018824815749999946e-01,3.535318970680236816e-01
1.796682000159999681e+00,7.312068939208984375e-01
7.204269766809999753e-01,1.226471066474914551e+00
4.680640101429999755e-01,5.471404194831848145e-01
6.408870220180000743e-01,6.808286309242248535e-01
7.520520091060001189e-01,8.319046497344970703e-01
1.001817584040000098e+00,8.259873986244201660e-01
1.660804033279999814e+00,8.421360254287719727e-01
1.450595021250000061e+00,1.201301574707031250e+00
1.085010051729999869e+00,1.081311106681823730e+00
1.099555015560000015e+00,1.029818534851074219e+00
7.694180011750000325e-01,1.150280594825744629e+00
1.254430413249999932e+00,9.503643512725830078e-01
1.496320962910000052e+00,1.197764515876770020e+00
7.186369895940000196e-01,1.202960371971130371e+00
8.902019858359999649e-01,7.666898965835571289e-01
9.891759753229999452e-01,1.002810359001159668e+00
2.849014520649999938e+00,1.007500171661376953e+00
4.281075000759999583e+00,2.014270067214965820e+00
1.248739004139999942e+00,2.629775285720825195e+00
7.096589803699999699e-01,1.012037515640258789e+00
7.497439980509998936e-01,1.420987725257873535e+00
8.907449841499999188e-01,1.437957763671875000e+00
1.469527959819999952e+00,1.233589768409729004e+00
1.608888030049999918e+00,1.191937446594238281e+00
1.043460965159999976e+00,1.182224273681640625e+00
1.184751033780000018e+00,9.489898085594177246e-01
5.063725113870000127e-01,1.191524386405944824e+00
6.946156024930000283e-01,7.852880358695983887e-01
9.299110174179998634e-01,9.294180870056152344e-01
7.754629850390000190e-01,9.050040841102600098e-01
8.564696311949999696e-01,7.551189661026000977e-01
9.269009828569999554e-01,8.042603135108947754e-01
7.506660223010001021e-01,8.603761792182922363e-01
9.248849749570000611e-01,7.707556486129760742e-01
1.070162653919999984e+00,8.915141820907592773e-01
8.752880096439998869e-01,9.470571279525756836e-01
7.511039972310000756e-01,8.329448103904724121e-01
8.627579808239999037e-01,8.065352439880371094e-01
5.096570253369999692e-01,8.892980217933654785e-01
8.495249748229999343e-01,6.523601412773132324e-01
6.711369752879999817e-01,8.620541095733642578e-01
6.132180094720000030e-01,6.760309934616088867e-01
3.810549974440000098e-01,6.806736588478088379e-01
8.710420131680000067e-01,5.353889465332031250e-01
6.540319919589999698e-01,8.394896984100341797e-01
9.089673757550000843e-01,6.083948016166687012e-01
9.709029793739999414e-01,8.116338253021240234e-01
9.856920242310001079e-01,8.234531283378601074e-01
1.356256246570000101e+00,8.863192200660705566e-01
1.309872984889999925e+00,1.112639546394348145e+00
6.344919800760000506e-01,1.083719968795776367e+00
5.933508276940000492e-01,7.658760547637939453e-01
8.796380162239999523e-01,8.509218096733093262e-01
1.131836414339999930e+00,9.521239995956420898e-01
1.841274023059999765e+00,9.754579663276672363e-01
2.261745929719999992e+00,1.320851922035217285e+00
2.597975969309999744e+00,1.558038473129272461e+00
2.399192094800000064e+00,1.872188210487365723e+00
1.982298016549999931e+00,1.896021008491516113e+00
2.269547939300000206e+00,1.844122767448425293e+00
2.017889976500000238e+00,2.109571695327758789e+00
1.452262043950000026e+00,1.886253833770751953e+00
1.342797994609999934e+00,1.553041458129882812e+00
1.311915040020000145e+00,1.505058526992797852e+00
1.276762008670000226e+00,1.417425632476806641e+00
1.275267004970000118e+00,1.291997313499450684e+00
1.210446000100000141e+00,1.219763875007629395e+00
8.153480291369999966e-01,1.162838339805603027e+00
7.271119952200000291e-01,9.365205168724060059e-01
6.043019890790000126e-01,9.140189290046691895e-01
9.830358624459999417e-01,7.889721393585205078e-01
1.101529002189999940e+00,9.500182271003723145e-01
1.183724999429999869e+00,9.097173213958740234e-01
4.356400072569999726e-01,9.752626419067382812e-01
3.270040154459999959e-01,5.933444499969482422e-01
8.039849996569999879e-01,6.732687354087829590e-01
4.216859936710000145e-01,8.669513463973999023e-01
5.734559893609999515e-01,5.081036090850830078e-01
3.959457874300000291e-01,6.132758259773254395e-01
4.163750112060000119e-01,4.883950650691986084e-01
5.603970289230000290e-01,5.433219671249389648e-01
7.749050259590000156e-01,5.756760239601135254e-01
6.370840072629999629e-01,6.784590482711791992e-01
3.839260041709999793e-01,5.840553641319274902e-01
5.648739933969999516e-01,5.063355565071105957e-01
1.054715037350000051e+00,6.535186767578125000e-01
6.537709832190000681e-01,8.796159029006958008e-01
5.931029915809999942e-01,5.852558016777038574e-01
1.022608995439999946e+00,6.586625576019287109e-01
8.359869718549999273e-01,9.255181550979614258e-01
6.375340223309999832e-01,7.692655324935913086e-01
9.755985140799999789e-01,6.907336711883544922e-01
4.898079931740000337e-01,9.198504090309143066e-01
1.098647952079999879e+00,6.036685109138488770e-01
1.151165962220000116e+00,1.003348469734191895e+00
8.061249852179999120e-01,9.206127524375915527e-01
4.744769930839999872e-01,7.841266989707946777e-01
7.896029949189999897e-01,6.635196805000305176e-01
4.762530028819999539e-01,8.934270739555358887e-01
5.455229878430000179e-01,6.013256907463073730e-01
6.212809681889999158e-01,6.444332599639892578e-01
7.707700133319999036e-01,6.383833885192871094e-01
9.337069988249999675e-01,7.196105718612670898e-01
8.110550045970000843e-01,7.833248972892761230e-01
6.005529761310000048e-01,7.346972227096557617e-01
1.002521038060000036e+00,6.775446534156799316e-01
8.921650052069998171e-01,9.428346157073974609e-01
9.160850048070000584e-01,8.104746937751770020e-01
7.413420081139999729e-01,8.559886217117309570e-01
9.283249974250000758e-01,7.651914358139038086e-01
6.429409980770000033e-01,9.201654195785522461e-01
9.950090050700001187e-01,7.059857249259948730e-01
6.271365880970000140e-01,9.430671930313110352e-01
1.038689017300000073e+00,6.621111035346984863e-01
6.888009905820000611e-01,9.684304594993591309e-01
5.214130282399999095e-01,6.878758668899536133e-01
6.510270237919999481e-01,6.812885999679565430e-01
1.159701943399999990e+00,7.326470017433166504e-01
6.456400156020000169e-01,9.831038117408752441e-01
1.195862650870000099e+00,6.034687757492065430e-01
1.304703950880000018e+00,1.038424491882324219e+00
8.844429850579998975e-01,1.043832778930664062e+00
7.697709798810000725e-01,8.636428117752075195e-01
7.702100276950000213e-01,8.710523247718811035e-01
6.418280005459999771e-01,8.913930654525756836e-01
8.937159776689999058e-01,7.638290524482727051e-01
5.247250199319999364e-01,8.633353710174560547e-01
5.142210125920000374e-01,5.993130207061767578e-01
7.172748446459999982e-01,6.527382731437683105e-01
6.410769820210000525e-01,7.315419316291809082e-01
4.689820110800000941e-01,6.483996510505676270e-01
1.203750014310000171e+00,5.506896972656250000e-01
7.911959886550000709e-01,9.936770796775817871e-01
1.136301159859999910e+00,6.717025637626647949e-01
8.642929792399999256e-01,9.866151809692382812e-01
8.814030289650001126e-01,8.074253201484680176e-01
5.817409753800000249e-01,9.208656549453735352e-01
8.651199936869999885e-01,7.097206115722656250e-01
9.078124761579999813e-01,9.060227870941162109e-01
7.377740144730000615e-01,8.320714235305786133e-01
1.120375037189999867e+00,7.388859987258911133e-01
9.422479867940000142e-01,9.821656942367553711e-01
1.060060024260000011e+00,8.509540557861328125e-01
7.158420085910000008e-01,9.755116105079650879e-01
4.040209949019999969e-01,7.708219289779663086e-01
2.920779883859999648e-01,6.653420329093933105e-01
6.317924261089999938e-01,5.813987255096435547e-01
1.124665260310000026e+00,7.103506326675415039e-01
1.115690946580000009e+00,8.654590845108032227e-01
1.247418999670000028e+00,8.135033249855041504e-01
6.976169943809999996e-01,9.892022013664245605e-01
3.693974971769999893e+00,7.557920813560485840e-01
8.204839825630000361e-01,2.577301740646362305e+00
8.573070168499999921e-01,5.938736796379089355e-01
6.902359724040000311e-01,1.238532066345214844e+00
8.385969996449998964e-01,1.044494152069091797e+00
1.287726998329999928e+00,1.124112486839294434e+00
9.632229804989999034e-01,1.058855414390563965e+00
1.343299984930000024e+00,8.334149122238159180e-01
7.316169738770000874e-01,1.148173570632934570e+00
6.809219717980000697e-01,7.831151485443115234e-01
7.014784216880000089e-01,8.791977167129516602e-01
6.698030233380000142e-01,8.202908039093017578e-01
1.365643024439999964e+00,7.598279714584350586e-01
9.781420230869999344e-01,1.091669917106628418e+00
6.786789894100000442e-01,7.929574847221374512e-01
5.976330041890000055e-01,7.615833282470703125e-01
8.193774819369999962e-01,7.704520225524902344e-01
7.911109924320000042e-01,8.859760165214538574e-01
1.044147372249999872e+00,7.608771324157714844e-01
1.400015950200000026e+00,8.988654017448425293e-01
8.748620152470000244e-01,1.089007616043090820e+00
6.228179931639999944e-01,8.093438148498535156e-01
7.164059877399998610e-01,7.991807460784912109e-01
6.523500084880000660e-01,8.703016638755798340e-01
9.379299879070001067e-01,7.626003623008728027e-01
5.936999917030000296e-01,8.611638545989990234e-01
5.393440127369999448e-01,6.138610839843750000e-01
9.370089769359999377e-01,6.618438959121704102e-01
8.087720274930000341e-01,8.690973520278930664e-01
5.654280185700000239e-01,7.361135482788085938e-01
6.020820140839999723e-01,6.284838914871215820e-01
1.146679997439999932e+00,6.971467137336730957e-01
9.824249744419999431e-01,9.909307360649108887e-01
5.671510100359999917e-01,8.051204681396484375e-01
7.866399884220000027e-01,6.457477211952209473e-01
7.388439774510000557e-01,8.567625284194946289e-01
6.810299754140000106e-01,7.830657958984375000e-01
7.086979746820000203e-01,7.216694951057434082e-01
6.642330288889999323e-01,7.203102111816406250e-01
5.124790072439999733e-01,7.006375193595886230e-01
6.040380001070000393e-01,6.124042868614196777e-01
6.728799939159999521e-01,6.705225110054016113e-01
8.265414834020000656e-01,6.754716038703918457e-01
4.546860158440000355e-01,7.456891536712646484e-01
5.594509840010000179e-01,5.262971520423889160e-01
1.332218050960000122e-01,6.627188324928283691e-01
1.633069962260000063e-01,3.852982521057128906e-01
1.797860413789999778e-01,4.335530698299407959e-01
5.747918486599999932e-01,3.538698256015777588e-01
8.508148789409999413e-01,5.375259518623352051e-01
8.527640104289999634e-01,6.139256358146667480e-01
1.687628030779999788e+00,6.480071544647216797e-01
2.149522066120000297e+00,1.208061456680297852e+00
8.122850060459999577e-01,1.463194131851196289e+00
1.239639997479999867e+00,7.976300716400146484e-01
2.128437280650000041e+00,1.342264652252197266e+00
2.139239072800000141e+00,1.760111570358276367e+00
9.779880046840000452e-01,1.627399444580078125e+00
6.937779784199998856e-01,9.969971179962158203e-01
7.218790054320000094e-01,1.105360269546508789e+00
7.631160020829999002e-01,1.076317906379699707e+00
8.565329909319999713e-01,9.211419224739074707e-01
1.109338045120000116e+00,8.233537077903747559e-01
6.476340293879999654e-01,9.372518658638000488e-01
9.241870045659998922e-01,6.711699366569519043e-01
7.877320051189998784e-01,9.265140295028686523e-01
1.305567026139999864e+00,7.935702800750732422e-01
9.107710123059999940e-01,1.112442970275878906e+00
8.699640035629999657e-01,8.009484410285949707e-01
5.743020176890000217e-01,9.048264026641845703e-01
8.599532246590000373e-01,7.327958941459655762e-01
4.775849878790000003e-01,9.248920083045959473e-01
1.108017444610000179e+00,5.924427509307861328e-01
1.290724992749999966e+00,9.893218874931335449e-01
8.591579794879999898e-01,9.770965576171875000e-01
3.058980107309999807e-01,7.877249717712402344e-01
9.039019942279999942e-01,5.831190943717956543e-01
6.352750062940000220e-01,9.999904036521911621e-01
1.023422956470000145e+00,6.747329235076904297e-01
6.730669736859999919e-01,8.987989425659179688e-01
8.504790067669999454e-01,6.371316909790039062e-01
5.141969919200000128e-01,8.579479455947875977e-01
1.527956604959999964e+00,6.184180378913879395e-01
4.094385623930000051e+00,1.249258160591125488e+00
9.952359795569999390e-01,2.551477193832397461e+00
8.670449852940000923e-01,6.530305147171020508e-01
1.141056060789999993e+00,1.304512381553649902e+00
1.622257947919999888e+00,1.456202268600463867e+00
1.980204939840000566e+00,1.589364171028137207e+00
1.375547051430000112e+00,1.459537506103515625e+00
1.851865053180000054e+00,1.164216518402099609e+00
1.420923948290000016e+00,1.636321663856506348e+00
1.589177966120000285e+00,1.346254348754882812e+00
1.673199415210000041e+00,1.519106626510620117e+00
2.123934030530000072e+00,1.484777688980102539e+00
1.648401975629999905e+00,1.757765531539916992e+00
1.204741954800000014e+00,1.425170779228210449e+00
7.920839786529999538e-01,1.309061288833618164e+00
1.227027416229999890e+00,1.113475918769836426e+00
1.226951003070000157e+00,1.330351114273071289e+00
1.131343960759999989e+00,1.125217676162719727e+00
1.252465009690000075e+00,1.038811087608337402e+00
1.116891980170000132e+00,1.127745866775512695e+00
1.122387051579999850e+00,1.068671941757202148e+00
1.040153026579999862e+00,1.091803431510925293e+00
8.091310262680000420e-01,1.029473781585693359e+00
7.681059837340000751e-01,9.035896658897399902e-01
7.982919812199998910e-01,8.791621327400207520e-01
7.666722536090000428e-01,8.580103516578674316e-01
1.057360053060000027e+00,7.955251932144165039e-01
8.607699871060000563e-01,9.393479228019714355e-01
1.070777058600000053e+00,7.927467823028564453e-01
5.301510095600000527e-01,9.732581377029418945e-01
6.604189872739999467e-01,6.487439870834350586e-01
9.909179806709998983e-01,8.142697811126708984e-01
3.561530113220000016e-01,9.146591424942016602e-01
9.618239998820000691e-01,4.994678199291229248e-01
1.244829058649999931e+00,9.134167432785034180e-01
8.381230235100001202e-01,9.725571870803833008e-01
9.245989918709998090e-01,7.585369944572448730e-01
8.131660223010001021e-01,8.978090286254882812e-01
1.003061056139999963e+00,8.621997833251953125e-01
8.752340078350000496e-01,9.746561646461486816e-01
7.991399765009998823e-01,8.353430032730102539e-01
8.812961578369999938e-01,8.284554481506347656e-01
1.063080191609999892e+00,8.755766749382019043e-01
9.057049751279999672e-01,9.633899927139282227e-01
6.909559965129999926e-01,8.451262712478637695e-01
1.355970025060000195e+00,7.681646347045898438e-01
7.572399973869999856e-01,1.174488902091979980e+00
2.043754577640000125e+00,7.348688244819641113e-01
8.576130270960000690e-01,1.579585075378417969e+00
2.364957094190000220e+00,7.468408346176147461e-01
4.179231166840000178e+00,1.900656342506408691e+00
2.233561992649999883e+00,2.738039493560791016e+00
8.013390302660000630e-01,1.634164214134216309e+00
8.372840285299999463e-01,1.293968081474304199e+00
8.851529955859999133e-01,1.563458204269409180e+00
9.040349721909999303e-01,1.340436339378356934e+00
1.302939534190000082e+00,9.935602545738220215e-01
7.228699922560000157e-01,1.084741353988647461e+00
8.009120225910000279e-01,7.263024449348449707e-01
1.032919287679999965e+00,8.945351243019104004e-01
1.321628212929999879e+00,9.837821722030639648e-01
9.367759823799999275e-01,1.107728719711303711e+00
7.007700204850000336e-01,8.423707485198974609e-01
7.624319791789999634e-01,8.254565000534057617e-01
1.144938945770000105e+00,8.870417475700378418e-01
7.721610069269999599e-01,1.047685384750366211e+00
8.772150278090000697e-01,7.385088205337524414e-01
1.243505001070000171e+00,8.747312426567077637e-01
6.381840109830000385e-01,1.069865703582763672e+00
7.468199729919999807e-01,6.986076831817626953e-01
6.839929819109999976e-01,8.495880961418151855e-01
1.419505119320000119e+00,7.697098851203918457e-01
6.141470074649999500e-01,1.174661517143249512e+00
7.347676754000000976e-01,5.849373936653137207e-01
6.770560145379999062e-01,8.443098068237304688e-01
1.074026942249999950e+00,7.642936706542968750e-01
6.156389713290000287e-01,9.926261901855468750e-01
9.692379832269999440e-01,6.168258190155029297e-01
9.916120171550001361e-01,9.259662032127380371e-01
8.089560270310000023e-01,8.772931694984436035e-01
2.435143947599999859e+00,8.087958693504333496e-01
8.223479986189999869e-01,1.748932123184204102e+00
5.938220024110000272e-01,6.813030838966369629e-01
5.762249827380000466e-01,9.203844666481018066e-01
4.224239885809999429e-01,8.804286718368530273e-01
6.765879988670000511e-01,7.399334907531738281e-01
5.520349740979999531e-01,7.087011933326721191e-01
9.015229940410001142e-01,5.653308629989624023e-01
7.489960193629999763e-01,7.913116812705993652e-01
8.627583980560000754e-01,6.656184196472167969e-01
9.480749964710000199e-01,8.068063855171203613e-01
1.055613875389999956e+00,8.500488996505737305e-01
1.970020055770000278e+00,9.360952377319335938e-01
9.391199946399999554e-01,1.456139564514160156e+00
1.009042978289999892e+00,8.121628761291503906e-01
7.824029922490001177e-01,1.107791066169738770e+00
1.016265034679999957e+00,9.442995786666870117e-01
8.782749772069999850e-01,1.082849502563476562e+00
7.353619933130000064e-01,8.514627218246459961e-01
1.109990954399999952e+00,7.988875508308410645e-01
7.727199792860000027e-01,1.010673642158508301e+00
1.164981961250000086e+00,7.675705552101135254e-01
7.157210111620000426e-01,1.047595620155334473e+00
1.475479006770000101e+00,7.338094115257263184e-01
8.354520201680000202e-01,1.265545845031738281e+00
7.344660162930000125e-01,7.714416980743408203e-01
7.861927747729999805e-01,8.753623366355895996e-01
1.143465042110000107e+00,8.679746985435485840e-01
9.246990084650000830e-01,1.052943944931030273e+00
2.958764553069999970e+00,8.220670223236083984e-01
2.138324022289999959e+00,2.046540260314941406e+00
2.038712024690000124e+00,1.403468251228332520e+00
1.480209946629999829e+00,1.713082551956176758e+00
9.367650747299998137e-01,1.512907147407531738e+00
1.715939760209999942e+00,1.352841258049011230e+00
1.001402020450000041e+00,1.683135747909545898e+00
8.896229863169999863e-01,1.039021492004394531e+00
7.492939829829999843e-01,1.038286447525024414e+00
1.115183949470000213e+00,9.056125283241271973e-01
9.457820057870001129e-01,1.107248306274414062e+00
6.452180147170000213e-01,8.668796420097351074e-01
1.164842009540000056e+00,7.391359210014343262e-01
1.244351029399999975e+00,1.068992257118225098e+00
9.045109748840000075e-01,1.034784436225891113e+00
5.575259923929999362e-01,8.551088571548461914e-01
5.778343677520000332e-01,7.368126511573791504e-01
7.199835777280000348e-01,7.971071004867553711e-01
7.607790231700000128e-01,7.933782339096069336e-01
5.404400229450000426e-01,7.295509576797485352e-01
8.009672760959999360e-01,5.893787741661071777e-01
7.710149884220000027e-01,7.831618189811706543e-01
6.709719896319999988e-01,7.267135977745056152e-01
2.768970489500000021e+00,6.892338991165161133e-01
3.086133003230000060e+00,1.890068769454956055e+00
1.116358041760000086e+00,1.892148375511169434e+00
1.018260955809999979e+00,9.904906749725341797e-01
7.442610263819999794e-01,1.420652270317077637e+00
1.114386796949999869e+00,1.246628761291503906e+00
1.380516409870000238e+00,1.275761127471923828e+00
1.229098439219999950e+00,1.140916466712951660e+00
1.573238968849999919e+00,1.037633299827575684e+00
1.245597958560000107e+00,1.304633617401123047e+00
8.298619985580000247e-01,1.129824876785278320e+00
5.376980304720000436e-01,9.846693873405456543e-01
8.593800067899999284e-01,8.403792977333068848e-01
7.949647903440000274e-01,9.891785383224487305e-01
8.122889995569999577e-01,7.950706481933593750e-01
1.209460973739999945e+00,7.813575267791748047e-01
1.043611049649999956e+00,1.003624796867370605e+00
9.914460182190000248e-01,8.960404992103576660e-01
1.377645969390000058e+00,9.362591505050659180e-01
7.495359778399999229e-01,1.186931729316711426e+00
7.549669742579999676e-01,8.027205467224121094e-01
8.522210121150000095e-01,9.027995467185974121e-01
1.312628030780000010e+00,9.074612855911254883e-01
9.499999880790001017e-01,1.125236511230468750e+00
8.433979749680000637e-01,8.220307826995849609e-01
6.329939961430000039e-01,8.773108720779418945e-01
6.848490238189999246e-01,7.816836833953857422e-01
8.296039700509999504e-01,8.213686943054199219e-01
1.117776036259999994e+00,8.181866407394409180e-01
1.060515046120000138e+00,9.381781816482543945e-01
9.966710209849999336e-01,8.814967274665832520e-01
6.726049780850000825e-01,9.152498245239257812e-01
8.499810099600000335e-01,7.790347337722778320e-01
7.929700016980000266e-01,9.260610938072204590e-01
7.509549856190000927e-01,8.153553009033203125e-01
9.556260704989999466e-01,7.784475684165954590e-01
6.085839867589999397e-01,8.783857226371765137e-01
7.782499790189999489e-01,6.664697527885437012e-01
5.098140239720000411e-01,8.166173100471496582e-01
6.364319920540000286e-01,6.179086565971374512e-01
6.015599966049999248e-01,7.211912870407104492e-01
6.556333899499999784e-01,6.348968148231506348e-01
6.385549902920000243e-01,6.727778315544128418e-01
8.762890100480000832e-01,6.404080390930175781e-01
7.967479825020000739e-01,7.923826575279235840e-01
6.824830174449999509e-01,7.232615351676940918e-01
8.025500178340000401e-01,7.047836780548095703e-01
7.950311899190000142e-01,7.991296648979187012e-01
1.584897041320000088e+00,7.806903719902038574e-01
1.017485976220000143e+00,1.224985241889953613e+00
9.177780151369999695e-01,8.229301571846008301e-01
1.230221033100000083e+00,9.487151503562927246e-01
1.027899026870000121e+00,1.149099469184875488e+00
9.125559926030000213e-01,1.000699043273925781e+00
7.935979962350000472e-01,9.313110709190368652e-01
1.030437946320000187e+00,8.736541271209716797e-01
5.325379967690000438e-01,1.011577486991882324e+00
6.127780079839999505e-01,6.539945602416992188e-01
8.741289973260000234e-01,7.589175105094909668e-01
3.667230010029999820e-01,8.422747254371643066e-01
7.391750216480000857e-01,5.070278048515319824e-01
5.604230165479999748e-01,7.651579380035400391e-01
7.758178114889999755e-01,5.919597148895263672e-01
8.102909922600001202e-01,7.520910501480102539e-01
6.437510252000000488e-01,7.161331772804260254e-01
7.236457467079999706e-01,6.664339303970336914e-01
9.113870263100001257e-01,7.408831119537353516e-01
6.627830266949999993e-01,8.404012322425842285e-01
1.002035975460000117e+00,6.761062741279602051e-01
8.224419951440000709e-01,9.128280878067016602e-01
1.030576944350000135e+00,7.706239223480224609e-01
6.781139969830000114e-01,9.455711245536804199e-01
5.333459973340000104e-01,7.137849330902099609e-01
3.209959864620000047e-01,7.117169499397277832e-01
7.608630061149999069e-01,5.633984804153442383e-01
7.439860105509998878e-01,7.912018895149230957e-01
5.468400120740000148e-01,6.530653834342956543e-01
7.004669904709999173e-01,5.679819583892822266e-01
8.356525897980000561e-01,7.024620175361633301e-01
1.274258971210000091e+00,7.766852378845214844e-01
8.934450149539999719e-01,1.008177638053894043e+00
6.211659908290000365e-01,7.645601034164428711e-01
7.900159955019999680e-01,7.446799278259277344e-01
1.067494988440000014e+00,8.789535164833068848e-01
6.698009967800000464e-01,9.792783260345458984e-01
1.265694975850000015e+00,6.790410280227661133e-01
6.380620002750000408e-01,1.089297056198120117e+00
9.348030090330000652e-01,6.652064323425292969e-01
8.006410002709999363e-01,9.641537070274353027e-01
1.085708975790000030e+00,7.976285815238952637e-01
3.527039885520000251e-01,1.002580046653747559e+00
5.883709788319999578e-01,5.116214156150817871e-01
4.875420033929999120e-01,7.744295597076416016e-01
4.636880159380000199e-01,6.080493927001953125e-01
3.637039959430000136e-01,5.825473070144653320e-01
8.750243186949999696e-01,4.689326286315917969e-01
6.435279846190000708e-01,7.740659713745117188e-01
4.834130108360000233e-01,5.636608600616455078e-01
2.120890021319999930e-01,5.571740269660949707e-01
4.560469985010000560e-01,4.390143156051635742e-01
4.367910027499999903e-01,6.045086383819580078e-01
7.238804101939999569e-01,4.877740740776062012e-01
5.560690164570000205e-01,6.377543210983276367e-01
4.748429954049999679e-01,5.124573111534118652e-01
2.674640119080000100e-01,5.477938652038574219e-01
9.588437080380001198e-01,4.480318427085876465e-01
7.868980169300000549e-01,8.543095588684082031e-01
1.794360995290000149e+00,6.298410296440124512e-01
1.337677955630000026e+00,1.283588886260986328e+00
1.210453987120000185e+00,9.592139720916748047e-01
5.654799938200000264e-01,1.126518487930297852e+00
4.008429944520000565e-01,8.108783364295959473e-01
2.727654874320000200e-01,8.143354058265686035e-01
5.836449861529999783e-01,6.062862873077392578e-01
8.533802628519999711e-01,6.824553012847900391e-01
8.660610318179999823e-01,6.991632580757141113e-01
1.158349990839999899e+00,6.913980841636657715e-01
7.764859795569999390e-01,9.177521467208862305e-01
1.068807005880000105e+00,7.367606163024902344e-01
5.888479948040000744e-01,1.012652754783630371e+00
1.588868498799999918e+00,6.916511654853820801e-01
4.327859878540000205e-01,1.333936691284179688e+00
3.996030092239999942e-01,5.036095380783081055e-01
5.545349717140000134e-01,7.184247970581054688e-01
6.221979856490000849e-01,7.131026387214660645e-01
1.149551987649999996e+00,6.972692608833312988e-01
1.121260046960000034e+00,8.891993165016174316e-01
9.776459932329999436e-01,8.434616923332214355e-01
1.732741951940000025e+00,8.646735548973083496e-01
2.302707910540000125e+00,1.375149965286254883e+00
1.053477048870000043e+00,1.657758474349975586e+00
7.962800264360000435e-01,9.683086276054382324e-01
5.203329920770000117e-01,1.104809761047363281e+00
6.104800105090000262e-01,9.408924579620361328e-01
4.453057944770000276e-01,8.951861262321472168e-01
6.522138714790000069e-01,5.982785820960998535e-01
1.175541162490000069e+00,6.863296031951904297e-01
1.032202124599999937e+00,9.188429117202758789e-01
7.193930149079998948e-01,8.031130433082580566e-01
8.200139999390000378e-01,7.241871953010559082e-01
9.497330188750000568e-01,8.756664395332336426e-01
1.039114952089999822e+00,9.299368262290954590e-01
5.883830189700000046e-01,9.301745891571044922e-01
9.508559703829998488e-01,6.649932265281677246e-01
5.277600288389999728e-01,9.544685482978820801e-01
7.736063003540000205e-01,6.368418335914611816e-01
9.703559875489998765e-01,8.272213339805603027e-01
1.383889913560000018e+00,8.492190241813659668e-01
7.795230150220000542e-01,1.086140513420104980e+00
6.069999933240000090e-01,7.148224115371704102e-01
4.660570025440000097e-01,7.872237563133239746e-01
9.455270171170000459e-01,7.075284123420715332e-01
6.238729953770000280e-01,9.389026165008544922e-01
3.923240005969999555e-01,6.061525940895080566e-01
5.156549811360000568e-01,5.446131229400634766e-01
9.679385423660000765e-01,6.335526108741760254e-01
1.356565952299999989e+00,8.526460528373718262e-01
9.072690010070000310e-01,9.838506579399108887e-01
8.162760138510000152e-01,7.451213002204895020e-01
2.479866981509999846e+00,8.621327877044677734e-01
1.133080005649999888e+00,1.845317721366882324e+00
1.045583963389999926e+00,8.844521641731262207e-01
8.474370241169999485e-01,1.143845200538635254e+00
1.536522984499999911e+00,1.039728879928588867e+00
9.008989930149998715e-01,1.452997803688049316e+00
4.812009930610000596e-01,8.438898324966430664e-01
8.572540283199999722e-01,7.378867864608764648e-01
8.617479801180000232e-01,9.641002416610717773e-01
1.008694052699999899e+00,8.626627326011657715e-01
1.127727031710000105e+00,8.856626152992248535e-01
7.795569896699999779e-01,9.406588077545166016e-01
9.895502924920001053e-01,7.909669876098632812e-01
8.363329768179998958e-01,9.808857440948486328e-01
9.099559783939998869e-01,8.511075377464294434e-01
5.511059761050000061e-01,9.098777770996093750e-01
1.239764332770000088e+00,6.671435832977294922e-01
1.211838960649999963e+00,1.107090115547180176e+00
1.379981994630000042e+00,9.620739221572875977e-01
1.148460984229999982e+00,1.124690532684326172e+00
7.663900256160000035e-01,1.017275094985961914e+00
9.660840034479999394e-01,9.149460196495056152e-01
8.156750202179999798e-01,1.051628708839416504e+00
1.142272949220000111e+00,8.801062703132629395e-01
1.299479961400000105e+00,1.041067957878112793e+00
8.583310246469999516e-01,1.060005068778991699e+00
7.149469852449999996e-01,8.424103856086730957e-01
8.764400482179999230e-01,8.528655171394348145e-01
8.305460214609999836e-01,9.474008083343505859e-01
8.535240292550000385e-01,8.479645848274230957e-01
9.092410206789999227e-01,8.272956609725952148e-01
5.202720165249999917e-01,8.543974757194519043e-01
7.411040067669999454e-01,6.434638500213623047e-01
5.853319764140000325e-01,8.140026926994323730e-01
5.047770142559999673e-01,6.563307642936706543e-01
5.519493222240000607e-01,6.191605925559997559e-01
9.697520136830000137e-01,6.184089779853820801e-01
1.116515994070000017e+00,8.409710526466369629e-01
1.049844980239999837e+00,8.622292876243591309e-01
6.342629790310000404e-01,8.668960928916931152e-01
5.644329786300000817e-01,7.143830657005310059e-01
9.184709787370000100e-01,7.678419947624206543e-01
9.593539834020000656e-01,9.222026467323303223e-01
5.984159708020000412e-01,8.428963422775268555e-01
9.383450150489999197e-01,6.357505321502685547e-01
4.542250037189999867e-01,9.053050279617309570e-01
7.079470157619999204e-01,5.858349800109863281e-01
3.876500129699999575e-01,7.890964746475219727e-01
4.484339952470000057e-01,5.171039700508117676e-01
8.405709862710000202e-01,5.984686017036437988e-01
5.337110161779999862e-01,7.472592592239379883e-01
7.211350202559999589e-01,5.311473608016967773e-01
5.215386152269999576e-01,6.991767883300781250e-01
7.050759792330000275e-01,5.758244395256042480e-01
6.405649781229999506e-01,7.300294637680053711e-01
5.168589949609999623e-01,6.371582746505737305e-01
1.660409450529999997e+00,5.963460803031921387e-01
2.465307950970000217e+00,1.246057152748107910e+00
1.622156023979999917e+00,1.586778402328491211e+00
1.866270065310000170e+00,1.162455439567565918e+00
3.623536109919999415e+00,1.626655697822570801e+00
7.948709726329999947e-01,2.715907096862792969e+00
9.065989851950000400e-01,9.214434027671813965e-01
8.571879863740000660e-01,1.442114710807800293e+00
7.756379842759999477e-01,1.242575883865356445e+00
7.006700038909999817e-01,1.068335175514221191e+00
6.443409919740000769e-01,7.601177096366882324e-01
7.579550147059999077e-01,7.298720479011535645e-01
5.499600172040000068e-01,7.743464112281799316e-01
4.964669942859999408e-01,6.204514503479003906e-01
1.367677569390000070e+00,6.141750812530517578e-01
1.397894024850000250e+00,1.088463902473449707e+00
8.148130178450000427e-01,9.962728023529052734e-01
1.278898954390000009e+00,7.591122388839721680e-01
8.623980283740000363e-01,1.185693264007568359e+00
1.093865990639999897e+00,9.093194603919982910e-01
8.134710192680000285e-01,1.084586620330810547e+00
1.466687083240000078e+00,8.373438715934753418e-01
9.060310125349999577e-01,1.269024252891540527e+00
7.652140259739999006e-01,8.272239565849304199e-01
1.311033964160000176e+00,8.888646960258483887e-01
7.892500162119999718e-01,1.182353019714355469e+00
1.474902033810000068e+00,8.093033432960510254e-01
9.167850017550001063e-01,1.256802439689636230e+00
1.186140060420000086e+00,8.445971608161926270e-01
1.411391973500000008e+00,1.147223711013793945e+00
2.092472076419999993e+00,1.196857094764709473e+00
7.189220190049999681e-01,1.607409000396728516e+00
1.301861047739999888e+00,7.586629986763000488e-01
1.268974781040000055e+00,1.379634380340576172e+00
1.221997022629999874e+00,1.210282683372497559e+00
9.061110019680000960e-01,1.178017854690551758e+00
1.078873991970000112e+00,9.285022616386413574e-01
1.028025031089999874e+00,1.108286738395690918e+00
7.863690257070000689e-01,1.006881833076477051e+00
1.276852965350000035e+00,8.575071096420288086e-01
7.093420028689999546e-01,1.142035841941833496e+00
5.201929807659999572e-01,7.457548975944519043e-01
5.645610094070000473e-01,7.342304587364196777e-01
9.855200052259999177e-01,7.307867407798767090e-01
1.092841982840000004e+00,9.197890162467956543e-01
4.786899983879999709e-01,8.634546399116516113e-01
3.955059945579999514e-01,5.527226328849792480e-01
1.850703001020000071e+00,6.388486623764038086e-01
1.195796012879999815e+00,1.435927987098693848e+00
1.702510833739999896e+00,8.443074226379394531e-01
2.998351097109999586e+00,1.331887364387512207e+00
2.407080888749999925e+00,2.100903749465942383e+00
2.585943937299999718e+00,1.780452609062194824e+00
2.233839035029999920e+00,2.112114191055297852e+00
1.655773043629999997e+00,2.019428014755249023e+00
1.430611014370000156e+00,1.803582549095153809e+00
8.921740055079999676e-01,1.645580768585205078e+00
1.231696963309999893e+00,1.253049492835998535e+00
8.955079913140001624e-01,1.367109179496765137e+00
1.602033019070000064e+00,9.774875640869140625e-01
1.585399031639999956e+00,1.376749992370605469e+00
1.232059955600000034e+00,1.232747316360473633e+00
1.210371017459999976e+00,1.127673387527465820e+00
1.242141008379999967e+00,1.199997305870056152e+00
9.857040047650000858e-01,1.240291476249694824e+00
7.289689779279999726e-01,1.043425321578979492e+00
6.761519908910000876e-01,8.898980617523193359e-01
1.071573019029999907e+00,8.511101603507995605e-01
9.457439780239998983e-01,1.016581177711486816e+00
4.376370012759999706e-01,8.401743769645690918e-01
5.141820311550000522e-01,5.913884043693542480e-01
3.387190103530000052e-01,7.099682092666625977e-01
7.144280076029999593e-01,5.557720065116882324e-01
4.996199905870000180e-01,7.237935066223144531e-01
7.917379736899999854e-01,4.971108734607696533e-01
8.646243214609999894e-01,7.242028713226318359e-01
6.024960279459999901e-01,7.305389046669006348e-01
1.260069966320000123e+00,6.302284002304077148e-01
1.012339949610000067e+00,1.051625847816467285e+00
1.004528999329999950e+00,8.441069722175598145e-01
6.310235261919999727e-01,9.360032081604003906e-01
1.141221046449999887e+00,7.414756417274475098e-01
5.426099896430000014e-01,1.105436563491821289e+00
8.547459840769999762e-01,6.338546872138977051e-01
7.744219899179999311e-01,9.000239372253417969e-01
3.084340095520000102e-01,7.588018774986267090e-01
8.376209735870000506e-01,5.316402316093444824e-01
7.293469905850000767e-01,8.417201638221740723e-01
7.503905892370000830e-01,6.810414791107177734e-01
1.134822010990000019e+00,7.174361944198608398e-01
1.614240050320000064e+00,9.322351813316345215e-01
1.244793057440000128e+00,1.209839224815368652e+00
7.141630053519999466e-01,9.964197874069213867e-01
7.293040156360000026e-01,8.495615124702453613e-01
6.486989855770000091e-01,9.558217525482177734e-01
3.427990078929999962e-01,8.373919725418090820e-01
3.861860036850000011e-01,5.765063762664794922e-01
6.366299986840000535e-01,5.695011019706726074e-01
3.990480005740000280e-01,6.534446477890014648e-01
4.178859889509999870e-01,4.571475684642791748e-01
1.103790521619999909e+00,5.026351809501647949e-01
6.956189870829999622e-01,8.849887251853942871e-01
8.070139884950000564e-01,5.843460559844970703e-01
5.947690010070000310e-01,7.656558752059936523e-01
1.107607960700000005e+00,6.589272022247314453e-01
9.713580012320000012e-01,1.007972955703735352e+00
7.170349955560000321e-01,8.189281821250915527e-01
6.764810085300000386e-01,7.492177486419677734e-01
1.687772989270000190e+00,7.723035812377929688e-01
9.907569885250000485e-01,1.349393606185913086e+00
8.082039952280000161e-01,7.996680736541748047e-01
1.087718963619999979e+00,8.806357979774475098e-01
1.564818024639999861e+00,1.074974179267883301e+00
6.673809885979999912e-01,1.313759207725524902e+00
1.256489992140000123e+00,7.003781795501708984e-01
1.091886043549999963e+00,1.209234952926635742e+00
7.375509738919999725e-01,1.011632800102233887e+00
6.224380135540000802e-01,8.546145558357238770e-01
8.364729881290000613e-01,7.817802429199218750e-01
5.774260163309999916e-01,9.039553999900817871e-01
1.015761017800000054e+00,6.607055664062500000e-01
1.106158971790000001e+00,9.160615801811218262e-01
6.945540308949998964e-01,8.983538150787353516e-01
1.130903959270000092e+00,7.103822231292724609e-01
9.518219828609999489e-01,1.038458704948425293e+00
7.524570226669999862e-01,8.877826333045959473e-01
5.585229992869999993e-01,8.166545629501342773e-01
1.415836334229999771e+00,7.121972441673278809e-01
1.855298042299999839e+00,1.211784362792968750e+00
7.845479845999999702e-01,1.306175231933593750e+00
8.210539817810000862e-01,7.289245128631591797e-01
5.835890173909999978e-01,1.004683494567871094e+00
8.359720110889999889e-01,8.518357872962951660e-01
2.184663057329999880e+00,9.437611699104309082e-01
6.805480122570000123e-01,1.545158863067626953e+00
1.238904953000000031e+00,5.658210515975952148e-01
1.030328035349999949e+00,1.228549718856811523e+00
7.914109826090000022e-01,1.025653600692749023e+00
8.423720002169999832e-01,9.525083303451538086e-01
4.464710056780000769e-01,8.909831047058105469e-01
5.589337944979999584e-01,6.599007844924926758e-01
7.099329829220000221e-01,7.222864031791687012e-01
7.334340214730000751e-01,7.205547094345092773e-01
7.833399772640000647e-01,6.931587457656860352e-01
8.426809906959999985e-01,7.137945294380187988e-01
1.099761009220000085e+00,7.745826840400695801e-01
8.706315755840000614e-01,9.391897916793823242e-01
5.862460136410000411e-01,7.996045947074890137e-01
8.863990306849999223e-01,7.118314504623413086e-01
1.019399046900000050e+00,9.140490889549255371e-01
8.493610024450000129e-01,9.164314866065979004e-01
1.010666966439999870e+00,7.927808165550231934e-01
1.331516027449999973e+00,9.275810122489929199e-01
1.215008974079999859e+00,1.115418553352355957e+00
1.645591020579999952e+00,1.032490491867065430e+00
9.708780050280000351e-01,1.338693022727966309e+00
1.411272048950000135e+00,9.468161463737487793e-01
7.953929901119999313e-01,1.347664356231689453e+00
1.046331048010000098e+00,8.935062289237976074e-01
8.879339694979999642e-01,1.126793861389160156e+00
8.349300026890000836e-01,9.061089158058166504e-01
9.847199916839999290e-01,9.008015990257263184e-01
1.090394020079999970e+00,9.356481432914733887e-01
4.901649951929999416e-01,9.793500900268554688e-01
6.141669750209999279e-01,6.281476616859436035e-01
6.314740180969999894e-01,7.872728109359741211e-01
8.252440094949999860e-01,7.253973484039306641e-01
1.051450967789999913e+00,7.911248207092285156e-01
1.047114968300000060e+00,8.551814556121826172e-01
3.921430110930000379e-01,8.719062805175781250e-01
4.695149958129999912e-01,5.602271556854248047e-01
7.720900177959999500e-01,7.166215777397155762e-01
7.520099878309999264e-01,8.070387244224548340e-01
6.877393722529999698e-01,6.985219717025756836e-01
6.718119978899999012e-01,6.510295271873474121e-01
1.185933232310000029e+00,6.892143487930297852e-01
6.571980118750000432e-01,1.000250339508056641e+00
8.213180303569999063e-01,6.361722350120544434e-01
7.795739769939998842e-01,8.486064672470092773e-01
1.030122995379999962e+00,7.912096977233886719e-01
6.211889982220000217e-01,9.510590434074401855e-01
8.660820126530001106e-01,6.537953615188598633e-01
9.608931541439998947e-01,8.818225264549255371e-01
6.760399937630000577e-01,8.766433596611022949e-01
7.402380108830000083e-01,7.183977961540222168e-01
5.984709858890000511e-01,7.852420210838317871e-01
6.151059865950000427e-01,6.936575174331665039e-01
9.358735680580000382e-01,7.030940651893615723e-01
5.818247795100000008e-01,8.405305743217468262e-01
7.156659960750000327e-01,6.000435948371887207e-01
6.529520154000000298e-01,7.455970644950866699e-01
9.700022935870000751e-01,6.849881410598754883e-01
7.834500074390000623e-01,8.804618120193481445e-01
7.448130249979999506e-01,7.131488323211669922e-01
8.276180028919999376e-01,7.624050974845886230e-01
8.943400979040000420e-01,8.174172639846801758e-01
2.505017042159999985e+00,8.511588573455810547e-01
1.620712041850000062e+00,1.747293949127197266e+00
1.417585968970000110e+00,1.100287437438964844e+00
1.049872040749999957e+00,1.312136888504028320e+00
1.226507544519999993e+00,1.199386239051818848e+00
1.043179035189999881e+00,1.369371056556701660e+00
9.694439768789999690e-01,1.080240845680236816e+00
8.192250132559999454e-01,1.018094062805175781e+00
8.129550218580000598e-01,8.975416421890258789e-01
6.712080240250000163e-01,8.951166868209838867e-01
5.289899706839999993e-01,7.666746973991394043e-01
3.461930155749999849e-01,6.752579808235168457e-01
4.789490103719999947e-01,5.513774156570434570e-01
1.153810977940000093e+00,6.070429086685180664e-01
9.671270251270001062e-01,9.156008362770080566e-01
7.845839858059999727e-01,7.236976027488708496e-01
4.701859951020000428e-01,7.339906692504882812e-01
5.632782578470000301e-01,6.423597931861877441e-01
2.416239976880000528e-01,7.470722794532775879e-01
2.709859907630000064e-01,4.720368683338165283e-01
1.994680017229999991e-01,4.804387688636779785e-01
1.327169984580000017e-01,3.711505830287933350e-01
4.732620120049999546e-01,3.180876970291137695e-01
6.585559844969999244e-01,4.752471148967742920e-01
9.621880054470001165e-01,5.281867384910583496e-01
5.111979842189999790e-01,7.130721807479858398e-01
9.829789996150001263e-01,4.883157014846801758e-01
9.100099802019999684e-01,8.996928334236145020e-01
1.026576042179999870e+00,7.994807958602905273e-01
8.309389948840000262e-01,9.186233282089233398e-01
9.651920199390001676e-01,7.955601811408996582e-01
1.000543951989999902e+00,9.478895068168640137e-01
1.983185052870000131e+00,9.322762489318847656e-01
1.274855017659999978e+00,1.496390938758850098e+00
1.286525964740000028e+00,9.932934045791625977e-01
1.382244944570000245e+00,1.229022026062011719e+00
1.736924052240000016e+00,1.303711771965026855e+00
1.257668018339999971e+00,1.516416907310485840e+00
7.533379793170000838e-01,1.147094249725341797e+00
1.084908962249999886e+00,9.716145396232604980e-01
1.062494039539999990e+00,1.195749044418334961e+00
7.787629961969999570e-01,1.055457353591918945e+00
8.256469964979999965e-01,8.358994126319885254e-01
9.891830086709999525e-01,8.767090439796447754e-01
1.418092012410000047e+00,9.547290802001953125e-01
1.151677966120000063e+00,1.152813553810119629e+00
1.250364065170000094e+00,9.568170905113220215e-01
8.794019818310000458e-01,1.126643061637878418e+00
1.089423060420000144e+00,9.347005486488342285e-01
1.809062957759999701e+00,1.118879556655883789e+00
8.687390089040000207e-01,1.439565777778625488e+00
8.521729707719999380e-01,8.244606256484985352e-01
1.307837963100000112e+00,1.000886559486389160e+00
1.262575984000000151e+00,1.234767198562622070e+00
7.601559758189999627e-01,1.122161626815795898e+00
1.069887042049999959e+00,8.087313771247863770e-01
8.579840064049999437e-01,1.082347631454467773e+00
1.149323940279999956e+00,8.985300660133361816e-01
1.067142963410000034e+00,1.066529631614685059e+00
7.400619983670000401e-01,9.447892308235168457e-01
6.799880266190000411e-01,8.161512017250061035e-01
7.323921322820000634e-01,8.171985745429992676e-01
8.352749943730000126e-01,8.257371783256530762e-01
6.000829935070000065e-01,8.229690790176391602e-01
1.010563969610000168e+00,6.472119092941284180e-01
7.613970041280000434e-01,9.178519248962402344e-01
7.260069847110000030e-01,7.181455492973327637e-01
1.064324021340000037e+00,7.656705379486083984e-01
5.901079773899998715e-01,9.495471119880676270e-01
7.744659781460000447e-01,6.536185145378112793e-01
7.406870126719998781e-01,8.256983757019042969e-01
8.908360004430001533e-01,7.556805610656738281e-01
7.620100975040000613e-01,8.491057753562927246e-01
7.774500250820000069e-01,7.297340631484985352e-01
5.811070203779999943e-01,7.880308032035827637e-01
7.908779978749999051e-01,6.715950369834899902e-01
8.903719782829999652e-01,8.122650980949401855e-01
7.882059812549999656e-01,8.072176575660705566e-01
7.301949858670000459e-01,7.479076385498046875e-01
9.248933196070000529e-01,7.449967861175537109e-01
1.265586972239999941e+00,8.792260885238647461e-01
7.884140014650000694e-01,1.042164325714111328e+00
9.180610179899999501e-01,7.469166517257690430e-01
6.569269895549999516e-01,9.356833100318908691e-01
8.252680301670000107e-01,7.659406065940856934e-01
4.257229864599999525e-01,8.851432800292968750e-01
9.114630222319999309e-01,5.722125768661499023e-01
7.238519787790000937e-01,8.933629393577575684e-01
9.657319784160000031e-01,6.732488274574279785e-01
7.194200158119999911e-01,8.690464496612548828e-01
7.146480083470000411e-01,6.949931383132934570e-01
6.188799738879999790e-01,7.795609235763549805e-01
8.502969741820000094e-01,7.002758383750915527e-01
6.113014817240000065e-01,8.354548215866088867e-01
8.405809998509999881e-01,6.375894546508789062e-01
5.909900069240000553e-01,8.129197359085083008e-01
1.191807866100000002e+00,6.318258047103881836e-01
1.072478055950000009e+00,1.024951338768005371e+00
7.976800203319999172e-01,8.623898029327392578e-01
7.140370011329999489e-01,7.991578578948974609e-01
8.885610103609999921e-01,8.092082142829895020e-01
7.367290258409999737e-01,9.239169359207153320e-01
9.655410051350000744e-01,7.633808255195617676e-01
8.569459915160000385e-01,8.958162665367126465e-01
5.838339924809999859e-01,8.009705543518066406e-01
3.047562122340000457e+00,6.908522844314575195e-01
8.865389823909999301e-01,2.107704639434814453e+00
1.186460971829999878e+00,6.129162907600402832e-01
8.750730156899999557e-01,1.286602854728698730e+00
1.111973047260000014e+00,1.043978095054626465e+00
6.929270029070000447e-01,1.253668785095214844e+00
5.632749795910000357e-01,7.655603289604187012e-01
5.519689917560000048e-01,7.633941769599914551e-01
9.211350083349998386e-01,7.067438364028930664e-01
5.465030074119999748e-01,8.722310662269592285e-01
9.997850060459999577e-01,5.638034939765930176e-01
7.512239813800000166e-01,8.962160348892211914e-01
8.402569890019999654e-01,6.975995302200317383e-01
7.843149900439999600e-01,8.319696784019470215e-01
5.915480256080000165e-01,7.711486816406250000e-01
6.109840273859999948e-01,6.977151036262512207e-01
9.328789710999999540e-01,7.059587240219116211e-01
7.992020249369999885e-01,8.600971102714538574e-01
9.833549857140000405e-01,7.256974577903747559e-01
5.405290126799999761e-01,8.726464509963989258e-01
1.093670010570000128e+00,6.245729923248291016e-01
9.266330003740002041e-01,1.025708675384521484e+00
7.972419857979999858e-01,8.184856176376342773e-01
5.896059870719999596e-01,8.085037469863891602e-01
7.799540162090000672e-01,7.015594244003295898e-01
5.182790160179999717e-01,8.479967713356018066e-01
7.263879776000000676e-01,6.189563870429992676e-01
6.216366887090000182e-01,7.529726028442382812e-01
8.810679912569999717e-01,6.363252401351928711e-01
7.315016984940000411e-01,8.116704225540161133e-01
9.703850150110000516e-01,6.834701299667358398e-01
8.715350031849999901e-01,8.798083066940307617e-01
5.505740046500000595e-01,7.977019548416137695e-01
2.576299905780000121e-01,6.699509620666503906e-01
6.952109932899999123e-01,5.377906560897827148e-01
3.547430038449999601e-01,7.797638773918151855e-01
1.308350920679999918e+00,4.541432857513427734e-01
1.424710035319999957e+00,1.020741581916809082e+00
2.422243118290000385e+00,9.632584452629089355e-01
1.588093161580000023e+00,1.661554217338562012e+00
2.882889986040000352e+00,1.181622743606567383e+00
1.510810017590000109e+00,2.260138988494873047e+00
5.103110075000000245e-01,1.357197165489196777e+00
6.637499928469999810e-01,1.099110245704650879e+00
5.865659713749999948e-01,1.168381810188293457e+00
9.182999730109998593e-01,9.357824325561523438e-01
1.126363039020000123e+00,9.003363251686096191e-01
9.455379843710000065e-01,8.893474340438842773e-01
7.979699969290000583e-01,8.196795582771301270e-01
8.895260095600000527e-01,8.164043426513671875e-01
5.017459988589999531e-01,9.157493114471435547e-01
7.889080047609999813e-01,6.657754182815551758e-01
5.571460127830000220e-01,8.451223373413085938e-01
8.079270124439998924e-01,6.249397993087768555e-01
7.382910251620000697e-01,7.951212525367736816e-01
6.742079854009999096e-01,6.912331581115722656e-01
8.787713646889999675e-01,7.002410888671875000e-01
7.401880025859999268e-01,8.182954788208007812e-01
8.886500000949999478e-01,7.268519401550292969e-01
7.983270287510000340e-01,8.398143053054809570e-01
5.137799978260000344e-01,7.711558341979980469e-01
7.760372757910000141e-01,6.459808349609375000e-01
8.528280258179999906e-01,8.134818077087402344e-01
7.851629853249999513e-01,7.930582165718078613e-01
8.431609868999999646e-01,7.421106696128845215e-01
1.024798870089999925e+00,7.950730323791503906e-01
8.044279813770001120e-01,9.177880287170410156e-01
8.841310143469999216e-01,7.823751568794250488e-01
3.615649938579999501e-01,8.763650655746459961e-01
1.171491026879999842e+00,5.692916512489318848e-01
4.477910101410000343e-01,1.083297133445739746e+00
7.665730118750000432e-01,5.036696791648864746e-01
7.735599875449999940e-01,8.199194669723510742e-01
1.054823040959999902e+00,7.298792004585266113e-01
7.843300104139999673e-01,9.313910007476806641e-01
1.034250974660000155e+00,7.146570086479187012e-01
1.096979022029999973e+00,9.575948119163513184e-01
7.633029818529999400e-01,9.625527858734130859e-01
5.883730053899999257e-01,7.994714975357055664e-01
6.365630030629999547e-01,7.464153766632080078e-01
5.750700235369999858e-01,7.762863039970397949e-01
5.399640202519999654e-01,6.787577271461486816e-01
1.324671149250000068e+00,6.183401346206665039e-01
8.178460001949999780e-01,1.043324351310729980e+00
6.359609961509999909e-01,6.685184240341186523e-01
8.135920166969999867e-01,7.200771570205688477e-01
9.872140288350000903e-01,8.556852340698242188e-01
9.839289784429998686e-01,9.295864701271057129e-01
5.904790163040000150e-01,8.623403906822204590e-01
8.986790180209999201e-01,6.681175827980041504e-01
6.268000006680000125e-01,9.206245541572570801e-01
6.926850080490000172e-01,6.956674456596374512e-01
5.757049918169999669e-01,7.586969137191772461e-01
6.764680147170000213e-01,6.436529159545898438e-01
8.279470205309999997e-01,7.210875749588012695e-01
6.547859907149999881e-01,7.594228386878967285e-01
1.085815548900000094e+00,6.536644101142883301e-01
8.509550094600001335e-01,9.365409612655639648e-01
8.879359960559999321e-01,7.622777819633483887e-01
6.557850241659999302e-01,8.643560409545898438e-01
6.597809791559999804e-01,7.291539311408996582e-01
8.856279850010000398e-01,7.766740918159484863e-01
7.502999901769999980e-01,8.509310483932495117e-01
9.303160309790000637e-01,7.281348109245300293e-01
7.259460091590000941e-01,8.532339930534362793e-01
7.123904824259998936e-01,7.267985343933105469e-01
9.326570034029998402e-01,7.730748653411865234e-01
6.544970273969999974e-01,8.770457506179809570e-01
4.987269937989999846e-01,6.893815398216247559e-01
9.782410264020000579e-01,6.400542855262756348e-01
5.593240261080000275e-01,9.108157157897949219e-01
8.733990192409999409e-01,5.921692252159118652e-01
6.232500076290000690e-01,8.346663117408752441e-01
6.319249868390000024e-01,6.418220400810241699e-01
8.335350155830000274e-01,7.170129418373107910e-01
8.613430261610000027e-01,7.884348034858703613e-01
1.036013007159999999e+00,7.868757247924804688e-01
6.160370111469999355e-01,8.874911069869995117e-01
9.874529838560001105e-01,6.609501242637634277e-01
6.686739921569999634e-01,9.628032445907592773e-01
6.455339789389999972e-01,7.071192264556884766e-01
1.007030010220000049e+00,7.487324476242065430e-01
7.763000130650000719e-01,9.108030200004577637e-01
9.358490109440000815e-01,7.396877408027648926e-01
6.626719832419999401e-01,8.706658482551574707e-01
1.113351941109999910e+00,7.071154713630676270e-01
5.495319962500000432e-01,1.022598147392272949e+00
9.273632764820001206e-01,6.133816242218017578e-01
8.215330243109999486e-01,9.332351088523864746e-01
9.193540215490000334e-01,7.788656949996948242e-01
6.899859905239998925e-01,8.789675831794738770e-01
6.497738957409999738e-01,7.117191553115844727e-01
9.705049991610000815e-01,7.525423765182495117e-01
8.034440279009998909e-01,9.056541919708251953e-01
8.920990228650002019e-01,7.550408840179443359e-01
7.462270259859999921e-01,8.405798673629760742e-01
1.495407462120000197e+00,7.588495016098022461e-01
7.597569823270000633e-01,1.224310755729675293e+00
9.677280187610000084e-01,7.019616961479187012e-01
1.126011013979999920e+00,9.940188527107238770e-01
7.641419768330000029e-01,1.031283617019653320e+00
1.423818945879999909e+00,8.290697932243347168e-01
8.309190273280000483e-01,1.213514804840087891e+00
5.316870212550000030e-01,7.964187264442443848e-01
6.942920088770000442e-01,7.559992074966430664e-01
1.097100019450000019e+00,8.350974917411804199e-01
8.623710274700000511e-01,1.000732302665710449e+00
9.711959958080000899e-01,7.539013028144836426e-01
7.501904964450000213e-01,8.865666985511779785e-01
5.659890174870000346e-01,7.807661890983581543e-01
7.235890030859999378e-01,7.284926772117614746e-01
1.088876962660000114e+00,7.936630845069885254e-01
2.614549994470000138e-01,9.423896670341491699e-01
1.923168003559999895e-01,4.173905551433563232e-01
2.048390060660000012e-01,5.164875388145446777e-01
3.752999901769999980e-01,4.704809188842773438e-01
1.878910064700000104e-01,4.955541193485260010e-01
4.178839921949999980e-01,2.852895259857177734e-01
6.128349900249999704e-01,4.512751698493957520e-01
4.822100102900000462e-01,5.301448702812194824e-01
8.136649727820000066e-01,4.652360379695892334e-01
8.997989892959999958e-01,7.002788782119750977e-01
7.667459845540000041e-01,7.416430711746215820e-01
6.762999892229999421e-01,7.097802758216857910e-01
9.804093837739999984e-01,7.109248042106628418e-01
1.075533032420000090e+00,9.165337085723876953e-01
6.459739804270000496e-01,9.189845919609069824e-01
7.601699829100000416e-01,6.858226060867309570e-01
8.707180023190000950e-01,8.350312709808349609e-01
1.045557022089999899e+00,8.658958077430725098e-01
4.832339882850000268e-01,9.290326237678527832e-01
1.085988998409999962e+00,5.794548988342285156e-01
7.320979833600000930e-01,1.026884198188781738e+00
7.128990292550000385e-01,7.155112624168395996e-01
1.045389056210000112e+00,7.793268561363220215e-01
7.359200119969999676e-01,9.328920245170593262e-01
8.956930041310000590e-01,7.400758862495422363e-01
8.745509982110000191e-01,8.720185756683349609e-01
9.237470030779999508e-01,8.363973498344421387e-01
9.997780323029999971e-01,8.867266178131103516e-01
1.739534020420000049e+00,9.092000722885131836e-01
8.107889890670000321e-01,1.343476057052612305e+00
7.049050331119999235e-01,7.530183792114257812e-01
8.328269720080000438e-01,9.074262380599975586e-01
8.276600241660000412e-01,9.533010125160217285e-01
8.953109979629999549e-01,8.882013559341430664e-01
1.459501028060000039e+00,8.389432430267333984e-01
1.179519057270000060e+00,1.155939221382141113e+00
1.443411946299999915e+00,9.606469869613647461e-01
1.306735038760000078e+00,1.228671193122863770e+00
7.634999752040000365e-01,1.157899618148803711e+00
1.145148038860000161e+00,9.243447184562683105e-01
7.253450155259999477e-01,1.180730462074279785e+00
7.633590102199999672e-01,8.348911404609680176e-01
6.174820065499999622e-01,8.766316771507263184e-01
1.029322981830000039e+00,7.202207446098327637e-01
1.302055954929999926e+00,9.628034234046936035e-01
3.164124965670000122e+00,1.015931725502014160e+00
9.734439849849999549e-01,2.095506668090820312e+00
1.229671001429999855e+00,7.344543933868408203e-01
7.441530227660000385e-01,1.423815846443176270e+00
1.063034057620000139e+00,1.063920617103576660e+00
1.123872041700000102e+00,1.266710519790649414e+00
8.984770178789999173e-01,1.010110020637512207e+00
7.175139784810000698e-01,8.903322219848632812e-01
5.367509722709999931e-01,8.085303902626037598e-01
1.175443053249999981e+00,7.322674393653869629e-01
1.101048946379999949e+00,1.065527439117431641e+00
5.734490156170000130e-01,8.871359825134277344e-01
1.431144952770000200e+00,6.485778689384460449e-01
1.037794947620000130e+00,1.234751701354980469e+00
6.568620204930000206e-01,9.038931727409362793e-01
1.074908018110000141e+00,7.810542583465576172e-01
1.385972023009999887e+00,1.049330949783325195e+00
1.004804968829999812e+00,1.170006990432739258e+00
1.609539985660000116e+00,8.951447606086730957e-01
2.817575931549999524e+00,1.334690570831298828e+00
1.962562561039999931e+00,1.993744373321533203e+00
1.279752016069999998e+00,1.454584002494812012e+00
1.995329976079999845e+00,1.346086144447326660e+00
2.033385992049999924e+00,1.916178464889526367e+00
1.307443976400000096e+00,1.792554378509521484e+00
1.611258029939999892e+00,1.300378680229187012e+00
2.040218114850000042e+00,1.571537256240844727e+00
2.183244943620000100e+00,1.763644218444824219e+00
1.351415991779999937e+00,1.763163089752197266e+00
7.242180109020001089e-01,1.290098547935485840e+00
1.363389015200000109e+00,1.118347287178039551e+00
1.526808977129999967e+00,1.490313768386840820e+00
1.784019589419999940e+00,1.345159053802490234e+00
1.103597044940000105e+00,1.407840967178344727e+00
1.763007998470000004e+00,1.027347803115844727e+00
1.157549023629999896e+00,1.595992207527160645e+00
1.153326034550000045e+00,1.131607413291931152e+00
2.362811088559999551e+00,1.230275988578796387e+00
2.580787897110000007e+00,1.846678972244262695e+00
1.242146968839999976e+00,1.851918578147888184e+00
1.712821006770000265e+00,1.159283876419067383e+00
6.676509976389999323e-01,1.741122007369995117e+00
8.271329998970000652e-01,1.052301049232482910e+00
9.642647504810000214e-01,1.182000756263732910e+00
1.394161701200000048e+00,1.016115784645080566e+00
7.584049701689999923e-01,1.195135831832885742e+00
6.900759935379999765e-01,7.214635610580444336e-01
6.740249991419999809e-01,8.423957228660583496e-01
8.615220189090000424e-01,8.137333393096923828e-01
7.907469868659999790e-01,8.805946111679077148e-01
7.285000085830000138e-01,7.464467883110046387e-01
2.411980032920000017e-01,7.368633747100830078e-01
3.354600071909999981e-01,4.802303016185760498e-01
5.912460088730000507e-01,5.848522782325744629e-01
1.058426976200000036e+00,6.339684128761291504e-01
7.669919729230000316e-01,8.206412792205810547e-01
5.881239771840000019e-01,6.066679954528808594e-01
5.922303199769999305e-01,6.429502964019775391e-01
8.753510117530000079e-01,7.026559710502624512e-01
7.038279771799998974e-01,8.490971922874450684e-01
5.677499771120000371e-01,6.731179356575012207e-01
7.133870124819999825e-01,6.375504732131958008e-01
1.077505946160000061e+00,7.425391674041748047e-01
6.909419894220000247e-01,9.220142960548400879e-01
7.724580168719999973e-01,6.534462571144104004e-01
7.237120270730000859e-01,7.950360774993896484e-01
9.752489924429997847e-01,7.612223625183105469e-01
9.151769876480000399e-01,9.116453528404235840e-01
7.574009895319999686e-01,8.149628043174743652e-01
6.912069916730000374e-01,7.707586288452148438e-01
1.183527946470000147e+00,7.658836841583251953e-01
7.705749869349999281e-01,1.047107815742492676e+00
8.947700262070000798e-01,7.278444170951843262e-01
6.143350005150000070e-01,8.875423669815063477e-01
7.692319750789999855e-01,7.085286378860473633e-01
9.070749878880000061e-01,8.440684080123901367e-01
4.068099856379999713e-01,8.383906483650207520e-01
5.138880014419999753e-01,5.444166660308837891e-01
2.481469959019999838e-01,6.658661961555480957e-01
2.568759918210000159e-01,4.660358428955078125e-01
5.980659723279999618e-01,4.697357118129730225e-01
5.981699824330000137e-01,5.835719108581542969e-01
8.801140189170000294e-01,5.292870402336120605e-01
1.085649013520000095e+00,7.106319665908813477e-01
9.920129775999999566e-01,8.384147286415100098e-01
8.743849992749999078e-01,8.394457101821899414e-01
8.770260214810000621e-01,8.456393480300903320e-01
1.008928894999999937e+00,8.988144993782043457e-01
8.088759779930000393e-01,9.662479162216186523e-01
6.714209914210000907e-01,8.160949349403381348e-01
7.449629902840000373e-01,7.665017843246459961e-01
6.942679882050000195e-01,8.092455863952636719e-01
1.001886010170000008e+00,7.430621981620788574e-01
7.935580015180000446e-01,8.961912989616394043e-01
8.450049161910000439e-01,7.340075969696044922e-01
8.031240105629999793e-01,8.303191661834716797e-01
5.744469761850000689e-01,8.026192188262939453e-01
5.679720044139999757e-01,6.920168995857238770e-01
4.538080096239999195e-01,6.910596489906311035e-01
8.494881391529999215e-01,5.951216816902160645e-01
4.064599871639999473e-01,7.973499894142150879e-01
2.453519999980000310e-01,4.674576818943023682e-01
2.323218107220000217e+00,4.661918282508850098e-01
2.027115583420000089e+00,1.621412396430969238e+00
1.581117987629999888e+00,1.220688581466674805e+00
1.727049946780000012e+00,1.216208696365356445e+00
1.150642037389999928e+00,1.542209267616271973e+00
1.607933998109999818e+00,1.309727311134338379e+00
1.331233978270000007e+00,1.569054961204528809e+00
1.221642017359999999e+00,1.253033638000488281e+00
1.583541989330000010e+00,1.230149507522583008e+00
1.608662128450000006e+00,1.405444383621215820e+00
2.185653924939999992e+00,1.381151080131530762e+00
2.989559888840000124e+00,1.720636010169982910e+00
7.574499845500000106e-01,2.165510416030883789e+00
1.811344027520000122e+00,9.146416783332824707e-01
1.527951955800000094e+00,1.919427514076232910e+00
8.892235755919999374e-01,1.495020866394042969e+00
