9.717460274700000511e-01,1.307210927288804170e+00
1.176299691200000108e+00,1.031987138689342220e+00
1.714609026910000056e+00,1.182914125019164375e+00
1.307337045669999975e+00,1.686165744007390721e+00
6.186890006069999393e-01,1.370368539599516655e+00
2.298435926440000276e+00,7.129998910732827655e-01
1.808241009709999902e+00,2.158563283248112974e+00
8.794149756429999742e-01,1.870814230955091251e+00
1.570945024490000064e+00,9.949808947616866073e-01
1.578516006470000121e+00,1.529248388446675655e+00
6.200309991839999535e-01,1.600394678156598971e+00
9.928810000419999726e-01,7.402037153355742749e-01
4.551869928839999413e-01,9.834220811671232632e-01
1.017398953439999865e+00,5.348520139898262915e-01
8.378469943999999892e-01,9.892828253802733451e-01
4.884769916529999589e-01,8.824240208585898415e-01
1.246340990070000210e+00,5.495576127556536239e-01
1.209630966189999990e+00,1.199195602112301584e+00
1.252451062200000020e+00,1.239033285728332157e+00
1.519726991650000025e+00,1.274068239571835237e+00
1.063797950739999942e+00,1.518259344715776615e+00
1.571495056150000069e+00,1.133667185618766338e+00
1.278105020519999968e+00,1.547128376433537955e+00
1.192077994349999948e+00,1.330948973266621538e+00
8.304439187050000060e-01,1.226249246730753750e+00
1.402015686039999931e+00,8.926341088636408072e-01
1.156504034999999986e+00,1.372585873176571658e+00
1.162554860120000200e+00,1.205933909231402978e+00
6.007519960399999581e-01,1.188182345524207761e+00
1.253835797310000055e+00,6.828032183627692486e-01
1.791844010350000183e+00,1.216921315381930713e+00
1.734062552449999961e+00,1.762641716716514262e+00
4.939970970150000085e+00,1.759744618160440366e+00
2.394351005549999911e+00,4.608267009720313112e+00
2.212575912479999740e+00,2.601071363772020195e+00
1.886527061460000043e+00,2.239754957843770100e+00
9.343829751010001017e-01,1.933248520721687846e+00
9.099829792980000942e-01,1.051587563030592642e+00
8.112999796870000724e-01,9.393846699686235757e-01
1.049708962440000004e+00,8.480310060032706376e-01
1.351788043980000076e+00,1.053378296693669780e+00
1.277305960659999906e+00,1.348271061873029364e+00
7.854449748989998925e-01,1.309775443897281733e+00
4.846229851250000165e-01,8.603015765317355568e-01
6.676359772680000582e-01,5.408623301251459514e-01
8.322510123249999836e-01,6.761873175786017320e-01
5.959370136259999340e-01,8.431295111372285600e-01
3.410890102390000123e-01,6.460484869262385077e-01
6.860110163689999707e-01,3.920643471942110714e-01
8.153510093690000682e-01,6.783544869836259927e-01
3.985430002210000322e-01,8.296876208283386900e-01
6.998159885410000225e-01,4.660653130762647534e-01
4.263690114019999533e-01,6.966335234365350626e-01
6.866139769550000382e-01,4.796548797714244028e-01
1.826770007609999913e-01,6.874944588469649176e-01
7.018824815749999946e-01,2.579073951902398076e-01
1.796682000159999681e+00,6.766615710892532887e-01
7.204269766809999753e-01,1.715457306920986635e+00
4.680640101429999755e-01,8.510867081212968310e-01
6.408870220180000743e-01,5.194084002227403740e-01
7.520520091060001189e-01,6.503380729311452058e-01
1.001817584040000098e+00,7.680635688995102184e-01
1.660804033279999814e+00,1.004424318193067434e+00
1.450595021250000061e+00,1.621569493121324701e+00
1.085010051729999869e+00,1.493911767385703859e+00
1.099555015560000015e+00,1.146243579353047659e+00
7.694180011750000325e-01,1.124671013300277300e+00
1.254430413249999932e+00,8.287183441282122143e-01
1.496320962910000052e+00,1.233813090475762930e+00
7.186369895940000196e-01,1.497422763578302174e+00
8.902019858359999649e-01,8.211032585504517423e-01
9.891759753229999452e-01,9.004602423698689906e-01
2.849014520649999938e+00,1.006477347719637594e+00
4.281075000759999583e+00,2.685803953916424014e+00
1.248739004139999942e+00,4.110768763152866434e+00
7.096589803699999699e-01,1.538278301316382324e+00
7.497439980509998936e-01,7.892973397571073635e-01
8.907449841499999188e-01,7.727932189092070470e-01
1.469527959819999952e+00,9.040054465319998789e-01
1.608888030049999918e+00,1.439093989200485701e+00
1.043460965159999976e+00,1.618345569596678857e+00
1.184751033780000018e+00,1.123734595993917784e+00
5.063725113870000127e-01,1.197385129188198949e+00
6.946156024930000283e-01,5.998677479691123526e-01
9.299110174179998634e-01,7.027574656572365130e-01
7.754629850390000190e-01,9.339311930090454794e-01
8.564696311949999696e-01,8.176574126653585184e-01
9.269009828569999554e-01,8.756047859649095377e-01
7.506660223010001021e-01,9.470551085976822714e-01
9.248849749570000611e-01,7.949974848766467872e-01
1.070162653919999984e+00,9.348963866328667827e-01
8.752880096439998869e-01,1.082813794336822788e+00
7.511039972310000756e-01,9.212740279785013309e-01
8.627579808239999037e-01,7.903360198401424563e-01
5.096570253369999692e-01,8.788866456695265672e-01
8.495249748229999343e-01,5.711592952524546796e-01
6.711369752879999817e-01,8.430678841703864723e-01
6.132180094720000030e-01,7.156409844055940939e-01
3.810549974440000098e-01,6.456576918245571228e-01
8.710420131680000067e-01,4.299658390771338157e-01
6.540319919589999698e-01,8.496811745288841422e-01
9.089673757550000843e-01,7.023226500142907280e-01
9.709029793739999414e-01,9.110374000248910864e-01
9.856920242310001079e-01,9.918284488399827792e-01
1.356256246570000101e+00,1.011154450927543413e+00
1.309872984889999925e+00,1.346212393138860097e+00
6.344919800760000506e-01,1.339452345757698559e+00
5.933508276940000492e-01,7.274808815242936877e-01
8.796380162239999523e-01,6.240481730225077017e-01
1.131836414339999930e+00,8.785684959993204091e-01
1.841274023059999765e+00,1.134007947648593362e+00
2.261745929719999992e+00,1.795743474486558577e+00
2.597975969309999744e+00,2.235980654799417433e+00
2.399192094800000064e+00,2.571883108955964392e+00
1.982298016549999931e+00,2.423062422328516874e+00
2.269547939300000206e+00,2.034855538503996364e+00
2.017889976500000238e+00,2.255217528562435181e+00
1.452262043950000026e+00,2.055452238870491666e+00
1.342797994609999934e+00,1.527754361291932872e+00
1.311915040020000145e+00,1.377968953019381271e+00
1.276762008670000226e+00,1.340028362894069236e+00
1.275267004970000118e+00,1.305549160138721021e+00
1.210446000100000141e+00,1.300903966177132443e+00
8.153480291369999966e-01,1.242495236971759232e+00
7.271119952200000291e-01,8.808054623640599878e-01
6.043019890790000126e-01,7.627947049756834685e-01
9.830358624459999417e-01,6.431748609363205915e-01
1.101529002189999940e+00,9.729891020131496981e-01
1.183724999429999869e+00,1.116669441655329775e+00
4.356400072569999726e-01,1.201999636864815590e+00
3.270040154459999959e-01,5.359738414544450436e-01
8.039849996569999879e-01,3.630323035553639777e-01
4.216859936710000145e-01,7.836366791795574827e-01
5.734559893609999515e-01,4.858438175126056913e-01
3.959457874300000291e-01,5.846736196328917723e-01
4.163750112060000119e-01,4.394212549302051740e-01
5.603970289230000290e-01,4.399032373115096539e-01
7.749050259590000156e-01,5.723220514858744501e-01
6.370840072629999629e-01,7.807062428437994139e-01
3.839260041709999793e-01,6.775253844906593548e-01
5.648739933969999516e-01,4.349693553674729429e-01
1.054715037350000051e+00,5.730886590348324150e-01
6.537709832190000681e-01,1.033797503324017431e+00
5.931029915809999942e-01,7.200990568076999221e-01
1.022608995439999946e+00,6.257497911817984093e-01
8.359869718549999273e-01,1.007600773881757839e+00
6.375340223309999832e-01,8.812531105158681877e-01
9.755985140799999789e-01,6.839730215014927506e-01
4.898079931740000337e-01,9.695474713901847119e-01
1.098647952079999879e+00,5.643990229511812728e-01
1.151165962220000116e+00,1.066056048473927875e+00
8.061249852179999120e-01,1.172426044707633563e+00
4.744769930839999872e-01,8.667855483134443428e-01
7.896029949189999897e-01,5.337555438364542937e-01
4.762530028819999539e-01,7.854183456210794834e-01
5.455229878430000179e-01,5.337143979152713102e-01
6.212809681889999158e-01,5.649152590760639914e-01
7.707700133319999036e-01,6.403886059629461114e-01
9.337069988249999675e-01,7.830231969366687750e-01
8.110550045970000843e-01,9.448231961087676378e-01
6.005529761310000048e-01,8.501260865306727865e-01
1.002521038060000036e+00,6.481183624848564362e-01
8.921650052069998171e-01,9.902053539083141009e-01
9.160850048070000584e-01,9.299363572559281588e-01
7.413420081139999729e-01,9.407800005584047165e-01
9.283249974250000758e-01,7.855281119739843110e-01
6.429409980770000033e-01,9.370858918915747626e-01
9.950090050700001187e-01,6.979499621830590472e-01
6.271365880970000140e-01,9.875943328020847511e-01
1.038689017300000073e+00,6.902353355852289818e-01
6.888009905820000611e-01,1.025454230730838079e+00
5.214130282399999095e-01,7.501244869085292866e-01
6.510270237919999481e-01,5.644622886039599718e-01
1.159701943399999990e+00,6.648621682263495813e-01
6.456400156020000169e-01,1.136943120755915526e+00
1.195862650870000099e+00,7.229912878573511170e-01
1.304703950880000018e+00,1.169023390968279008e+00
8.844429850579998975e-01,1.319748753609793157e+00
7.697709798810000725e-01,9.520448184997065688e-01
7.702100276950000213e-01,8.080740659285814420e-01
6.418280005459999771e-01,7.972031113530463342e-01
8.937159776689999058e-01,6.813441795964045866e-01
5.247250199319999364e-01,8.960678565190196565e-01
5.142210125920000374e-01,5.878317152261351985e-01
7.172748446459999982e-01,5.414908264282630723e-01
6.410769820210000525e-01,7.240236824519180603e-01
4.689820110800000941e-01,6.754151974327562424e-01
1.203750014310000171e+00,5.122863644540875949e-01
7.911959886550000709e-01,1.158857144394182193e+00
1.136301159859999910e+00,8.584077613560426867e-01
8.642929792399999256e-01,1.129476202166999510e+00
8.814030289650001126e-01,9.177511104596386415e-01
5.817409753800000249e-01,9.067906721554241933e-01
8.651199936869999885e-01,6.380905305959199136e-01
9.078124761579999813e-01,8.643096375269548881e-01
7.377740144730000615e-01,9.306863376403083921e-01
1.120375037189999867e+00,7.814990292347060441e-01
9.422479867940000142e-01,1.109933719165295818e+00
1.060060024260000011e+00,9.864290031282192395e-01
7.158420085910000008e-01,1.075388395281174914e+00
4.040209949019999969e-01,7.765887972289755581e-01
2.920779883859999648e-01,4.610586357612627695e-01
6.317924261089999938e-01,3.281730915121303660e-01
1.124665260310000026e+00,6.243351960630830755e-01
1.115690946580000009e+00,1.103467964049204886e+00
1.247418999670000028e+00,1.142982233394488789e+00
6.976169943809999996e-01,1.260649924358330232e+00
3.693974971769999893e+00,7.783220190061019839e-01
8.204839825630000361e-01,3.415389323895214435e+00
8.573070168499999921e-01,1.109439271488491752e+00
6.902359724040000311e-01,8.807742068879889086e-01
8.385969996449998964e-01,7.336450052439169589e-01
1.287726998329999928e+00,8.510891153025078593e-01
9.632229804989999034e-01,1.270467663630655553e+00
1.343299984930000024e+00,1.021320654711776577e+00
7.316169738770000874e-01,1.332416342661650210e+00
6.809219717980000697e-01,8.181660026316293077e-01
7.014784216880000089e-01,7.128233684308988849e-01
6.698030233380000142e-01,7.263604912522929613e-01
1.365643024439999964e+00,6.997923384043647221e-01
9.781420230869999344e-01,1.324388225702515465e+00
6.786789894100000442e-01,1.042144163789577194e+00
5.976330041890000055e-01,7.350788924118790701e-01
8.193774819369999962e-01,6.323279825569718682e-01
7.911109924320000042e-01,8.245764545368714504e-01
1.044147372249999872e+00,8.209447401458283000e-01
1.400015950200000026e+00,1.046401148156777206e+00
8.748620152470000244e-01,1.391119670224532756e+00
6.228179931639999944e-01,9.525015634228629624e-01
7.164059877399998610e-01,6.745253785451647000e-01
6.523500084880000660e-01,7.340704989832256278e-01
9.379299879070001067e-01,6.855108697888887548e-01
5.936999917030000296e-01,9.370112909598665718e-01
5.393440127369999448e-01,6.544584135626946297e-01
9.370089769359999377e-01,5.711458979373642553e-01
8.087720274930000341e-01,9.250257677639399656e-01
5.654280185700000239e-01,8.483895351293073706e-01
6.020820140839999723e-01,6.161725107563192916e-01
1.146679997439999932e+00,6.250280976462532223e-01
9.824249744419999431e-01,1.120418804128751056e+00
5.671510100359999917e-01,1.025130284483258825e+00
7.866399884220000027e-01,6.348768452527626671e-01
7.388439774510000557e-01,7.919794551165110219e-01
6.810299754140000106e-01,7.705549308492103400e-01
7.086979746820000203e-01,7.136368852407662944e-01
6.642330288889999323e-01,7.328916263940743470e-01
5.124790072439999733e-01,6.954782950652587115e-01
6.040380001070000393e-01,5.539298577109890154e-01
6.728799939159999521e-01,6.214826337741548024e-01
8.265414834020000656e-01,6.928751364319437611e-01
4.546860158440000355e-01,8.384930813029722874e-01
5.594509840010000179e-01,5.179084706760029855e-01
1.332218050960000122e-01,5.753373970084573186e-01
1.633069962260000063e-01,2.001937698725597403e-01
1.797860413789999778e-01,1.834803691044906149e-01
5.747918486599999932e-01,2.015616619483850680e-01
8.508148789409999413e-01,5.612923909209639461e-01
8.527640104289999634e-01,8.507025143962315683e-01
1.687628030779999788e+00,8.796446962426048843e-01
2.149522066120000297e+00,1.631656317494681652e+00
8.122850060459999577e-01,2.122170691914504026e+00
1.239639997479999867e+00,9.662553028197046201e-01
2.128437280650000041e+00,1.224624991597168977e+00
2.139239072800000141e+00,2.063137740800355946e+00
9.779880046840000452e-01,2.151557517416872400e+00
6.937779784199998856e-01,1.113881651104564829e+00
7.218790054320000094e-01,7.486832277049579876e-01
7.631160020829999002e-01,7.460595678100622186e-01
8.565329909319999713e-01,7.860740628757215687e-01
1.109338045120000116e+00,8.744496719130783191e-01
6.476340293879999654e-01,1.111504979945007854e+00
9.241870045659998922e-01,7.198907853648836008e-01
7.877320051189998784e-01,9.241437033498124398e-01
1.305567026139999864e+00,8.281633899207445637e-01
9.107710123059999940e-01,1.281642530999429930e+00
8.699640035629999657e-01,9.758212252818211363e-01
5.743020176890000217e-01,9.010086085088718777e-01
8.599532246590000373e-01,6.302444452466713365e-01
4.775849878790000003e-01,8.589066291291898025e-01
1.108017444610000179e+00,5.419152980512196294e-01
1.290724992749999966e+00,1.073308130871605481e+00
8.591579794879999898e-01,1.298875173046283749e+00
3.058980107309999807e-01,9.279508718336173523e-01
9.039019942279999942e-01,3.867164762091408470e-01
6.352750062940000220e-01,8.718570044598517033e-01
1.023422956470000145e+00,6.886298826878929358e-01
6.730669736859999919e-01,1.012479206404369947e+00
8.504790067669999454e-01,7.344451239668911002e-01
5.141969919200000128e-01,8.601208156080693001e-01
1.527956604959999964e+00,5.740416627939273209e-01
4.094385623930000051e+00,1.455593402249543145e+00
9.952359795569999390e-01,3.842102078715425417e+00
8.670449852940000923e-01,1.298139434017057559e+00
1.141056060789999993e+00,9.065901956520626692e-01
1.622257947919999888e+00,1.141098296119372524e+00
1.980204939840000566e+00,1.599962155780611406e+00
1.375547051430000112e+00,1.964874748280297290e+00
1.851865053180000054e+00,1.455670926630164175e+00
1.420923948290000016e+00,1.827620488913324515e+00
1.589177966120000285e+00,1.484713378145372964e+00
1.673199415210000041e+00,1.596198843222128350e+00
2.123934030530000072e+00,1.686930046588277055e+00
1.648401975629999905e+00,2.098008915693323040e+00
1.204741954800000014e+00,1.712685473727387331e+00
7.920839786529999538e-01,1.272217625568833999e+00
1.227027416229999890e+00,8.593031436533835610e-01
1.226951003070000157e+00,1.211313710777692343e+00
1.131343960759999989e+00,1.252782712483659688e+00
1.252465009690000075e+00,1.166794191267107594e+00
1.116891980170000132e+00,1.266673561952787797e+00
1.122387051579999850e+00,1.156214030792772629e+00
1.040153026579999862e+00,1.148266859155395947e+00
8.091310262680000420e-01,1.074774219902745243e+00
7.681059837340000751e-01,8.587496557245213324e-01
7.982919812199998910e-01,7.991789517780287788e-01
7.666722536090000428e-01,8.223839110370433358e-01
1.057360053060000027e+00,7.968187390187841945e-01
8.607699871060000563e-01,1.055934459213551557e+00
1.070777058600000053e+00,9.069547597287656027e-01
5.301510095600000527e-01,1.077167074767636068e+00
6.604189872739999467e-01,6.101672042583365929e-01
9.909179806709998983e-01,6.742278065788669394e-01
3.561530113220000016e-01,9.856194023785360692e-01
9.618239998820000691e-01,4.452389268474418182e-01
1.244829058649999931e+00,9.292346998629863464e-01
8.381230235100001202e-01,1.243658685080330173e+00
9.245989918709998090e-01,9.046176571751853857e-01
8.131660223010001021e-01,9.431901978307752898e-01
1.003061056139999963e+00,8.511409686876109104e-01
8.752340078350000496e-01,1.011505582203600984e+00
7.991399765009998823e-01,9.147299203445659055e-01
8.812961578369999938e-01,8.336651728216207813e-01
1.063080191609999892e+00,9.003238142377405495e-01
9.057049751279999672e-01,1.072218558746735440e+00
6.909559965129999926e-01,9.479940914168175636e-01
1.355970025060000195e+00,7.390529210522367443e-01
7.572399973869999856e-01,1.317716124157770397e+00
2.043754577640000125e+00,8.424481576711592146e-01
8.576130270960000690e-01,1.942739565544061353e+00
2.364957094190000220e+00,9.972009282899665372e-01
4.179231166840000178e+00,2.240324672740264145e+00
2.233561992649999883e+00,3.983901753707150384e+00
8.013390302660000630e-01,2.402481108481181682e+00
8.372840285299999463e-01,9.641285158280068490e-01
8.851529955859999133e-01,8.608340865664732000e-01
9.040349721909999303e-01,9.075344801224951574e-01
1.302939534190000082e+00,9.292327412818429666e-01
7.228699922560000157e-01,1.290439797949109568e+00
8.009120225910000279e-01,8.064148483549741231e-01
1.032919287679999965e+00,8.202913926242378917e-01
1.321628212929999879e+00,1.037232207025937436e+00
9.367759823799999275e-01,1.319547757698915635e+00
7.007700204850000336e-01,1.000751246527466609e+00
7.624319791789999634e-01,7.509551847559374771e-01
1.144938945770000105e+00,7.833698147664849287e-01
7.721610069269999599e-01,1.134471537529976759e+00
8.772150278090000697e-01,8.355836772642409871e-01
1.243505001070000171e+00,8.939978405995120392e-01
6.381840109830000385e-01,1.234355171667367523e+00
7.468199729919999807e-01,7.243959602076047721e-01
6.839929819109999976e-01,7.630698022130875113e-01
1.419505119320000119e+00,7.171022759586908046e-01
6.141470074649999500e-01,1.374277387419605923e+00
7.347676754000000976e-01,7.197063753466047542e-01
6.770560145379999062e-01,7.497950428153949964e-01
1.074026942249999950e+00,7.096444710953613288e-01
6.156389713290000287e-01,1.062220914153848117e+00
9.692379832269999440e-01,6.875961634478705564e-01
9.916120171550001361e-01,9.616526107500151799e-01
8.089560270310000023e-01,1.016327477910743848e+00
2.435143947599999859e+00,8.538751035546611190e-01
8.223479986189999869e-01,2.298810131815165470e+00
5.938220024110000272e-01,1.001253915367842806e+00
5.762249827380000466e-01,6.431586423513344641e-01
4.224239885809999429e-01,6.044994653295072684e-01
6.765879988670000511e-01,4.636534495086053753e-01
5.520349740979999531e-01,6.780311264551254213e-01
9.015229940410001142e-01,5.909159585073137100e-01
7.489960193629999763e-01,8.942392880703379232e-01
8.627583980560000754e-01,7.910062758906001301e-01
9.480749964710000199e-01,8.786799065740040771e-01
1.055613875389999956e+00,9.667589241743875794e-01
1.970020055770000278e+00,1.071945288874856184e+00
9.391199946399999554e-01,1.904242059731300118e+00
1.009042978289999892e+00,1.063538540818038003e+00
7.824029922490001177e-01,1.029121184972178638e+00
1.016265034679999957e+00,8.316324574827312910e-01
8.782749772069999850e-01,1.020413931839340371e+00
7.353619933130000064e-01,9.187503344607181877e-01
1.109990954399999952e+00,7.764262361653075928e-01
7.727199792860000027e-01,1.100337488674998143e+00
1.164981961250000086e+00,8.327052510603459856e-01
7.157210111620000426e-01,1.153533345184658776e+00
1.475479006770000101e+00,7.866655382422815812e-01
8.354520201680000202e-01,1.427734099444609495e+00
7.344660162930000125e-01,9.242134725021836639e-01
7.861927747729999805e-01,7.714102823363359063e-01
1.143465042110000107e+00,8.081487374279100466e-01
9.246990084650000830e-01,1.135447566593135837e+00
2.958764553069999970e+00,9.728443878418392421e-01
2.138324022289999959e+00,2.778249325274679826e+00
2.038712024690000124e+00,2.220927392303989389e+00
1.480209946629999829e+00,2.062678443005214302e+00
9.367650747299998137e-01,1.554637766223995632e+00
1.715939760209999942e+00,1.015771367506760114e+00
1.001402020450000041e+00,1.665013039548495888e+00
8.896229863169999863e-01,1.095935417911638066e+00
7.492939829829999843e-01,9.275370193993304202e-01
1.115183949470000213e+00,7.901088184103313150e-01
9.457820057870001129e-01,1.106374218162123446e+00
6.452180147170000213e-01,9.891126092723045993e-01
1.164842009540000056e+00,7.017193894556021938e-01
1.244351029399999975e+00,1.141011542265575107e+00
9.045109748840000075e-01,1.262549454944380312e+00
5.575259923929999362e-01,9.643403484716938090e-01
5.778343677520000332e-01,6.185123096401531351e-01
7.199835777280000348e-01,6.023144885542128790e-01
7.607790231700000128e-01,7.328231109872581639e-01
5.404400229450000426e-01,7.837769481382822478e-01
8.009672760959999360e-01,5.888336845375231610e-01
7.710149884220000027e-01,8.022646781466428179e-01
6.709719896319999988e-01,8.010010998865089160e-01
2.768970489500000021e+00,7.077397177274078466e-01
3.086133003230000060e+00,2.585491768004255064e+00
1.116358041760000086e+00,3.047250116874707704e+00
1.018260955809999979e+00,1.321425825283395250e+00
7.442610263819999794e-01,1.054488173194074285e+00
1.114386796949999869e+00,7.981412311735903709e-01
1.380516409870000238e+00,1.105166193261405416e+00
1.229098439219999950e+00,1.380223273276582452e+00
1.573238968849999919e+00,1.269151521232851465e+00
1.245597958560000107e+00,1.564140554169000996e+00
8.298619985580000247e-01,1.301930678584469536e+00
5.376980304720000436e-01,8.972530802259498506e-01
8.593800067899999284e-01,5.932209192290009980e-01
7.949647903440000274e-01,8.547571308409191992e-01
8.122889995569999577e-01,8.283459523514652423e-01
1.209460973739999945e+00,8.376560309874787613e-01
1.043611049649999956e+00,1.197438610281652105e+00
9.914460182190000248e-01,1.086201437809613424e+00
1.377645969390000058e+00,1.023352985192140352e+00
7.495359778399999229e-01,1.366002492621481768e+00
7.549669742579999676e-01,8.375871429341524843e-01
8.522210121150000095e-01,7.814486028090575909e-01
1.312628030780000010e+00,8.697582578256725094e-01
9.499999880790001017e-01,1.294197934374497816e+00
8.433979749680000637e-01,1.011793144733224681e+00
6.329939961430000039e-01,8.808768245137983399e-01
6.848490238189999246e-01,6.806063211908592869e-01
8.296039700509999504e-01,7.065748229050528018e-01
1.117776036259999994e+00,8.424396120632171581e-01
1.060515046120000138e+00,1.116502452521510813e+00
9.966710209849999336e-01,1.092662712392423519e+00
6.726049780850000825e-01,1.029685778236615112e+00
8.499810099600000335e-01,7.314132676452191895e-01
7.929700016980000266e-01,8.596256841879194033e-01
7.509549856190000927e-01,8.256250570067776851e-01
9.556260704989999466e-01,7.821098254142926365e-01
6.085839867589999397e-01,9.626552955723708394e-01
7.782499790189999489e-01,6.696307110031110010e-01
5.098140239720000411e-01,7.885185180356034662e-01
6.364319920540000286e-01,5.629048182095947039e-01
6.015599966049999248e-01,6.505040599714548843e-01
6.556333899499999784e-01,6.316607586143727637e-01
6.385549902920000243e-01,6.770434390072104236e-01
8.762890100480000832e-01,6.670048306346721967e-01
7.967479825020000739e-01,8.800132808236235116e-01
6.824830174449999509e-01,8.316107744845742111e-01
8.025500178340000401e-01,7.206759777860234362e-01
7.950311899190000142e-01,8.177824415440498873e-01
1.584897041320000088e+00,8.228289107445666550e-01
1.017485976220000143e+00,1.533789664920204743e+00
9.177780151369999695e-01,1.098158642699609500e+00
1.230221033100000083e+00,9.544657901821922419e-01
1.027899026870000121e+00,1.226287772767851836e+00
9.125559926030000213e-01,1.074040725222259018e+00
7.935979962350000472e-01,9.507675104800284993e-01
1.030437946320000187e+00,8.323172769497533263e-01
5.325379967690000438e-01,1.034283224703289372e+00
6.127780079839999505e-01,6.083621035506412422e-01
8.741289973260000234e-01,6.313991335367087343e-01
3.667230010029999820e-01,8.755161215233758787e-01
7.391750216480000857e-01,4.431765153301491789e-01
5.604230165479999748e-01,7.290247524498274512e-01
7.758178114889999755e-01,6.047361302126224025e-01
8.102909922600001202e-01,7.815334538459012270e-01
6.437510252000000488e-01,8.339711223568186949e-01
7.236457467079999706e-01,6.870468376904576013e-01
9.113870263100001257e-01,7.426912090143368284e-01
6.627830266949999993e-01,9.200681103923891158e-01
1.002035975460000117e+00,7.141899536472667842e-01
8.224419951440000709e-01,9.958825360271328364e-01
1.030576944350000135e+00,8.670461614906818104e-01
6.781139969830000114e-01,1.037214583030928283e+00
5.333459973340000104e-01,7.396954260420988136e-01
3.209959864620000047e-01,5.741785949262191435e-01
7.608630061149999069e-01,3.675378111032314155e-01
7.439860105509998878e-01,7.440338141841990049e-01
5.468400120740000148e-01,7.726539290258213066e-01
7.004669904709999173e-01,5.929438131628942399e-01
8.356525897980000561e-01,7.120940353045621674e-01
1.274258971210000091e+00,8.494403955428592168e-01
8.934450149539999719e-01,1.258055921040385661e+00
6.211659908290000365e-01,9.572392130892736217e-01
7.900159955019999680e-01,6.748662030686257696e-01
1.067494988440000014e+00,8.003937564579902686e-01
6.698009967800000464e-01,1.067342819069699633e+00
1.265694975850000015e+00,7.358008571663222641e-01
6.380620002750000408e-01,1.234322816744312101e+00
9.348030090330000652e-01,7.264318527886861609e-01
8.006410002709999363e-01,9.327822622656183338e-01
1.085708975790000030e+00,8.408419128232463846e-01
3.527039885520000251e-01,1.084793617466683902e+00
5.883709788319999578e-01,4.515017052932945862e-01
4.875420033929999120e-01,5.911877470193147577e-01
4.636880159380000199e-01,5.237716733412794978e-01
3.637039959430000136e-01,4.920223377114314456e-01
8.750243186949999696e-01,3.991158089504348583e-01
6.435279846190000708e-01,8.515443162751334949e-01
4.834130108360000233e-01,6.932344538104040499e-01
2.120890021319999930e-01,5.255795285569049291e-01
4.560469985010000560e-01,2.638472425704531665e-01
4.367910027499999903e-01,4.570398749157412177e-01
7.238804101939999569e-01,4.644921675808916239e-01
5.560690164570000205e-01,7.222373178075741640e-01
4.748429954049999679e-01,5.992792358757534910e-01
2.674640119080000100e-01,5.090342869793603731e-01
9.588437080380001198e-01,3.131191538299628041e-01
7.868980169300000549e-01,9.176715799774942672e-01
1.794360995290000149e+00,8.307946119940700092e-01
1.337677955630000026e+00,1.721402850668404927e+00
1.210453987120000185e+00,1.404874063440590071e+00
5.654799938200000264e-01,1.248376984617056928e+00
4.008429944520000565e-01,6.556638730120823988e-01
2.727654874320000200e-01,4.430456471161799969e-01
5.836449861529999783e-01,3.103551877738010001e-01
8.533802628519999711e-01,5.787928243036380982e-01
8.660610318179999823e-01,8.538969083741161370e-01
1.158349990839999899e+00,8.918885093196834424e-01
7.764859795569999390e-01,1.156583146434623899e+00
1.068807005880000105e+00,8.407766519591307608e-01
5.888479948040000744e-01,1.067209795996959976e+00
1.588868498799999918e+00,6.629228137719963554e-01
4.327859878540000205e-01,1.517656536744529383e+00
3.996030092239999942e-01,5.726567325031821643e-01
5.545349717140000134e-01,4.284694159510823441e-01
6.221979856490000849e-01,5.653208932353549487e-01
1.149551987649999996e+00,6.421208161168320272e-01
1.121260046960000034e+00,1.124975695749513394e+00
9.776459932329999436e-01,1.150366045790670144e+00
1.732741951940000025e+00,1.018389677144022842e+00
2.302707910540000125e+00,1.683943182908455016e+00
1.053477048870000043e+00,2.263075342640529897e+00
7.962800264360000435e-01,1.196304862944842728e+00
5.203329920770000117e-01,8.484597123820052378e-01
6.104800105090000262e-01,5.742013289239996654e-01
4.453057944770000276e-01,6.280962799831993904e-01
6.522138714790000069e-01,4.878014458665141384e-01
1.175541162490000069e+00,6.582916375716563184e-01
1.032202124599999937e+00,1.151341032276732124e+00
7.193930149079998948e-01,1.072698872611150600e+00
8.200139999390000378e-01,7.770771938577127891e-01
9.497330188750000568e-01,8.371906437623309882e-01
1.039114952089999822e+00,9.640883159026962801e-01
5.883830189700000046e-01,1.057241518165409122e+00
9.508559703829998488e-01,6.595969638416810943e-01
5.277600288389999728e-01,9.423738833086690025e-01
7.736063003540000205e-01,5.962163544261858128e-01
9.703559875489998765e-01,7.762812946771443512e-01
1.383889913560000018e+00,9.781557904874661480e-01
7.795230150220000542e-01,1.369615863855396354e+00
6.069999933240000090e-01,8.651752395384102456e-01
4.660570025440000097e-01,6.508156771428883491e-01
9.455270171170000459e-01,5.062169127076464603e-01
6.238729953770000280e-01,9.254521686227288324e-01
3.923240005969999555e-01,6.824343661607771283e-01
5.156549811360000568e-01,4.412334226854756625e-01
9.679385423660000765e-01,5.293999371737999615e-01
1.356565952299999989e+00,9.506087033986325707e-01
9.072690010070000310e-01,1.344802070085788781e+00
8.162760138510000152e-01,9.775266393418274857e-01
2.479866981509999846e+00,8.522535811451961152e-01
1.133080005649999888e+00,2.339582366925977652e+00
1.045583963389999926e+00,1.283378841755374644e+00
8.474370241169999485e-01,1.080686099142950107e+00
1.536522984499999911e+00,8.937998615300449812e-01
9.008989930149998715e-01,1.495250655572804011e+00
4.812009930610000596e-01,9.888375245475777842e-01
8.572540283199999722e-01,5.492421684072325005e-01
8.617479801180000232e-01,8.472178371356055004e-01
1.008694052699999899e+00,8.883771486043320342e-01
1.127727031710000105e+00,1.021307802712985824e+00
7.795569896699999779e-01,1.142723953601962661e+00
9.895502924920001053e-01,8.405831622261215053e-01
8.363329768179998958e-01,9.960468150629099293e-01
9.099559783939998869e-01,8.783547044045555419e-01
5.511059761050000061e-01,9.298104896894295868e-01
1.239764332770000088e+00,6.132543168179364068e-01
1.211838960649999963e+00,1.199390296793892308e+00
1.379981994630000042e+00,1.240397543619871312e+00
1.148460984229999982e+00,1.388916532494935963e+00
7.663900256160000035e-01,1.196635131816025766e+00
9.660840034479999394e-01,8.307243759608017308e-01
8.156750202179999798e-01,9.735977028079800810e-01
1.142272949220000111e+00,8.574479004826318640e-01
1.299479961400000105e+00,1.137228928139631057e+00
8.583310246469999516e-01,1.309991608655135531e+00
7.149469852449999996e-01,9.280435487242572057e-01
8.764400482179999230e-01,7.560460549666049301e-01
8.305460214609999836e-01,8.876785758034828611e-01
8.535240292550000385e-01,8.621109980760307545e-01
9.092410206789999227e-01,8.783469568083281942e-01
5.202720165249999917e-01,9.308435413567026639e-01
7.411040067669999454e-01,5.853466762797683298e-01
5.853319764140000325e-01,7.461640851701929478e-01
5.047770142559999673e-01,6.274300860067715258e-01
5.519493222240000607e-01,5.390510974614267647e-01
9.697520136830000137e-01,5.736035892842248352e-01
1.116515994070000017e+00,9.558347903725283867e-01
1.049844980239999837e+00,1.128889210510545693e+00
6.342629790310000404e-01,1.082937122927294382e+00
5.644329786300000817e-01,7.020301444551647618e-01
9.184709787370000100e-01,5.978897410609173013e-01
9.593539834020000656e-01,9.107700931909924469e-01
5.984159708020000412e-01,9.823412858693051364e-01
9.383450150489999197e-01,6.608217943352810986e-01
4.542250037189999867e-01,9.320703682118287592e-01
7.079470157619999204e-01,5.285916450753461726e-01
3.876500129699999575e-01,7.095816370879579615e-01
4.484339952470000057e-01,4.454653681283003985e-01
8.405709862710000202e-01,4.680815306382507535e-01
5.337110161779999862e-01,8.288765344143493863e-01
7.211350202559999589e-01,5.906822872665398183e-01
5.215386152269999576e-01,7.294604451265055411e-01
7.050759792330000275e-01,5.678051563657521283e-01
6.405649781229999506e-01,7.137301047554310829e-01
5.168589949609999623e-01,6.737407168322491202e-01
1.660409450529999997e+00,5.555184166073803276e-01
2.465307950970000217e+00,1.575163737755993498e+00
1.622156023979999917e+00,2.402010010867065670e+00
1.866270065310000170e+00,1.719168759658658452e+00
3.623536109919999415e+00,1.862867344303202222e+00
7.948709726329999947e-01,3.451382354496841387e+00
9.065989851950000400e-01,1.080669036504112501e+00
8.571879863740000660e-01,9.227300329441338045e-01
7.756379842759999477e-01,8.890819912203563602e-01
7.006700038909999817e-01,8.106951873599546055e-01
6.443409919740000769e-01,7.350095525708555400e-01
7.579550147059999077e-01,6.767136331424006279e-01
5.499600172040000068e-01,7.737375630436579277e-01
4.964669942859999408e-01,5.971529089817450009e-01
1.367677569390000070e+00,5.279763117771821834e-01
1.397894024850000250e+00,1.309406469685366226e+00
8.148130178450000427e-01,1.419576841357898411e+00
1.278898954390000009e+00,8.982703034191807934e-01
8.623980283740000363e-01,1.260230086012732897e+00
1.093865990639999897e+00,9.297362907259723031e-01
8.134710192680000285e-01,1.098130882029053845e+00
1.466687083240000078e+00,8.678663940467344906e-01
9.060310125349999577e-01,1.429174339677571570e+00
7.652140259739999006e-01,9.868577624386200009e-01
1.311033964160000176e+00,8.060775272707163541e-01
7.892500162119999718e-01,1.284398062199968882e+00
1.474902033810000068e+00,8.669621355971982579e-01
9.167850017550001063e-01,1.434254597719722746e+00
1.186140060420000086e+00,9.973048049207694499e-01
1.411391973500000008e+00,1.186498465717114037e+00
2.092472076419999993e+00,1.414731627707396022e+00
7.189220190049999681e-01,2.046449609192416919e+00
1.301861047739999888e+00,8.772507985485025195e-01
1.268974781040000055e+00,1.271668297155930327e+00
1.221997022629999874e+00,1.297607138804446114e+00
9.061110019680000960e-01,1.252286570950724043e+00
1.078873991970000112e+00,9.636410065007543491e-01
1.028025031089999874e+00,1.088849009154615022e+00
7.863690257070000689e-01,1.059684736989227050e+00
1.276852965350000035e+00,8.370540453131668501e-01
7.093420028689999546e-01,1.255647747266944947e+00
5.201929807659999572e-01,7.917212140547611465e-01
5.645610094070000473e-01,5.654119049699584121e-01
9.855200052259999177e-01,5.865610568500208011e-01
1.092841982840000004e+00,9.713141062408998661e-01
4.786899983879999709e-01,1.109084917039832696e+00
3.955059945579999514e-01,5.659032721037791092e-01
1.850703001020000071e+00,4.294256746042310890e-01
1.195796012879999815e+00,1.734866499946594143e+00
1.702510833739999896e+00,1.282809525529143402e+00
2.998351097109999586e+00,1.677112495932782776e+00
2.407080888749999925e+00,2.881285800844822109e+00
2.585943937299999718e+00,2.463025977665284749e+00
2.233839035029999920e+00,2.573341035439180136e+00
1.655773043629999997e+00,2.274875367148139205e+00
1.430611014370000156e+00,1.728965055998242795e+00
8.921740055079999676e-01,1.475531733700890857e+00
1.231696963309999893e+00,9.709788612566484511e-01
8.955079913140001624e-01,1.225158949491155891e+00
1.602033019070000064e+00,9.550244590936081135e-01
1.585399031639999956e+00,1.558729329411098430e+00
1.232059955600000034e+00,1.609403171105743047e+00
1.210371017459999976e+00,1.290904840361291939e+00
1.242141008379999967e+00,1.238349800337548379e+00
9.857040047650000858e-01,1.264867767076355953e+00
7.289689779279999726e-01,1.037206757966305126e+00
6.761519908910000876e-01,7.811763594665952493e-01
1.071573019029999907e+00,7.082534096902231013e-01
9.457439780239998983e-01,1.059919298866005555e+00
4.376370012759999706e-01,9.848814129153319330e-01
5.141820311550000522e-01,5.143456915114945627e-01
3.387190103530000052e-01,5.326588115903634346e-01
7.144280076029999593e-01,3.816326092522380753e-01
4.996199905870000180e-01,7.038207453539845337e-01
7.917379736899999854e-01,5.473280531909479052e-01
8.646243214609999894e-01,7.898579670246860251e-01
6.024960279459999901e-01,8.845585521792622696e-01
1.260069966320000123e+00,6.551703158581241304e-01
1.012339949610000067e+00,1.222711845888768023e+00
1.004528999329999950e+00,1.062882395870313301e+00
6.310235261919999727e-01,1.032124644263927804e+00
1.141221046449999887e+00,6.946746208531853206e-01
5.426099896430000014e-01,1.118324482059628977e+00
8.547459840769999762e-01,6.282977155761686472e-01
7.744219899179999311e-01,8.510593922992706339e-01
3.084340095520000102e-01,8.093585688297485481e-01
8.376209735870000506e-01,3.805178531912349338e-01
7.293469905850000767e-01,8.121850055964371373e-01
7.503905892370000830e-01,7.670040638739070715e-01
1.134822010990000019e+00,7.753234462793113790e-01
1.614240050320000064e+00,1.124183386963777176e+00
1.244793057440000128e+00,1.592178892713931093e+00
7.141630053519999466e-01,1.305004851240315844e+00
7.293040156360000026e-01,7.929741248324657654e-01
6.486989855770000091e-01,7.547832896736470509e-01
3.427990078929999962e-01,6.834935730542959220e-01
3.861860036850000011e-01,3.989414830023561009e-01
6.366299986840000535e-01,4.071447565673271263e-01
3.990480005740000280e-01,6.382376021072031502e-01
4.178859889509999870e-01,4.486002543211766724e-01
1.103790521619999909e+00,4.415870402235897996e-01
6.956189870829999622e-01,1.063597599497399626e+00
8.070139884950000564e-01,7.626110797993181922e-01
5.947690010070000310e-01,8.231101551992138221e-01
1.107607960700000005e+00,6.424951496005678608e-01
9.713580012320000012e-01,1.084457645685130922e+00
7.170349955560000321e-01,1.011416701909186866e+00
6.764810085300000386e-01,7.690116497353850500e-01
1.687772989270000190e+00,7.073672826328084584e-01
9.907569885250000485e-01,1.615071173010398597e+00
8.082039952280000161e-01,1.083754188413585950e+00
1.087718963619999979e+00,8.531139299819808786e-01
1.564818024639999861e+00,1.087339475514176979e+00
6.673809885979999912e-01,1.543372028049168954e+00
1.256489992140000123e+00,7.815029837042790639e-01
1.091886043549999963e+00,1.225791464275478582e+00
7.375509738919999725e-01,1.134103764507901735e+00
6.224380135540000802e-01,7.992527048065592998e-01
8.364729881290000613e-01,6.605937346802909227e-01
5.774260163309999916e-01,8.424719875488423382e-01
1.015761017800000054e+00,6.297520741456570370e-01
1.106158971790000001e+00,9.998776883840033713e-01
6.945540308949998964e-01,1.123982002215603515e+00
1.130903959270000092e+00,7.618812812356946518e-01
9.518219828609999489e-01,1.115219150184281416e+00
7.524570226669999862e-01,9.960621091778788516e-01
5.585229992869999993e-01,7.990496552649419826e-01
1.415836334229999771e+00,6.043414650476700567e-01
1.855298042299999839e+00,1.358849404815556605e+00
7.845479845999999702e-01,1.834368416913840116e+00
8.210539817810000862e-01,9.141675669897432188e-01
5.835890173909999978e-01,8.445415385866335001e-01
8.359720110889999889e-01,6.337903005095049114e-01
2.184663057329999880e+00,8.381702829173818259e-01
6.805480122570000123e-01,2.076579496560898797e+00
1.238904953000000031e+00,8.513165725751484780e-01
1.030328035349999949e+00,1.211219348558406406e+00
7.914109826090000022e-01,1.077053139132108317e+00
8.423720002169999832e-01,8.418229375893412358e-01
4.464710056780000769e-01,8.644504491601184837e-01
5.589337944979999584e-01,5.120626029610467755e-01
7.099329829220000221e-01,5.740400275884737225e-01
7.334340214730000751e-01,7.218561206420678333e-01
7.833399772640000647e-01,7.580937698648145817e-01
8.426809906959999985e-01,8.054717934502517718e-01
1.099761009220000085e+00,8.639370433371429403e-01
8.706315755840000614e-01,1.101534480802754956e+00
5.862460136410000411e-01,9.199373019305887578e-01
8.863990306849999223e-01,6.410935932550422267e-01
1.019399046900000050e+00,8.839701164283362278e-01
8.493610024450000129e-01,1.033348209925655237e+00
1.010666966439999870e+00,8.929957150989780157e-01
1.331516027449999973e+00,1.021882972227496023e+00
1.215008974079999859e+00,1.326328547672982916e+00
1.645591020579999952e+00,1.251891764639367244e+00
9.708780050280000351e-01,1.627795336545491134e+00
1.411272048950000135e+00,1.061962546713071998e+00
7.953929901119999313e-01,1.394298950986515573e+00
1.046331048010000098e+00,8.820697153131376034e-01
8.879339694979999642e-01,1.048786434495636577e+00
8.349300026890000836e-01,9.303644516849460810e-01
9.847199916839999290e-01,8.671881945075573528e-01
1.090394020079999970e+00,9.970883372064752725e-01
4.901649951929999416e-01,1.106803348883047322e+00
6.141669750209999279e-01,5.760161784101021087e-01
6.314740180969999894e-01,6.283985734516360777e-01
8.252440094949999860e-01,6.564701071353485906e-01
1.051450967789999913e+00,8.332272234958221224e-01
1.047114968300000060e+00,1.056303255168330013e+00
3.921430110930000379e-01,1.074241775625835560e+00
4.695149958129999912e-01,4.832944587860568131e-01
7.720900177959999500e-01,4.876211018962863797e-01
7.520099878309999264e-01,7.690948396369755580e-01
6.877393722529999698e-01,7.810043393685853763e-01
6.718119978899999012e-01,7.209987777575288526e-01
1.185933232310000029e+00,7.002424284561186152e-01
6.571980118750000432e-01,1.162619191410050545e+00
8.213180303569999063e-01,7.359545587093146990e-01
7.795739769939998842e-01,8.322274070639805732e-01
1.030122995379999962e+00,8.107253347951713929e-01
6.211889982220000217e-01,1.032633470166964162e+00
8.660820126530001106e-01,6.883093127699752012e-01
9.608931541439998947e-01,8.690824848870185582e-01
6.760399937630000577e-01,9.786386702536776783e-01
7.402380108830000083e-01,7.310090341776582790e-01
5.984709858890000511e-01,7.608807068060484680e-01
6.151059865950000427e-01,6.392125148068950047e-01
9.358735680580000382e-01,6.401088257065744580e-01
5.818247795100000008e-01,9.314859631502384607e-01
7.156659960750000327e-01,6.435383993770770195e-01
6.529520154000000298e-01,7.293198161314017325e-01
9.700022935870000751e-01,6.859811327114518908e-01
7.834500074390000623e-01,9.660133392328731361e-01
7.448130249979999506e-01,8.287736440480928390e-01
8.276180028919999376e-01,7.756281824035455852e-01
8.943400979040000420e-01,8.465574832274687100e-01
2.505017042159999985e+00,9.148756556898010039e-01
1.620712041850000062e+00,2.369241745329702553e+00
1.417585968970000110e+00,1.721327866949696306e+00
1.049872040749999957e+00,1.460636494594320656e+00
1.226507544519999993e+00,1.111553720499401265e+00
1.043179035189999881e+00,1.235576026888208556e+00
9.694439768789999690e-01,1.087436101412128320e+00
8.192250132559999454e-01,1.003493272440624029e+00
8.129550218580000598e-01,8.609757505633097718e-01
6.712080240250000163e-01,8.406388058099388827e-01
5.289899706839999993e-01,7.120978667378723426e-01
3.461930155749999849e-01,5.695511954593402981e-01
4.789490103719999947e-01,3.899003661731182957e-01
1.153810977940000093e+00,4.914866900612018807e-01
9.671270251270001062e-01,1.114772671214555144e+00
7.845839858059999727e-01,1.012040623088363400e+00
4.701859951020000428e-01,8.295158138807294801e-01
5.632782578470000301e-01,5.277324909203365833e-01
2.416239976880000528e-01,5.803634443984382330e-01
2.709859907630000064e-01,2.987353035139890256e-01
1.994680017229999991e-01,2.923740896575720560e-01
1.327169984580000017e-01,2.305729806368969625e-01
4.732620120049999546e-01,1.626244047224001676e-01
6.585559844969999244e-01,4.644831053519327679e-01
9.621880054470001165e-01,6.668370492545281358e-01
5.111979842189999790e-01,9.595127850684468385e-01
9.829789996150001263e-01,5.823842217695210932e-01
9.100099802019999684e-01,9.637480264561019139e-01
1.026576042179999870e+00,9.441247202136401340e-01
8.309389948840000262e-01,1.042103293329599945e+00
9.651920199390001676e-01,8.770882095503609310e-01
1.000543951989999902e+00,9.790929346047256843e-01
1.983185052870000131e+00,1.023984086656096304e+00
1.274855017659999978e+00,1.910969315133860924e+00
1.286525964740000028e+00,1.365741260681864855e+00
1.382244944570000245e+00,1.310844035131199181e+00
1.736924052240000016e+00,1.397949178787974978e+00
1.257668018339999971e+00,1.725172535721373857e+00
7.533379793170000838e-01,1.327866220001551190e+00
1.084908962249999886e+00,8.295004965633799854e-01
1.062494039539999990e+00,1.079474029239314126e+00
7.787629961969999570e-01,1.091298001313286470e+00
8.256469964979999965e-01,8.335461143681722751e-01
9.891830086709999525e-01,8.481175826495691572e-01
1.418092012410000047e+00,1.000208404433517551e+00
1.151677966120000063e+00,1.402170500715859802e+00
1.250364065170000094e+00,1.203105717184145718e+00
8.794019818310000458e-01,1.266710797985926007e+00
1.089423060420000144e+00,9.423124625954318878e-01
1.809062957759999701e+00,1.095772263698998161e+00
8.687390089040000207e-01,1.762903260792930249e+00
8.521729707719999380e-01,9.854703763250450832e-01
1.307837963100000112e+00,8.808638451702672789e-01
1.262575984000000151e+00,1.289880367061787103e+00
7.601559758189999627e-01,1.292417763883142667e+00
1.069887042049999959e+00,8.361130112720795982e-01
8.579840064049999437e-01,1.066594289222330572e+00
1.149323940279999956e+00,9.056561745983165990e-01
1.067142963410000034e+00,1.147672118074297476e+00
7.400619983670000401e-01,1.101643164145962750e+00
6.799880266190000411e-01,7.991124585495307242e-01
7.323921322820000634e-01,7.128166480445302655e-01
8.352749943730000126e-01,7.541867113747631191e-01
6.000829935070000065e-01,8.522451712017687919e-01
1.010563969610000168e+00,6.500910496386326232e-01
7.613970041280000434e-01,9.974175247193141081e-01
7.260069847110000030e-01,8.128418288259526836e-01
1.064324021340000037e+00,7.564764513844510763e-01
5.901079773899998715e-01,1.058250412588239486e+00
7.744659781460000447e-01,6.636207608173079198e-01
7.406870126719998781e-01,7.832650652491627286e-01
8.908360004430001533e-01,7.710180687325866034e-01
7.620100975040000613e-01,9.031985138683714665e-01
7.774500250820000069e-01,8.016992878383690790e-01
5.811070203779999943e-01,8.029730107401055195e-01
7.908779978749999051e-01,6.272249959234634797e-01
8.903719782829999652e-01,7.971952197029099629e-01
7.882059812549999656e-01,9.077017177927279024e-01
7.301949858670000459e-01,8.252841611101620067e-01
9.248933196070000529e-01,7.629025492848395817e-01
1.265586972239999941e+00,9.328968104282436835e-01
7.884140014650000694e-01,1.258810642179849948e+00
9.180610179899999501e-01,8.618498958839562185e-01
6.569269895549999516e-01,9.324369718672963492e-01
8.252680301670000107e-01,7.095616129977770914e-01
4.257229864599999525e-01,8.357668829377717934e-01
9.114630222319999309e-01,4.916142672075328734e-01
7.238519787790000937e-01,8.906677841725091360e-01
9.657319784160000031e-01,7.692972606453988282e-01
7.194200158119999911e-01,9.691176010188906620e-01
7.146480083470000411e-01,7.706127104046314180e-01
6.188799738879999790e-01,7.420699718399810241e-01
8.502969741820000094e-01,6.551041589610731020e-01
6.113014817240000065e-01,8.546020072799606071e-01
8.405809998509999881e-01,6.617044657021453613e-01
5.909900069240000553e-01,8.450787980763568852e-01
1.191807866100000002e+00,6.424059183490780089e-01
1.072478055950000009e+00,1.160036205075424043e+00
7.976800203319999172e-01,1.110495423206892207e+00
7.140370011329999489e-01,8.515644225139196166e-01
8.885610103609999921e-01,7.492519755773876522e-01
7.367290258409999737e-01,8.985272287139863812e-01
9.655410051350000744e-01,7.786688529804600689e-01
8.569459915160000385e-01,9.702063672245025971e-01
5.838339924809999859e-01,8.946027360141677320e-01
3.047562122340000457e+00,6.375633793119265258e-01
8.865389823909999301e-01,2.827195749673809377e+00
1.186460971829999878e+00,1.112962146384747220e+00
8.750730156899999557e-01,1.183878071046807312e+00
1.111973047260000014e+00,9.322860818455299681e-01
6.929270029070000447e-01,1.115671514522869723e+00
5.632749795910000357e-01,7.609796518715294944e-01
5.519689917560000048e-01,6.027040640621379453e-01
9.211350083349998386e-01,5.795058635917409440e-01
5.465030074119999748e-01,9.119420726511553443e-01
9.997850060459999577e-01,6.102027387969501948e-01
7.512239813800000166e-01,9.824091009634767779e-01
8.402569890019999654e-01,8.026189497084926794e-01
7.843149900439999600e-01,8.585941845060457434e-01
5.915480256080000165e-01,8.168626547657890091e-01
6.109840273859999948e-01,6.373361174887232083e-01
9.328789710999999540e-01,6.356906979117279421e-01
7.992020249369999885e-01,9.283763217667956313e-01
9.833549857140000405e-01,8.393564388604002335e-01
5.405290126799999761e-01,9.923766355773609993e-01
1.093670010570000128e+00,6.109435643429984575e-01
9.266330003740002041e-01,1.066556900052618051e+00
7.972419857979999858e-01,9.697961376335278993e-01
5.896059870719999596e-01,8.369789933243588775e-01
7.799540162090000672e-01,6.368642163067470552e-01
5.182790160179999717e-01,7.881724488654180405e-01
7.263879776000000676e-01,5.707218242494624949e-01
6.216366887090000182e-01,7.326656769138771841e-01
8.810679912569999717e-01,6.587611382551921135e-01
7.315016984940000411e-01,8.826564920092981881e-01
9.703850150110000516e-01,7.732174148303352368e-01
8.715350031849999901e-01,9.740641144700605825e-01
5.505740046500000595e-01,9.082246243829289467e-01
2.576299905780000121e-01,6.089764727095768881e-01
6.952109932899999123e-01,3.119321820992160266e-01
3.547430038449999601e-01,6.782340322892800311e-01
1.308350920679999918e+00,4.144299765311426631e-01
1.424710035319999957e+00,1.242016820895611051e+00
2.422243118290000385e+00,1.438132876418874551e+00
1.588093161580000023e+00,2.342763592220112212e+00
2.882889986040000352e+00,1.684998869620948803e+00
1.510810017590000109e+00,2.768526239851216264e+00
5.103110075000000245e-01,1.655801224378007586e+00
6.637499928469999810e-01,6.349717950984297143e-01
5.865659713749999948e-01,6.752508205445285627e-01
9.182999730109998593e-01,6.208387517110974807e-01
1.126363039020000123e+00,9.128042505461685385e-01
9.455379843710000065e-01,1.132805878292246549e+00
7.979699969290000583e-01,9.899672022557755025e-01
8.895260095600000527e-01,8.394807989260282266e-01
5.017459988589999531e-01,9.076330808650484583e-01
7.889080047609999813e-01,5.666679521662161267e-01
5.571460127830000220e-01,7.875129055678937728e-01
8.079270124439998924e-01,6.067209529794018730e-01
7.382910251620000697e-01,8.102137737511100335e-01
6.742079854009999096e-01,7.721532677802106504e-01
8.787713646889999675e-01,7.074217218155413045e-01
7.401880025859999268e-01,8.857712774931820743e-01
8.886500000949999478e-01,7.808291629801690226e-01
7.983270287510000340e-01,9.011771213986184970e-01
5.137799978260000344e-01,8.342448884211178806e-01
7.760372757910000141e-01,5.684853778218296183e-01
8.528280258179999906e-01,7.770834966702084845e-01
7.851629853249999513e-01,8.723754831421944855e-01
8.431609868999999646e-01,8.188609371579278484e-01
1.024798870089999925e+00,8.645490860852125259e-01
8.044279813770001120e-01,1.034019363264663705e+00
8.841310143469999216e-01,8.530195685505814751e-01
3.615649938579999501e-01,9.033988094345318798e-01
1.171491026879999842e+00,4.395130187776943309e-01
4.477910101410000343e-01,1.119152721332297151e+00
7.665730118750000432e-01,5.457369014759598791e-01
7.735599875449999940e-01,7.619343648220103793e-01
1.054823040959999902e+00,7.999115822410232113e-01
7.843300104139999673e-01,1.054317721210495273e+00
1.034250974660000155e+00,8.378193029694815941e-01
1.096979022029999973e+00,1.036818632015536368e+00
7.633029818529999400e-01,1.117490197629867676e+00
5.883730053899999257e-01,8.229574964868459075e-01
6.365630030629999547e-01,6.323829716506556009e-01
5.750700235369999858e-01,6.584917676451055302e-01
5.399640202519999654e-01,6.077336850268624246e-01
1.324671149250000068e+00,5.698361043990304298e-01
8.178460001949999780e-01,1.274867507529211741e+00
6.359609961509999909e-01,8.940102800007282413e-01
8.135920166969999867e-01,6.807605334708580758e-01
9.872140288350000903e-01,8.231501265071987650e-01
9.839289784429998686e-01,9.972589729509613310e-01
5.904790163040000150e-01,1.011142182845217397e+00
8.986790180209999201e-01,6.560747684585550576e-01
6.268000006680000125e-01,8.954764453707311223e-01
6.926850080490000172e-01,6.804668421703803372e-01
5.757049918169999669e-01,7.130374025758199341e-01
6.764680147170000213e-01,6.139114074482573402e-01
8.279470205309999997e-01,6.932894325977156935e-01
6.547859907149999881e-01,8.401163389606135512e-01
1.085815548900000094e+00,6.987532633724942155e-01
8.509550094600001335e-01,1.070676033502928615e+00
8.879359960559999321e-01,9.008628839884229578e-01
6.557850241659999302e-01,9.113799763321714931e-01
6.597809791559999804e-01,7.055683376270850404e-01
8.856279850010000398e-01,6.861966886582677727e-01
7.502999901769999980e-01,8.905379121120550190e-01
9.303160309790000637e-01,7.906247237750310131e-01
7.259460091590000941e-01,9.397599537218171983e-01
7.123904824259998936e-01,7.730335252831689319e-01
9.326570034029998402e-01,7.406775830648633097e-01
6.544970273969999974e-01,9.381543882213225771e-01
4.987269937989999846e-01,7.088029196030507517e-01
9.782410264020000579e-01,5.405237239468805299e-01
5.593240261080000275e-01,9.582356335095441047e-01
8.733990192409999409e-01,6.274021335566628554e-01
6.232500076290000690e-01,8.695643262552543717e-01
6.319249868390000024e-01,6.747710459844656894e-01
8.335350155830000274e-01,6.577845467131846480e-01
8.613430261610000027e-01,8.407581118159351830e-01
1.036013007159999999e+00,8.856923935312931428e-01
6.160370111469999355e-01,1.045892091488635378e+00
9.874529838560001105e-01,6.842385769082802716e-01
6.686739921569999634e-01,9.781306845071680023e-01
6.455339789389999972e-01,7.269654867009295307e-01
1.007030010220000049e+00,6.746087485148194451e-01
7.763000130650000719e-01,9.986955092039080384e-01
9.358490109440000815e-01,8.259342846557803375e-01
6.626719832419999401e-01,9.472963555064722874e-01
1.113351941109999910e+00,7.164924421944457444e-01
5.495319962500000432e-01,1.096281875658446259e+00
9.273632764820001206e-01,6.318176810775235630e-01
8.215330243109999486e-01,9.173246376973098748e-01
9.193540215490000334e-01,8.589558378239620096e-01
6.899859905239998925e-01,9.368407172220675205e-01
6.497738957409999738e-01,7.395175388678383310e-01
9.705049991610000815e-01,6.805591182154397956e-01
8.034440279009998909e-01,9.661545682003529478e-01
8.920990228650002019e-01,8.468507225882563327e-01
7.462270259859999921e-01,9.104898813884526598e-01
1.495407462120000197e+00,7.875846846717011740e-01
7.597569823270000633e-01,1.448598242218756438e+00
9.677280187610000084e-01,8.580128074302608709e-01
1.126011013979999920e+00,9.744320188423135631e-01
7.641419768330000029e-01,1.137245518864394178e+00
1.423818945879999909e+00,8.265264862321441974e-01
8.309190273280000483e-01,1.385864421631991750e+00
5.316870212550000030e-01,9.152299849495136863e-01
6.942920088770000442e-01,5.878970483190256724e-01
1.097100019450000019e+00,7.049984565689992877e-01
8.623710274700000511e-01,1.084712352823177017e+00
9.711959958080000899e-01,9.122384794010985898e-01
7.501904964450000213e-01,9.875658950133179292e-01
5.659890174870000346e-01,7.988979017166334406e-01
7.235890030859999378e-01,6.108605076391142585e-01
1.088876962660000114e+00,7.348997351477518647e-01
2.614549994470000138e-01,1.080154300135549805e+00
1.923168003559999895e-01,3.694301168076092323e-01
2.048390060660000012e-01,2.231040207980710677e-01
3.752999901769999980e-01,2.272976680731052801e-01
1.878910064700000104e-01,3.831292091629419083e-01
4.178839921949999980e-01,2.308365111792538005e-01
6.128349900249999704e-01,4.199758132191420690e-01
4.822100102900000462e-01,6.199127348450318431e-01
8.136649727820000066e-01,5.214098619324813999e-01
8.997989892959999958e-01,8.079343051472807069e-01
7.667459845540000041e-01,9.184350569423911370e-01
6.762999892229999421e-01,8.068493037983148763e-01
9.804093837739999984e-01,7.121280523589542666e-01
1.075533032420000090e+00,9.776967304088466371e-01
6.459739804270000496e-01,1.093004222031429551e+00
7.601699829100000416e-01,7.150993390040673026e-01
8.707180023190000950e-01,7.758999328496396508e-01
1.045557022089999899e+00,8.869593484023492458e-01
4.832339882850000268e-01,1.055402674640006921e+00
1.085988998409999962e+00,5.653576597400211678e-01
7.320979833600000930e-01,1.053981440243022538e+00
7.128990292550000385e-01,7.937647326648733515e-01
1.045389056210000112e+00,7.417456403053278580e-01
7.359200119969999676e-01,1.039895172394733391e+00
8.956930041310000590e-01,7.932625351744927444e-01
8.745509982110000191e-01,9.071128458153675522e-01
9.237470030779999508e-01,9.036750385527673179e-01
9.997780323029999971e-01,9.459730197252023132e-01
1.739534020420000049e+00,1.019284510276835087e+00
8.107889890670000321e-01,1.692115441723490044e+00
7.049050331119999235e-01,9.269252653325745772e-01
8.328269720080000438e-01,7.423018402740475530e-01
8.276600241660000412e-01,8.473275119125155408e-01
8.953109979629999549e-01,8.552389778252952324e-01
1.459501028060000039e+00,9.157554280385008516e-01
1.179519057270000060e+00,1.430506929875409172e+00
1.443411946299999915e+00,1.231999887617452050e+00
1.306735038760000078e+00,1.442885310467322491e+00
7.634999752040000365e-01,1.344763817255851368e+00
1.145148038860000161e+00,8.433658702646695815e-01
7.253450155259999477e-01,1.134763632069376138e+00
7.633590102199999672e-01,7.934174175415305008e-01
6.174820065499999622e-01,7.866358569806066736e-01
1.029322981830000039e+00,6.586789946260075412e-01
1.302055954929999926e+00,1.016055618538080019e+00
3.164124965670000122e+00,1.301597460838361808e+00
9.734439849849999549e-01,2.994806856780420468e+00
1.229671001429999855e+00,1.200634963661357801e+00
7.441530227660000385e-01,1.231125389604610154e+00
1.063034057620000139e+00,8.185312378954995305e-01
1.123872041700000102e+00,1.058856562488552644e+00
8.984770178789999173e-01,1.144458306520291346e+00
7.175139784810000698e-01,9.473442873754240878e-01
5.367509722709999931e-01,7.623055783685114273e-01
1.175443053249999981e+00,5.811898660585907983e-01
1.101048946379999949e+00,1.139967663091017824e+00
5.734490156170000130e-01,1.134645418830280583e+00
1.431144952770000200e+00,6.521861359998329943e-01
1.037794947620000130e+00,1.374090946974008576e+00
6.568620204930000206e-01,1.101974341406501745e+00
1.074908018110000141e+00,7.212344022126891963e-01
1.385972023009999887e+00,1.061040749813235928e+00
1.004804968829999812e+00,1.381399826362202710e+00
1.609539985660000116e+00,1.068048224328637330e+00
2.817575931549999524e+00,1.575779770915491040e+00
1.962562561039999931e+00,2.712097767351107080e+00
1.279752016069999998e+00,2.052777959713452116e+00
1.995329976079999845e+00,1.368259515792985770e+00
2.033385992049999924e+00,1.947491671781584888e+00
1.307443976400000096e+00,2.045455447664034310e+00
1.611258029939999892e+00,1.399473760373301623e+00
2.040218114850000042e+00,1.605540742306278634e+00
2.183244943620000100e+00,2.017600778364133873e+00
1.351415991779999937e+00,2.183197511818630865e+00
7.242180109020001089e-01,1.452296806990666767e+00
1.363389015200000109e+00,8.122824741806701221e-01
1.526808977129999967e+00,1.327606792996566254e+00
1.784019589419999940e+00,1.534919227958493559e+00
1.103597044940000105e+00,1.780575337440004624e+00
1.763007998470000004e+00,1.193974930776527277e+00
1.157549023629999896e+00,1.722870752113777604e+00
1.153326034550000045e+00,1.240447714829324699e+00
2.362811088559999551e+00,1.179978744121367606e+00
2.580787897110000007e+00,2.265292495811469742e+00
1.242146968839999976e+00,2.565054221499185161e+00
1.712821006770000265e+00,1.389807413034010564e+00
6.676509976389999323e-01,1.690656111152402552e+00
8.271329998970000652e-01,7.957637469478141545e-01
9.642647504810000214e-01,8.385105125327455555e-01
1.394161701200000048e+00,9.778859549080424207e-01
7.584049701689999923e-01,1.378278032421105470e+00
6.900759935379999765e-01,8.471490231411427096e-01
6.740249991419999809e-01,7.237412622017860286e-01
8.615220189090000424e-01,7.024733976297986571e-01
7.907469868659999790e-01,8.701835725954558676e-01
7.285000085830000138e-01,8.247508808363573918e-01
2.411980032920000017e-01,7.616231667691530927e-01
3.354600071909999981e-01,3.150904063714162207e-01
5.912460088730000507e-01,3.507669832837402302e-01
1.058426976200000036e+00,5.920413706196222536e-01
7.669919729230000316e-01,1.039739527315527656e+00
5.881239771840000019e-01,8.225410827101057309e-01
5.922303199769999305e-01,6.325243796835440246e-01
8.753510117530000079e-01,6.183966016347292038e-01
7.038279771799998974e-01,8.745867329296540538e-01
5.677499771120000371e-01,7.476856506501308175e-01
7.133870124819999825e-01,6.078346488284701588e-01
1.077505946160000061e+00,7.258570304450735478e-01
6.909419894220000247e-01,1.068906138717829801e+00
7.724580168719999973e-01,7.558377303349620435e-01
7.237120270730000859e-01,7.914500948284909354e-01
9.752489924429997847e-01,7.554968138844996295e-01
9.151769876480000399e-01,9.776889729566438092e-01
7.574009895319999686e-01,9.480321312618762430e-01
6.912069916730000374e-01,7.999251769576538607e-01
1.183527946470000147e+00,7.246631204441902341e-01
7.705749869349999281e-01,1.162337380994495240e+00
8.947700262070000798e-01,8.378824644904400154e-01
6.143350005150000070e-01,9.096799354738515087e-01
7.692319750789999855e-01,6.688312289970890223e-01
9.070749878880000061e-01,7.809444284216673360e-01
4.068099856379999713e-01,9.206489458764867129e-01
5.138880014419999753e-01,4.826693938413054163e-01
2.481469959019999838e-01,5.292699063167453088e-01
2.568759918210000159e-01,2.996109359153421026e-01
5.980659723279999618e-01,2.802568952946370429e-01
5.981699824330000137e-01,5.902307232886295774e-01
8.801140189170000294e-01,6.247608857450394071e-01
1.085649013520000095e+00,8.794750929710426490e-01
9.920129775999999566e-01,1.092440546909188237e+00
8.743849992749999078e-01,1.027907193425552146e+00
8.770260214810000621e-01,9.128931374946489541e-01
1.008928894999999937e+00,9.038285123119222941e-01
8.088759779930000393e-01,1.023002551370022273e+00
6.714209914210000907e-01,8.554869764807957466e-01
7.449629902840000373e-01,7.118873611896846532e-01
6.942679882050000195e-01,7.646898179177110677e-01
1.001886010170000008e+00,7.261962687634704317e-01
7.935580015180000446e-01,9.988338423887503925e-01
8.450049161910000439e-01,8.409928089155043196e-01
8.031240105629999793e-01,8.670366151076602801e-01
5.744469761850000689e-01,8.342977393037794842e-01
5.679720044139999757e-01,6.237574650114389163e-01
4.538080096239999195e-01,5.950960493819726915e-01
8.494881391529999215e-01,4.912086193882262974e-01
4.064599871639999473e-01,8.374705973110332380e-01
2.453519999980000310e-01,4.766236545998114860e-01
2.323218107220000217e+00,2.860983603639467576e-01
2.027115583420000089e+00,2.145774246315931943e+00
1.581117987629999888e+00,2.068307168818178443e+00
1.727049946780000012e+00,1.643904496284678052e+00
1.150642037389999928e+00,1.734454930240110659e+00
1.607933998109999818e+00,1.230933327000904187e+00
1.331233978270000007e+00,1.587990809095557232e+00
1.221642017359999999e+00,1.381994833116334753e+00
1.583541989330000010e+00,1.257826805684174376e+00
1.608662128450000006e+00,1.572698751071094359e+00
2.185653924939999992e+00,1.628570931118518139e+00
2.989559888840000124e+00,2.147483823288177440e+00
7.574499845500000106e-01,2.914035894955206540e+00
1.811344027520000122e+00,9.925683177438998639e-01
1.527951955800000094e+00,1.733893968947083142e+00
8.892235755919999374e-01,1.576930468852461686e+00
