9.717460274700000511e-01,1.053797286386182197e+00
1.176299691200000108e+00,1.042896080167623252e+00
1.714609026910000056e+00,9.798991003800325839e-01
1.307337045669999975e+00,1.322081177756345260e+00
6.186890006069999393e-01,1.253954112733875137e+00
2.298435926440000276e+00,8.667235434130214911e-01
1.808241009709999902e+00,1.574696861518358082e+00
8.794149756429999742e-01,1.751270559360178725e+00
1.570945024490000064e+00,9.607409672502528197e-01
1.578516006470000121e+00,1.355455963813908093e+00
6.200309991839999535e-01,1.762265457670305846e+00
9.928810000419999726e-01,1.026593837734490977e+00
4.551869928839999413e-01,9.661894039620466668e-01
1.017398953439999865e+00,1.027511976653955994e+00
8.378469943999999892e-01,8.777334124047286856e-01
4.884769916529999589e-01,8.354574413071196304e-01
1.246340990070000210e+00,5.827127763120893977e-01
1.209630966189999990e+00,8.432319139184800694e-01
1.252451062200000020e+00,1.063317964281095929e+00
1.519726991650000025e+00,9.083412997777222664e-01
1.063797950739999942e+00,1.139711635755078500e+00
1.571495056150000069e+00,1.165856450322413806e+00
1.278105020519999968e+00,1.262089991022481872e+00
1.192077994349999948e+00,1.346840335324168914e+00
8.304439187050000060e-01,1.173144500581413174e+00
1.402015686039999931e+00,1.067293415869431383e+00
1.156504034999999986e+00,1.251668699289613329e+00
1.162554860120000200e+00,1.201612423027372145e+00
6.007519960399999581e-01,1.018689513060441865e+00
1.253835797310000055e+00,8.877691984401290259e-01
1.791844010350000183e+00,1.086461256486184190e+00
1.734062552449999961e+00,1.392805236628117616e+00
4.939970970150000085e+00,1.299177041323691384e+00
2.394351005549999911e+00,2.528956443750441707e+00
2.212575912479999740e+00,2.446614317419963491e+00
1.886527061460000043e+00,1.833149425473970640e+00
9.343829751010001017e-01,2.606191003280343477e+00
9.099829792980000942e-01,2.198647980105262523e+00
8.112999796870000724e-01,1.457518941969934367e+00
1.049708962440000004e+00,1.343363650805961429e+00
1.351788043980000076e+00,1.106707940260384770e+00
1.277305960659999906e+00,1.065191394695325533e+00
7.854449748989998925e-01,1.052206031252894469e+00
4.846229851250000165e-01,8.761650760982852004e-01
6.676359772680000582e-01,7.991791171401539939e-01
8.322510123249999836e-01,8.803508983358900863e-01
5.959370136259999340e-01,8.517945987184386558e-01
3.410890102390000123e-01,6.032499594877768212e-01
6.860110163689999707e-01,4.361971063064909448e-01
8.153510093690000682e-01,6.116359416077229438e-01
3.985430002210000322e-01,7.133166614775301451e-01
6.998159885410000225e-01,4.469783703775273009e-01
4.263690114019999533e-01,5.103214372426219114e-01
6.866139769550000382e-01,5.902101323608098804e-01
1.826770007609999913e-01,5.435039226776899879e-01
7.018824815749999946e-01,4.028758510451871389e-01
1.796682000159999681e+00,4.862771852558063213e-01
7.204269766809999753e-01,1.033765936362597726e+00
4.680640101429999755e-01,7.329261488881337883e-01
6.408870220180000743e-01,4.050640577464004743e-01
7.520520091060001189e-01,8.659675860890730936e-01
1.001817584040000098e+00,9.098609207122064779e-01
1.660804033279999814e+00,7.256730691152525337e-01
1.450595021250000061e+00,1.008688192590136534e+00
1.085010051729999869e+00,1.106604351308587031e+00
1.099555015560000015e+00,9.831270198404252758e-01
7.694180011750000325e-01,1.150509621360843893e+00
1.254430413249999932e+00,1.130543890658975759e+00
1.496320962910000052e+00,1.114033291965619510e+00
7.186369895940000196e-01,1.241295499463938690e+00
8.902019858359999649e-01,8.865770393047850417e-01
9.891759753229999452e-01,8.460629271858401967e-01
2.849014520649999938e+00,1.118600408425262538e+00
4.281075000759999583e+00,1.688335371968662013e+00
1.248739004139999942e+00,2.458501457208816188e+00
7.096589803699999699e-01,1.549624490111058295e+00
7.497439980509998936e-01,1.190611580794594282e+00
8.907449841499999188e-01,2.000848611774142860e+00
1.469527959819999952e+00,1.618617408699743132e+00
1.608888030049999918e+00,1.098071513122636622e+00
1.043460965159999976e+00,1.150019077564987446e+00
1.184751033780000018e+00,9.778201595915626543e-01
5.063725113870000127e-01,1.095009650406969071e+00
6.946156024930000283e-01,1.049058391239625410e+00
9.299110174179998634e-01,8.692003897285667247e-01
7.754629850390000190e-01,9.453978983603112951e-01
8.564696311949999696e-01,7.790359113515366030e-01
9.269009828569999554e-01,6.731275722985947674e-01
7.506660223010001021e-01,8.229830003872884436e-01
9.248849749570000611e-01,7.757697999000470190e-01
1.070162653919999984e+00,7.930796389148578873e-01
8.752880096439998869e-01,9.251969243130233611e-01
7.511039972310000756e-01,8.400486761054336560e-01
8.627579808239999037e-01,7.558220697866168125e-01
5.096570253369999692e-01,8.582358396268002787e-01
8.495249748229999343e-01,7.322743177832704564e-01
6.711369752879999817e-01,7.159745618831491187e-01
6.132180094720000030e-01,7.321958441733028566e-01
3.810549974440000098e-01,5.931189531350568034e-01
8.710420131680000067e-01,5.144546772745256513e-01
6.540319919589999698e-01,6.861377128062693398e-01
9.089673757550000843e-01,6.552372806887921675e-01
9.709029793739999414e-01,6.154736233502952070e-01
9.856920242310001079e-01,7.738696815058935252e-01
1.356256246570000101e+00,8.274471793998364744e-01
1.309872984889999925e+00,9.873194226754405944e-01
6.344919800760000506e-01,1.109130580578469027e+00
5.933508276940000492e-01,8.421049865919272293e-01
8.796380162239999523e-01,7.978054590182684924e-01
1.131836414339999930e+00,9.984107261529258093e-01
1.841274023059999765e+00,9.690494499673220075e-01
2.261745929719999992e+00,1.118997777337356059e+00
2.597975969309999744e+00,1.465476805001708849e+00
2.399192094800000064e+00,1.764277513363863070e+00
1.982298016549999931e+00,1.966935956449269218e+00
2.269547939300000206e+00,2.009531537357155617e+00
2.017889976500000238e+00,2.221048439284351694e+00
1.452262043950000026e+00,2.220476170398578919e+00
1.342797994609999934e+00,1.795850179613346365e+00
1.311915040020000145e+00,1.644648883038553944e+00
1.276762008670000226e+00,1.635895037859652623e+00
1.275267004970000118e+00,1.426241978550367939e+00
1.210446000100000141e+00,1.274306344371568755e+00
8.153480291369999966e-01,1.220247124194378863e+00
7.271119952200000291e-01,1.042235883759884407e+00
6.043019890790000126e-01,9.287166160458193431e-01
9.830358624459999417e-01,8.679711206408899926e-01
1.101529002189999940e+00,8.786089654554739559e-01
1.183724999429999869e+00,8.955241262441554495e-01
4.356400072569999726e-01,8.806640624503904169e-01
3.270040154459999959e-01,6.765747725932705903e-01
8.039849996569999879e-01,5.992459831518889279e-01
4.216859936710000145e-01,8.429950796083433007e-01
5.734559893609999515e-01,6.204533156517773040e-01
3.959457874300000291e-01,3.954209447779201136e-01
4.163750112060000119e-01,4.742480601750349578e-01
5.603970289230000290e-01,4.446570400310967952e-01
7.749050259590000156e-01,4.695161018796881192e-01
6.370840072629999629e-01,5.643066460744246005e-01
3.839260041709999793e-01,5.128140670521807998e-01
5.648739933969999516e-01,4.211435629414281290e-01
1.054715037350000051e+00,5.342710722362105091e-01
6.537709832190000681e-01,7.775824868070606577e-01
5.931029915809999942e-01,6.150314567757551032e-01
1.022608995439999946e+00,4.844320676640406220e-01
8.359869718549999273e-01,8.197417879567483467e-01
6.375340223309999832e-01,8.346864530540705207e-01
9.755985140799999789e-01,6.020946842348775530e-01
4.898079931740000337e-01,7.991719741525693532e-01
1.098647952079999879e+00,7.316654001292516307e-01
1.151165962220000116e+00,7.641008607636174954e-01
8.061249852179999120e-01,9.675876330751578269e-01
4.744769930839999872e-01,7.642602159400450068e-01
7.896029949189999897e-01,6.225407167806501496e-01
4.762530028819999539e-01,8.384399043277477315e-01
5.455229878430000179e-01,7.187931136115401909e-01
6.212809681889999158e-01,5.123045985205811892e-01
7.707700133319999036e-01,5.797472588709242647e-01
9.337069988249999675e-01,6.344694464718159121e-01
8.110550045970000843e-01,6.721104161630588880e-01
6.005529761310000048e-01,6.831609391833370903e-01
1.002521038060000036e+00,6.261975435346553986e-01
8.921650052069998171e-01,8.185083133240294018e-01
9.160850048070000584e-01,8.663647158030707285e-01
7.413420081139999729e-01,7.550418785430429436e-01
9.283249974250000758e-01,7.566053009223704384e-01
6.429409980770000033e-01,8.502827235190613120e-01
9.950090050700001187e-01,7.686360065590818191e-01
6.271365880970000140e-01,7.995663104694312739e-01
1.038689017300000073e+00,7.512274229514359636e-01
6.888009905820000611e-01,7.873600715225600455e-01
5.214130282399999095e-01,7.798753871496479917e-01
6.510270237919999481e-01,6.101946652172821617e-01
1.159701943399999990e+00,6.721752368153343093e-01
6.456400156020000169e-01,8.962212148409597345e-01
1.195862650870000099e+00,6.738200857691688528e-01
1.304703950880000018e+00,7.584573047838257809e-01
8.844429850579998975e-01,1.086795814323492593e+00
7.697709798810000725e-01,8.972581155925841712e-01
7.702100276950000213e-01,8.001512061062637793e-01
6.418280005459999771e-01,9.430819223427081566e-01
8.937159776689999058e-01,8.158628879837279690e-01
5.247250199319999364e-01,7.691711091543695922e-01
5.142210125920000374e-01,6.587432206424960190e-01
7.172748446459999982e-01,5.395865700304582901e-01
6.410769820210000525e-01,6.701193493929133993e-01
4.689820110800000941e-01,6.393877462715281679e-01
1.203750014310000171e+00,4.683642191626297135e-01
7.911959886550000709e-01,7.687041020356381038e-01
1.136301159859999910e+00,7.830379047479749666e-01
8.642929792399999256e-01,7.400813593545909619e-01
8.814030289650001126e-01,8.735859253358845278e-01
5.817409753800000249e-01,8.616789118849850215e-01
8.651199936869999885e-01,7.652697941880834964e-01
9.078124761579999813e-01,8.186920626630556086e-01
7.377740144730000615e-01,8.504065772207531904e-01
1.120375037189999867e+00,7.070466816730854864e-01
9.422479867940000142e-01,8.270928755872967164e-01
1.060060024260000011e+00,9.112432626534913149e-01
7.158420085910000008e-01,8.690999289212406609e-01
4.040209949019999969e-01,8.310126081956660249e-01
2.920779883859999648e-01,6.764912169415492338e-01
6.317924261089999938e-01,5.840549178177354417e-01
1.124665260310000026e+00,6.444822206803196840e-01
1.115690946580000009e+00,7.492261537952741302e-01
1.247418999670000028e+00,7.273832855876791736e-01
6.976169943809999996e-01,8.151271068394191355e-01
3.693974971769999893e+00,8.297607232081146700e-01
8.204839825630000361e-01,1.959497784856651492e+00
8.573070168499999921e-01,1.493535767334179587e+00
6.902359724040000311e-01,6.996695533526816613e-01
8.385969996449998964e-01,1.437170185170871362e+00
1.287726998329999928e+00,1.351981328946723737e+00
9.632229804989999034e-01,9.690867203651895023e-01
1.343299984930000024e+00,8.887679202379450416e-01
7.316169738770000874e-01,9.523384871557108999e-01
6.809219717980000697e-01,9.539021062106234350e-01
7.014784216880000089e-01,8.113220694680015610e-01
6.698030233380000142e-01,8.683946254068903858e-01
1.365643024439999964e+00,7.870104926832821590e-01
9.781420230869999344e-01,9.022426648355879042e-01
6.786789894100000442e-01,8.827290213832187371e-01
5.976330041890000055e-01,6.575749703680912051e-01
8.193774819369999962e-01,7.600900843463599399e-01
7.911109924320000042e-01,8.916709359022996217e-01
1.044147372249999872e+00,7.689453099493327448e-01
1.400015950200000026e+00,7.647137528760121761e-01
8.748620152470000244e-01,9.888804816379932472e-01
6.228179931639999944e-01,8.841481740547910695e-01
7.164059877399998610e-01,7.296503141428720696e-01
6.523500084880000660e-01,8.874445643186200661e-01
9.379299879070001067e-01,8.345365243483152673e-01
5.936999917030000296e-01,7.510799885296126632e-01
5.393440127369999448e-01,6.478411919821833731e-01
9.370089769359999377e-01,5.513481078706380378e-01
8.087720274930000341e-01,7.686109361632650350e-01
5.654280185700000239e-01,7.706064847945408580e-01
6.020820140839999723e-01,5.471733584208160472e-01
1.146679997439999932e+00,6.114199614406029548e-01
9.824249744419999431e-01,8.889171278787315611e-01
5.671510100359999917e-01,8.386274744914894441e-01
7.866399884220000027e-01,5.804824775399640702e-01
7.388439774510000557e-01,7.403322647679814184e-01
6.810299754140000106e-01,8.574996779768337962e-01
7.086979746820000203e-01,6.749306855620712531e-01
6.642330288889999323e-01,6.448010488856484868e-01
5.124790072439999733e-01,6.703472859522828786e-01
6.040380001070000393e-01,5.779050229436952790e-01
6.728799939159999521e-01,5.809184433367969858e-01
8.265414834020000656e-01,6.264306897840188348e-01
4.546860158440000355e-01,6.452115756224382492e-01
5.594509840010000179e-01,5.206007368893198484e-01
1.332218050960000122e-01,5.195025191738051884e-01
1.633069962260000063e-01,4.494006185851179835e-01
1.797860413789999778e-01,3.123651515898565600e-01
5.747918486599999932e-01,2.931006991609219070e-01
8.508148789409999413e-01,3.583454092909978961e-01
8.527640104289999634e-01,4.536992766580491554e-01
1.687628030779999788e+00,4.981033111515063005e-01
2.149522066120000297e+00,9.076005665799131705e-01
8.122850060459999577e-01,1.395757696545740334e+00
1.239639997479999867e+00,9.933871707800153716e-01
2.128437280650000041e+00,1.092620605436795733e+00
2.139239072800000141e+00,1.870330788456226356e+00
9.779880046840000452e-01,1.779947169947913022e+00
6.937779784199998856e-01,1.123812349735010319e+00
7.218790054320000094e-01,1.110209693510394224e+00
7.631160020829999002e-01,1.312216991979639591e+00
8.565329909319999713e-01,1.055425968902386602e+00
1.109338045120000116e+00,7.808589922412526585e-01
6.476340293879999654e-01,8.396301213435028998e-01
9.241870045659998922e-01,7.238827090572846901e-01
7.877320051189998784e-01,7.616564444299505077e-01
1.305567026139999864e+00,8.693108106114736389e-01
9.107710123059999940e-01,9.623439760167331603e-01
8.699640035629999657e-01,8.899280954026398405e-01
5.743020176890000217e-01,7.978692519285084384e-01
8.599532246590000373e-01,8.004864587551588917e-01
4.775849878790000003e-01,8.633687519831791946e-01
1.108017444610000179e+00,6.931278366910753608e-01
1.290724992749999966e+00,7.620818917222205169e-01
8.591579794879999898e-01,9.799682849183223299e-01
3.058980107309999807e-01,7.827660290333835480e-01
9.039019942279999942e-01,5.613346547807183118e-01
6.352750062940000220e-01,8.846400553322805171e-01
1.023422956470000145e+00,8.522876292384069519e-01
6.730669736859999919e-01,6.868762299646189451e-01
8.504790067669999454e-01,6.755097568555842313e-01
5.141969919200000128e-01,7.159668986508327393e-01
1.527956604959999964e+00,6.811729572201006278e-01
4.094385623930000051e+00,9.868198827593903655e-01
9.952359795569999390e-01,2.140796736656918497e+00
8.670449852940000923e-01,1.350595082448843076e+00
1.141056060789999993e+00,7.752294865672713087e-01
1.622257947919999888e+00,1.875709246652589979e+00
1.980204939840000566e+00,1.862015640616208723e+00
1.375547051430000112e+00,1.398643233364036398e+00
1.851865053180000054e+00,1.256135278911641340e+00
1.420923948290000016e+00,1.485462969865989136e+00
1.589177966120000285e+00,1.634321027806251436e+00
1.673199415210000041e+00,1.513119316909637524e+00
2.123934030530000072e+00,1.593476663426346862e+00
1.648401975629999905e+00,1.762503719105151134e+00
1.204741954800000014e+00,1.616206221382378683e+00
7.920839786529999538e-01,1.390995370965780076e+00
1.227027416229999890e+00,1.304988130756070674e+00
1.226951003070000157e+00,1.386320220509233758e+00
1.131343960759999989e+00,1.278118495812313293e+00
1.252465009690000075e+00,1.021752839260678281e+00
1.116891980170000132e+00,1.073530946340640169e+00
1.122387051579999850e+00,1.141463016376820017e+00
1.040153026579999862e+00,1.087355210802625427e+00
8.091310262680000420e-01,1.074563207824140942e+00
7.681059837340000751e-01,9.617030135225900223e-01
7.982919812199998910e-01,8.789774197431402536e-01
7.666722536090000428e-01,8.742485654614499113e-01
1.057360053060000027e+00,7.936935566394079933e-01
8.607699871060000563e-01,8.373725914431741080e-01
1.070777058600000053e+00,8.183143460321483653e-01
5.301510095600000527e-01,8.449855179155484342e-01
6.604189872739999467e-01,7.564098538643787561e-01
9.909179806709998983e-01,7.040545906357378314e-01
3.561530113220000016e-01,8.932526156845750354e-01
9.618239998820000691e-01,6.147587558761946624e-01
1.244829058649999931e+00,6.269722341299213131e-01
8.381230235100001202e-01,9.925121445416015264e-01
9.245989918709998090e-01,7.700297637399661221e-01
8.131660223010001021e-01,7.320061137729266809e-01
1.003061056139999963e+00,9.265862558209361222e-01
8.752340078350000496e-01,9.293100734207009328e-01
7.991399765009998823e-01,8.583787866164974689e-01
8.812961578369999938e-01,7.856804651386355420e-01
1.063080191609999892e+00,8.336714472057166203e-01
9.057049751279999672e-01,9.296845928391411773e-01
6.909559965129999926e-01,8.538393543968896271e-01
1.355970025060000195e+00,7.381902383561840253e-01
7.572399973869999856e-01,1.021858038771406019e+00
2.043754577640000125e+00,9.293292085155518967e-01
8.576130270960000690e-01,1.184134857049346623e+00
2.364957094190000220e+00,1.130598066830142079e+00
4.179231166840000178e+00,1.403055887585807682e+00
2.233561992649999883e+00,2.638170510906285404e+00
8.013390302660000630e-01,2.140393206869247500e+00
8.372840285299999463e-01,1.269390242995031004e+00
8.851529955859999133e-01,1.877695939973977213e+00
9.040349721909999303e-01,1.854986392249646121e+00
1.302939534190000082e+00,1.107946857927975204e+00
7.228699922560000157e-01,9.686220158364140520e-01
8.009120225910000279e-01,8.426180757108923114e-01
1.032919287679999965e+00,7.574058896816598940e-01
1.321628212929999879e+00,9.949006171271675969e-01
9.367759823799999275e-01,1.081212635788316945e+00
7.007700204850000336e-01,8.753911457894202330e-01
7.624319791789999634e-01,7.741920978764155192e-01
1.144938945770000105e+00,8.943994092928475581e-01
7.721610069269999599e-01,1.025934704969988953e+00
8.772150278090000697e-01,8.123228147891061734e-01
1.243505001070000171e+00,7.284487955983226515e-01
6.381840109830000385e-01,1.016797064227568548e+00
7.468199729919999807e-01,8.368279313044523215e-01
6.839929819109999976e-01,6.929184668402287306e-01
1.419505119320000119e+00,8.352529526322982623e-01
6.141470074649999500e-01,1.020541401523125113e+00
7.347676754000000976e-01,7.562814053377729939e-01
6.770560145379999062e-01,6.202982078734671223e-01
1.074026942249999950e+00,8.355853967251487546e-01
6.156389713290000287e-01,9.194945127375468985e-01
9.692379832269999440e-01,6.836072869140481512e-01
9.916120171550001361e-01,7.226059790037397956e-01
8.089560270310000023e-01,9.098783403975769790e-01
2.435143947599999859e+00,7.944050380898487473e-01
8.223479986189999869e-01,1.370292268868661845e+00
5.938220024110000272e-01,1.154695846143109161e+00
5.762249827380000466e-01,6.388779517592663160e-01
4.224239885809999429e-01,1.045706203729254824e+00
6.765879988670000511e-01,9.254241951907330455e-01
5.520349740979999531e-01,5.963739802273057000e-01
9.015229940410001142e-01,5.516894114334567334e-01
7.489960193629999763e-01,6.055406837675072484e-01
8.627583980560000754e-01,6.520197537068188609e-01
9.480749964710000199e-01,6.715956170675682069e-01
1.055613875389999956e+00,7.959955375727247873e-01
1.970020055770000278e+00,8.826914241360976909e-01
9.391199946399999554e-01,1.243384532380006791e+00
1.009042978289999892e+00,1.065396928211118865e+00
7.824029922490001177e-01,8.966402203529866277e-01
1.016265034679999957e+00,1.130758669866341659e+00
8.782749772069999850e-01,1.102183546588380691e+00
7.353619933130000064e-01,9.065098026999843794e-01
1.109990954399999952e+00,7.713559445368812773e-01
7.727199792860000027e-01,9.052534814452913858e-01
1.164981961250000086e+00,8.694230212909805910e-01
7.157210111620000426e-01,8.704355578077976885e-01
1.475479006770000101e+00,8.559946888264544640e-01
8.354520201680000202e-01,1.033431089666239755e+00
7.344660162930000125e-01,9.851508587938193617e-01
7.861927747729999805e-01,7.559672186288823870e-01
1.143465042110000107e+00,8.872100254369681416e-01
9.246990084650000830e-01,1.034829150740195436e+00
2.958764553069999970e+00,8.559892623155986868e-01
2.138324022289999959e+00,1.562287409285977757e+00
2.038712024690000124e+00,1.747955580188578217e+00
1.480209946629999829e+00,1.476058120446979816e+00
9.367650747299998137e-01,1.758786757978698434e+00
1.715939760209999942e+00,1.662715718879129057e+00
1.001402020450000041e+00,1.688017114888748837e+00
8.896229863169999863e-01,1.430555362703826106e+00
7.492939829829999843e-01,9.573142252374828853e-01
1.115183949470000213e+00,1.002540816475369079e+00
9.457820057870001129e-01,1.102049087343225153e+00
6.452180147170000213e-01,9.352801500150098590e-01
1.164842009540000056e+00,7.112719304615474636e-01
1.244351029399999975e+00,9.239376750060307453e-01
9.045109748840000075e-01,1.101701386125899518e+00
5.575259923929999362e-01,8.495168892513225156e-01
5.778343677520000332e-01,7.181208995396314299e-01
7.199835777280000348e-01,8.065348498778119879e-01
7.607790231700000128e-01,8.118095835720815501e-01
5.404400229450000426e-01,6.929673747520868066e-01
8.009672760959999360e-01,5.413626213856314040e-01
7.710149884220000027e-01,6.373901607133642955e-01
6.709719896319999988e-01,7.267968182103955455e-01
2.768970489500000021e+00,6.226604731701951279e-01
3.086133003230000060e+00,1.422660612897885146e+00
1.116358041760000086e+00,1.991695415084487442e+00
1.018260955809999979e+00,1.169992723496118936e+00
7.442610263819999794e-01,1.257636491529638745e+00
1.114386796949999869e+00,1.747731936298072775e+00
1.380516409870000238e+00,1.408256542184395776e+00
1.229098439219999950e+00,1.157780727335463222e+00
1.573238968849999919e+00,1.041987863755056809e+00
1.245597958560000107e+00,1.167738293682367479e+00
8.298619985580000247e-01,1.262101328764107633e+00
5.376980304720000436e-01,1.041927272967327456e+00
8.593800067899999284e-01,9.235859623504790727e-01
7.949647903440000274e-01,9.995298771711185193e-01
8.122889995569999577e-01,8.761202670158722006e-01
1.209460973739999945e+00,6.920644932922814796e-01
1.043611049649999956e+00,8.697945437239440469e-01
9.914460182190000248e-01,9.329961475696827433e-01
1.377645969390000058e+00,8.530135002812359035e-01
7.495359778399999229e-01,1.103297963352872113e+00
7.549669742579999676e-01,9.819904053404322486e-01
8.522210121150000095e-01,7.970220705122487148e-01
1.312628030780000010e+00,9.536436559058104612e-01
9.499999880790001017e-01,1.068206561422624601e+00
8.433979749680000637e-01,8.814344420974544736e-01
6.329939961430000039e-01,7.755375644871096430e-01
6.848490238189999246e-01,8.312636479803519052e-01
8.296039700509999504e-01,8.207787044909422569e-01
1.117776036259999994e+00,7.923730503561667859e-01
1.060515046120000138e+00,8.505872442550217460e-01
9.966710209849999336e-01,8.449367882541890529e-01
6.726049780850000825e-01,8.437855854418537804e-01
8.499810099600000335e-01,8.154948035457758593e-01
7.929700016980000266e-01,8.706622776040104927e-01
7.509549856190000927e-01,8.703713890568520739e-01
9.556260704989999466e-01,7.386270824350164022e-01
6.085839867589999397e-01,7.879342429517396384e-01
7.782499790189999489e-01,7.198842225548903739e-01
5.098140239720000411e-01,6.856314554256691673e-01
6.364319920540000286e-01,6.761803932811830675e-01
6.015599966049999248e-01,6.197417185033315956e-01
6.556333899499999784e-01,6.134474091746842106e-01
6.385549902920000243e-01,5.886413983217216872e-01
8.762890100480000832e-01,5.694003087229126958e-01
7.967479825020000739e-01,6.719689396889799715e-01
6.824830174449999509e-01,6.940073720157040604e-01
8.025500178340000401e-01,6.309671604704778503e-01
7.950311899190000142e-01,7.160255699855598843e-01
1.584897041320000088e+00,7.716393251033680789e-01
1.017485976220000143e+00,1.018647265443663130e+00
9.177780151369999695e-01,9.593055176314025934e-01
1.230221033100000083e+00,7.986820103762566347e-01
1.027899026870000121e+00,1.126736187654520993e+00
9.125559926030000213e-01,1.135885671036763966e+00
7.935979962350000472e-01,8.930138701474781282e-01
1.030437946320000187e+00,8.944907581217855785e-01
5.325379967690000438e-01,9.818749657386396379e-01
6.127780079839999505e-01,7.713269398342647021e-01
8.741289973260000234e-01,6.406824102562619361e-01
3.667230010029999820e-01,8.151745278567393838e-01
7.391750216480000857e-01,5.909995959427829515e-01
5.604230165479999748e-01,5.383182957890113585e-01
7.758178114889999755e-01,6.496574009536451033e-01
8.102909922600001202e-01,6.052979719081126309e-01
6.437510252000000488e-01,6.553020790100755333e-01
7.236457467079999706e-01,6.215067557991152958e-01
9.113870263100001257e-01,6.357222694764083082e-01
6.627830266949999993e-01,7.849662975356036521e-01
1.002035975460000117e+00,6.868888357669680200e-01
8.224419951440000709e-01,7.446474724096275866e-01
1.030576944350000135e+00,8.177838137678996588e-01
6.781139969830000114e-01,8.225401950338614432e-01
5.333459973340000104e-01,7.707599068770519812e-01
3.209959864620000047e-01,6.644331932203212387e-01
7.608630061149999069e-01,5.886921196147940627e-01
7.439860105509998878e-01,6.768254004521923051e-01
5.468400120740000148e-01,6.525677212819154249e-01
7.004669904709999173e-01,4.677412019091319872e-01
8.356525897980000561e-01,5.570470600743521183e-01
1.274258971210000091e+00,7.363940083923370405e-01
8.934450149539999719e-01,8.673574126711945942e-01
6.211659908290000365e-01,7.963531501194724971e-01
7.900159955019999680e-01,6.663021543597132945e-01
1.067494988440000014e+00,8.381995646679704093e-01
6.698009967800000464e-01,9.846494276662693945e-01
1.265694975850000015e+00,7.278079280539759832e-01
6.380620002750000408e-01,8.508252014486780146e-01
9.348030090330000652e-01,8.513080088303848214e-01
8.006410002709999363e-01,7.727623732447945759e-01
1.085708975790000030e+00,8.770901100017757246e-01
3.527039885520000251e-01,9.112528803555099977e-01
5.883709788319999578e-01,6.360129689263072095e-01
4.875420033929999120e-01,6.008869146723434529e-01
4.636880159380000199e-01,6.879516879337365109e-01
3.637039959430000136e-01,5.214661372295726904e-01
8.750243186949999696e-01,3.882776546373676307e-01
6.435279846190000708e-01,5.894032086601628251e-01
4.834130108360000233e-01,5.754214910509845016e-01
2.120890021319999930e-01,4.150526707169445717e-01
4.560469985010000560e-01,4.023769462624604554e-01
4.367910027499999903e-01,5.009443156807207309e-01
7.238804101939999569e-01,4.632199961508737807e-01
5.560690164570000205e-01,4.533461615592296323e-01
4.748429954049999679e-01,4.492103707746181729e-01
2.674640119080000100e-01,4.197236923934785646e-01
9.588437080380001198e-01,4.030010600006909138e-01
7.868980169300000549e-01,6.487493035665743424e-01
1.794360995290000149e+00,6.679289263046275238e-01
1.337677955630000026e+00,9.146850973850375599e-01
1.210453987120000185e+00,1.072462261977131570e+00
5.654799938200000264e-01,9.916345639913672905e-01
4.008429944520000565e-01,9.655916450065062939e-01
2.727654874320000200e-01,8.810211742184492767e-01
5.836449861529999783e-01,7.051921177033347865e-01
8.533802628519999711e-01,6.161173029985691496e-01
8.660610318179999823e-01,6.050865504965183828e-01
1.158349990839999899e+00,5.778968209281277746e-01
7.764859795569999390e-01,7.307193742320980956e-01
1.068807005880000105e+00,7.754219047110669782e-01
5.888479948040000744e-01,8.602945297804965863e-01
1.588868498799999918e+00,8.293691591073458769e-01
4.327859878540000205e-01,1.068259150854967032e+00
3.996030092239999942e-01,8.358449249992817576e-01
5.545349717140000134e-01,4.933130926809439765e-01
6.221979856490000849e-01,7.573045059617762309e-01
1.149551987649999996e+00,7.305877550366555173e-01
1.121260046960000034e+00,6.827308450793646566e-01
9.776459932329999436e-01,8.009671794135181377e-01
1.732741951940000025e+00,7.657440555856915854e-01
2.302707910540000125e+00,1.176453428036637217e+00
1.053477048870000043e+00,1.647605758042225199e+00
7.962800264360000435e-01,1.201455396094198491e+00
5.203329920770000117e-01,9.998441473733515883e-01
6.104800105090000262e-01,1.210885447550879457e+00
4.453057944770000276e-01,1.006833190621467145e+00
6.522138714790000069e-01,6.475266350529818027e-01
1.175541162490000069e+00,5.654709475876847913e-01
1.032202124599999937e+00,7.761858867332712686e-01
7.193930149079998948e-01,7.876031571548312016e-01
8.200139999390000378e-01,6.337268671848752533e-01
9.497330188750000568e-01,7.975048753101691146e-01
1.039114952089999822e+00,9.553144764892662621e-01
5.883830189700000046e-01,8.989436484331329025e-01
9.508559703829998488e-01,6.974775204750295332e-01
5.277600288389999728e-01,7.998252444329395638e-01
7.736063003540000205e-01,7.802266781189711731e-01
9.703559875489998765e-01,6.792930273416821763e-01
1.383889913560000018e+00,8.186682340587239093e-01
7.795230150220000542e-01,9.700496901297233077e-01
6.069999933240000090e-01,7.818670623137466968e-01
4.660570025440000097e-01,6.837270999078808309e-01
9.455270171170000459e-01,7.742706322101473582e-01
6.238729953770000280e-01,8.713538356456397294e-01
3.923240005969999555e-01,6.752195325229084499e-01
5.156549811360000568e-01,4.298791730987843174e-01
9.679385423660000765e-01,5.413799891875330506e-01
1.356565952299999989e+00,7.676509143135240576e-01
9.072690010070000310e-01,8.675864862554707457e-01
8.162760138510000152e-01,7.304213444431846280e-01
2.479866981509999846e+00,7.338122962745469158e-01
1.133080005649999888e+00,1.565909353365650292e+00
1.045583963389999926e+00,1.341826459271669103e+00
8.474370241169999485e-01,8.523017381572443041e-01
1.536522984499999911e+00,1.232749326102800858e+00
9.008989930149998715e-01,1.465811395488872737e+00
4.812009930610000596e-01,1.061133801019970013e+00
8.572540283199999722e-01,6.774008752957461077e-01
8.617479801180000232e-01,9.061506942016758215e-01
1.008694052699999899e+00,9.833347849143764252e-01
1.127727031710000105e+00,7.801927158454891043e-01
7.795569896699999779e-01,8.601184060094642092e-01
9.895502924920001053e-01,8.240662477614059123e-01
8.363329768179998958e-01,8.704238540654404277e-01
9.099559783939998869e-01,9.306372440335958229e-01
5.511059761050000061e-01,8.554648572250147520e-01
1.239764332770000088e+00,7.204513178999421008e-01
1.211838960649999963e+00,9.158391992953748284e-01
1.379981994630000042e+00,1.039870505140829016e+00
1.148460984229999982e+00,9.889110370125969718e-01
7.663900256160000035e-01,1.034117867334795271e+00
9.660840034479999394e-01,9.748553871669348725e-01
8.156750202179999798e-01,1.026394066617295930e+00
1.142272949220000111e+00,1.002569048635314264e+00
1.299479961400000105e+00,9.420584147507020667e-01
8.583310246469999516e-01,1.041396004340639614e+00
7.149469852449999996e-01,8.913877928204951839e-01
8.764400482179999230e-01,7.968154129962918830e-01
8.305460214609999836e-01,9.617062852971122178e-01
8.535240292550000385e-01,9.027977406008921291e-01
9.092410206789999227e-01,7.649875084072934595e-01
5.202720165249999917e-01,8.036593710979151872e-01
7.411040067669999454e-01,6.876527978346685943e-01
5.853319764140000325e-01,6.911364912802057114e-01
5.047770142559999673e-01,7.120792068916660389e-01
5.519493222240000607e-01,5.534843169041373523e-01
9.697520136830000137e-01,5.376523859800487193e-01
1.116515994070000017e+00,7.165433600490801469e-01
1.049844980239999837e+00,7.954634429040315924e-01
6.342629790310000404e-01,7.725035653290037718e-01
5.644329786300000817e-01,7.115342888259027498e-01
9.184709787370000100e-01,7.351723207942764127e-01
9.593539834020000656e-01,8.910058883486878800e-01
5.984159708020000412e-01,8.572069305746167212e-01
9.383450150489999197e-01,6.042312500371594952e-01
4.542250037189999867e-01,7.388321758514315718e-01
7.079470157619999204e-01,7.224042981235420102e-01
3.876500129699999575e-01,6.266380923895102928e-01
4.484339952470000057e-01,5.871245069404923411e-01
8.405709862710000202e-01,4.854262320923365404e-01
5.337110161779999862e-01,6.238859284467344057e-01
7.211350202559999589e-01,5.505918998177361523e-01
5.215386152269999576e-01,4.919160531410839421e-01
7.050759792330000275e-01,5.797616683098041346e-01
6.405649781229999506e-01,6.074167447731854130e-01
5.168589949609999623e-01,6.101891413774452877e-01
1.660409450529999997e+00,5.307379709294391956e-01
2.465307950970000217e+00,9.498872140572552913e-01
1.622156023979999917e+00,1.500457225144460116e+00
1.866270065310000170e+00,1.231777276082119732e+00
3.623536109919999415e+00,1.392664138368744142e+00
7.948709726329999947e-01,2.593081010292915156e+00
9.065989851950000400e-01,1.796013189448983693e+00
8.571879863740000660e-01,1.092637593908874161e+00
7.756379842759999477e-01,1.735709907582962286e+00
7.006700038909999817e-01,1.336936696912663036e+00
6.443409919740000769e-01,7.328672082102997143e-01
7.579550147059999077e-01,7.122443496689151443e-01
5.499600172040000068e-01,7.171597466218686545e-01
4.964669942859999408e-01,6.259405869085151730e-01
1.367677569390000070e+00,5.302178616231465469e-01
1.397894024850000250e+00,8.786836334958589845e-01
8.148130178450000427e-01,1.028699583121563288e+00
1.278898954390000009e+00,7.123015380039314781e-01
8.623980283740000363e-01,9.885411088877856800e-01
1.093865990639999897e+00,1.138510847818872129e+00
8.134710192680000285e-01,9.819540258480068395e-01
1.466687083240000078e+00,9.353075825929958453e-01
9.060310125349999577e-01,1.110649861556529894e+00
7.652140259739999006e-01,1.006437063019427480e+00
1.311033964160000176e+00,7.915062314249954323e-01
7.892500162119999718e-01,1.107593425033178480e+00
1.474902033810000068e+00,1.014798363551325577e+00
9.167850017550001063e-01,9.950785826683936630e-01
1.186140060420000086e+00,1.048163942217954503e+00
1.411391973500000008e+00,9.928998289882693395e-01
2.092472076419999993e+00,1.222236095203479422e+00
7.189220190049999681e-01,1.512986689214369518e+00
1.301861047739999888e+00,1.059919294719814609e+00
1.268974781040000055e+00,1.100611741781141628e+00
1.221997022629999874e+00,1.488172581076791179e+00
9.061110019680000960e-01,1.228560218098974310e+00
1.078873991970000112e+00,9.605663429098828532e-01
1.028025031089999874e+00,1.082939264272961832e+00
7.863690257070000689e-01,1.093262303571298499e+00
1.276852965350000035e+00,8.927181551342853183e-01
7.093420028689999546e-01,1.013194795247491120e+00
5.201929807659999572e-01,9.260105558555257188e-01
5.645610094070000473e-01,6.494083357730268125e-01
9.855200052259999177e-01,7.325464116700930450e-01
1.092841982840000004e+00,8.691856623793935421e-01
4.786899983879999709e-01,8.191911806775626914e-01
3.955059945579999514e-01,5.563927886107015164e-01
1.850703001020000071e+00,5.200486419127049453e-01
1.195796012879999815e+00,1.204074887906828595e+00
1.702510833739999896e+00,1.101221252436898501e+00
2.998351097109999586e+00,9.473529377987661704e-01
2.407080888749999925e+00,1.922897067626078149e+00
2.585943937299999718e+00,2.059653625044201242e+00
2.233839035029999920e+00,1.943629653351115483e+00
1.655773043629999997e+00,2.309160370985156696e+00
1.430611014370000156e+00,2.129962255109677294e+00
8.921740055079999676e-01,1.874330817023590390e+00
1.231696963309999893e+00,1.603157875358419249e+00
8.955079913140001624e-01,1.420633574854488712e+00
1.602033019070000064e+00,1.207152101809096933e+00
1.585399031639999956e+00,1.210422820950518119e+00
1.232059955600000034e+00,1.327961492611625438e+00
1.210371017459999976e+00,1.141881384242198871e+00
1.242141008379999967e+00,1.176703935131856005e+00
9.857040047650000858e-01,1.346128658646023268e+00
7.289689779279999726e-01,1.162370924974122310e+00
6.761519908910000876e-01,9.344237159609014576e-01
1.071573019029999907e+00,8.816218598777961768e-01
9.457439780239998983e-01,9.759457609814581325e-01
4.376370012759999706e-01,8.862107361958315721e-01
5.141820311550000522e-01,5.816376901850799364e-01
3.387190103530000052e-01,6.102982170695491204e-01
7.144280076029999593e-01,6.347022969176258078e-01
4.996199905870000180e-01,5.842056124823874486e-01
7.917379736899999854e-01,4.938101732591492210e-01
8.646243214609999894e-01,5.173761891595382023e-01
6.024960279459999901e-01,6.696200586460170356e-01
1.260069966320000123e+00,5.945245456718808441e-01
1.012339949610000067e+00,8.204956724016413405e-01
1.004528999329999950e+00,9.443286494287185251e-01
6.310235261919999727e-01,8.107027338124760396e-01
1.141221046449999887e+00,7.918085342445383423e-01
5.426099896430000014e-01,9.907664491403077589e-01
8.547459840769999762e-01,8.243695469832799105e-01
7.744219899179999311e-01,7.071174575550273067e-01
3.084340095520000102e-01,8.165391652911205833e-01
8.376209735870000506e-01,5.639604085168052894e-01
7.293469905850000767e-01,6.335997576365285378e-01
7.503905892370000830e-01,7.613216633242049225e-01
1.134822010990000019e+00,5.867705624688310806e-01
1.614240050320000064e+00,7.785521665539734126e-01
1.244793057440000128e+00,1.117412063245590392e+00
7.141630053519999466e-01,1.031490768753156262e+00
7.293040156360000026e-01,8.387712933065912813e-01
6.486989855770000091e-01,9.650910556212149993e-01
3.427990078929999962e-01,9.702349302127556419e-01
3.861860036850000011e-01,6.249761373671389730e-01
6.366299986840000535e-01,4.788673715524566776e-01
3.990480005740000280e-01,5.800335511823061507e-01
4.178859889509999870e-01,4.397067748211001548e-01
1.103790521619999909e+00,3.354940950080620432e-01
6.956189870829999622e-01,6.849288585875007440e-01
8.070139884950000564e-01,6.511379065005110656e-01
5.947690010070000310e-01,5.369793363286514687e-01
1.107607960700000005e+00,6.768605746856706240e-01
9.713580012320000012e-01,8.671930944519836704e-01
7.170349955560000321e-01,8.650788363573372886e-01
6.764810085300000386e-01,6.868283909489806272e-01
1.687772989270000190e+00,7.159012418852553905e-01
9.907569885250000485e-01,1.178782564137494493e+00
8.082039952280000161e-01,1.013987456978417301e+00
1.087718963619999979e+00,6.983532145759934195e-01
1.564818024639999861e+00,1.054272962629481114e+00
6.673809885979999912e-01,1.332920860604580371e+00
1.256489992140000123e+00,8.751067797117317859e-01
1.091886043549999963e+00,9.379394452891569589e-01
7.375509738919999725e-01,1.212239360528463816e+00
6.224380135540000802e-01,8.889134857997120776e-01
8.364729881290000613e-01,7.467212117856414366e-01
5.774260163309999916e-01,9.059833297994361878e-01
1.015761017800000054e+00,7.288451065566922127e-01
1.106158971790000001e+00,7.313634420584754769e-01
6.945540308949998964e-01,8.917552802585217986e-01
1.130903959270000092e+00,7.101968673714249558e-01
9.518219828609999489e-01,8.507926447541152015e-01
7.524570226669999862e-01,1.001558601454159092e+00
5.585229992869999993e-01,7.842973342338760423e-01
1.415836334229999771e+00,7.057875519104124251e-01
1.855298042299999839e+00,1.051173643254328827e+00
7.845479845999999702e-01,1.301635874133030280e+00
8.210539817810000862e-01,8.440812682817437906e-01
5.835890173909999978e-01,8.112561944332911112e-01
8.359720110889999889e-01,1.073237446683140917e+00
2.184663057329999880e+00,9.417663424359350444e-01
6.805480122570000123e-01,1.297749193475611795e+00
1.238904953000000031e+00,9.160065087960872487e-01
1.030328035349999949e+00,7.912493621764851159e-01
7.914109826090000022e-01,1.289979450131666816e+00
8.423720002169999832e-01,1.031906467124843685e+00
4.464710056780000769e-01,8.419794634917997511e-01
5.589337944979999584e-01,7.775542182927519530e-01
7.099329829220000221e-01,6.374585024982660775e-01
7.334340214730000751e-01,6.982466413495422852e-01
7.833399772640000647e-01,6.400311213181708592e-01
8.426809906959999985e-01,6.006092522094033104e-01
1.099761009220000085e+00,6.940678609537698218e-01
8.706315755840000614e-01,8.387577924372728866e-01
5.862460136410000411e-01,8.152065950553238904e-01
8.863990306849999223e-01,6.766518813793628295e-01
1.019399046900000050e+00,8.262852213034191928e-01
8.493610024450000129e-01,9.437495392621939594e-01
1.010666966439999870e+00,7.684911504429157159e-01
1.331516027449999973e+00,8.074673202029504226e-01
1.215008974079999859e+00,1.066004823890507103e+00
1.645591020579999952e+00,1.059485074948081307e+00
9.708780050280000351e-01,1.190686315781492643e+00
1.411272048950000135e+00,1.137631902471678780e+00
7.953929901119999313e-01,1.193185831067998137e+00
1.046331048010000098e+00,1.161585371619777707e+00
8.879339694979999642e-01,1.036152085463692529e+00
8.349300026890000836e-01,1.024658815977122384e+00
9.847199916839999290e-01,8.977808272346535778e-01
1.090394020079999970e+00,8.864806692687207113e-01
4.901649951929999416e-01,9.703651631154225354e-01
6.141669750209999279e-01,7.077000054007672736e-01
6.314740180969999894e-01,6.625542925883000089e-01
8.252440094949999860e-01,7.809761820248849462e-01
1.051450967789999913e+00,7.210893397815797412e-01
1.047114968300000060e+00,7.472416753135534551e-01
3.921430110930000379e-01,8.098287094408497255e-01
4.695149958129999912e-01,6.019650795429262180e-01
7.720900177959999500e-01,6.059660988944153281e-01
7.520099878309999264e-01,8.147829950824675427e-01
6.877393722529999698e-01,6.928782065248436650e-01
6.718119978899999012e-01,5.302389827331633887e-01
1.185933232310000029e+00,6.069183295721908289e-01
6.571980118750000432e-01,8.617012305237853331e-01
8.213180303569999063e-01,7.381850341464621934e-01
7.795739769939998842e-01,6.573843683688140871e-01
1.030122995379999962e+00,8.266506315342659894e-01
6.211889982220000217e-01,8.797472855344754539e-01
8.660820126530001106e-01,7.037038034963981614e-01
9.608931541439998947e-01,7.310807546132058743e-01
6.760399937630000577e-01,8.888790175175230734e-01
7.402380108830000083e-01,7.352105936879028691e-01
5.984709858890000511e-01,6.767460176411344008e-01
6.151059865950000427e-01,7.251170648808636932e-01
9.358735680580000382e-01,6.486958157831096417e-01
5.818247795100000008e-01,7.368329412437301107e-01
7.156659960750000327e-01,6.395814648016835413e-01
6.529520154000000298e-01,5.817521850557169083e-01
9.700022935870000751e-01,6.861816847102196748e-01
7.834500074390000623e-01,7.658875858773571688e-01
7.448130249979999506e-01,7.171511569372138739e-01
8.276180028919999376e-01,6.639877099631428248e-01
8.943400979040000420e-01,7.650501185464750886e-01
2.505017042159999985e+00,8.275637169197604948e-01
1.620712041850000062e+00,1.399084603361436807e+00
1.417585968970000110e+00,1.377360758831200238e+00
1.049872040749999957e+00,1.088929629771566265e+00
1.226507544519999993e+00,1.379591514880714964e+00
1.043179035189999881e+00,1.496939440377401009e+00
9.694439768789999690e-01,1.243816171862988984e+00
8.192250132559999454e-01,1.035757216850603513e+00
8.129550218580000598e-01,9.412417318136773181e-01
6.712080240250000163e-01,9.043602124372308593e-01
5.289899706839999993e-01,7.992009576563756656e-01
3.461930155749999849e-01,6.645296325305185547e-01
4.789490103719999947e-01,5.415489931412666991e-01
1.153810977940000093e+00,5.268128366459844392e-01
9.671270251270001062e-01,7.511673036261135028e-01
7.845839858059999727e-01,7.243476679204785551e-01
4.701859951020000428e-01,5.817767739509780434e-01
5.632782578470000301e-01,6.376782804200792354e-01
2.416239976880000528e-01,7.173370930991737060e-01
2.709859907630000064e-01,5.423069651089580390e-01
1.994680017229999991e-01,3.688048759264651588e-01
1.327169984580000017e-01,3.199551794074915745e-01
4.732620120049999546e-01,2.171726386477487170e-01
6.585559844969999244e-01,2.764615980588687738e-01
9.621880054470001165e-01,4.024823255525116772e-01
5.111979842189999790e-01,5.040575081462121965e-01
9.829789996150001263e-01,4.537844227893977345e-01
9.100099802019999684e-01,6.533183255658184807e-01
1.026576042179999870e+00,8.540021703386067031e-01
8.309389948840000262e-01,8.106414741748110275e-01
9.651920199390001676e-01,7.867970302659453852e-01
1.000543951989999902e+00,8.763340381307999083e-01
1.983185052870000131e+00,9.392441457966557161e-01
1.274855017659999978e+00,1.287677971839799262e+00
1.286525964740000028e+00,1.195845594444345794e+00
1.382244944570000245e+00,1.055218297136516492e+00
1.736924052240000016e+00,1.387097030063216829e+00
1.257668018339999971e+00,1.565045806622872071e+00
7.533379793170000838e-01,1.300190687237806397e+00
1.084908962249999886e+00,1.026241202462423230e+00
1.062494039539999990e+00,1.190250392310178373e+00
7.787629961969999570e-01,1.222463675968386676e+00
8.256469964979999965e-01,8.646576478007493849e-01
9.891830086709999525e-01,8.076748769340101886e-01
1.418092012410000047e+00,9.570692582254423098e-01
1.151677966120000063e+00,1.071805441833953987e+00
1.250364065170000094e+00,9.957575250216313956e-01
8.794019818310000458e-01,1.013537165586984035e+00
1.089423060420000144e+00,1.048362491913997774e+00
1.809062957759999701e+00,1.074965129068019998e+00
8.687390089040000207e-01,1.375956104995914808e+00
8.521729707719999380e-01,1.071229667070296765e+00
1.307837963100000112e+00,8.256741970554295484e-01
1.262575984000000151e+00,1.270131944527235435e+00
7.601559758189999627e-01,1.252378504707924778e+00
1.069887042049999959e+00,8.275723108243383530e-01
8.579840064049999437e-01,9.650034468736016224e-01
1.149323940279999956e+00,1.052619153758554971e+00
1.067142963410000034e+00,9.701527255954245366e-01
7.400619983670000401e-01,9.775374121878981359e-01
6.799880266190000411e-01,8.346576844661227623e-01
7.323921322820000634e-01,7.832220380258403392e-01
8.352749943730000126e-01,8.483782439716167634e-01
6.000829935070000065e-01,7.996733601071920328e-01
1.010563969610000168e+00,6.425145915193474222e-01
7.613970041280000434e-01,7.496389449938790639e-01
7.260069847110000030e-01,7.816394371719886935e-01
1.064324021340000037e+00,6.625051691154906219e-01
5.901079773899998715e-01,8.517573021874974559e-01
7.744659781460000447e-01,7.607148341600449282e-01
7.406870126719998781e-01,6.622567374893387759e-01
8.908360004430001533e-01,7.866563535138818564e-01
7.620100975040000613e-01,7.788741160913634776e-01
7.774500250820000069e-01,7.065305968472457288e-01
5.811070203779999943e-01,7.111229477034991531e-01
7.908779978749999051e-01,6.768892384628826253e-01
8.903719782829999652e-01,7.175311758548800212e-01
7.882059812549999656e-01,7.814713216178971189e-01
7.301949858670000459e-01,7.043305798755365998e-01
9.248933196070000529e-01,6.699347927909766742e-01
1.265586972239999941e+00,8.079225435233801100e-01
7.884140014650000694e-01,9.722584205173334659e-01
9.180610179899999501e-01,8.093983210377235782e-01
6.569269895549999516e-01,7.888909770556908896e-01
8.252680301670000107e-01,8.658603160497416740e-01
4.257229864599999525e-01,8.239616565804264159e-01
9.114630222319999309e-01,6.490952988035183502e-01
7.238519787790000937e-01,7.104283175125730709e-01
9.657319784160000031e-01,7.384656174860805278e-01
7.194200158119999911e-01,7.047944956352309998e-01
7.146480083470000411e-01,7.054116165689444662e-01
6.188799738879999790e-01,7.001671247458971514e-01
8.502969741820000094e-01,6.969934379707958261e-01
6.113014817240000065e-01,7.553797309461137699e-01
8.405809998509999881e-01,6.596631468052293057e-01
5.909900069240000553e-01,6.647077970357840870e-01
1.191807866100000002e+00,6.637761765074640108e-01
1.072478055950000009e+00,8.217376672427022521e-01
7.976800203319999172e-01,9.102946790677924893e-01
7.140370011329999489e-01,7.387274148645046612e-01
8.885610103609999921e-01,7.612730341757822927e-01
7.367290258409999737e-01,9.217115789706440410e-01
9.655410051350000744e-01,8.060462115037715369e-01
8.569459915160000385e-01,7.760998288666431932e-01
5.838339924809999859e-01,8.125060815971849593e-01
3.047562122340000457e+00,6.749839733974978273e-01
8.865389823909999301e-01,1.591348413615778945e+00
1.186460971829999878e+00,1.270061500049553871e+00
8.750730156899999557e-01,7.602538981492753534e-01
1.111973047260000014e+00,1.378301109726332463e+00
6.929270029070000447e-01,1.358028549354279413e+00
5.632749795910000357e-01,8.838420228431932424e-01
5.519689917560000048e-01,7.269383941054982090e-01
9.211350083349998386e-01,7.134202349869382953e-01
5.465030074119999748e-01,8.012013485159397153e-01
9.997850060459999577e-01,6.073677647090187648e-01
7.512239813800000166e-01,6.602768891306186605e-01
8.402569890019999654e-01,7.619215832964767454e-01
7.843149900439999600e-01,7.090839376080202427e-01
5.915480256080000165e-01,7.532840589167374423e-01
6.109840273859999948e-01,6.975530719832023774e-01
9.328789710999999540e-01,6.411640920010222011e-01
7.992020249369999885e-01,7.813259448040673627e-01
9.833549857140000405e-01,7.294958229764996194e-01
5.405290126799999761e-01,7.224741233535715290e-01
1.093670010570000128e+00,6.819022783239175878e-01
9.266330003740002041e-01,8.332125531008046648e-01
7.972419857979999858e-01,9.151568942544805463e-01
5.896059870719999596e-01,7.330763151146805212e-01
7.799540162090000672e-01,6.852015860010252091e-01
5.182790160179999717e-01,7.988674378799065501e-01
7.263879776000000676e-01,6.774555225561554872e-01
6.216366887090000182e-01,6.170953416479287856e-01
8.810679912569999717e-01,6.341206332732766127e-01
7.315016984940000411e-01,6.763072326715413585e-01
9.703850150110000516e-01,6.712895787979813456e-01
8.715350031849999901e-01,7.385908668633389684e-01
5.505740046500000595e-01,7.976864671066773438e-01
2.576299905780000121e-01,6.619382103378784743e-01
6.952109932899999123e-01,5.236729223270633060e-01
3.547430038449999601e-01,6.755518421035116017e-01
1.308350920679999918e+00,5.407921081727433688e-01
1.424710035319999957e+00,6.743978191486152962e-01
2.422243118290000385e+00,9.648186409113500561e-01
1.588093161580000023e+00,1.326517062576410888e+00
2.882889986040000352e+00,1.364078312258683034e+00
1.510810017590000109e+00,1.881184054886533508e+00
5.103110075000000245e-01,1.925967242489774911e+00
6.637499928469999810e-01,1.212993166219997976e+00
5.865659713749999948e-01,1.304757717474865242e+00
9.182999730109998593e-01,1.275819567279280697e+00
1.126363039020000123e+00,8.393815002402356118e-01
9.455379843710000065e-01,8.124963067983963505e-01
7.979699969290000583e-01,7.799028881206619968e-01
8.895260095600000527e-01,7.477599723817285327e-01
5.017459988589999531e-01,8.868310049617320612e-01
7.889080047609999813e-01,7.618482723074184726e-01
5.571460127830000220e-01,7.168965536676055184e-01
8.079270124439998924e-01,6.945240919089435971e-01
7.382910251620000697e-01,6.521792843380024296e-01
6.742079854009999096e-01,6.756399936648190829e-01
8.787713646889999675e-01,6.275829338044940364e-01
7.401880025859999268e-01,7.115568866340277188e-01
8.886500000949999478e-01,7.362209604228443505e-01
7.983270287510000340e-01,7.252184328073386643e-01
5.137799978260000344e-01,7.645001954294861068e-01
7.760372757910000141e-01,6.397939116634181467e-01
8.528280258179999906e-01,6.985125748419411806e-01
7.851629853249999513e-01,7.998625475674003837e-01
8.431609868999999646e-01,6.840070582849253622e-01
1.024798870089999925e+00,6.960781045079499352e-01
8.044279813770001120e-01,8.547824974152604671e-01
8.841310143469999216e-01,8.015957232002249855e-01
3.615649938579999501e-01,7.816320802458015526e-01
1.171491026879999842e+00,6.674871836018165805e-01
4.477910101410000343e-01,8.543519162472231754e-01
7.665730118750000432e-01,7.322944152785905159e-01
7.735599875449999940e-01,5.597814183675468014e-01
1.054823040959999902e+00,7.546060198763469007e-01
7.843300104139999673e-01,8.342366065009236831e-01
1.034250974660000155e+00,7.121552087584643864e-01
1.096979022029999973e+00,8.117344832909266783e-01
7.633029818529999400e-01,9.696279343724842903e-01
5.883730053899999257e-01,8.328631076283690149e-01
6.365630030629999547e-01,7.063515429680560231e-01
5.750700235369999858e-01,7.766791098943197635e-01
5.399640202519999654e-01,6.992632057978622750e-01
1.324671149250000068e+00,5.565043227839642226e-01
8.178460001949999780e-01,8.264636439826278380e-01
6.359609961509999909e-01,7.784903544753090099e-01
8.135920166969999867e-01,5.528425106160091973e-01
9.872140288350000903e-01,8.040845054461931429e-01
9.839289784429998686e-01,9.492709853958534172e-01
5.904790163040000150e-01,8.186321581135418413e-01
8.986790180209999201e-01,6.666015240634316497e-01
6.268000006680000125e-01,7.913065408453404670e-01
6.926850080490000172e-01,8.017212820106955906e-01
5.757049918169999669e-01,6.588031123416250301e-01
6.764680147170000213e-01,6.355011964666718027e-01
8.279470205309999997e-01,6.443098052558573485e-01
6.547859907149999881e-01,6.859216621740694686e-01
1.085815548900000094e+00,6.279433643105601925e-01
8.509550094600001335e-01,7.525836802243790480e-01
8.879359960559999321e-01,8.135311177630225599e-01
6.557850241659999302e-01,7.498491216193738929e-01
6.597809791559999804e-01,7.535320865223442688e-01
8.856279850010000398e-01,7.403231643814771612e-01
7.502999901769999980e-01,7.982015059844282945e-01
9.303160309790000637e-01,7.379779043251903925e-01
7.259460091590000941e-01,7.214561550058976591e-01
7.123904824259998936e-01,7.430630872536645448e-01
9.326570034029998402e-01,7.035814341168958874e-01
6.544970273969999974e-01,8.121515618107310042e-01
4.987269937989999846e-01,7.348014775009316102e-01
9.782410264020000579e-01,5.650657365203477500e-01
5.593240261080000275e-01,7.849761620376580762e-01
8.733990192409999409e-01,6.999766732988086382e-01
6.232500076290000690e-01,6.175633906342609114e-01
6.319249868390000024e-01,6.919733083791497208e-01
8.335350155830000274e-01,6.271087240890107495e-01
8.613430261610000027e-01,7.091512066647525092e-01
1.036013007159999999e+00,7.602888304984160017e-01
6.160370111469999355e-01,7.712339866019103374e-01
9.874529838560001105e-01,6.966138115900047945e-01
6.686739921569999634e-01,7.994522132795552904e-01
6.455339789389999972e-01,8.198844753963643317e-01
1.007030010220000049e+00,6.619750722612809390e-01
7.763000130650000719e-01,8.166925075878752605e-01
9.358490109440000815e-01,7.960086117261472305e-01
6.626719832419999401e-01,7.216358665848601195e-01
1.113351941109999910e+00,7.467890984868730264e-01
5.495319962500000432e-01,8.760993366073051014e-01
9.273632764820001206e-01,7.525346809793627134e-01
8.215330243109999486e-01,7.310178807965509451e-01
9.193540215490000334e-01,8.474783942913541868e-01
6.899859905239998925e-01,7.975749164742664821e-01
6.497738957409999738e-01,7.110748791709909922e-01
9.705049991610000815e-01,7.004806237753872233e-01
8.034440279009998909e-01,8.286950343093916205e-01
8.920990228650002019e-01,7.901851023115484818e-01
7.462270259859999921e-01,7.175393085303436447e-01
1.495407462120000197e+00,7.605114184682260081e-01
7.597569823270000633e-01,1.038627425804047544e+00
9.677280187610000084e-01,8.953932980825393129e-01
1.126011013979999920e+00,7.795467964992423004e-01
7.641419768330000029e-01,1.076016334260585072e+00
1.423818945879999909e+00,9.288022552912098551e-01
8.309190273280000483e-01,1.000776550574754564e+00
5.316870212550000030e-01,1.002703423560826312e+00
6.942920088770000442e-01,6.846285402573518697e-01
1.097100019450000019e+00,8.109188972858113464e-01
8.623710274700000511e-01,9.976641126480074728e-01
9.711959958080000899e-01,7.751819333596844386e-01
7.501904964450000213e-01,7.303813940456158615e-01
5.659890174870000346e-01,8.159547781810659872e-01
7.235890030859999378e-01,7.237901571274919510e-01
1.088876962660000114e+00,7.377789121266955519e-01
2.614549994470000138e-01,8.822862298822234939e-01
1.923168003559999895e-01,5.351903840341257768e-01
2.048390060660000012e-01,3.349149472029170904e-01
3.752999901769999980e-01,4.941765845623028452e-01
1.878910064700000104e-01,4.311190660604364289e-01
4.178839921949999980e-01,1.975661551220538881e-01
6.128349900249999704e-01,2.297668607507373784e-01
4.822100102900000462e-01,4.028471472300657052e-01
8.136649727820000066e-01,3.672709527842711319e-01
8.997989892959999958e-01,4.780737901237648857e-01
7.667459845540000041e-01,6.788608530477229230e-01
6.762999892229999421e-01,6.365344370322665313e-01
9.804093837739999984e-01,6.297080716623731922e-01
1.075533032420000090e+00,8.270821293373517014e-01
6.459739804270000496e-01,9.096817775671701689e-01
7.601699829100000416e-01,6.981041824292967268e-01
8.707180023190000950e-01,7.138713315678268945e-01
1.045557022089999899e+00,8.873513794110953201e-01
4.832339882850000268e-01,8.797488796358750029e-01
1.085988998409999962e+00,6.316471040795076375e-01
7.320979833600000930e-01,7.980978841813014535e-01
7.128990292550000385e-01,8.735988540636245858e-01
1.045389056210000112e+00,6.629158232794535310e-01
7.359200119969999676e-01,8.380014095680786701e-01
8.956930041310000590e-01,8.217180654948740282e-01
8.745509982110000191e-01,7.274757383463427152e-01
9.237470030779999508e-01,8.458367353529299137e-01
9.997780323029999971e-01,8.440731755890419352e-01
1.739534020420000049e+00,8.586417022944586863e-01
8.107889890670000321e-01,1.180409798846664415e+00
7.049050331119999235e-01,9.719338756140288860e-01
8.328269720080000438e-01,7.484574164753925452e-01
8.276600241660000412e-01,1.027754665295457226e+00
8.953109979629999549e-01,9.744283857875286614e-01
1.459501028060000039e+00,7.698304054528949392e-01
1.179519057270000060e+00,1.007725945921228439e+00
1.443411946299999915e+00,1.030752994241121989e+00
1.306735038760000078e+00,1.066690722032267891e+00
7.634999752040000365e-01,1.237012680859429281e+00
1.145148038860000161e+00,1.038782940081077077e+00
7.253450155259999477e-01,1.095482840122406820e+00
7.633590102199999672e-01,1.056173203305433184e+00
6.174820065499999622e-01,8.044910506750335699e-01
1.029322981830000039e+00,7.596567743478189749e-01
1.302055954929999926e+00,8.602130232090622330e-01
3.164124965670000122e+00,9.700402162738203105e-01
9.734439849849999549e-01,1.680291781430687248e+00
1.229671001429999855e+00,1.260447866680376006e+00
7.441530227660000385e-01,1.007046956666439952e+00
1.063034057620000139e+00,1.512400621048588967e+00
1.123872041700000102e+00,1.357950239393670211e+00
8.984770178789999173e-01,1.074230554520564596e+00
7.175139784810000698e-01,9.146971325671114927e-01
5.367509722709999931e-01,7.787290506837541981e-01
1.175443053249999981e+00,7.695556300339417843e-01
1.101048946379999949e+00,9.422930352096899886e-01
5.734490156170000130e-01,9.502898223898582630e-01
1.431144952770000200e+00,6.195924525592592103e-01
1.037794947620000130e+00,9.744887968620539187e-01
6.568620204930000206e-01,1.129636165805542936e+00
1.074908018110000141e+00,7.173835917994003664e-01
1.385972023009999887e+00,9.310051890639310379e-01
1.004804968829999812e+00,1.227983850548225231e+00
1.609539985660000116e+00,9.414590594489949948e-01
2.817575931549999524e+00,1.110098884867547042e+00
1.962562561039999931e+00,1.870294599149066261e+00
1.279752016069999998e+00,1.713953102737619583e+00
1.995329976079999845e+00,1.306293985459217932e+00
2.033385992049999924e+00,1.924462863945731073e+00
1.307443976400000096e+00,2.143317088522304736e+00
1.611258029939999892e+00,1.488087416453650613e+00
2.040218114850000042e+00,1.502384644615835096e+00
2.183244943620000100e+00,1.918279579321194639e+00
1.351415991779999937e+00,1.863188635072048127e+00
7.242180109020001089e-01,1.478282188632751071e+00
1.363389015200000109e+00,1.246200990806397124e+00
1.526808977129999967e+00,1.535958571251621052e+00
1.784019589419999940e+00,1.570653789950860801e+00
1.103597044940000105e+00,1.333943068652554409e+00
1.763007998470000004e+00,1.146696829422204411e+00
1.157549023629999896e+00,1.431592259865898997e+00
1.153326034550000045e+00,1.460629634185246051e+00
2.362811088559999551e+00,1.191256568732009136e+00
2.580787897110000007e+00,1.705626814946599845e+00
1.242146968839999976e+00,2.003055227378092162e+00
1.712821006770000265e+00,1.347791172730602449e+00
6.676509976389999323e-01,1.568582655832972295e+00
8.271329998970000652e-01,1.634815296895161252e+00
9.642647504810000214e-01,1.176259136608994949e+00
1.394161701200000048e+00,1.152175126139123762e+00
7.584049701689999923e-01,1.166684209579654352e+00
6.900759935379999765e-01,8.195775293827285424e-01
6.740249991419999809e-01,7.205812611870641149e-01
8.615220189090000424e-01,8.715714828230386457e-01
7.907469868659999790e-01,8.717495709702007822e-01
7.285000085830000138e-01,7.293503417692173141e-01
2.411980032920000017e-01,6.644487437062975843e-01
3.354600071909999981e-01,5.152080927477687977e-01
5.912460088730000507e-01,4.831729547764462840e-01
1.058426976200000036e+00,5.915382412738889872e-01
7.669919729230000316e-01,6.753483526996855169e-01
5.881239771840000019e-01,5.604460574635151682e-01
5.922303199769999305e-01,5.002366359620660230e-01
8.753510117530000079e-01,6.560762344661335010e-01
7.038279771799998974e-01,7.978009568627036918e-01
5.677499771120000371e-01,6.786788192073525128e-01
7.133870124819999825e-01,5.435315258403640160e-01
1.077505946160000061e+00,6.548157011553749074e-01
6.909419894220000247e-01,8.438048670299352905e-01
7.724580168719999973e-01,6.875094225287170513e-01
7.237120270730000859e-01,6.357214384221279158e-01
9.752489924429997847e-01,7.755828996609351877e-01
9.151769876480000399e-01,8.363556378974014160e-01
7.574009895319999686e-01,8.025391346692573036e-01
6.912069916730000374e-01,7.236628982900996654e-01
1.183527946470000147e+00,7.254179932255896412e-01
7.705749869349999281e-01,9.457001383526375538e-01
8.947700262070000798e-01,8.324032268671435197e-01
6.143350005150000070e-01,7.267214036716032055e-01
7.692319750789999855e-01,7.756941326677537774e-01
9.070749878880000061e-01,7.738431248981284538e-01
4.068099856379999713e-01,8.138844618347375048e-01
5.138880014419999753e-01,5.968818733252455599e-01
2.481469959019999838e-01,5.159045278623805020e-01
2.568759918210000159e-01,5.278478817071202700e-01
5.980659723279999618e-01,3.769273561763789027e-01
5.981699824330000137e-01,4.424490021326829003e-01
8.801140189170000294e-01,4.614729116047345259e-01
1.085649013520000095e+00,4.976155201422667318e-01
9.920129775999999566e-01,7.183596904167733888e-01
8.743849992749999078e-01,7.807225386336822393e-01
8.770260214810000621e-01,7.803501473442197023e-01
1.008928894999999937e+00,8.758644693937064352e-01
8.088759779930000393e-01,9.518334682736757646e-01
6.714209914210000907e-01,8.508964380913556225e-01
7.449629902840000373e-01,7.298635015574413965e-01
6.942679882050000195e-01,7.758002688930883961e-01
1.001886010170000008e+00,7.541089407765269037e-01
7.935580015180000446e-01,7.803890218493232389e-01
8.450049161910000439e-01,7.515821536826537974e-01
8.031240105629999793e-01,7.192397031424562215e-01
5.744469761850000689e-01,7.911634833694378699e-01
5.679720044139999757e-01,7.056397845661729340e-01
4.538080096239999195e-01,6.308027554711128637e-01
8.494881391529999215e-01,5.976162504049183921e-01
4.064599871639999473e-01,6.594717359814066260e-01
2.453519999980000310e-01,5.212762174560187090e-01
2.323218107220000217e+00,3.259913404520466962e-01
2.027115583420000089e+00,1.184169036964125787e+00
1.581117987629999888e+00,1.442680324354254751e+00
1.727049946780000012e+00,9.815012058150807128e-01
1.150642037389999928e+00,1.465770230514057859e+00
1.607933998109999818e+00,1.655484282917303318e+00
1.331233978270000007e+00,1.536598457839892795e+00
1.221642017359999999e+00,1.491627720811635305e+00
1.583541989330000010e+00,1.258305003839767622e+00
1.608662128450000006e+00,1.384312269072879076e+00
2.185653924939999992e+00,1.493750172649574770e+00
2.989559888840000124e+00,1.614076239047871120e+00
7.574499845500000106e-01,2.097489853996614251e+00
1.811344027520000122e+00,1.456149220296854452e+00
1.527951955800000094e+00,1.541396076207884436e+00
8.892235755919999374e-01,2.071337070328838958e+00
