9.717460274700000511e-01,1.249944263687488011e+00
1.176299691200000108e+00,1.035341167422973996e+00
1.714609026910000056e+00,1.152051677800279395e+00
1.307337045669999975e+00,1.549498652476624327e+00
6.186890006069999393e-01,1.303435935565413484e+00
2.298435926440000276e+00,7.846067978006026067e-01
1.808241009709999902e+00,1.923715269378570181e+00
8.794149756429999742e-01,1.697326481596613146e+00
1.570945024490000064e+00,1.010391628161264155e+00
1.578516006470000121e+00,1.425178486283930512e+00
6.200309991839999535e-01,1.483079564676743400e+00
9.928810000419999726e-01,8.087170771246409151e-01
4.551869928839999413e-01,9.926195683588375784e-01
1.017398953439999865e+00,6.412891979651502705e-01
8.378469943999999892e-01,9.964397688346616766e-01
4.884769916529999589e-01,9.153969500134171433e-01
1.246340990070000210e+00,6.513456741008460948e-01
1.209630966189999990e+00,1.162995219376975253e+00
1.252451062200000020e+00,1.197680763243518687e+00
1.519726991650000025e+00,1.225059849705866455e+00
1.063797950739999942e+00,1.417441867319478410e+00
1.571495056150000069e+00,1.116629102908547111e+00
1.278105020519999968e+00,1.439670613065836102e+00
1.192077994349999948e+00,1.271701611279450361e+00
8.304439187050000060e-01,1.187799707314335151e+00
1.402015686039999931e+00,9.247926696648235412e-01
1.156504034999999986e+00,1.301265460958705322e+00
1.162554860120000200e+00,1.172565191924598293e+00
6.007519960399999581e-01,1.157166503981848171e+00
1.253835797310000055e+00,7.594573398141950538e-01
1.791844010350000183e+00,1.177401128746505155e+00
1.734062552449999961e+00,1.609852907605776817e+00
4.939970970150000085e+00,1.608751489317096883e+00
2.394351005549999911e+00,3.849716252039952824e+00
2.212575912479999740e+00,2.273961890151103837e+00
1.886527061460000043e+00,1.985147385373163154e+00
9.343829751010001017e-01,1.745709704503016990e+00
9.099829792980000942e-01,1.055354242686942667e+00
8.112999796870000724e-01,9.597182249854788738e-01
1.049708962440000004e+00,8.874753683931161374e-01
1.351788043980000076e+00,1.048961498222274358e+00
1.277305960659999906e+00,1.282809548603637495e+00
7.854449748989998925e-01,1.253870735178669760e+00
4.846229851250000165e-01,9.000750099350780520e-01
6.676359772680000582e-01,6.439811227962516371e-01
8.322510123249999836e-01,7.484788875548598064e-01
5.959370136259999340e-01,8.819031839056539201e-01
3.410890102390000123e-01,7.274513188700614252e-01
6.860110163689999707e-01,5.245310962868134919e-01
8.153510093690000682e-01,7.491805474885187000e-01
3.985430002210000322e-01,8.713959376946204261e-01
6.998159885410000225e-01,5.852275708217933303e-01
4.263690114019999533e-01,7.640725749092038832e-01
6.866139769550000382e-01,5.948095436952064441e-01
1.826770007609999913e-01,7.570204127720969733e-01
7.018824815749999946e-01,4.194477978518946770e-01
1.796682000159999681e+00,7.467990030390539991e-01
7.204269766809999753e-01,1.572340392886116378e+00
4.680640101429999755e-01,8.977768068232346854e-01
6.408870220180000743e-01,6.264195053051793138e-01
7.520520091060001189e-01,7.278761191915532613e-01
1.001817584040000098e+00,8.223430111672441756e-01
1.660804033279999814e+00,1.009950912217054464e+00
1.450595021250000061e+00,1.498287229351308758e+00
1.085010051729999869e+00,1.399945451935338925e+00
1.099555015560000015e+00,1.126012426056587801e+00
7.694180011750000325e-01,1.106738292859220651e+00
1.254430413249999932e+00,8.737361633281508499e-01
1.496320962910000052e+00,1.191368328163002754e+00
7.186369895940000196e-01,1.401047705879191474e+00
8.902019858359999649e-01,8.712946674203903008e-01
9.891759753229999452e-01,9.275674591060399932e-01
2.849014520649999938e+00,1.012377519491157063e+00
4.281075000759999583e+00,2.339361139082403174e+00
1.248739004139999942e+00,3.442053045101130415e+00
7.096589803699999699e-01,1.457552737915545960e+00
7.497439980509998936e-01,8.440100347481198639e-01
8.907449841499999188e-01,8.265807135426339602e-01
1.469527959819999952e+00,9.305677587863038225e-01
1.608888030049999918e+00,1.353978431830582085e+00
1.043460965159999976e+00,1.496830485336698935e+00
1.184751033780000018e+00,1.109499352959633089e+00
5.063725113870000127e-01,1.163820686818259675e+00
6.946156024930000283e-01,6.944461032796644950e-01
9.299110174179998634e-01,7.696847032199746197e-01
7.754629850390000190e-01,9.538851766572289392e-01
8.564696311949999696e-01,8.636659861766400326e-01
9.269009828569999554e-01,9.082942245088663213e-01
7.506660223010001021e-01,9.652581731793089537e-01
9.248849749570000611e-01,8.457693976896649701e-01
1.070162653919999984e+00,9.549880205356117147e-01
8.752880096439998869e-01,1.072825711041326624e+00
7.511039972310000756e-01,9.464006456251112809e-01
8.627579808239999037e-01,8.416872640435423270e-01
5.096570253369999692e-01,9.107250376971225414e-01
8.495249748229999343e-01,6.686297106992691308e-01
6.711369752879999817e-01,8.808529781475056275e-01
6.132180094720000030e-01,7.825292907536252063e-01
3.810549974440000098e-01,7.257699090675384657e-01
8.710420131680000067e-01,5.546813981247762371e-01
6.540319919589999698e-01,8.853486098179320640e-01
9.089673757550000843e-01,7.721988718967821574e-01
9.709029793739999414e-01,9.355338363123321122e-01
9.856920242310001079e-01,1.000931576480333707e+00
1.356256246570000101e+00,1.016566399128202125e+00
1.309872984889999925e+00,1.280946026119830883e+00
6.344919800760000506e-01,1.277220098985034635e+00
5.933508276940000492e-01,7.960072667363035093e-01
8.796380162239999523e-01,7.083780685550500333e-01
1.131836414339999930e+00,9.094732375334909635e-01
1.841274023059999765e+00,1.112997435146829472e+00
2.261745929719999992e+00,1.635829222441690600e+00
2.597975969309999744e+00,1.981938415602671588e+00
2.399192094800000064e+00,2.244319907491017396e+00
1.982298016549999931e+00,2.128121254514390159e+00
2.269547939300000206e+00,1.825500063556409147e+00
2.017889976500000238e+00,1.996963069275355052e+00
1.452262043950000026e+00,1.841204275927013079e+00
1.342797994609999934e+00,1.428300571720908074e+00
1.311915040020000145e+00,1.307960262335152724e+00
1.276762008670000226e+00,1.277606240272293858e+00
1.275267004970000118e+00,1.250342824251194696e+00
1.210446000100000141e+00,1.246511788703450696e+00
8.153480291369999966e-01,1.200561545121325180e+00
7.271119952200000291e-01,9.156366028390419132e-01
6.043019890790000126e-01,8.194803199315519038e-01
9.830358624459999417e-01,7.242747918195129309e-01
1.101529002189999940e+00,9.842777642226340218e-01
1.183724999429999869e+00,1.099856409140471225e+00
4.356400072569999726e-01,1.167755016499694154e+00
3.270040154459999959e-01,6.441902776544108367e-01
8.039849996569999879e-01,4.999592445692068732e-01
4.216859936710000145e-01,8.326352055567868282e-01
5.734559893609999515e-01,6.007246177356182493e-01
3.959457874300000291e-01,6.754811761942807191e-01
4.163750112060000119e-01,5.617753860621627071e-01
5.603970289230000290e-01,5.605082065031845584e-01
7.749050259590000156e-01,6.656485192956703711e-01
6.370840072629999629e-01,8.317894354637788146e-01
3.839260041709999793e-01,7.518140429693933591e-01
5.648739933969999516e-01,5.588729586849556785e-01
1.054715037350000051e+00,6.660000152993920119e-01
6.537709832190000681e-01,1.032228080248123403e+00
5.931029915809999942e-01,7.878131941579652464e-01
1.022608995439999946e+00,7.098842065578629956e-01
8.359869718549999273e-01,1.011620798381671182e+00
6.375340223309999832e-01,9.145133299410984629e-01
9.755985140799999789e-01,7.574194409322235755e-01
4.898079931740000337e-01,9.817334780677017259e-01
1.098647952079999879e+00,6.643973747662813567e-01
1.151165962220000116e+00,1.057454470832916993e+00
8.061249852179999120e-01,1.144439748479427310e+00
4.744769930839999872e-01,9.041237172050174964e-01
7.896029949189999897e-01,6.385678891981673155e-01
4.762530028819999539e-01,8.349563638955722622e-01
5.455229878430000179e-01,6.383768303763850405e-01
6.212809681889999158e-01,6.602637780998803496e-01
7.707700133319999036e-01,7.205903898022482101e-01
9.337069988249999675e-01,8.340401749499460893e-01
8.110550045970000843e-01,9.629566658335644291e-01
6.005529761310000048e-01,8.893047837596207428e-01
1.002521038060000036e+00,7.288998564080976239e-01
8.921650052069998171e-01,9.978869051269867452e-01
9.160850048070000584e-01,9.527384117808247455e-01
7.413420081139999729e-01,9.605372705461349137e-01
9.283249974250000758e-01,8.382143430813284724e-01
6.429409980770000033e-01,9.566614419583633344e-01
9.950090050700001187e-01,7.692412732367711614e-01
6.271365880970000140e-01,9.960434973512926060e-01
1.038689017300000073e+00,7.637495009915769018e-01
6.888009905820000611e-01,1.025923864718187417e+00
5.214130282399999095e-01,8.113231500209849845e-01
6.510270237919999481e-01,6.617331920317376381e-01
1.159701943399999990e+00,7.397827785405015621e-01
6.456400156020000169e-01,1.114271686279139528e+00
1.195862650870000099e+00,7.910475208861553753e-01
1.304703950880000018e+00,1.139640755134518457e+00
8.844429850579998975e-01,1.260953297178090571e+00
7.697709798810000725e-01,9.724051855437202407e-01
7.702100276950000213e-01,8.557556183054250143e-01
6.418280005459999771e-01,8.463122565270378983e-01
8.937159776689999058e-01,7.547913540944706234e-01
5.247250199319999364e-01,9.236166882259408961e-01
5.142210125920000374e-01,6.820765295176797194e-01
7.172748446459999982e-01,6.421200685769949956e-01
6.410769820210000525e-01,7.865847586257268542e-01
4.689820110800000941e-01,7.496713612287360107e-01
1.203750014310000171e+00,6.200487138708514756e-01
7.911959886550000709e-01,1.130948696874932047e+00
1.136301159859999910e+00,8.979640235603264520e-01
8.642929792399999256e-01,1.108988633414319080e+00
8.814030289650001126e-01,9.441223998987721133e-01
5.817409753800000249e-01,9.335228074597207160e-01
8.651199936869999885e-01,7.216094794974139415e-01
9.078124761579999813e-01,8.981148853193506865e-01
7.377740144730000615e-01,9.523918297394577959e-01
1.120375037189999867e+00,8.349702203828531788e-01
9.422479867940000142e-01,1.093289417989822043e+00
1.060060024260000011e+00,9.980768083811831781e-01
7.158420085910000008e-01,1.067064193246984871e+00
4.040209949019999969e-01,8.323528851613826163e-01
2.920779883859999648e-01,5.802725176604984769e-01
6.317924261089999938e-01,4.720250454896416370e-01
1.124665260310000026e+00,7.059707879315189061e-01
1.115690946580000009e+00,1.087694472391300682e+00
1.247418999670000028e+00,1.121391727507682345e+00
6.976169943809999996e-01,1.214033795803668214e+00
3.693974971769999893e+00,8.353700677716001666e-01
8.204839825630000361e-01,2.921135991534893783e+00
8.573070168499999921e-01,1.121396578638301111e+00
6.902359724040000311e-01,9.126829134915046549e-01
8.385969996449998964e-01,7.968032453601967546e-01
1.287726998329999928e+00,8.883475810898426861e-01
9.632229804989999034e-01,1.220598706211844409e+00
1.343299984930000024e+00,1.026726782820654105e+00
7.316169738770000874e-01,1.269977439538762853e+00
6.809219717980000697e-01,8.675538322486318066e-01
7.014784216880000089e-01,7.793495846440917640e-01
6.698030233380000142e-01,7.896568001189989694e-01
1.365643024439999964e+00,7.688121515349415347e-01
9.781420230869999344e-01,1.262695738376482080e+00
6.786789894100000442e-01,1.043663190948454833e+00
5.976330041890000055e-01,7.989454379280702678e-01
8.193774819369999962e-01,7.152937748893505310e-01
7.911109924320000042e-01,8.667642131868101840e-01
1.044147372249999872e+00,8.654283149210971748e-01
1.400015950200000026e+00,1.043339932188058317e+00
8.748620152470000244e-01,1.316577681539456535e+00
6.228179931639999944e-01,9.735343054727244594e-01
7.164059877399998610e-01,7.502979103111921955e-01
6.523500084880000660e-01,7.953199781340744012e-01
9.379299879070001067e-01,7.576432178644120219e-01
5.936999917030000296e-01,9.560729117641847408e-01
5.393440127369999448e-01,7.350311849075380488e-01
9.370089769359999377e-01,6.661839458128614444e-01
8.087720274930000341e-01,9.459469361366195095e-01
5.654280185700000239e-01,8.879598237119646909e-01
6.020820140839999723e-01,7.036580454238673399e-01
1.146679997439999932e+00,7.085892210541291369e-01
9.824249744419999431e-01,1.100987909034006451e+00
5.671510100359999917e-01,1.028729568239049375e+00
7.866399884220000027e-01,7.200064769634465511e-01
7.388439774510000557e-01,8.407598644464120419e-01
6.810299754140000106e-01,8.253877770412654247e-01
7.086979746820000203e-01,7.800496176121458625e-01
6.642330288889999323e-01,7.948216578403651811e-01
5.124790072439999733e-01,7.654594215841697968e-01
6.040380001070000393e-01,6.531866576599920649e-01
6.728799939159999521e-01,7.053603349915280596e-01
8.265414834020000656e-01,7.625850103515359191e-01
4.546860158440000355e-01,8.782710694743124380e-01
5.594509840010000179e-01,6.262577214135649495e-01
1.332218050960000122e-01,6.683452099415471137e-01
1.633069962260000063e-01,3.723548326418687493e-01
1.797860413789999778e-01,3.544756194280863082e-01
5.747918486599999932e-01,3.691474073485027652e-01
8.508148789409999413e-01,6.550997088061789597e-01
8.527640104289999634e-01,8.872995330322916985e-01
1.687628030779999788e+00,9.120002302348545475e-01
2.149522066120000297e+00,1.506078979335390811e+00
8.122850060459999577e-01,1.892728641055755334e+00
1.239639997479999867e+00,9.913659304791140325e-01
2.128437280650000041e+00,1.184273250033258895e+00
2.139239072800000141e+00,1.846593550296366404e+00
9.779880046840000452e-01,1.915978125394290466e+00
6.937779784199998856e-01,1.106302936613177801e+00
7.218790054320000094e-01,8.096679914723929894e-01
7.631160020829999002e-01,8.053287517003268059e-01
8.565329909319999713e-01,8.371678530360660009e-01
1.109338045120000116e+00,9.072987009482831322e-01
6.476340293879999654e-01,1.095111544278382754e+00
9.241870045659998922e-01,7.881434268743531257e-01
7.877320051189998784e-01,9.458648588710769634e-01
1.305567026139999864e+00,8.719089692693964277e-01
9.107710123059999940e-01,1.229246955158757926e+00
8.699640035629999657e-01,9.910977654199164544e-01
5.743020176890000217e-01,9.292794852123276161e-01
8.599532246590000373e-01,7.153156627917206523e-01
4.775849878790000003e-01,8.937916859835239869e-01
1.108017444610000179e+00,6.455290230372063842e-01
1.290724992749999966e+00,1.063152898278328262e+00
8.591579794879999898e-01,1.244116078631571698e+00
3.058980107309999807e-01,9.533573581101546512e-01
9.039019942279999942e-01,5.230814021756599042e-01
6.352750062940000220e-01,9.025466509563144779e-01
1.023422956470000145e+00,7.616779446949590859e-01
6.730669736859999919e-01,1.015696039029795106e+00
8.504790067669999454e-01,7.988376692768938137e-01
5.141969919200000128e-01,8.953774093818694935e-01
1.527956604959999964e+00,6.707876626946783771e-01
4.094385623930000051e+00,1.366348615094787888e+00
9.952359795569999390e-01,3.247761338827662936e+00
8.670449852940000923e-01,1.271596816725214074e+00
1.141056060789999993e+00,9.342820897319717988e-01
1.622257947919999888e+00,1.118534009913084271e+00
1.980204939840000566e+00,1.481497541351722180e+00
1.375547051430000112e+00,1.769250741248314274e+00
1.851865053180000054e+00,1.371769530085630961e+00
1.420923948290000016e+00,1.661142086566040676e+00
1.589177966120000285e+00,1.393725163344850637e+00
1.673199415210000041e+00,1.479276345913167923e+00
2.123934030530000072e+00,1.551046159487584619e+00
1.648401975629999905e+00,1.873767927195645999e+00
1.204741954800000014e+00,1.573240513396026552e+00
7.920839786529999538e-01,1.226132811247043763e+00
1.227027416229999890e+00,8.986765780671832626e-01
1.226951003070000157e+00,1.173671610048453218e+00
1.131343960759999989e+00,1.208396711765958420e+00
1.252465009690000075e+00,1.140734345587244736e+00
1.116891980170000132e+00,1.218854030113294851e+00
1.122387051579999850e+00,1.132564261318093513e+00
1.040153026579999862e+00,1.125509564248638350e+00
8.091310262680000420e-01,1.067659800374036516e+00
7.681059837340000751e-01,8.969150461960335718e-01
7.982919812199998910e-01,8.481643945483244851e-01
7.666722536090000428e-01,8.661944511234971333e-01
1.057360053060000027e+00,8.462195790313155053e-01
8.607699871060000563e-01,1.050744190133167777e+00
1.070777058600000053e+00,9.350252784932805428e-01
5.301510095600000527e-01,1.068017461268553125e+00
6.604189872739999467e-01,7.013948702353437481e-01
9.909179806709998983e-01,7.472651673358624569e-01
3.561530113220000016e-01,9.945750483540557463e-01
9.618239998820000691e-01,5.706655206656360280e-01
1.244829058649999931e+00,9.483393252539620288e-01
8.381230235100001202e-01,1.199931591893846683e+00
9.245989918709998090e-01,9.346431391839653546e-01
8.131660223010001021e-01,9.620889206248672831e-01
1.003061056139999963e+00,8.900373735177046219e-01
8.752340078350000496e-01,1.015893131134478988e+00
7.991399765009998823e-01,9.407551390014867732e-01
8.812961578369999938e-01,8.758818605171110327e-01
1.063080191609999892e+00,9.279801386070917202e-01
9.057049751279999672e-01,1.064221924540946551e+00
6.909559965129999926e-01,9.673991061074938003e-01
1.355970025060000195e+00,8.014685678908634037e-01
7.572399973869999856e-01,1.257473771173772459e+00
2.043754577640000125e+00,8.867388656237805700e-01
8.576130270960000690e-01,1.752244015754821138e+00
2.364957094190000220e+00,1.014397786062034790e+00
4.179231166840000178e+00,1.987527804117203312e+00
2.233561992649999883e+00,3.348447813557420716e+00
8.013390302660000630e-01,2.117491676818811897e+00
8.372840285299999463e-01,9.906145440839866367e-01
8.851529955859999133e-01,8.968025733050291048e-01
9.040349721909999303e-01,9.339282949234501974e-01
1.302939534190000082e+00,9.513772326354384967e-01
7.228699922560000157e-01,1.236620433377749517e+00
8.009120225910000279e-01,8.579547538934354511e-01
1.032919287679999965e+00,8.642212744637361999e-01
1.321628212929999879e+00,1.036148649444972536e+00
9.367759823799999275e-01,1.260093777055904196e+00
7.007700204850000336e-01,1.010812357628028124e+00
7.624319791789999634e-01,8.111140033605733768e-01
1.144938945770000105e+00,8.348772349568581719e-01
7.721610069269999599e-01,1.112803370699789740e+00
8.772150278090000697e-01,8.795160621037069193e-01
1.243505001070000171e+00,9.228047921393197628e-01
6.381840109830000385e-01,1.192225645294428205e+00
7.468199729919999807e-01,7.929419655495796304e-01
6.839929819109999976e-01,8.183733068356247031e-01
1.419505119320000119e+00,7.828509958108789135e-01
6.141470074649999500e-01,1.302219622226255868e+00
7.347676754000000976e-01,7.909971202694464631e-01
6.770560145379999062e-01,8.076982816227771256e-01
1.074026942249999950e+00,7.768624770376403310e-01
6.156389713290000287e-01,1.055263179273475460e+00
9.692379832269999440e-01,7.623926620973091595e-01
9.916120171550001361e-01,9.753656060946607198e-01
8.089560270310000023e-01,1.020635800602255783e+00
2.435143947599999859e+00,8.926990271812991207e-01
8.223479986189999869e-01,2.034042711670429604e+00
5.938220024110000272e-01,1.021721468458980597e+00
5.762249827380000466e-01,7.250830636171869958e-01
4.224239885809999429e-01,6.925754836089103028e-01
6.765879988670000511e-01,5.809753144784842727e-01
5.520349740979999531e-01,7.494906163542827127e-01
9.015229940410001142e-01,6.825366846565643630e-01
7.489960193629999763e-01,9.216356491340863544e-01
8.627583980560000754e-01,8.424209911200136736e-01
9.480749964710000199e-01,9.105477170941634890e-01
1.055613875389999956e+00,9.808543199558705794e-01
1.970020055770000278e+00,1.064380958237624020e+00
9.391199946399999554e-01,1.721429944764975239e+00
1.009042978289999892e+00,1.065453332896035832e+00
7.824029922490001177e-01,1.030542538820355736e+00
1.016265034679999957e+00,8.753025474594740007e-01
8.782749772069999850e-01,1.022757315751407381e+00
7.353619933130000064e-01,9.440192191393178556e-01
1.109990954399999952e+00,8.307338189831059427e-01
7.727199792860000027e-01,1.085690342593196522e+00
1.164981961250000086e+00,8.769610789541435469e-01
7.157210111620000426e-01,1.127918075298779188e+00
1.475479006770000101e+00,8.411931324400870880e-01
8.354520201680000202e-01,1.344595003350811613e+00
7.344660162930000125e-01,9.519742377647962828e-01
7.861927747729999805e-01,8.264391735708839226e-01
1.143465042110000107e+00,8.547057452797270916e-01
9.246990084650000830e-01,1.113684423964334425e+00
2.958764553069999970e+00,9.875455270314253964e-01
2.138324022289999959e+00,2.413031132854739358e+00
2.038712024690000124e+00,1.971873278057485024e+00
1.480209946629999829e+00,1.846561290165545044e+00
9.367650747299998137e-01,1.449413817781820546e+00
1.715939760209999942e+00,1.023842036544771794e+00
1.001402020450000041e+00,1.532512511176567838e+00
8.896229863169999863e-01,1.088567683347751336e+00
7.492939829829999843e-01,9.508390768174918017e-01
1.115183949470000213e+00,8.416196711188339563e-01
9.457820057870001129e-01,1.090529516725351700e+00
6.452180147170000213e-01,1.000153689248092670e+00
1.164842009540000056e+00,7.723658310708536590e-01
1.244351029399999975e+00,1.117467647921720708e+00
9.045109748840000075e-01,1.215768844286666539e+00
5.575259923929999362e-01,9.816022047648542692e-01
5.778343677520000332e-01,7.063770508726999742e-01
7.199835777280000348e-01,6.905465548254740016e-01
7.607790231700000128e-01,7.940055011852990008e-01
5.404400229450000426e-01,8.353383800831293282e-01
8.009672760959999360e-01,6.816375775194710718e-01
7.710149884220000027e-01,8.487275903052859949e-01
6.709719896319999988e-01,8.495426664493720414e-01
2.768970489500000021e+00,7.756479341376638637e-01
3.086133003230000060e+00,2.262156790976745491e+00
1.116358041760000086e+00,2.613669740760651727e+00
1.018260955809999979e+00,1.276906697476468899e+00
7.442610263819999794e-01,1.051645337252035795e+00
1.114386796949999869e+00,8.489833077309746345e-01
1.380516409870000238e+00,1.089550520271019396e+00
1.229098439219999950e+00,1.308244193640067721e+00
1.573238968849999919e+00,1.222101152353707310e+00
1.245597958560000107e+00,1.453493223630496267e+00
8.298619985580000247e-01,1.248954100142920964e+00
5.376980304720000436e-01,9.288586369464868486e-01
8.593800067899999284e-01,6.857316732581699714e-01
7.949647903440000274e-01,8.902821553024271584e-01
8.122889995569999577e-01,8.715660777006150051e-01
1.209460973739999945e+00,8.784502738563331192e-01
1.043611049649999956e+00,1.162789942150910472e+00
9.914460182190000248e-01,1.077213275266600156e+00
1.377645969390000058e+00,1.026647085463779030e+00
7.495359778399999229e-01,1.296581084769177661e+00
7.549669742579999676e-01,8.831177647161827515e-01
8.522210121150000095e-01,8.337152818287416611e-01
1.312628030780000010e+00,9.035369121666366743e-01
9.499999880790001017e-01,1.239396890386660344e+00
8.433979749680000637e-01,1.019421985427539701e+00
6.329939961430000039e-01,9.136786698582479715e-01
6.848490238189999246e-01,7.548251966387540257e-01
8.296039700509999504e-01,7.736441727849799888e-01
1.117776036259999994e+00,8.814720030826544983e-01
1.060515046120000138e+00,1.098923524663969475e+00
9.966710209849999336e-01,1.081719297972403515e+00
6.726049780850000825e-01,1.031746641179895008e+00
8.499810099600000335e-01,7.962159196719360565e-01
7.929700016980000266e-01,8.949828078613524251e-01
7.509549856190000927e-01,8.693487477419010734e-01
9.556260704989999466e-01,8.345623723069973687e-01
6.085839867589999397e-01,9.769297435294410636e-01
7.782499790189999489e-01,7.471537521260600556e-01
5.098140239720000411e-01,8.383009380618222650e-01
6.364319920540000286e-01,6.613194286840380354e-01
6.015599966049999248e-01,7.283236336030525226e-01
6.556333899499999784e-01,7.144151776996302550e-01
6.385549902920000243e-01,7.500388394945339821e-01
8.762890100480000832e-01,7.425239216061289005e-01
7.967479825020000739e-01,9.108941297822974459e-01
6.824830174449999509e-01,8.742683338531402892e-01
8.025500178340000401e-01,7.860729728980638820e-01
7.950311899190000142e-01,8.619576413957367178e-01
1.584897041320000088e+00,8.667936853152159449e-01
1.017485976220000143e+00,1.428631020543615682e+00
9.177780151369999695e-01,1.089271066991529091e+00
1.230221033100000083e+00,9.721786529801617061e-01
1.027899026870000121e+00,1.186029128344891603e+00
9.125559926030000213e-01,1.067782862818454026e+00
7.935979962350000472e-01,9.693361872499350884e-01
1.030437946320000187e+00,8.750975448230308151e-01
5.325379967690000438e-01,1.033778421088261013e+00
6.127780079839999505e-01,6.995762344618222661e-01
8.741289973260000234e-01,7.133709792461755406e-01
3.667230010029999820e-01,9.071760482597522879e-01
7.391750216480000857e-01,5.677793371962462921e-01
5.604230165479999748e-01,7.895496255474461211e-01
7.758178114889999755e-01,6.940073006526411570e-01
8.102909922600001202e-01,8.324445361701551249e-01
6.437510252000000488e-01,8.754037258658652343e-01
7.236457467079999706e-01,7.596291852440989478e-01
9.113870263100001257e-01,8.022935509350529459e-01
6.627830266949999993e-01,9.431001644517051918e-01
1.002035975460000117e+00,7.819039723088643257e-01
8.224419951440000709e-01,1.002707528894041467e+00
1.030576944350000135e+00,9.031606361964397145e-01
6.781139969830000114e-01,1.036253910804960876e+00
5.333459973340000104e-01,8.030365816049717109e-01
3.209959864620000047e-01,6.693184817113364549e-01
7.608630061149999069e-01,5.044946633912322786e-01
7.439860105509998878e-01,8.011681371205547908e-01
5.468400120740000148e-01,8.268508450575436930e-01
7.004669904709999173e-01,6.847336404138217869e-01
8.356525897980000561e-01,7.773712244023013307e-01
1.274258971210000091e+00,8.871119979760054841e-01
8.934450149539999719e-01,1.210781085528109369e+00
6.211659908290000365e-01,9.762490522535582915e-01
7.900159955019999680e-01,7.507292286091604705e-01
1.067494988440000014e+00,8.477836968816149232e-01
6.698009967800000464e-01,1.059882068499181873e+00
1.265694975850000015e+00,8.002934280420572755e-01
6.380620002750000408e-01,1.191411369819824539e+00
9.348030090330000652e-01,7.947549655329310125e-01
8.006410002709999363e-01,9.526441317888463267e-01
1.085708975790000030e+00,8.819901105430683064e-01
3.527039885520000251e-01,1.073726175929327953e+00
5.883709788319999578e-01,5.766508596394215314e-01
4.875420033929999120e-01,6.801134188107993417e-01
4.636880159380000199e-01,6.286540778682261355e-01
3.637039959430000136e-01,6.026224434015782228e-01
8.750243186949999696e-01,5.288155081710764760e-01
6.435279846190000708e-01,8.867310142343455270e-01
4.834130108360000233e-01,7.650615303274369561e-01
2.120890021319999930e-01,6.305829439982190143e-01
4.560469985010000560e-01,4.218882303452812788e-01
4.367910027499999903e-01,5.725272242481354024e-01
7.238804101939999569e-01,5.805340630253528200e-01
5.560690164570000205e-01,7.846330867248543228e-01
4.748429954049999679e-01,6.895609574658747576e-01
2.674640119080000100e-01,6.167024042261904926e-01
9.588437080380001198e-01,4.608151703235144336e-01
7.868980169300000549e-01,9.387417498540618910e-01
1.794360995290000149e+00,8.742501425997337705e-01
1.337677955630000026e+00,1.577028910641943282e+00
1.210453987120000185e+00,1.330925070617554606e+00
5.654799938200000264e-01,1.205533431673896150e+00
4.008429944520000565e-01,7.385828996135085367e-01
2.727654874320000200e-01,5.645669581808112625e-01
5.836449861529999783e-01,4.578719389070530776e-01
8.533802628519999711e-01,6.696787868520884812e-01
8.660610318179999823e-01,8.898835618188473129e-01
1.158349990839999899e+00,9.216840975936917424e-01
7.764859795569999390e-01,1.130757631313638933e+00
1.068807005880000105e+00,8.837144461713463128e-01
5.888479948040000744e-01,1.059706692206629386e+00
1.588868498799999918e+00,7.429152547928834505e-01
4.327859878540000205e-01,1.415620393943651578e+00
3.996030092239999942e-01,6.776036666842059075e-01
5.545349717140000134e-01,5.517811861261991968e-01
6.221979856490000849e-01,6.599649451968965241e-01
1.149551987649999996e+00,7.220325156595168714e-01
1.121260046960000034e+00,1.104679038676895431e+00
9.776459932329999436e-01,1.127350291150363448e+00
1.732741951940000025e+00,1.023250043118195673e+00
2.302707910540000125e+00,1.547499396570136021e+00
1.053477048870000043e+00,2.003268018878026968e+00
7.962800264360000435e-01,1.172025046077041166e+00
5.203329920770000117e-01,8.889126128950876060e-01
6.104800105090000262e-01,6.704066937746203658e-01
4.453057944770000276e-01,7.106596111239220637e-01
6.522138714790000069e-01,6.004001721079387233e-01
1.175541162490000069e+00,7.340098240323080780e-01
1.032202124599999937e+00,1.125671595016199733e+00
7.193930149079998948e-01,1.066366401678203957e+00
8.200139999390000378e-01,8.325018697302445370e-01
9.497330188750000568e-01,8.775555605648123203e-01
1.039114952089999822e+00,9.784794580174798195e-01
5.883830189700000046e-01,1.052790502015711116e+00
9.508559703829998488e-01,7.400159494852132092e-01
5.277600288389999728e-01,9.599548892639592212e-01
7.736063003540000205e-01,6.892337212984747108e-01
9.703559875489998765e-01,8.280664517415953219e-01
1.383889913560000018e+00,9.893137432814614884e-01
7.795230150220000542e-01,1.299359567201936683e+00
6.069999933240000090e-01,9.048343325625693989e-01
4.660570025440000097e-01,7.307573304330577946e-01
9.455270171170000459e-01,6.149348840052101250e-01
6.238729953770000280e-01,9.458915716112195060e-01
3.923240005969999555e-01,7.571578681354973472e-01
5.156549811360000568e-01,5.636968555308715656e-01
9.679385423660000765e-01,6.314272401835065995e-01
1.356565952299999989e+00,9.660865889086447389e-01
9.072690010070000310e-01,1.279768961023121321e+00
8.162760138510000152e-01,9.928361742988623950e-01
2.479866981509999846e+00,8.907867744211197536e-01
1.133080005649999888e+00,2.066299921513810034e+00
1.045583963389999926e+00,1.241370617683112965e+00
8.474370241169999485e-01,1.072382709746040330e+00
1.536522984499999911e+00,9.245728949053856338e-01
9.008989930149998715e-01,1.398251925724014910e+00
4.812009930610000596e-01,1.003179646555627302e+00
8.572540283199999722e-01,6.517093345717912545e-01
8.617479801180000232e-01,8.839705257732278776e-01
1.008694052699999899e+00,9.189387164234552596e-01
1.127727031710000105e+00,1.023916028909546361e+00
7.795569896699999779e-01,1.120542872350557495e+00
9.895502924920001053e-01,8.833087658219940241e-01
8.363329768179998958e-01,1.003486139672415067e+00
9.099559783939998869e-01,9.119812322448611619e-01
5.511059761050000061e-01,9.515120072567044840e-01
1.239764332770000088e+00,7.022807243222720652e-01
1.211838960649999963e+00,1.163349404121956310e+00
1.379981994630000042e+00,1.198718687540977212e+00
1.148460984229999982e+00,1.315476285853763860e+00
7.663900256160000035e-01,1.165123882971072389e+00
9.660840034479999394e-01,8.757211475084654140e-01
8.156750202179999798e-01,9.856691955877849853e-01
1.142272949220000111e+00,8.953220558697551068e-01
1.299479961400000105e+00,1.115230454158246953e+00
8.583310246469999516e-01,1.253026818192064296e+00
7.149469852449999996e-01,9.535009750430690767e-01
8.764400482179999230e-01,8.144916028386520734e-01
8.305460214609999836e-01,9.174389596228319510e-01
8.535240292550000385e-01,8.983409965357190829e-01
9.092410206789999227e-01,9.108352540024893251e-01
5.202720165249999917e-01,9.524397870792410403e-01
7.411040067669999454e-01,6.802643520053759385e-01
5.853319764140000325e-01,8.041627655949973308e-01
5.047770142559999673e-01,7.119538408471376423e-01
5.519493222240000607e-01,6.407166139521869308e-01
9.697520136830000137e-01,6.673805867344934084e-01
1.116515994070000017e+00,9.704168635294858625e-01
1.049844980239999837e+00,1.109423112477821771e+00
6.342629790310000404e-01,1.074051763971468620e+00
5.644329786300000817e-01,7.735377225025699133e-01
9.184709787370000100e-01,6.876867353821206619e-01
9.593539834020000656e-01,9.347974741276370292e-01
5.984159708020000412e-01,9.935051043041530638e-01
9.383450150489999197e-01,7.402431006017684556e-01
4.542250037189999867e-01,9.518542132950669199e-01
7.079470157619999204e-01,6.357996341076542768e-01
3.876500129699999575e-01,7.747222008823890782e-01
4.484339952470000057e-01,5.678733132913373893e-01
8.405709862710000202e-01,5.827733432386745793e-01
5.337110161779999862e-01,8.692388106153388083e-01
7.211350202559999589e-01,6.838270818443610288e-01
5.215386152269999576e-01,7.910281814357551511e-01
7.050759792330000275e-01,6.646664532871554565e-01
6.405649781229999506e-01,7.784842243245105875e-01
5.168589949609999623e-01,7.482485463989707597e-01
1.660409450529999997e+00,6.542315429816333294e-01
2.465307950970000217e+00,1.461176662898592937e+00
1.622156023979999917e+00,2.112465093644842362e+00
1.866270065310000170e+00,1.580051974103251045e+00
3.623536109919999415e+00,1.689189448276621208e+00
7.948709726329999947e-01,2.935832365730754567e+00
9.065989851950000400e-01,1.098306255434184475e+00
8.571879863740000660e-01,9.456522144277671460e-01
7.756379842759999477e-01,9.198397887296263509e-01
7.006700038909999817e-01,8.576172630200361580e-01
6.443409919740000769e-01,7.972256634734311564e-01
7.579550147059999077e-01,7.505627167032358216e-01
5.499600172040000068e-01,8.268559661348255929e-01
4.964669942859999408e-01,6.881834248902654050e-01
1.367677569390000070e+00,6.316406942231553856e-01
1.397894024850000250e+00,1.250400191708811004e+00
8.148130178450000427e-01,1.340254514294556110e+00
1.278898954390000009e+00,9.309400747565790279e-01
8.623980283740000363e-01,1.212420233800256986e+00
1.093865990639999897e+00,9.546656111309530512e-01
8.134710192680000285e-01,1.084580291776556571e+00
1.466687083240000078e+00,9.045168856436921478e-01
9.060310125349999577e-01,1.345949293631674593e+00
7.652140259739999006e-01,1.001047219748806949e+00
1.311033964160000176e+00,8.543464954911070830e-01
7.892500162119999718e-01,1.231348528089343475e+00
1.474902033810000068e+00,9.055993711109553423e-01
9.167850017550001063e-01,1.349910056951679538e+00
1.186140060420000086e+00,1.009311004551665336e+00
1.411391973500000008e+00,1.154616249124796656e+00
2.092472076419999993e+00,1.335701469350889958e+00
7.189220190049999681e-01,1.833309374768981703e+00
1.301861047739999888e+00,9.213858279233454462e-01
1.268974781040000055e+00,1.221126202336940025e+00
1.221997022629999874e+00,1.244046106250150441e+00
9.061110019680000960e-01,1.208228884622749577e+00
1.078873991970000112e+00,9.808826862932662483e-01
1.028025031089999874e+00,1.077485500327577173e+00
7.863690257070000689e-01,1.055500102176238686e+00
1.276852965350000035e+00,8.797250087195064294e-01
7.093420028689999546e-01,1.208692992175248726e+00
5.201929807659999572e-01,8.461707551598175447e-01
5.645610094070000473e-01,6.626686187764643243e-01
9.855200052259999177e-01,6.777684026043846455e-01
1.092841982840000004e+00,9.827421240032644389e-01
4.786899983879999709e-01,1.093888242747931061e+00
3.955059945579999514e-01,6.667719222104769861e-01
1.850703001020000071e+00,5.529645838423264959e-01
1.195796012879999815e+00,1.588028912151261629e+00
1.702510833739999896e+00,1.235801439366204013e+00
2.998351097109999586e+00,1.542397503972533945e+00
2.407080888749999925e+00,2.488913289144346397e+00
2.585943937299999718e+00,2.159631458612857546e+00
2.233839035029999920e+00,2.245255778987601758e+00
1.655773043629999997e+00,2.012798729157629030e+00
1.430611014370000156e+00,1.586460426087334286e+00
8.921740055079999676e-01,1.385514125717263401e+00
1.231696963309999893e+00,9.882905328589070004e-01
8.955079913140001624e-01,1.185026990867061203e+00
1.602033019070000064e+00,9.741792649560625517e-01
1.585399031639999956e+00,1.448498861686508654e+00
1.232059955600000034e+00,1.490261003738942991e+00
1.210371017459999976e+00,1.240381938432475462e+00
1.242141008379999967e+00,1.197066070077036359e+00
9.857040047650000858e-01,1.217821930329771263e+00
7.289689779279999726e-01,1.038891672878709871e+00
6.761519908910000876e-01,8.353455525078969934e-01
1.071573019029999907e+00,7.757171919961212136e-01
9.457439780239998983e-01,1.053437913661014358e+00
4.376370012759999706e-01,9.965193236002543031e-01
5.141820311550000522e-01,6.246448724267502639e-01
3.387190103530000052e-01,6.343861551544837107e-01
7.144280076029999593e-01,5.154610362657993106e-01
4.996199905870000180e-01,7.693704517547764743e-01
7.917379736899999854e-01,6.484245675187650937e-01
8.646243214609999894e-01,8.386358779789653273e-01
6.024960279459999901e-01,9.154772229355910840e-01
1.260069966320000123e+00,7.349357906297607768e-01
1.012339949610000067e+00,1.181992688870574515e+00
1.004528999329999950e+00,1.059208896500182018e+00
6.310235261919999727e-01,1.033362176314434944e+00
1.141221046449999887e+00,7.673333990748588684e-01
5.426099896430000014e-01,1.099450943873912401e+00
8.547459840769999762e-01,7.163659620282023521e-01
7.744219899179999311e-01,8.873835372286144052e-01
3.084340095520000102e-01,8.565437981526030642e-01
8.376209735870000506e-01,5.172663624042186381e-01
7.293469905850000767e-01,8.551881797103232374e-01
7.503905892370000830e-01,8.229775880426829504e-01
1.134822010990000019e+00,8.287255488559067684e-01
1.614240050320000064e+00,1.104614587833314676e+00
1.244793057440000128e+00,1.475349488753511462e+00
7.141630053519999466e-01,1.251613576618727075e+00
7.293040156360000026e-01,8.468648875327390302e-01
6.486989855770000091e-01,8.123778655447176922e-01
3.427990078929999962e-01,7.561535036671021004e-01
3.861860036850000011e-01,5.305039714523811512e-01
6.366299986840000535e-01,5.340542213592952558e-01
3.990480005740000280e-01,7.176783127700518961e-01
4.178859889509999870e-01,5.696467991051437085e-01
1.103790521619999909e+00,5.618707981546046115e-01
6.956189870829999622e-01,1.055213566664883862e+00
8.070139884950000564e-01,8.217240410129295070e-01
5.947690010070000310e-01,8.662606871005484876e-01
1.107607960700000005e+00,7.244248880303010285e-01
9.713580012320000012e-01,1.072482210063653074e+00
7.170349955560000321e-01,1.017666415614717712e+00
6.764810085300000386e-01,8.256377647201823544e-01
1.687772989270000190e+00,7.749224340990303883e-01
9.907569885250000485e-01,1.492845508786543540e+00
8.082039952280000161e-01,1.078801630278722001e+00
1.087718963619999979e+00,8.920924530669417374e-01
1.564818024639999861e+00,1.075776379212624256e+00
6.673809885979999912e-01,1.436764727916134188e+00
1.256489992140000123e+00,8.409319475726548809e-01
1.091886043549999963e+00,1.184651137303065482e+00
7.375509738919999725e-01,1.115198184670917358e+00
6.224380135540000802e-01,8.504710468645234611e-01
8.364729881290000613e-01,7.381263909756453634e-01
5.774260163309999916e-01,8.810874747469193968e-01
1.015761017800000054e+00,7.146257014305312794e-01
1.106158971790000001e+00,1.005427072673306776e+00
6.945540308949998964e-01,1.105803420946579463e+00
1.130903959270000092e+00,8.211703003571473314e-01
9.518219828609999489e-01,1.097271152985932918e+00
7.524570226669999862e-01,1.005735430452511237e+00
5.585229992869999993e-01,8.491628227913117222e-01
1.415836334229999771e+00,6.938129021984686950e-01
1.855298042299999839e+00,1.289725554332342261e+00
7.845479845999999702e-01,1.666497271639158395e+00
8.210539817810000862e-01,9.476796038354369234e-01
5.835890173909999978e-01,8.838158017005988132e-01
8.359720110889999889e-01,7.176760620773304789e-01
2.184663057329999880e+00,8.774337922678713264e-01
6.805480122570000123e-01,1.858004785505974921e+00
1.238904953000000031e+00,9.022328703904755054e-01
1.030328035349999949e+00,1.173166562286839687e+00
7.914109826090000022e-01,1.070210546369977145e+00
8.423720002169999832e-01,8.835009484101855604e-01
4.464710056780000769e-01,8.995905891012795363e-01
5.589337944979999584e-01,6.218006372588249508e-01
7.099329829220000221e-01,6.672509802517635480e-01
7.334340214730000751e-01,7.851876515378785060e-01
7.833399772640000647e-01,8.149630266905624199e-01
8.426809906959999985e-01,8.525826829335806378e-01
1.099761009220000085e+00,8.991296485920132753e-01
8.706315755840000614e-01,1.087166337054301435e+00
5.862460136410000411e-01,9.455676461138765587e-01
8.863990306849999223e-01,7.238818999548940480e-01
1.019399046900000050e+00,9.137063424049152172e-01
8.493610024450000129e-01,1.033565423075267997e+00
1.010666966439999870e+00,9.237436620412253774e-01
1.331516027449999973e+00,1.024298157265211229e+00
1.215008974079999859e+00,1.265353707743131162e+00
1.645591020579999952e+00,1.208261638157883233e+00
9.708780050280000351e-01,1.503586668894431488e+00
1.411272048950000135e+00,1.061391134421602045e+00
7.953929901119999313e-01,1.318840904571841666e+00
1.046331048010000098e+00,9.183399027125840330e-01
8.879339694979999642e-01,1.045247753400644131e+00
8.349300026890000836e-01,9.533886956005048763e-01
9.847199916839999290e-01,9.024304969971365109e-01
1.090394020079999970e+00,1.004632894072289506e+00
4.901649951929999416e-01,1.092084358311790293e+00
6.141669750209999279e-01,6.747069867624225781e-01
6.314740180969999894e-01,7.106634583726785248e-01
8.252440094949999860e-01,7.338600455560232438e-01
1.051450967789999913e+00,8.738314354806950846e-01
1.047114968300000060e+00,1.051347626158129378e+00
3.921430110930000379e-01,1.066801449471750374e+00
4.695149958129999912e-01,6.012522900422326844e-01
7.720900177959999500e-01,5.983030871193977251e-01
7.520099878309999264e-01,8.219887495304724068e-01
6.877393722529999698e-01,8.335321794621397551e-01
6.718119978899999012e-01,7.859707220726166454e-01
1.185933232310000029e+00,7.690597121657706259e-01
6.571980118750000432e-01,1.134675927832060172e+00
8.213180303569999063e-01,8.014887203524770909e-01
7.795739769939998842e-01,8.732107360304720567e-01
1.030122995379999962e+00,8.573729203400810572e-01
6.211889982220000217e-01,1.032397959955845268e+00
8.660820126530001106e-01,7.625501203997318012e-01
9.608931541439998947e-01,9.021367873265121462e-01
6.760399937630000577e-01,9.902539183429055480e-01
7.402380108830000083e-01,7.955894574769081240e-01
5.984709858890000511e-01,8.169160640608256196e-01
6.151059865950000427e-01,7.212554752179315409e-01
9.358735680580000382e-01,7.207895093260631159e-01
5.818247795100000008e-01,9.514864070678905605e-01
7.156659960750000327e-01,7.264020463350149281e-01
6.529520154000000298e-01,7.912614404753796071e-01
9.700022935870000751e-01,7.580089146582600357e-01
7.834500074390000623e-01,9.790221561746209611e-01
7.448130249979999506e-01,8.727431314431053355e-01
8.276180028919999376e-01,8.293708121199395711e-01
8.943400979040000420e-01,8.851331909981123847e-01
2.505017042159999985e+00,9.396612404721651490e-01
1.620712041850000062e+00,2.089401121051468913e+00
1.417585968970000110e+00,1.581959544619009339e+00
1.049872040749999957e+00,1.373664498779737508e+00
1.226507544519999993e+00,1.098548911497742475e+00
1.043179035189999881e+00,1.193959352459440959e+00
9.694439768789999690e-01,1.078296117789497632e+00
8.192250132559999454e-01,1.010993166144198208e+00
8.129550218580000598e-01,8.981290342001893023e-01
6.712080240250000163e-01,8.809790416142605496e-01
5.289899706839999993e-01,7.794309641658310195e-01
3.461930155749999849e-01,6.655990865353658137e-01
4.789490103719999947e-01,5.221519668855851837e-01
1.153810977940000093e+00,6.009790041159055463e-01
9.671270251270001062e-01,1.096030575099123938e+00
7.845839858059999727e-01,1.018473966914649198e+00
4.701859951020000428e-01,8.733059536170266757e-01
5.632782578470000301e-01,6.336054927718108853e-01
2.416239976880000528e-01,6.724525042590182577e-01
2.709859907630000064e-01,4.503591232921860255e-01
1.994680017229999991e-01,4.420391670351518365e-01
1.327169984580000017e-01,3.932807368763187594e-01
4.732620120049999546e-01,3.385965050515126751e-01
6.585559844969999244e-01,5.778047975949610615e-01
9.621880054470001165e-01,7.409873174156325071e-01
5.111979842189999790e-01,9.739104894240987464e-01
9.829789996150001263e-01,6.784401103019156443e-01
9.100099802019999684e-01,9.764742554615555292e-01
1.026576042179999870e+00,9.637880748387633867e-01
8.309389948840000262e-01,1.040613459619393222e+00
9.651920199390001676e-01,9.112611146692518593e-01
1.000543951989999902e+00,9.903968986838402877e-01
1.983185052870000131e+00,1.026649497257711596e+00
1.274855017659999978e+00,1.726780734569926201e+00
1.286525964740000028e+00,1.301541105945290822e+00
1.382244944570000245e+00,1.254321361401079971e+00
1.736924052240000016e+00,1.322896576450409922e+00
1.257668018339999971e+00,1.580572527377264835e+00
7.533379793170000838e-01,1.270290553683946388e+00
1.084908962249999886e+00,8.756938391737537630e-01
1.062494039539999990e+00,1.069283045989302794e+00
7.787629961969999570e-01,1.080443949534354742e+00
8.256469964979999965e-01,8.772365369862002993e-01
9.891830086709999525e-01,8.866004549467134677e-01
1.418092012410000047e+00,1.007042201541134219e+00
1.151677966120000063e+00,1.325111256401472648e+00
1.250364065170000094e+00,1.170444361123326393e+00
8.794019818310000458e-01,1.218981442739617060e+00
1.089423060420000144e+00,9.643269636625444452e-01
1.809062957759999701e+00,1.082807334877228467e+00
8.687390089040000207e-01,1.609902889040950580e+00
8.521729707719999380e-01,1.002963209581763993e+00
1.307837963100000112e+00,9.130877340269435427e-01
1.262575984000000151e+00,1.235985776821460158e+00
7.601559758189999627e-01,1.239996168899757389e+00
1.069887042049999959e+00,8.809347439355993403e-01
8.579840064049999437e-01,1.059136215154767857e+00
1.149323940279999956e+00,9.340958611110983245e-01
1.067142963410000034e+00,1.123681638346777589e+00
7.400619983670000401e-01,1.088985580088380090e+00
6.799880266190000411e-01,8.501528831500307914e-01
7.323921322820000634e-01,7.794111350723130771e-01
8.352749943730000126e-01,8.116518959043593773e-01
6.000829935070000065e-01,8.895438696731239325e-01
1.010563969610000168e+00,7.306688224046480329e-01
7.613970041280000434e-01,1.003594068048339727e+00
7.260069847110000030e-01,8.605056112046891581e-01
1.064324021340000037e+00,8.140736228924063678e-01
5.901079773899998715e-01,1.052365803574164094e+00
7.744659781460000447e-01,7.434224572481873405e-01
7.406870126719998781e-01,8.340168223219235344e-01
8.908360004430001533e-01,8.256611155986979256e-01
7.620100975040000613e-01,9.298720972067729962e-01
7.774500250820000069e-01,8.507745577251607516e-01
5.811070203779999943e-01,8.508141599119192211e-01
7.908779978749999051e-01,7.121079726099530660e-01
8.903719782829999652e-01,8.449821221864550758e-01
7.882059812549999656e-01,9.337541728826938003e-01
7.301949858670000459e-01,8.693810958095178343e-01
9.248933196070000529e-01,8.193555043083973199e-01
1.265586972239999941e+00,9.532820211758785689e-01
7.884140014650000694e-01,1.211732469965157710e+00
9.180610179899999501e-01,9.011918908077738433e-01
6.569269895549999516e-01,9.532798054782326558e-01
8.252680301670000107e-01,7.783103822643904213e-01
4.257229864599999525e-01,8.760086555113812956e-01
9.114630222319999309e-01,6.054926637035619175e-01
7.238519787790000937e-01,9.180999776222574793e-01
9.657319784160000031e-01,8.253738783665036660e-01
7.194200158119999911e-01,9.818794971650802728e-01
7.146480083470000411e-01,8.268535707430550996e-01
6.188799738879999790e-01,8.023688868921233786e-01
8.502969741820000094e-01,7.335975154978794377e-01
6.113014817240000065e-01,8.906633362560305578e-01
8.405809998509999881e-01,7.399664226639909304e-01
5.909900069240000553e-01,8.830787126179440172e-01
1.191807866100000002e+00,7.246497208645152899e-01
1.072478055950000009e+00,1.132316370980157139e+00
7.976800203319999172e-01,1.096218134799855637e+00
7.140370011329999489e-01,8.915088155007454551e-01
8.885610103609999921e-01,8.086478695293596308e-01
7.367290258409999737e-01,9.260101341639644934e-01
9.655410051350000744e-01,8.325846725280945382e-01
8.569459915160000385e-01,9.828149485226528315e-01
5.838339924809999859e-01,9.246159043245292253e-01
3.047562122340000457e+00,7.209736624398838112e-01
8.865389823909999301e-01,2.454864105920391726e+00
1.186460971829999878e+00,1.115475100202452330e+00
8.750730156899999557e-01,1.152406918291307258e+00
1.111973047260000014e+00,9.559454392537202194e-01
6.929270029070000447e-01,1.098496313618215536e+00
5.632749795910000357e-01,8.205116952482695014e-01
5.519689917560000048e-01,6.919971545964077597e-01
9.211350083349998386e-01,6.725410080612354013e-01
5.465030074119999748e-01,9.356548396926795963e-01
9.997850060459999577e-01,6.999788397589113975e-01
7.512239813800000166e-01,9.914367597103995733e-01
8.402569890019999654e-01,8.523616746443894998e-01
7.843149900439999600e-01,8.946892518658934312e-01
5.915480256080000165e-01,8.623592274069976638e-01
6.109840273859999948e-01,7.201531768330198258e-01
9.328789710999999540e-01,7.172378573352888864e-01
7.992020249369999885e-01,9.490016433901555803e-01
9.833549857140000405e-01,8.808038939730360450e-01
5.405290126799999761e-01,1.000700350206817468e+00
1.093670010570000128e+00,7.011537928373047235e-01
9.266330003740002041e-01,1.058067338839151716e+00
7.972419857979999858e-01,9.847901755962961134e-01
5.896059870719999596e-01,8.788813679292326597e-01
7.799540162090000672e-01,7.198933371316504903e-01
5.182790160179999717e-01,8.378975542104141194e-01
7.263879776000000676e-01,6.675082315027245361e-01
6.216366887090000182e-01,7.934579698472803422e-01
8.810679912569999717e-01,7.365852211590628862e-01
7.315016984940000411e-01,9.128812267162181859e-01
9.703850150110000516e-01,8.282237910106006185e-01
8.715350031849999901e-01,9.858343676227276919e-01
5.505740046500000595e-01,9.353922145632801444e-01
2.576299905780000121e-01,6.985495928259883858e-01
6.952109932899999123e-01,4.606658323565084312e-01
3.547430038449999601e-01,7.485279306729393234e-01
1.308350920679999918e+00,5.432208903236566133e-01
1.424710035319999957e+00,1.196613129864433134e+00
2.422243118290000385e+00,1.354596181299558388e+00
1.588093161580000023e+00,2.066483386462572902e+00
2.882889986040000352e+00,1.553219896554445256e+00
1.510810017590000109e+00,2.400886057925455841e+00
5.103110075000000245e-01,1.533635766581934012e+00
6.637499928469999810e-01,7.255216311548278174e-01
5.865659713749999948e-01,7.479269408603679281e-01
9.182999730109998593e-01,7.060845060640557058e-01
1.126363039020000123e+00,9.365348971117188892e-01
9.455379843710000065e-01,1.112244106053568604e+00
7.979699969290000583e-01,1.000904772825893074e+00
8.895260095600000527e-01,8.809980133654481405e-01
5.017459988589999531e-01,9.337462611798871270e-01
7.889080047609999813e-01,6.653428815456090550e-01
5.571460127830000220e-01,8.367918297515329895e-01
8.079270124439998924e-01,6.960172208877614120e-01
7.382910251620000697e-01,8.551307030059354108e-01
6.742079854009999096e-01,8.268129864657061123e-01
8.787713646889999675e-01,7.751340855849885303e-01
7.401880025859999268e-01,9.156719371874083579e-01
8.886500000949999478e-01,8.342121835765032856e-01
7.983270287510000340e-01,9.282711972887531804e-01
5.137799978260000344e-01,8.764390781377581208e-01
7.760372757910000141e-01,6.659126937096163656e-01
8.528280258179999906e-01,8.286089355481174312e-01
7.851629853249999513e-01,9.057466897821014884e-01
8.431609868999999646e-01,8.640302950685013750e-01
1.024798870089999925e+00,8.996256457203174461e-01
8.044279813770001120e-01,1.033846749063926485e+00
8.841310143469999216e-01,8.922805815263580298e-01
3.615649938579999501e-01,9.304439976517262512e-01
1.171491026879999842e+00,5.649961719072472688e-01
4.477910101410000343e-01,1.099093399269638560e+00
7.665730118750000432e-01,6.517354568562394590e-01
7.735599875449999940e-01,8.161721564528876538e-01
1.054823040959999902e+00,8.484286446058820763e-01
7.843300104139999673e-01,1.049502519303995962e+00
1.034250974660000155e+00,8.805410737858686554e-01
1.096979022029999973e+00,1.035731144840744467e+00
7.633029818529999400e-01,1.100788962077922983e+00
5.883730053899999257e-01,8.691788748533257891e-01
6.365630030629999547e-01,7.160586083165088045e-01
5.750700235369999858e-01,7.352558263390591708e-01
5.399640202519999654e-01,6.954918859031018474e-01
1.324671149250000068e+00,6.649880652909719858e-01
8.178460001949999780e-01,1.223126192560350711e+00
6.359609961509999909e-01,9.269671971731310300e-01
8.135920166969999867e-01,7.547295519701217037e-01
9.872140288350000903e-01,8.658883053399943908e-01
9.839289784429998686e-01,1.004641666400857281e+00
5.904790163040000150e-01,1.016659945446922508e+00
8.986790180209999201e-01,7.367268200661323263e-01
6.268000006680000125e-01,9.228402906692213525e-01
6.926850080490000172e-01,7.551931872134837187e-01
5.757049918169999669e-01,7.787096462278269016e-01
6.764680147170000213e-01,7.008538533265308290e-01
8.279470205309999997e-01,7.626983479615241368e-01
6.547859907149999881e-01,8.795787764021769650e-01
1.085815548900000094e+00,7.690192367943540219e-01
8.509550094600001335e-01,1.061846390652132044e+00
8.879359960559999321e-01,9.304405449458310606e-01
6.557850241659999302e-01,9.370559972459281406e-01
6.597809791559999804e-01,7.749031605615729346e-01
8.856279850010000398e-01,7.577025423404423199e-01
7.502999901769999980e-01,9.193521716821532186e-01
9.303160309790000637e-01,8.419955595032692086e-01
7.259460091590000941e-01,9.588297643867619291e-01
7.123904824259998936e-01,8.284732515684070098e-01
9.326570034029998402e-01,8.013182547992973026e-01
6.544970273969999974e-01,9.573309763924824356e-01
4.987269937989999846e-01,7.778375619464884538e-01
9.782410264020000579e-01,6.424993539696398637e-01
5.593240261080000275e-01,9.720428820172029027e-01
8.733990192409999409e-01,7.140760858243334619e-01
6.232500076290000690e-01,9.021389528058644247e-01
6.319249868390000024e-01,7.504790134597201234e-01
8.335350155830000274e-01,7.349722718033571134e-01
8.613430261610000027e-01,8.797928992369321577e-01
1.036013007159999999e+00,9.166559668160341179e-01
6.160370111469999355e-01,1.043325087065205103e+00
9.874529838560001105e-01,7.593973140037912906e-01
6.686739921569999634e-01,9.884101960678757237e-01
6.455339789389999972e-01,7.926305698538970157e-01
1.007030010220000049e+00,7.486412438467422437e-01
7.763000130650000719e-01,1.004841630408042974e+00
9.358490109440000815e-01,8.707957180965301136e-01
6.626719832419999401e-01,9.649449043650147884e-01
1.113351941109999910e+00,7.839289044988116961e-01
5.495319962500000432e-01,1.082144731833460938e+00
9.273632764820001206e-01,7.188590202860081213e-01
8.215330243109999486e-01,9.399039471148625813e-01
9.193540215490000334e-01,8.962224839939936238e-01
6.899859905239998925e-01,9.569685989442154872e-01
6.497738957409999738e-01,8.019484901654162501e-01
9.705049991610000815e-01,7.535165094784928019e-01
8.034440279009998909e-01,9.791162445642491718e-01
8.920990228650002019e-01,8.869998764628919119e-01
7.462270259859999921e-01,9.360387054533075846e-01
1.495407462120000197e+00,8.396474302755200236e-01
7.597569823270000633e-01,1.361163948622444053e+00
9.677280187610000084e-01,9.002300947034428402e-01
1.126011013979999920e+00,9.862895574633898654e-01
7.641419768330000029e-01,1.116004244575692139e+00
1.423818945879999909e+00,8.722295498539454073e-01
8.309190273280000483e-01,1.311583294556497137e+00
5.316870212550000030e-01,9.444770540853488772e-01
6.942920088770000442e-01,6.815393262773271621e-01
1.097100019450000019e+00,7.716426895751111736e-01
8.623710274700000511e-01,1.073138144569758090e+00
9.711959958080000899e-01,9.394847751793750090e-01
7.501904964450000213e-01,9.972790832067528477e-01
5.659890174870000346e-01,8.491980141226039835e-01
7.235890030859999378e-01,6.989426949109234233e-01
1.088876962660000114e+00,7.955643229060909150e-01
2.614549994470000138e-01,1.069674122476712119e+00
1.923168003559999895e-01,5.120976975372605322e-01
2.048390060660000012e-01,3.872554692331382498e-01
3.752999901769999980e-01,3.898820493650910213e-01
1.878910064700000104e-01,5.137630214398604123e-01
4.178839921949999980e-01,3.945803333928735168e-01
6.128349900249999704e-01,5.428853576196425168e-01
4.822100102900000462e-01,7.033851846980176958e-01
8.136649727820000066e-01,6.270060194499366135e-01
8.997989892959999958e-01,8.528473729011815108e-01
7.667459845540000041e-01,9.423809779151381960e-01
6.762999892229999421e-01,8.549072236951182902e-01
9.804093837739999984e-01,7.790800587423724055e-01
1.075533032420000090e+00,9.883946484426543444e-01
6.459739804270000496e-01,1.081176865961064326e+00
7.601699829100000416e-01,7.840633358533984909e-01
8.707180023190000950e-01,8.285780429771903988e-01
1.045557022089999899e+00,9.171643307658048361e-01
4.832339882850000268e-01,1.050887016261550455e+00
1.085988998409999962e+00,6.658570641404539803e-01
7.320979833600000930e-01,1.047855610414494931e+00
7.128990292550000385e-01,8.460998136558053329e-01
1.045389056210000112e+00,8.022094735792785203e-01
7.359200119969999676e-01,1.037784137431312592e+00
8.956930041310000590e-01,8.453634841681096912e-01
8.745509982110000191e-01,9.329357815342538274e-01
9.237470030779999508e-01,9.312787075181852003e-01
9.997780323029999971e-01,9.645207403612999775e-01
1.739534020420000049e+00,1.022688229073527966e+00
8.107889890670000321e-01,1.553971541081730079e+00
7.049050331119999235e-01,9.565165189309886573e-01
8.328269720080000438e-01,8.032627648471971638e-01
8.276600241660000412e-01,8.854711683687287449e-01
8.953109979629999549e-01,8.926048097674157411e-01
1.459501028060000039e+00,9.403562804515075424e-01
1.179519057270000060e+00,1.347207463627773105e+00
1.443411946299999915e+00,1.193389796522603463e+00
1.306735038760000078e+00,1.357849706765779541e+00
7.634999752040000365e-01,1.281838222787156090e+00
1.145148038860000161e+00,8.870217551359337316e-01
7.253450155259999477e-01,1.113039162720706132e+00
7.633590102199999672e-01,8.463330111044240489e-01
6.174820065499999622e-01,8.376371044692542123e-01
1.029322981830000039e+00,7.368305521528496493e-01
1.302055954929999926e+00,1.018436387480183836e+00
3.164124965670000122e+00,1.245923539931153456e+00
9.734439849849999549e-01,2.581208745511095692e+00
1.229671001429999855e+00,1.184563082024856495e+00
7.441530227660000385e-01,1.190094564237756281e+00
1.063034057620000139e+00,8.668246502129266506e-01
1.123872041700000102e+00,1.052937504256680645e+00
8.984770178789999173e-01,1.122206358989272124e+00
7.175139784810000698e-01,9.673272779710352376e-01
5.367509722709999931e-01,8.197534128808006137e-01
1.175443053249999981e+00,6.752103487455739517e-01
1.101048946379999949e+00,1.116215593305907472e+00
5.734490156170000130e-01,1.115126200047703797e+00
1.431144952770000200e+00,7.347707564974141903e-01
1.037794947620000130e+00,1.301833337092735965e+00
6.568620204930000206e-01,1.091123818332681461e+00
1.074908018110000141e+00,7.885565557939870907e-01
1.385972023009999887e+00,1.054231871976962776e+00
1.004804968829999812e+00,1.309023797181112503e+00
1.609539985660000116e+00,1.064158651402316691e+00
2.817575931549999524e+00,1.462152404048475685e+00
1.962562561039999931e+00,2.356382816285262471e+00
1.279752016069999998e+00,1.840951364835683446e+00
1.995329976079999845e+00,1.303367081880685951e+00
2.033385992049999924e+00,1.755449990913321878e+00
1.307443976400000096e+00,1.832851495487980209e+00
1.611258029939999892e+00,1.328225578016141162e+00
2.040218114850000042e+00,1.486292010092150173e+00
2.183244943620000100e+00,1.810635215042855295e+00
1.351415991779999937e+00,1.940631092215745257e+00
7.242180109020001089e-01,1.370459224735088855e+00
1.363389015200000109e+00,8.630076075533407165e-01
1.526808977129999967e+00,1.265394515404075770e+00
1.784019589419999940e+00,1.430915645872511188e+00
1.103597044940000105e+00,1.624404981105439960e+00
1.763007998470000004e+00,1.165826885388011824e+00
1.157549023629999896e+00,1.578339551562889964e+00
1.153326034550000045e+00,1.202036750268674403e+00
2.362811088559999551e+00,1.150712789798190583e+00
2.580787897110000007e+00,2.006215203331173758e+00
1.242146968839999976e+00,2.238843182756455441e+00
1.712821006770000265e+00,1.324931061788207076e+00
6.676509976389999323e-01,1.553146258924112733e+00
8.271329998970000652e-01,8.536318378935726647e-01
9.642647504810000214e-01,8.782500207614494236e-01
1.394161701200000048e+00,9.894205373348682331e-01
7.584049701689999923e-01,1.306175353355738977e+00
6.900759935379999765e-01,8.907746692745716066e-01
6.740249991419999809e-01,7.881880208223824846e-01
8.615220189090000424e-01,7.708418154978520231e-01
7.907469868659999790e-01,9.033422515655216145e-01
7.285000085830000138e-01,8.687442719317215456e-01
2.411980032920000017e-01,8.183645702718476134e-01
3.354600071909999981e-01,4.650957062451568369e-01
5.912460088730000507e-01,4.883916096262031492e-01
1.058426976200000036e+00,6.806604797354977032e-01
7.669919729230000316e-01,1.037058039202273463e+00
5.881239771840000019e-01,8.685349065720803230e-01
5.922303199769999305e-01,7.162023102240996364e-01
8.753510117530000079e-01,7.035250797217056373e-01
7.038279771799998974e-01,9.063145574336107790e-01
5.677499771120000371e-01,8.080307006279286997e-01
7.133870124819999825e-01,6.961468404557875633e-01
1.077505946160000061e+00,7.884186326737094852e-01
6.909419894220000247e-01,1.060729004555919230e+00
7.724580168719999973e-01,8.161606903746895236e-01
7.237120270730000859e-01,8.411952649569414131e-01
9.752489924429997847e-01,8.133845607272718325e-01
9.151769876480000399e-01,9.886554542263986667e-01
7.574009895319999686e-01,9.668161281470637469e-01
6.912069916730000374e-01,8.495641489337816266e-01
1.183527946470000147e+00,7.889083978278655929e-01
7.705749869349999281e-01,1.134531741997569565e+00
8.947700262070000798e-01,8.816482483576025819e-01
6.143350005150000070e-01,9.351856880408845329e-01
7.692319750789999855e-01,7.459800767259853194e-01
9.070749878880000061e-01,8.323471202968272253e-01
4.068099856379999713e-01,9.438445875439682720e-01
5.138880014419999753e-01,5.992717027826741649e-01
2.481469959019999838e-01,6.314437106548542733e-01
2.568759918210000159e-01,4.505268159314005372e-01
5.980659723279999618e-01,4.324838267498579136e-01
5.981699824330000137e-01,6.786433884101984448e-01
8.801140189170000294e-01,7.086422160228290634e-01
1.085649013520000095e+00,9.102201127001234848e-01
9.920129775999999566e-01,1.080180667889427903e+00
8.743849992749999078e-01,1.030508969369008154e+00
8.770260214810000621e-01,9.392278088110362910e-01
1.008928894999999937e+00,9.312533233137902933e-01
8.088759779930000393e-01,1.025343556817284174e+00
6.714209914210000907e-01,8.941024074389753995e-01
7.449629902840000373e-01,7.792313687945898737e-01
6.942679882050000195e-01,8.198945398128862916e-01
1.001886010170000008e+00,7.900218873775883832e-01
7.935580015180000446e-01,1.005211947573623199e+00
8.450049161910000439e-01,8.826239100111603619e-01
8.031240105629999793e-01,9.016482245859852585e-01
5.744469761850000689e-01,8.761587512250296195e-01
5.679720044139999757e-01,7.095962261437770424e-01
4.538080096239999195e-01,6.849731601353655774e-01
8.494881391529999215e-01,6.027029799564752599e-01
4.064599871639999473e-01,8.760830883142446401e-01
2.453519999980000310e-01,5.939088301356451050e-01
2.323218107220000217e+00,4.387054120133264679e-01
2.027115583420000089e+00,1.915349081296131795e+00
1.581117987629999888e+00,1.851360449395818453e+00
1.727049946780000012e+00,1.519075557443502422e+00
1.150642037389999928e+00,1.588320846665206787e+00
1.607933998109999818e+00,1.194333017992659229e+00
1.331233978270000007e+00,1.472084030491383366e+00
1.221642017359999999e+00,1.311936217186478792e+00
1.583541989330000010e+00,1.212925586329623107e+00
1.608662128450000006e+00,1.460212127093490020e+00
2.185653924939999992e+00,1.505233888755247440e+00
2.989559888840000124e+00,1.912627618609784586e+00
7.574499845500000106e-01,2.512061324640987969e+00
1.811344027520000122e+00,1.021751365834569159e+00
1.527951955800000094e+00,1.586918658915382085e+00
8.892235755919999374e-01,1.465682749038742294e+00
