1.069700956339999953e+00,1.155489444732666016e+00
7.274609804150000691e-01,1.029479265213012695e+00
7.892770171170000459e-01,7.615931630134582520e-01
6.237750053410000550e-01,7.961695790290832520e-01
6.914690136910000007e-01,6.721832156181335449e-01
8.557710051540000640e-01,7.176880836486816406e-01
7.093830108640000187e-01,8.456664681434631348e-01
1.014547944070000041e+00,7.399089932441711426e-01
1.115731000900000103e+00,9.677683711051940918e-01
4.182830154900000208e-01,1.056016683578491211e+00
1.002280950550000105e+00,5.282048583030700684e-01
1.218860983849999968e+00,9.480550885200500488e-01
1.143296003339999922e+00,1.134534478187561035e+00
6.528189778330000248e-01,1.084319472312927246e+00
6.746559739110000731e-01,7.075026035308837891e-01
6.009536385540000802e-01,7.059262394905090332e-01
6.694570183749999348e-01,6.505169868469238281e-01
6.538079977039999990e-01,7.000449299812316895e-01
7.814120054240000224e-01,6.906347274780273438e-01
1.206303954120000022e+00,7.874749898910522461e-01
8.469259738919999725e-01,1.117219805717468262e+00
8.286409974099999687e-01,8.576494455337524414e-01
6.482390165329999787e-01,8.305829763412475586e-01
5.623700022700000023e-01,6.922917962074279785e-01
7.183309793469999649e-01,6.201183795928955078e-01
1.099647998810000082e+00,7.359445095062255859e-01
9.541710019110000163e-01,1.033262848854064941e+00
7.290139794350000146e-01,9.355807900428771973e-01
6.694499850270000385e-01,7.585095167160034180e-01
8.631219863889999511e-01,7.047718763351440430e-01
6.464660167689999515e-01,8.504896759986877441e-01
8.223180174830000411e-01,6.922225356101989746e-01
9.235979914669999458e-01,8.184657692909240723e-01
8.300920128820000743e-01,9.022335410118103027e-01
1.067314028740000031e+00,8.344830870628356934e-01
1.546175003050000107e+00,1.012442111968994141e+00
6.827279925350000500e-01,1.387854337692260742e+00
6.385620236399999206e-01,7.453128695487976074e-01
6.464239954950000699e-01,6.794973015785217285e-01
6.881093978879999629e-01,6.838581562042236328e-01
7.273989915849999877e-01,7.159590721130371094e-01
6.500350236890000133e-01,7.474824786186218262e-01
8.693690299990000092e-01,6.899034976959228516e-01
4.408580064769999640e-01,8.545641899108886719e-01
4.518609941010000575e-01,5.359510183334350586e-01
7.575070261959999662e-01,5.280948877334594727e-01
4.952389895920000229e-01,7.618466019630432129e-01
6.850870251659999521e-01,5.730854868888854980e-01
7.243813276289999825e-01,7.080872654914855957e-01
8.653740286830000628e-01,7.450677752494812012e-01
7.400469779970000328e-01,8.541960716247558594e-01
8.070759773250000269e-01,7.636493444442749023e-01
8.204330205920000729e-01,8.102225065231323242e-01
1.114411950110000049e+00,8.228638172149658203e-01
1.108605027200000093e+00,1.048163533210754395e+00
4.751499891279999943e-01,1.054100036621093750e+00
1.039268016820000140e+00,5.711189508438110352e-01
9.457899928089998909e-01,9.784216284751892090e-01
7.877500057220000462e-01,9.270037412643432617e-01
3.504549860949999762e-01,8.029881119728088379e-01
9.367713332179998797e-01,4.641089439392089844e-01
9.868059754369999936e-01,8.954299092292785645e-01
6.470239758489999549e-01,9.546560645103454590e-01
1.029777050020000084e+00,6.972523927688598633e-01
1.187446951870000156e+00,9.772186875343322754e-01
9.328820109370000724e-01,1.111441254615783691e+00
7.528370022769999004e-01,9.225071668624877930e-01
6.420040130619999452e-01,7.758873701095581055e-01
2.307340055699999559e-01,6.847243905067443848e-01
4.714997112749998998e-01,3.675179779529571533e-01
8.772729635240000823e-01,5.351780652999877930e-01
7.876309752460000091e-01,8.541835546493530273e-01
2.742219865320000283e-01,8.003879189491271973e-01
3.992269933219999567e-01,4.061893820762634277e-01
9.923512339589999343e-01,4.816756844520568848e-01
7.627239823340000724e-01,9.397686123847961426e-01
7.200859785079999353e-01,7.856146097183227539e-01
6.264780163759999798e-01,7.446444034576416016e-01
7.269890308380000388e-01,6.716700196266174316e-01
9.301019906999998810e-01,7.449074387550354004e-01
6.872699856759999504e-01,9.037806987762451172e-01
8.662552833559999943e-01,7.258030772209167480e-01
8.352038264269999734e-01,8.535287380218505859e-01
9.402499794960000878e-01,8.362974524497985840e-01
1.023357987399999836e+00,9.154250621795654297e-01
7.322629690170000538e-01,9.827256202697753906e-01
9.300749897960000068e-01,7.635400891304016113e-01
8.702930212019999168e-01,9.039492607116699219e-01
5.104020237919999481e-01,8.654069304466247559e-01
1.025817990299999982e+00,5.888846516609191895e-01
4.551239907739999535e-01,9.693542718887329102e-01
7.345349788670000324e-01,5.527510643005371094e-01
7.012919783589999234e-01,7.444025874137878418e-01
1.014386057849999911e+00,7.292671799659729004e-01
1.123770236970000225e+00,9.673565030097961426e-01
4.825370013710000294e-01,1.062161445617675781e+00
4.689320027829999571e-01,5.773081779479980469e-01
8.755196928980000237e-01,5.426808595657348633e-01
1.145424962039999883e+00,8.527492880821228027e-01
1.943787455559999877e+00,1.073852658271789551e+00
1.557039022450000143e+00,1.696476101875305176e+00
2.104775905609999942e+00,1.425769925117492676e+00
1.062240004540000005e+00,1.833668470382690430e+00
7.867829799650000178e-01,1.054107785224914551e+00
2.247971057890000068e+00,8.065249919891357422e-01
5.664669871329999218e-01,1.920514106750488281e+00
8.389729857439999217e-01,6.836049556732177734e-01
3.188189864160000386e-01,8.283020257949829102e-01
6.386680006980000046e-01,4.420419931411743164e-01
7.540266513819999794e-01,6.661300659179687500e-01
1.085826039310000102e+00,7.660036683082580566e-01
6.014299988750000381e-01,1.023930668830871582e+00
6.923220157619999204e-01,6.662542819976806641e-01
8.782439827919999997e-01,7.175176143646240234e-01
1.279224038119999962e+00,8.628773093223571777e-01
7.251669764520000117e-01,1.176495671272277832e+00
4.283109903339999969e-01,7.676165699958801270e-01
7.012249827380000466e-01,5.209237933158874512e-01
8.846225738529999161e-01,7.179591655731201172e-01
7.809653878210001121e-01,8.680751323699951172e-01
9.259700179099999984e-01,7.955702543258666992e-01
9.178640246389999646e-01,9.025591015815734863e-01
9.073020219800000952e-01,9.015874862670898438e-01
4.099450111390000040e-01,8.932265639305114746e-01
8.741459846500000408e-01,5.138969421386718750e-01
1.231343984599999830e+00,8.495781421661376953e-01
7.683960199359999299e-01,1.139639616012573242e+00
9.357339143749998644e-01,7.987449765205383301e-01
7.523270249369999885e-01,9.095734953880310059e-01
6.247839927670000293e-01,7.756039500236511230e-01
1.977947235110000035e+00,6.715787053108215332e-01
2.476479291920000048e+00,1.706393003463745117e+00
6.822599768639999729e-01,2.133358716964721680e+00
1.294077992440000102e+00,7.796908617019653320e-01
2.116506099700000032e+00,1.181148886680603027e+00
2.030230045320000176e+00,1.834448456764221191e+00
1.727593064309999926e+00,1.794047951698303223e+00
1.321619033810000010e+00,1.559180021286010742e+00
1.114274978639999913e+00,1.238438487052917480e+00
1.618482947350000201e+00,1.065789103507995605e+00
1.102354049679999948e+00,1.444992303848266602e+00
8.501269817350000091e-01,1.067274093627929688e+00
6.531813144679999850e-01,8.562895655632019043e-01
6.168276071549999573e-01,6.968578100204467773e-01
1.023204803470000090e+00,6.618241071701049805e-01
1.176781058310000017e+00,9.711157083511352539e-01
1.108754038809999898e+00,1.103044271469116211e+00
9.838110208509999177e-01,1.056424856185913086e+00
1.829927563670000312e+00,9.585394859313964844e-01
1.342131018639999951e+00,1.603491663932800293e+00
1.265669584270000092e+00,1.257653951644897461e+00
7.930377125740000199e-01,1.182229995727539062e+00
1.030689358710000114e+00,8.187762498855590820e-01
8.210232257839999992e-01,9.830954074859619141e-01
1.099169254300000009e+00,8.314750194549560547e-01
5.255355238910000004e-01,1.036509394645690918e+00
7.758393883709999717e-01,6.090465784072875977e-01
7.209759950640000081e-01,7.785430550575256348e-01
8.666771054269999386e-01,7.458066940307617188e-01
8.462041020389999835e-01,8.550698161125183105e-01
7.614132165909999195e-01,8.447114229202270508e-01
6.587246060370000045e-01,7.792435884475708008e-01
1.078659296040000104e+00,6.977906823158264160e-01
1.281940340999999872e+00,1.015082001686096191e+00
6.600005030629999547e-01,1.185512304306030273e+00
1.112500548360000119e+00,7.181488871574401855e-01
6.280704736709999958e-01,1.041064262390136719e+00
6.864575743680000341e-01,6.875215172767639160e-01
9.000409841540001343e-01,7.140222191810607910e-01
7.342569231990000445e-01,8.793321251869201660e-01
1.011121273039999879e+00,7.605100870132446289e-01
8.827599883079999543e-01,9.660289287567138672e-01
7.521411776540001259e-01,8.778650164604187012e-01
9.489411115649999395e-01,7.735124826431274414e-01
6.799052953720000625e-01,9.190914630889892578e-01
7.211565971369999772e-01,7.208902239799499512e-01
6.504104733470000843e-01,7.424159646034240723e-01
7.167106270790000178e-01,6.899586319923400879e-01
9.056316018100001308e-01,7.379381656646728516e-01
6.526464819910000603e-01,8.846971988677978516e-01
7.056654095649999014e-01,6.985119581222534180e-01
6.581057906149999637e-01,7.295889854431152344e-01
6.592794060709999959e-01,6.952536702156066895e-01
6.634064316750000190e-01,6.943894624710083008e-01
7.808002829549999246e-01,6.975818872451782227e-01
7.565907239910000248e-01,7.873587012290954590e-01
9.280405640599999062e-01,7.731648683547973633e-01
7.073829770089999913e-01,9.032674431800842285e-01
3.888399899009999383e-01,7.410545945167541504e-01
3.422417938710000107e-01,4.902190566062927246e-01
2.337300032380000003e-01,4.426011443138122559e-01
1.459127068520000015e-01,3.582049012184143066e-01
3.949534893039999828e-01,2.871872782707214355e-01
9.678409695629999199e-01,4.735667109489440918e-01
7.839220166210000285e-01,9.208260774612426758e-01
8.333759903910000766e-01,8.008781075477600098e-01
9.723259806630000224e-01,8.319060206413269043e-01
6.905210018160000685e-01,9.398848414421081543e-01
1.345324039460000121e+00,7.298467159271240234e-01
7.227010130879999439e-01,1.220794200897216797e+00
6.804850101469999135e-01,7.681970596313476562e-01
7.610610127449999318e-01,7.129551172256469727e-01
8.075709938999999782e-01,7.729047536849975586e-01
5.886639952659999953e-01,8.113655447959899902e-01
9.960750937460000065e-01,6.461125612258911133e-01
1.045413970949999882e+00,9.493364691734313965e-01
4.713059961800000752e-01,1.001580834388732910e+00
1.047140955920000005e+00,5.657933354377746582e-01
1.126214265820000060e+00,9.843228459358215332e-01
2.560461759570000329e+00,1.065188884735107422e+00
7.747610211370000721e-01,2.173059463500976562e+00
7.172060012819999608e-01,8.527320623397827148e-01
8.005080223080000001e-01,7.428894042968750000e-01
5.680390000339999856e-01,8.043733835220336914e-01
1.195780038829999947e+00,6.301364302635192871e-01
7.970449924470000003e-01,1.101740956306457520e+00
4.899359941480000979e-01,8.192536234855651855e-01
9.918130040170001216e-01,5.705425739288330078e-01
7.445690035819999553e-01,9.425688982009887695e-01
6.096370220180000743e-01,7.717538475990295410e-01
8.565919995309999591e-01,6.597418189048767090e-01
8.144299983980000102e-01,8.433358073234558105e-01
7.605929970739999657e-01,8.200861811637878418e-01
9.157519936559999074e-01,7.774525880813598633e-01
7.421634793279999753e-01,8.940128684043884277e-01
7.329360246660000522e-01,7.671188712120056152e-01
8.745691180230000805e-01,7.536946535110473633e-01
9.644910097120000803e-01,8.615344762802124023e-01
1.477671980859999845e+00,9.353691339492797852e-01
6.752679944040000937e-01,1.331766009330749512e+00
5.030400156970000758e-01,7.370814681053161621e-01
7.066659927370000371e-01,5.759254693984985352e-01
2.968195915220000369e+00,7.248575687408447266e-01
1.255300998690000114e+00,2.478843688964843750e+00
4.084815025330000182e+00,1.231298089027404785e+00
1.692322969440000158e+00,3.367887496948242188e+00
4.121052026750000041e-01,1.601028084754943848e+00
1.035750985149999970e+00,5.456978082656860352e-01
6.408920288089999806e-01,9.735046625137329102e-01
7.065470218660000468e-01,6.944088339805603027e-01
1.060830354689999977e+00,7.298297882080078125e-01
1.880954027180000265e+00,1.003109216690063477e+00
1.886373996729999947e+00,1.645313262939453125e+00
1.328773975370000082e+00,1.676027655601501465e+00
3.931840062139999592e-01,1.249417781829833984e+00
6.382430195809999374e-01,5.173530578613281250e-01
1.045531988140000035e+00,6.685449481010437012e-01
6.588029861449999913e-01,9.889774322509765625e-01
8.046740293499999863e-01,7.084096670150756836e-01
8.740410208700001293e-01,8.054297566413879395e-01
8.532550334930000258e-01,8.637247085571289062e-01
8.952109813690000140e-01,8.503622412681579590e-01
7.301589846610000434e-01,8.816553354263305664e-01
4.149410128589999802e-01,7.572066783905029297e-01
2.700940072540000125e-01,5.109421610832214355e-01
4.911319911479999356e-01,3.886764049530029297e-01
5.079169869420000483e-01,5.516366958618164062e-01
1.224020004270000017e+00,5.727238059043884277e-01
1.267657995220000222e+00,1.121348738670349121e+00
2.633487939829999736e+00,1.179629802703857422e+00
3.999615430830000040e+00,2.233884572982788086e+00
6.651418209080000032e+00,3.333765029907226562e+00
2.102678060530000170e+00,5.416215896606445312e+00
1.283689975739999989e+00,1.997539401054382324e+00
1.291347503659999951e+00,1.222567319869995117e+00
1.353754043579999733e+00,1.199838161468505859e+00
2.390191078189999985e+00,1.247882366180419922e+00
1.461441040039999972e+00,2.047839641571044922e+00
1.599208951000000045e+00,1.367961406707763672e+00
1.471150994300000070e+00,1.441810250282287598e+00
1.298205018039999992e+00,1.348351836204528809e+00
1.579622030259999921e+00,1.211617708206176758e+00
1.360355019570000268e+00,1.421292901039123535e+00
8.036410212519999874e-01,1.262911319732666016e+00
4.276689887049999750e-01,8.303402066230773926e-01
2.694070041180000041e-01,5.234209895133972168e-01
3.897170126439999938e-01,3.886421322822570801e-01
4.179170131680000067e-01,4.742410778999328613e-01
1.546036005019999937e+00,5.002918243408203125e-01
1.017611026760000037e+00,1.366132140159606934e+00
8.653150200839999640e-01,1.000079035758972168e+00
6.194109916690000439e-01,8.647875189781188965e-01
8.454149961469999974e-01,6.716911792755126953e-01
8.048596382139999728e-01,8.351413011550903320e-01
1.435889005660000217e+00,8.123719096183776855e-01
2.565752029420000024e+00,1.294267177581787109e+00
6.206179142000000759e+00,2.186275005340576172e+00
9.309499859810000943e-01,5.046433925628662109e+00
9.077759981159999603e-01,1.104968070983886719e+00
4.609797894950000141e-01,8.940618038177490234e-01
5.264570117000000327e-01,5.527124404907226562e-01
7.942249774930000283e-01,5.857318639755249023e-01
9.704009890559999185e-01,7.926338911056518555e-01
6.695889830590000535e-01,9.370105862617492676e-01
6.997730135920000594e-01,7.138282060623168945e-01
6.903669834139999351e-01,7.257140874862670898e-01
6.361600160600000553e-01,7.196498513221740723e-01
9.726700186730000697e-01,6.779496073722839355e-01
6.393389701839999884e-01,9.331041574478149414e-01
5.123779773709999930e-01,6.908733248710632324e-01
5.699130296709999932e-01,5.816878080368041992e-01
8.318089842800000522e-01,6.207998394966125488e-01
4.694110155110000071e-01,8.229486942291259766e-01
9.054309725759999150e-01,5.562396049499511719e-01
8.482750058169999940e-01,8.756672739982604980e-01
6.566630005839999562e-01,8.477002978324890137e-01
6.324055790899999474e-01,6.994418501853942871e-01
3.268550038340000130e-01,6.738348603248596191e-01
3.047409951689999952e-01,4.402092099189758301e-01
2.159480005499999911e-01,4.116724729537963867e-01
2.148479968310000043e-01,3.432250022888183594e-01
1.512310057880000003e-01,3.389610350131988525e-01
4.153338372709999837e-01,2.904998362064361572e-01
7.344200015070000420e-01,4.893210828304290771e-01
9.913370013240000445e-01,7.428629398345947266e-01
7.910000085830000138e-01,9.508931636810302734e-01
7.429170012469999973e-01,8.071370720863342285e-01
7.426548600200000294e-01,7.631047964096069336e-01
8.799139857289999256e-01,7.611407637596130371e-01
7.376829981800000491e-01,8.659714460372924805e-01
1.240342974660000097e+00,7.623823285102844238e-01
8.343409895899999151e-01,1.141811609268188477e+00
3.054729998110000122e-01,8.493054509162902832e-01
8.929460048680001316e-01,4.317272305488586426e-01
1.285866022110000007e+00,8.602390289306640625e-01
4.146400094030000538e-01,1.182097673416137695e+00
1.090137004850000091e+00,5.319699048995971680e-01
5.923830270769999684e-01,1.015320301055908203e+00
3.773260116580000045e-01,6.595334410667419434e-01
2.693597316740000469e+00,4.770730137825012207e-01
2.288666009900000020e+00,2.255264759063720703e+00
8.955270051960001476e-01,2.010611057281494141e+00
8.070570230480000884e-01,9.341887235641479492e-01
1.194862961769999954e+00,8.158798813819885254e-01
8.929409980769997812e-01,1.109339118003845215e+00
9.776080250740000199e-01,8.923115730285644531e-01
1.832507014270000179e+00,9.460546970367431641e-01
1.403792977329999747e+00,1.605279564857482910e+00
7.223749756810000644e-01,1.304838418960571289e+00
6.599410176280000595e-01,7.701267004013061523e-01
7.407349944109999917e-01,6.972727775573730469e-01
5.553659796709999874e-01,7.566311359405517578e-01
1.236768960949999885e+00,6.182444095611572266e-01
6.214020252229999208e-01,1.132776618003845215e+00
7.108730077739999764e-01,6.871093511581420898e-01
3.064779937269999643e-01,7.324151396751403809e-01
6.473349928859999380e-01,4.277319312095642090e-01
5.458269715310000159e-01,6.722990870475769043e-01
1.024247765539999966e+00,6.074762940406799316e-01
8.176820278170000567e-01,9.694017767906188965e-01
7.440620064740001149e-01,8.286910057067871094e-01
7.367150187490000279e-01,7.649587988853454590e-01
5.768560171130000525e-01,7.566469907760620117e-01
9.152600169179998524e-01,6.344678997993469238e-01
1.137029051779999911e+00,8.870396018028259277e-01
4.960080087179999930e-01,1.068817615509033203e+00
4.941360056399998757e-01,5.880448222160339355e-01
8.834533095360000976e-01,5.623988509178161621e-01
1.271524906160000024e+00,8.597269654273986816e-01
8.864369988439999570e-01,1.170770168304443359e+00
8.988280296330001251e-01,8.901457786560058594e-01
9.049779772759999341e-01,8.856183886528015137e-01
8.299319744109999730e-01,8.907632231712341309e-01
8.756300210950000995e-01,8.336832523345947266e-01
5.502920150760000073e-01,8.658530116081237793e-01
1.073919415470000027e+00,6.194438934326171875e-01
8.491920232770000521e-01,1.007633686065673828e+00
6.393229961399998773e-01,8.545394539833068848e-01
7.995309829709998928e-01,6.862608790397644043e-01
9.646000266079999275e-01,8.007918596267700195e-01
8.413559794430000016e-01,9.327653646469116211e-01
7.011449933050000194e-01,8.445738554000854492e-01
7.240070104600000445e-01,7.330955862998962402e-01
1.010308027270000020e+00,7.453719973564147949e-01
6.538060307499999890e-01,9.650430083274841309e-01
7.932850122450000319e-01,7.032913565635681152e-01
6.538396477699999210e-01,7.965473532676696777e-01
1.160789966579999888e+00,6.952476501464843750e-01
8.085789680480000019e-01,1.077875375747680664e+00
3.743770122530000188e-01,8.267559409141540527e-01
2.556999921800000020e-01,4.830901622772216797e-01
4.893150031570000502e-01,3.761628270149230957e-01
1.151844024660000132e+00,5.497123003005981445e-01
7.372779846189999597e-01,1.065283417701721191e+00
1.088750958439999916e+00,7.721100449562072754e-01
1.975852966309999514e+00,1.025580286979675293e+00
8.547700047490001118e-01,1.719409346580505371e+00
7.977370023729999371e-01,8.918393850326538086e-01
1.052428960799999924e+00,8.072773814201354980e-01
3.179450988770000208e+00,9.999030232429504395e-01
1.797067999840000319e+00,2.653263568878173828e+00
1.056702017779999947e+00,1.650274634361267090e+00
8.751260042189999977e-01,1.038876175880432129e+00
6.645399928090000019e-01,8.736954331398010254e-01
7.571684122089999969e-01,7.064432501792907715e-01
1.368484020229999931e+00,7.693498730659484863e-01
9.052469730380000579e-01,1.240857481956481934e+00
1.032060980800000083e+00,9.080166220664978027e-01
6.141330003739999821e-01,9.881338477134704590e-01
9.733130335809998535e-01,6.739034056663513184e-01
6.452289819719999597e-01,9.328101277351379395e-01
4.894390106200000035e-01,6.953816413879394531e-01
8.408679962160000576e-01,5.644345879554748535e-01
7.771940231319999226e-01,8.269679546356201172e-01
6.755350232119999854e-01,7.910904288291931152e-01
6.592059731480000018e-01,7.111937999725341797e-01
1.084153056139999904e+00,6.949784755706787109e-01
9.314100146289999715e-01,1.019308209419250488e+00
1.359479665760000122e+00,9.176445007324218750e-01
7.633988261220000515e-01,1.239892959594726562e+00
5.357339978220000409e-01,7.996823191642761230e-01
6.781889796259998882e-01,6.041417717933654785e-01
7.839810252189999273e-01,7.043084502220153809e-01
1.169367671010000054e+00,7.903274297714233398e-01
1.015287995340000027e+00,1.088991999626159668e+00
9.259430170060000131e-01,9.847525358200073242e-01
1.319244027140000108e+00,9.109832048416137695e-01
9.717460274700000511e-01,1.208836317062377930e+00
1.176299691200000108e+00,9.569212198257446289e-01
1.714609026910000056e+00,1.100871801376342773e+00
1.307337045669999975e+00,1.520963430404663086e+00
6.186890006069999393e-01,1.227079868316650391e+00
2.298435926440000276e+00,6.876987814903259277e-01
1.808241009709999902e+00,1.954600334167480469e+00
8.794149756429999742e-01,1.629757761955261230e+00
1.570945024490000064e+00,9.044254422187805176e-01
1.578516006470000121e+00,1.400617003440856934e+00
6.200309991839999535e-01,1.429630041122436523e+00
9.928810000419999726e-01,6.989307999610900879e-01
4.551869928839999413e-01,9.480037689208984375e-01
1.017398953439999865e+00,5.515448451042175293e-01
8.378469943999999892e-01,9.609485268592834473e-01
4.884769916529999589e-01,8.438228964805603027e-01
1.246340990070000210e+00,5.709738731384277344e-01
1.209630966189999990e+00,1.137827634811401367e+00
1.252451062200000020e+00,1.136011123657226562e+00
1.519726991650000025e+00,1.167487859725952148e+00
1.063797950739999942e+00,1.373783588409423828e+00
1.571495056150000069e+00,1.034342408180236816e+00
1.278105020519999968e+00,1.407192826271057129e+00
1.192077994349999948e+00,1.199758529663085938e+00
8.304439187050000060e-01,1.123705744743347168e+00
1.402015686039999931e+00,8.445661664009094238e-01
1.156504034999999986e+00,1.269107937812805176e+00
1.162554860120000200e+00,1.100897073745727539e+00
6.007519960399999581e-01,1.096844077110290527e+00
1.253835797310000055e+00,6.686205267906188965e-01
1.791844010350000183e+00,1.147444725036621094e+00
1.734062552449999961e+00,1.582929134368896484e+00
4.939970970150000085e+00,1.556250691413879395e+00
2.394351005549999911e+00,4.047189235687255859e+00
2.212575912479999740e+00,2.161793947219848633e+00
1.886527061460000043e+00,1.942863345146179199e+00
9.343829751010001017e-01,1.686908245086669922e+00
9.099829792980000942e-01,9.490542411804199219e-01
8.112999796870000724e-01,8.958712816238403320e-01
1.049708962440000004e+00,8.196441531181335449e-01
1.351788043980000076e+00,9.982997775077819824e-01
1.277305960659999906e+00,1.238050699234008789e+00
7.854449748989998925e-01,1.191468358039855957e+00
4.846229851250000165e-01,8.134222626686096191e-01
6.676359772680000582e-01,5.660600066184997559e-01
8.322510123249999836e-01,6.943666338920593262e-01
5.959370136259999340e-01,8.268243074417114258e-01
3.410890102390000123e-01,6.525752544403076172e-01
6.860110163689999707e-01,4.496369957923889160e-01
8.153510093690000682e-01,7.031359076499938965e-01
3.985430002210000322e-01,8.145791888236999512e-01
6.998159885410000225e-01,5.017201900482177734e-01
4.263690114019999533e-01,7.157945632934570312e-01
6.866139769550000382e-01,5.184825658798217773e-01
1.826770007609999913e-01,7.067230343818664551e-01
7.018824815749999946e-01,3.327586948871612549e-01
1.796682000159999681e+00,7.094849348068237305e-01
7.204269766809999753e-01,1.568759560585021973e+00
4.680640101429999755e-01,7.832745313644409180e-01
6.408870220180000743e-01,5.509983897209167480e-01
7.520520091060001189e-01,6.733270287513732910e-01
1.001817584040000098e+00,7.645759582519531250e-01
1.660804033279999814e+00,9.595422148704528809e-01
1.450595021250000061e+00,1.473813414573669434e+00
1.085010051729999869e+00,1.334726929664611816e+00
1.099555015560000015e+00,1.048047900199890137e+00
7.694180011750000325e-01,1.046138167381286621e+00
1.254430413249999932e+00,7.946636676788330078e-01
1.496320962910000052e+00,1.153718113899230957e+00
7.186369895940000196e-01,1.355892062187194824e+00
8.902019858359999649e-01,7.707329988479614258e-01
9.891759753229999452e-01,8.729691505432128906e-01
2.849014520649999938e+00,9.548031091690063477e-01
4.281075000759999583e+00,2.393594980239868164e+00
1.248739004139999942e+00,3.558036088943481445e+00
7.096589803699999699e-01,1.272726416587829590e+00
7.497439980509998936e-01,7.546820640563964844e-01
8.907449841499999188e-01,7.653313279151916504e-01
1.469527959819999952e+00,8.745065331459045410e-01
1.608888030049999918e+00,1.323019981384277344e+00
1.043460965159999976e+00,1.449507236480712891e+00
1.184751033780000018e+00,1.022037982940673828e+00
5.063725113870000127e-01,1.109854221343994141e+00
6.946156024930000283e-01,5.977313518524169922e-01
9.299110174179998634e-01,7.157741189002990723e-01
7.754629850390000190e-01,9.024724364280700684e-01
8.564696311949999696e-01,7.930335402488708496e-01
9.269009828569999554e-01,8.492423892021179199e-01
7.506660223010001021e-01,9.059871435165405273e-01
9.248849749570000611e-01,7.740109562873840332e-01
1.070162653919999984e+00,9.006401300430297852e-01
8.752880096439998869e-01,1.017979621887207031e+00
7.511039972310000756e-01,8.743103742599487305e-01
8.627579808239999037e-01,7.724474668502807617e-01
5.096570253369999692e-01,8.531645536422729492e-01
8.495249748229999343e-01,5.880329012870788574e-01
6.711369752879999817e-01,8.343212008476257324e-01
6.132180094720000030e-01,7.105194926261901855e-01
3.810549974440000098e-01,6.597386598587036133e-01
8.710420131680000067e-01,4.807049036026000977e-01
6.540319919589999698e-01,8.461660146713256836e-01
9.089673757550000843e-01,6.982817053794860840e-01
9.709029793739999414e-01,8.849933743476867676e-01
9.856920242310001079e-01,9.415048956871032715e-01
1.356256246570000101e+00,9.550284147262573242e-01
1.309872984889999925e+00,1.239280343055725098e+00
6.344919800760000506e-01,1.216541051864624023e+00
5.933508276940000492e-01,6.998031139373779297e-01
8.796380162239999523e-01,6.432255506515502930e-01
1.131836414339999930e+00,8.603768348693847656e-01
1.841274023059999765e+00,1.063590049743652344e+00
2.261745929719999992e+00,1.617020964622497559e+00
2.597975969309999744e+00,1.963534355163574219e+00
2.399192094800000064e+00,2.235612154006958008e+00
1.982298016549999931e+00,2.092581987380981445e+00
2.269547939300000206e+00,1.766331434249877930e+00
2.017889976500000238e+00,1.973900198936462402e+00
1.452262043950000026e+00,1.789463877677917480e+00
1.342797994609999934e+00,1.348219871520996094e+00
1.311915040020000145e+00,1.245067954063415527e+00
1.276762008670000226e+00,1.217635989189147949e+00
1.275267004970000118e+00,1.189661502838134766e+00
1.210446000100000141e+00,1.187291383743286133e+00
8.153480291369999966e-01,1.137650966644287109e+00
7.271119952200000291e-01,8.337370753288269043e-01
6.043019890790000126e-01,7.519411444664001465e-01
9.830358624459999417e-01,6.550260186195373535e-01
1.101529002189999940e+00,9.399060010910034180e-01
1.183724999429999869e+00,1.044037580490112305e+00
4.356400072569999726e-01,1.111108541488647461e+00
3.270040154459999959e-01,5.439856052398681641e-01
8.039849996569999879e-01,4.327839314937591553e-01
4.216859936710000145e-01,7.928768396377563477e-01
5.734559893609999515e-01,5.188827514648437500e-01
3.959457874300000291e-01,6.201287508010864258e-01
4.163750112060000119e-01,4.905238151550292969e-01
5.603970289230000290e-01,4.993529021739959717e-01
7.749050259590000156e-01,6.099643111228942871e-01
6.370840072629999629e-01,7.790987491607666016e-01
3.839260041709999793e-01,6.817941665649414062e-01
5.648739933969999516e-01,4.837997853755950928e-01
1.054715037350000051e+00,6.121745705604553223e-01
6.537709832190000681e-01,9.934250116348266602e-01
5.931029915809999942e-01,7.049198746681213379e-01
1.022608995439999946e+00,6.437551379203796387e-01
8.359869718549999273e-01,9.698190093040466309e-01
6.375340223309999832e-01,8.425934910774230957e-01
9.755985140799999789e-01,6.844078898429870605e-01
4.898079931740000337e-01,9.353950619697570801e-01
1.098647952079999879e+00,5.772048830986022949e-01
1.151165962220000116e+00,1.024479746818542480e+00
8.061249852179999120e-01,1.086094856262207031e+00
4.744769930839999872e-01,8.245328664779663086e-01
7.896029949189999897e-01,5.591234564781188965e-01
4.762530028819999539e-01,7.872134447097778320e-01
5.455229878430000179e-01,5.598483085632324219e-01
6.212809681889999158e-01,6.008468866348266602e-01
7.707700133319999036e-01,6.612267494201660156e-01
9.337069988249999675e-01,7.781584262847900391e-01
8.110550045970000843e-01,9.081075191497802734e-01
6.005529761310000048e-01,8.203251957893371582e-01
1.002521038060000036e+00,6.553000807762145996e-01
8.921650052069998171e-01,9.546941518783569336e-01
9.160850048070000584e-01,8.847318887710571289e-01
7.413420081139999729e-01,8.990077376365661621e-01
9.283249974250000758e-01,7.665033340454101562e-01
6.429409980770000033e-01,9.029347896575927734e-01
9.950090050700001187e-01,6.919635534286499023e-01
6.271365880970000140e-01,9.504481554031372070e-01
1.038689017300000073e+00,6.824162006378173828e-01
6.888009905820000611e-01,9.833426475524902344e-01
5.214130282399999095e-01,7.309972047805786133e-01
6.510270237919999481e-01,5.904300808906555176e-01
1.159701943399999990e+00,6.830403208732604980e-01
6.456400156020000169e-01,1.076941967010498047e+00
1.195862650870000099e+00,7.026543021202087402e-01
1.304703950880000018e+00,1.104496121406555176e+00
8.844429850579998975e-01,1.207014322280883789e+00
7.697709798810000725e-01,8.898362517356872559e-01
7.702100276950000213e-01,7.870234847068786621e-01
6.418280005459999771e-01,7.831563353538513184e-01
8.937159776689999058e-01,6.852349042892456055e-01
5.247250199319999364e-01,8.728895187377929688e-01
5.142210125920000374e-01,6.006664633750915527e-01
7.172748446459999982e-01,5.787873268127441406e-01
6.410769820210000525e-01,7.333730459213256836e-01
4.689820110800000941e-01,6.826962828636169434e-01
1.203750014310000171e+00,5.486988425254821777e-01
7.911959886550000709e-01,1.104436397552490234e+00
1.136301159859999910e+00,8.150920867919921875e-01
8.642929792399999256e-01,1.063903689384460449e+00
8.814030289650001126e-01,8.683311939239501953e-01
5.817409753800000249e-01,8.715057373046875000e-01
8.651199936869999885e-01,6.436030864715576172e-01
9.078124761579999813e-01,8.488513827323913574e-01
7.377740144730000615e-01,8.917115330696105957e-01
1.120375037189999867e+00,7.634778022766113281e-01
9.422479867940000142e-01,1.049827575683593750e+00
1.060060024260000011e+00,9.272276759147644043e-01
7.158420085910000008e-01,1.010866403579711914e+00
4.040209949019999969e-01,7.523881196975708008e-01
2.920779883859999648e-01,5.020891427993774414e-01
6.317924261089999938e-01,4.049875140190124512e-01
1.124665260310000026e+00,6.598892211914062500e-01
1.115690946580000009e+00,1.049402594566345215e+00
1.247418999670000028e+00,1.059879779815673828e+00
6.976169943809999996e-01,1.160359978675842285e+00
3.693974971769999893e+00,7.454702258110046387e-01
8.204839825630000361e-01,3.047619104385375977e+00
8.573070168499999921e-01,9.290750622749328613e-01
6.902359724040000311e-01,8.515142798423767090e-01
8.385969996449998964e-01,7.253693342208862305e-01
1.287726998329999928e+00,8.324960470199584961e-01
9.632229804989999034e-01,1.181650280952453613e+00
1.343299984930000024e+00,9.492815136909484863e-01
7.316169738770000874e-01,1.228570103645324707e+00
6.809219717980000697e-01,7.749036550521850586e-01
7.014784216880000089e-01,7.136179804801940918e-01
6.698030233380000142e-01,7.274322509765625000e-01
1.365643024439999964e+00,7.040221095085144043e-01
9.781420230869999344e-01,1.235703110694885254e+00
6.786789894100000442e-01,9.634768962860107422e-01
5.976330041890000055e-01,7.210397720336914062e-01
8.193774819369999962e-01,6.481362581253051758e-01
7.911109924320000042e-01,8.144463896751403809e-01
1.044147372249999872e+00,8.009267449378967285e-01
1.400015950200000026e+00,9.933277964591979980e-01
8.748620152470000244e-01,1.274853825569152832e+00
6.228179931639999944e-01,8.860229253768920898e-01
7.164059877399998610e-01,6.746433973312377930e-01
6.523500084880000660e-01,7.366922497749328613e-01
9.379299879070001067e-01,6.912618875503540039e-01
5.936999917030000296e-01,9.070922732353210449e-01
5.393440127369999448e-01,6.548251509666442871e-01
9.370089769359999377e-01,6.005258560180664062e-01
8.087720274930000341e-01,9.023469686508178711e-01
5.654280185700000239e-01,8.187044858932495117e-01
6.020820140839999723e-01,6.284585595130920410e-01
1.146679997439999932e+00,6.473159790039062500e-01
9.824249744419999431e-01,1.065248370170593262e+00
5.671510100359999917e-01,9.588449597358703613e-01
7.866399884220000027e-01,6.362896561622619629e-01
7.388439774510000557e-01,7.883148789405822754e-01
6.810299754140000106e-01,7.598357200622558594e-01
7.086979746820000203e-01,7.139667272567749023e-01
6.642330288889999323e-01,7.329463958740234375e-01
5.124790072439999733e-01,7.000412344932556152e-01
6.040380001070000393e-01,5.827004909515380859e-01
6.728799939159999521e-01,6.468409299850463867e-01
8.265414834020000656e-01,7.027715444564819336e-01
4.546860158440000355e-01,8.226517438888549805e-01
5.594509840010000179e-01,5.448387861251831055e-01
1.332218050960000122e-01,6.106687784194946289e-01
1.633069962260000063e-01,2.902438640594482422e-01
1.797860413789999778e-01,2.965240776538848877e-01
5.747918486599999932e-01,3.102347850799560547e-01
8.508148789409999413e-01,6.121763586997985840e-01
8.527640104289999634e-01,8.376585245132446289e-01
1.687628030779999788e+00,8.491458892822265625e-01
2.149522066120000297e+00,1.489562392234802246e+00
8.122850060459999577e-01,1.872256517410278320e+00
1.239639997479999867e+00,8.659878373146057129e-01
2.128437280650000041e+00,1.143854498863220215e+00
2.139239072800000141e+00,1.841958165168762207e+00
9.779880046840000452e-01,1.878176689147949219e+00
6.937779784199998856e-01,9.913318157196044922e-01
7.218790054320000094e-01,7.325360178947448730e-01
7.631160020829999002e-01,7.434765696525573730e-01
8.565329909319999713e-01,7.759881019592285156e-01
1.109338045120000116e+00,8.488425016403198242e-01
6.476340293879999654e-01,1.045549273490905762e+00
9.241870045659998922e-01,7.022890448570251465e-01
7.877320051189998784e-01,8.964084386825561523e-01
1.305567026139999864e+00,8.021839857101440430e-01
9.107710123059999940e-01,1.193590402603149414e+00
8.699640035629999657e-01,9.099351167678833008e-01
5.743020176890000217e-01,8.644549846649169922e-01
8.599532246590000373e-01,6.375094056129455566e-01
4.775849878790000003e-01,8.446304798126220703e-01
1.108017444610000179e+00,5.635256171226501465e-01
1.290724992749999966e+00,1.031239986419677734e+00
8.591579794879999898e-01,1.193261504173278809e+00
3.058980107309999807e-01,8.700587153434753418e-01
9.039019942279999942e-01,4.330084621906280518e-01
6.352750062940000220e-01,8.686504364013671875e-01
1.023422956470000145e+00,6.852151751518249512e-01
6.730669736859999919e-01,9.719352722167968750e-01
8.504790067669999454e-01,7.184477448463439941e-01
5.141969919200000128e-01,8.409563302993774414e-01
1.527956604959999964e+00,5.910235643386840820e-01
4.094385623930000051e+00,1.355383872985839844e+00
9.952359795569999390e-01,3.381865262985229492e+00
8.670449852940000923e-01,1.075192570686340332e+00
1.141056060789999993e+00,8.652951717376708984e-01
1.622257947919999888e+00,1.070208787918090820e+00
1.980204939840000566e+00,1.448786139488220215e+00
1.375547051430000112e+00,1.739804387092590332e+00
1.851865053180000054e+00,1.288360476493835449e+00
1.420923948290000016e+00,1.633081674575805664e+00
1.589177966120000285e+00,1.318593025207519531e+00
1.673199415210000041e+00,1.432752370834350586e+00
2.123934030530000072e+00,1.502845168113708496e+00
1.648401975629999905e+00,1.852088332176208496e+00
1.204741954800000014e+00,1.501694440841674805e+00
7.920839786529999538e-01,1.146437048912048340e+00
1.227027416229999890e+00,8.158054947853088379e-01
1.226951003070000157e+00,1.133482217788696289e+00
1.131343960759999989e+00,1.148583889007568359e+00
1.252465009690000075e+00,1.075469374656677246e+00
1.116891980170000132e+00,1.164767622947692871e+00
1.122387051579999850e+00,1.065329670906066895e+00
1.040153026579999862e+00,1.064727425575256348e+00
8.091310262680000420e-01,1.002063989639282227e+00
7.681059837340000751e-01,8.227523565292358398e-01
7.982919812199998910e-01,7.829932570457458496e-01
7.666722536090000428e-01,8.045361638069152832e-01
1.057360053060000027e+00,7.815023064613342285e-01
8.607699871060000563e-01,1.002577066421508789e+00
1.070777058600000053e+00,8.627660870552062988e-01
5.301510095600000527e-01,1.016178607940673828e+00
6.604189872739999467e-01,6.114805936813354492e-01
9.909179806709998983e-01,6.905338764190673828e-01
3.561530113220000016e-01,9.479387998580932617e-01
9.618239998820000691e-01,4.762459099292755127e-01
1.244829058649999931e+00,9.148392677307128906e-01
8.381230235100001202e-01,1.153020977973937988e+00
9.245989918709998090e-01,8.523503541946411133e-01
8.131660223010001021e-01,9.035669565200805664e-01
1.003061056139999963e+00,8.216025829315185547e-01
8.752340078350000496e-01,9.626696705818176270e-01
7.991399765009998823e-01,8.718280792236328125e-01
8.812961578369999938e-01,8.090952038764953613e-01
1.063080191609999892e+00,8.690665364265441895e-01
9.057049751279999672e-01,1.011015534400939941e+00
6.909559965129999926e-01,8.972619771957397461e-01
1.355970025060000195e+00,7.277081608772277832e-01
7.572399973869999856e-01,1.228988409042358398e+00
2.043754577640000125e+00,7.948662042617797852e-01
8.576130270960000690e-01,1.761448264122009277e+00
2.364957094190000220e+00,8.964846134185791016e-01
4.179231166840000178e+00,2.013375043869018555e+00
2.233561992649999883e+00,3.467655420303344727e+00
8.013390302660000630e-01,2.015229701995849609e+00
8.372840285299999463e-01,8.607876896858215332e-01
8.851529955859999133e-01,8.355242609977722168e-01
9.040349721909999303e-01,8.733934760093688965e-01
1.302939534190000082e+00,8.895508646965026855e-01
7.228699922560000157e-01,1.195575356483459473e+00
8.009120225910000279e-01,7.667489647865295410e-01
1.032919287679999965e+00,8.048896789550781250e-01
1.321628212929999879e+00,9.850822687149047852e-01
9.367759823799999275e-01,1.214349031448364258e+00
7.007700204850000336e-01,9.303410649299621582e-01
7.624319791789999634e-01,7.363393306732177734e-01
1.144938945770000105e+00,7.746948599815368652e-01
7.721610069269999599e-01,1.069516181945800781e+00
8.772150278090000697e-01,7.984262704849243164e-01
1.243505001070000171e+00,8.649744391441345215e-01
6.381840109830000385e-01,1.149068951606750488e+00
7.468199729919999807e-01,7.001205086708068848e-01
6.839929819109999976e-01,7.604824900627136230e-01
1.419505119320000119e+00,7.165233492851257324e-01
6.141470074649999500e-01,1.277587771415710449e+00
7.347676754000000976e-01,6.884725093841552734e-01
6.770560145379999062e-01,7.503969073295593262e-01
1.074026942249999950e+00,7.107860445976257324e-01
6.156389713290000287e-01,1.012179017066955566e+00
9.692379832269999440e-01,6.766210198402404785e-01
9.916120171550001361e-01,9.297454953193664551e-01
8.089560270310000023e-01,9.594932198524475098e-01
2.435143947599999859e+00,8.208414316177368164e-01
8.223479986189999869e-01,2.066417932510375977e+00
5.938220024110000272e-01,8.841144442558288574e-01
5.762249827380000466e-01,6.505938172340393066e-01
4.224239885809999429e-01,6.286500096321105957e-01
6.765879988670000511e-01,5.107885003089904785e-01
5.520349740979999531e-01,6.989177465438842773e-01
9.015229940410001142e-01,6.133025884628295898e-01
7.489960193629999763e-01,8.756360411643981934e-01
8.627583980560000754e-01,7.718042135238647461e-01
9.480749964710000199e-01,8.530887961387634277e-01
1.055613875389999956e+00,9.223957657814025879e-01
1.970020055770000278e+00,1.007673025131225586e+00
9.391199946399999554e-01,1.713856220245361328e+00
1.009042978289999892e+00,9.556840658187866211e-01
7.824029922490001177e-01,9.717395305633544922e-01
1.016265034679999957e+00,8.012314438819885254e-01
8.782749772069999850e-01,9.716784358024597168e-01
7.353619933130000064e-01,8.746290802955627441e-01
1.109990954399999952e+00,7.605516910552978516e-01
7.727199792860000027e-01,1.041787028312683105e+00
1.164981961250000086e+00,7.975627183914184570e-01
7.157210111620000426e-01,1.085238099098205566e+00
1.475479006770000101e+00,7.561845779418945312e-01
8.354520201680000202e-01,1.321704864501953125e+00
7.344660162930000125e-01,8.587909340858459473e-01
7.861927747729999805e-01,7.582918405532836914e-01
1.143465042110000107e+00,7.940701246261596680e-01
9.246990084650000830e-01,1.069218754768371582e+00
2.958764553069999970e+00,9.146690964698791504e-01
2.138324022289999959e+00,2.477414369583129883e+00
2.038712024690000124e+00,1.903694152832031250e+00
1.480209946629999829e+00,1.801256537437438965e+00
9.367650747299998137e-01,1.370275497436523438e+00
1.715939760209999942e+00,9.360978007316589355e-01
1.001402020450000041e+00,1.514122247695922852e+00
8.896229863169999863e-01,9.938576817512512207e-01
7.492939829829999843e-01,8.827515244483947754e-01
1.115183949470000213e+00,7.715938687324523926e-01
9.457820057870001129e-01,1.046254277229309082e+00
6.452180147170000213e-01,9.297381043434143066e-01
1.164842009540000056e+00,6.943477392196655273e-01
1.244351029399999975e+00,1.080681920051574707e+00
9.045109748840000075e-01,1.159725308418273926e+00
5.575259923929999362e-01,9.029353857040405273e-01
5.778343677520000332e-01,6.260355114936828613e-01
7.199835777280000348e-01,6.285250186920166016e-01
7.607790231700000128e-01,7.377734184265136719e-01
5.404400229450000426e-01,7.741343379020690918e-01
8.009672760959999360e-01,6.076269149780273438e-01
7.710149884220000027e-01,7.982977032661437988e-01
6.709719896319999988e-01,7.849135398864746094e-01
2.768970489500000021e+00,7.074844837188720703e-01
3.086133003230000060e+00,2.322297573089599609e+00
1.116358041760000086e+00,2.627491712570190430e+00
1.018260955809999979e+00,1.130222320556640625e+00
7.442610263819999794e-01,9.851229190826416016e-01
1.114386796949999869e+00,7.724939584732055664e-01
1.380516409870000238e+00,1.045465707778930664e+00
1.229098439219999950e+00,1.262299060821533203e+00
1.573238968849999919e+00,1.155610322952270508e+00
1.245597958560000107e+00,1.414072155952453613e+00
8.298619985580000247e-01,1.174986600875854492e+00
5.376980304720000436e-01,8.460861444473266602e-01
8.593800067899999284e-01,6.081349253654479980e-01
7.949647903440000274e-01,8.428724408149719238e-01
8.122889995569999577e-01,8.053300976753234863e-01
1.209460973739999945e+00,8.162052631378173828e-01
1.043611049649999956e+00,1.120714783668518066e+00
9.914460182190000248e-01,1.007818579673767090e+00
1.377645969390000058e+00,9.620317220687866211e-01
7.495359778399999229e-01,1.255888700485229492e+00
7.549669742579999676e-01,7.898111343383789062e-01
8.522210121150000095e-01,7.707808613777160645e-01
1.312628030780000010e+00,8.452525734901428223e-01
9.499999880790001017e-01,1.201225161552429199e+00
8.433979749680000637e-01,9.400988221168518066e-01
6.329939961430000039e-01,8.455997705459594727e-01
6.848490238189999246e-01,6.812237501144409180e-01
8.296039700509999504e-01,7.129762768745422363e-01
1.117776036259999994e+00,8.254281282424926758e-01
1.060515046120000138e+00,1.051063060760498047e+00
9.966710209849999336e-01,1.017458200454711914e+00
6.726049780850000825e-01,9.666304588317871094e-01
8.499810099600000335e-01,7.171015143394470215e-01
7.929700016980000266e-01,8.405583500862121582e-01
7.509549856190000927e-01,8.034641742706298828e-01
9.556260704989999466e-01,7.693119645118713379e-01
6.085839867589999397e-01,9.241611361503601074e-01
7.782499790189999489e-01,6.668195128440856934e-01
5.098140239720000411e-01,7.834110260009765625e-01
6.364319920540000286e-01,5.849641561508178711e-01
6.015599966049999248e-01,6.714699864387512207e-01
6.556333899499999784e-01,6.495581269264221191e-01
6.385549902920000243e-01,6.895179748535156250e-01
8.762890100480000832e-01,6.784880757331848145e-01
7.967479825020000739e-01,8.594431877136230469e-01
6.824830174449999509e-01,8.073100447654724121e-01
8.025500178340000401e-01,7.172173857688903809e-01
7.950311899190000142e-01,8.046691417694091797e-01
1.584897041320000088e+00,8.033044934272766113e-01
1.017485976220000143e+00,1.408549070358276367e+00
9.177780151369999695e-01,1.001384019851684570e+00
1.230221033100000083e+00,9.048262834548950195e-01
1.027899026870000121e+00,1.140295863151550293e+00
9.125559926030000213e-01,9.965655207633972168e-01
7.935979962350000472e-01,9.012174606323242188e-01
1.030437946320000187e+00,8.062331676483154297e-01
5.325379967690000438e-01,9.829241037368774414e-01
6.127780079839999505e-01,6.117714047431945801e-01
8.741289973260000234e-01,6.542552113533020020e-01
3.667230010029999820e-01,8.568633198738098145e-01
7.391750216480000857e-01,4.797859787940979004e-01
5.604230165479999748e-01,7.447252273559570312e-01
7.758178114889999755e-01,6.220381259918212891e-01
8.102909922600001202e-01,7.797973155975341797e-01
6.437510252000000488e-01,8.139814138412475586e-01
7.236457467079999706e-01,6.881895661354064941e-01
9.113870263100001257e-01,7.429887652397155762e-01
6.627830266949999993e-01,8.893479704856872559e-01
1.002035975460000117e+00,7.064493894577026367e-01
8.224419951440000709e-01,9.565349817276000977e-01
1.030576944350000135e+00,8.315098285675048828e-01
6.781139969830000114e-01,9.840539097785949707e-01
5.333459973340000104e-01,7.225567698478698730e-01
3.209959864620000047e-01,5.991197228431701660e-01
7.608630061149999069e-01,4.319534599781036377e-01
7.439860105509998878e-01,7.596544623374938965e-01
5.468400120740000148e-01,7.628144025802612305e-01
7.004669904709999173e-01,6.118718981742858887e-01
8.356525897980000561e-01,7.217298150062561035e-01
1.274258971210000091e+00,8.306157588958740234e-01
8.934450149539999719e-01,1.171215891838073730e+00
6.211659908290000365e-01,8.955867290496826172e-01
7.900159955019999680e-01,6.740771532058715820e-01
1.067494988440000014e+00,7.928606271743774414e-01
6.698009967800000464e-01,1.011162400245666504e+00
1.265694975850000015e+00,7.176001071929931641e-01
6.380620002750000408e-01,1.158927798271179199e+00
9.348030090330000652e-01,7.008600831031799316e-01
8.006410002709999363e-01,9.041875600814819336e-01
1.085708975790000030e+00,8.124205470085144043e-01
3.527039885520000251e-01,1.025484204292297363e+00
5.883709788319999578e-01,4.772785007953643799e-01
4.875420033929999120e-01,6.289553642272949219e-01
4.636880159380000199e-01,5.608469247817993164e-01
3.637039959430000136e-01,5.388712882995605469e-01
8.750243186949999696e-01,4.617972373962402344e-01
6.435279846190000708e-01,8.485938310623168945e-01
4.834130108360000233e-01,6.904262304306030273e-01
2.120890021319999930e-01,5.597808361053466797e-01
4.560469985010000560e-01,3.472009301185607910e-01
4.367910027499999903e-01,5.226827263832092285e-01
7.238804101939999569e-01,5.171834230422973633e-01
5.560690164570000205e-01,7.355875968933105469e-01
4.748429954049999679e-01,6.181472539901733398e-01
2.674640119080000100e-01,5.499548912048339844e-01
9.588437080380001198e-01,3.889801204204559326e-01
7.868980169300000549e-01,9.094092845916748047e-01
1.794360995290000149e+00,8.028169274330139160e-01
1.337677955630000026e+00,1.569706916809082031e+00
1.210453987120000185e+00,1.253020405769348145e+00
5.654799938200000264e-01,1.139851570129394531e+00
4.008429944520000565e-01,6.436120867729187012e-01
2.727654874320000200e-01,4.939502179622650146e-01
5.836449861529999783e-01,3.901659250259399414e-01
8.533802628519999711e-01,6.223844885826110840e-01
8.660610318179999823e-01,8.399416804313659668e-01
1.158349990839999899e+00,8.593917489051818848e-01
7.764859795569999390e-01,1.083420991897583008e+00
1.068807005880000105e+00,8.022139668464660645e-01
5.888479948040000744e-01,1.011689066886901855e+00
1.588868498799999918e+00,6.560432314872741699e-01
4.327859878540000205e-01,1.404789328575134277e+00
3.996030092239999942e-01,5.573755502700805664e-01
5.545349717140000134e-01,4.879673421382904053e-01
6.221979856490000849e-01,6.048652529716491699e-01
1.149551987649999996e+00,6.622611284255981445e-01
1.121260046960000034e+00,1.068151116371154785e+00
9.776459932329999436e-01,1.065020680427551270e+00
1.732741951940000025e+00,9.542817473411560059e-01
2.302707910540000125e+00,1.528401970863342285e+00
1.053477048870000043e+00,1.991785407066345215e+00
7.962800264360000435e-01,1.054538846015930176e+00
5.203329920770000117e-01,8.134423494338989258e-01
6.104800105090000262e-01,5.936523079872131348e-01
4.453057944770000276e-01,6.520498394966125488e-01
6.522138714790000069e-01,5.295103192329406738e-01
1.175541162490000069e+00,6.811375617980957031e-01
1.032202124599999937e+00,1.089131951332092285e+00
7.193930149079998948e-01,9.978924393653869629e-01
8.200139999390000378e-01,7.540593147277832031e-01
9.497330188750000568e-01,8.193541169166564941e-01
1.039114952089999822e+00,9.221290946006774902e-01
5.883830189700000046e-01,9.951137900352478027e-01
9.508559703829998488e-01,6.545744538307189941e-01
5.277600288389999728e-01,9.146991372108459473e-01
7.736063003540000205e-01,6.051312685012817383e-01
9.703559875489998765e-01,7.769182324409484863e-01
1.383889913560000018e+00,9.362397193908691406e-01
7.795230150220000542e-01,1.259957075119018555e+00
6.069999933240000090e-01,8.128550648689270020e-01
4.660570025440000097e-01,6.590353846549987793e-01
9.455270171170000459e-01,5.451827049255371094e-01
6.238729953770000280e-01,9.062564373016357422e-01
3.923240005969999555e-01,6.780827045440673828e-01
5.156549811360000568e-01,4.896863698959350586e-01
9.679385423660000765e-01,5.749235749244689941e-01
1.356565952299999989e+00,9.251904487609863281e-01
9.072690010070000310e-01,1.238908529281616211e+00
8.162760138510000152e-01,9.091227054595947266e-01
2.479866981509999846e+00,8.233439922332763672e-01
1.133080005649999888e+00,2.101374149322509766e+00
1.045583963389999926e+00,1.121299862861633301e+00
8.474370241169999485e-01,1.006596446037292480e+00
1.536522984499999911e+00,8.521674871444702148e-01
9.008989930149998715e-01,1.373072385787963867e+00
4.812009930610000596e-01,9.108405709266662598e-01
8.572540283199999722e-01,5.678273439407348633e-01
8.617479801180000232e-01,8.392100334167480469e-01
1.008694052699999899e+00,8.562393188476562500e-01
1.127727031710000105e+00,9.687118530273437500e-01
7.795569896699999779e-01,1.064988017082214355e+00
9.895502924920001053e-01,8.034262061119079590e-01
8.363329768179998958e-01,9.511361122131347656e-01
9.099559783939998869e-01,8.416519165039062500e-01
5.511059761050000061e-01,8.923113346099853516e-01
1.239764332770000088e+00,6.213548183441162109e-01
1.211838960649999963e+00,1.134929060935974121e+00
1.379981994630000042e+00,1.137469530105590820e+00
1.148460984229999982e+00,1.265235781669616699e+00
7.663900256160000035e-01,1.093973040580749512e+00
9.660840034479999394e-01,7.941590547561645508e-01
8.156750202179999798e-01,9.327136874198913574e-01
1.142272949220000111e+00,8.250324726104736328e-01
1.299479961400000105e+00,1.069338202476501465e+00
8.583310246469999516e-01,1.201155066490173340e+00
7.149469852449999996e-01,8.697486519813537598e-01
8.764400482179999230e-01,7.442475557327270508e-01
8.305460214609999836e-01,8.623129725456237793e-01
8.535240292550000385e-01,8.331126570701599121e-01
9.092410206789999227e-01,8.489902019500732422e-01
5.202720165249999917e-01,8.923850655555725098e-01
7.411040067669999454e-01,5.978653430938720703e-01
5.853319764140000325e-01,7.518019676208496094e-01
5.047770142559999673e-01,6.410894989967346191e-01
5.519493222240000607e-01,5.738657116889953613e-01
9.697520136830000137e-01,6.068137884140014648e-01
1.116515994070000017e+00,9.278699755668640137e-01
1.049844980239999837e+00,1.055035948753356934e+00
6.342629790310000404e-01,1.009260535240173340e+00
5.644329786300000817e-01,6.898906826972961426e-01
9.184709787370000100e-01,6.211693286895751953e-01
9.593539834020000656e-01,8.890534043312072754e-01
5.984159708020000412e-01,9.330174922943115234e-01
9.383450150489999197e-01,6.592196226119995117e-01
4.542250037189999867e-01,9.054804444313049316e-01
7.079470157619999204e-01,5.487383008003234863e-01
3.876500129699999575e-01,7.240476608276367188e-01
4.484339952470000057e-01,4.893350601196289062e-01
8.405709862710000202e-01,5.234776139259338379e-01
5.337110161779999862e-01,8.252609968185424805e-01
7.211350202559999589e-01,6.055040955543518066e-01
5.215386152269999576e-01,7.370368838310241699e-01
7.050759792330000275e-01,5.917409062385559082e-01
6.405649781229999506e-01,7.243222594261169434e-01
5.168589949609999623e-01,6.818544268608093262e-01
1.660409450529999997e+00,5.851470232009887695e-01
2.465307950970000217e+00,1.457599401473999023e+00
1.622156023979999917e+00,2.115196704864501953e+00
1.866270065310000170e+00,1.493085145950317383e+00
3.623536109919999415e+00,1.652182221412658691e+00
7.948709726329999947e-01,3.021607398986816406e+00
9.065989851950000400e-01,9.072041511535644531e-01
8.571879863740000660e-01,8.882519006729125977e-01
7.756379842759999477e-01,8.545487523078918457e-01
7.006700038909999817e-01,7.905000448226928711e-01
6.443409919740000769e-01,7.303078770637512207e-01
7.579550147059999077e-01,6.845702528953552246e-01
5.499600172040000068e-01,7.692110538482666016e-01
4.964669942859999408e-01,6.147727370262145996e-01
1.367677569390000070e+00,5.662032365798950195e-01
1.397894024850000250e+00,1.231387972831726074e+00
8.148130178450000427e-01,1.284318208694458008e+00
1.278898954390000009e+00,8.402276039123535156e-01
8.623980283740000363e-01,1.174057960510253906e+00
1.093865990639999897e+00,8.720958828926086426e-01
8.134710192680000285e-01,1.033909916877746582e+00
1.466687083240000078e+00,8.280305266380310059e-01
9.060310125349999577e-01,1.318231463432312012e+00
7.652140259739999006e-01,9.121981263160705566e-01
1.311033964160000176e+00,7.843399047851562500e-01
7.892500162119999718e-01,1.197014689445495605e+00
1.474902033810000068e+00,8.175652623176574707e-01
9.167850017550001063e-01,1.323731184005737305e+00
1.186140060420000086e+00,9.206885099411010742e-01
1.411391973500000008e+00,1.106484055519104004e+00
2.092472076419999993e+00,1.288431286811828613e+00
7.189220190049999681e-01,1.819591045379638672e+00
1.301861047739999888e+00,7.931302785873413086e-01
1.268974781040000055e+00,1.188383460044860840e+00
1.221997022629999874e+00,1.183351874351501465e+00
9.061110019680000960e-01,1.146263837814331055e+00
1.078873991970000112e+00,9.033418893814086914e-01
1.028025031089999874e+00,1.023979306221008301e+00
7.863690257070000689e-01,9.912435412406921387e-01
1.276852965350000035e+00,8.049508333206176758e-01
7.093420028689999546e-01,1.171506524085998535e+00
5.201929807659999572e-01,7.554863691329956055e-01
5.645610094070000473e-01,5.902743339538574219e-01
9.855200052259999177e-01,6.170092821121215820e-01
1.092841982840000004e+00,9.403960108757019043e-01
4.786899983879999709e-01,1.037478327751159668e+00
3.955059945579999514e-01,5.732089877128601074e-01
1.850703001020000071e+00,4.865873754024505615e-01
1.195796012879999815e+00,1.600722551345825195e+00
1.702510833739999896e+00,1.146744847297668457e+00
2.998351097109999586e+00,1.512302041053771973e+00
2.407080888749999925e+00,2.529751539230346680e+00
2.585943937299999718e+00,2.110904216766357422e+00
2.233839035029999920e+00,2.230642318725585938e+00
1.655773043629999997e+00,1.965173244476318359e+00
1.430611014370000156e+00,1.511003732681274414e+00
8.921740055079999676e-01,1.319265723228454590e+00
1.231696963309999893e+00,9.003263711929321289e-01
8.955079913140001624e-01,1.140536308288574219e+00
1.602033019070000064e+00,8.956092596054077148e-01
1.585399031639999956e+00,1.425071477890014648e+00
1.232059955600000034e+00,1.435953736305236816e+00
1.210371017459999976e+00,1.165073513984680176e+00
1.242141008379999967e+00,1.136077165603637695e+00
9.857040047650000858e-01,1.159624338150024414e+00
7.289689779279999726e-01,9.647849798202514648e-01
6.761519908910000876e-01,7.596378326416015625e-01
1.071573019029999907e+00,7.098823785781860352e-01
9.457439780239998983e-01,1.010265588760375977e+00
4.376370012759999706e-01,9.281339645385742188e-01
5.141820311550000522e-01,5.364114046096801758e-01
3.387190103530000052e-01,5.754958987236022949e-01
7.144280076029999593e-01,4.447050988674163818e-01
4.996199905870000180e-01,7.247775197029113770e-01
7.917379736899999854e-01,5.747953057289123535e-01
8.646243214609999894e-01,7.897585630416870117e-01
6.024960279459999901e-01,8.560613393783569336e-01
1.260069966320000123e+00,6.587800383567810059e-01
1.012339949610000067e+00,1.152293443679809570e+00
1.004528999329999950e+00,9.857586622238159180e-01
6.310235261919999727e-01,9.709074497222900391e-01
1.141221046449999887e+00,6.857311725616455078e-01
5.426099896430000014e-01,1.062070608139038086e+00
8.547459840769999762e-01,6.236146092414855957e-01
7.744219899179999311e-01,8.395038843154907227e-01
3.084340095520000102e-01,7.894827127456665039e-01
8.376209735870000506e-01,4.316650032997131348e-01
7.293469905850000767e-01,8.179618716239929199e-01
7.503905892370000830e-01,7.544664740562438965e-01
1.134822010990000019e+00,7.665468454360961914e-01
1.614240050320000064e+00,1.061340689659118652e+00
1.244793057440000128e+00,1.442416191101074219e+00
7.141630053519999466e-01,1.175810575485229492e+00
7.293040156360000026e-01,7.579625248908996582e-01
6.486989855770000091e-01,7.498935461044311523e-01
3.427990078929999962e-01,6.889560818672180176e-01
3.861860036850000011e-01,4.529579877853393555e-01
6.366299986840000535e-01,4.743303954601287842e-01
3.990480005740000280e-01,6.670545339584350586e-01
4.178859889509999870e-01,4.952888190746307373e-01
1.103790521619999909e+00,5.006212592124938965e-01
6.956189870829999622e-01,1.025910615921020508e+00
8.070139884950000564e-01,7.386078834533691406e-01
5.947690010070000310e-01,8.085579872131347656e-01
1.107607960700000005e+00,6.507435441017150879e-01
9.713580012320000012e-01,1.035026073455810547e+00
7.170349955560000321e-01,9.489888548851013184e-01
6.764810085300000386e-01,7.500147223472595215e-01
1.687772989270000190e+00,7.096912264823913574e-01
9.907569885250000485e-01,1.483910202980041504e+00
8.082039952280000161e-01,9.847368001937866211e-01
1.087718963619999979e+00,8.202365636825561523e-01
1.564818024639999861e+00,1.027289748191833496e+00
6.673809885979999912e-01,1.402862668037414551e+00
1.256489992140000123e+00,7.343565225601196289e-01
1.091886043549999963e+00,1.151777863502502441e+00
7.375509738919999725e-01,1.046369552612304688e+00
6.224380135540000802e-01,7.701013088226318359e-01
8.364729881290000613e-01,6.692392230033874512e-01
5.774260163309999916e-01,8.284150362014770508e-01
1.015761017800000054e+00,6.386334300041198730e-01
1.106158971790000001e+00,9.640172123908996582e-01
6.945540308949998964e-01,1.048737883567810059e+00
1.130903959270000092e+00,7.378855347633361816e-01
9.518219828609999489e-01,1.056381106376647949e+00
7.524570226669999862e-01,9.349138736724853516e-01
5.585229992869999993e-01,7.762942314147949219e-01
1.415836334229999771e+00,6.210887432098388672e-01
1.855298042299999839e+00,1.270533561706542969e+00
7.845479845999999702e-01,1.637033343315124512e+00
8.210539817810000862e-01,8.341068029403686523e-01
5.835890173909999978e-01,8.225188255310058594e-01
8.359720110889999889e-01,6.427514553070068359e-01
2.184663057329999880e+00,8.266263008117675781e-01
6.805480122570000123e-01,1.872955799102783203e+00
1.238904953000000031e+00,7.675083279609680176e-01
1.030328035349999949e+00,1.138733148574829102e+00
7.914109826090000022e-01,9.987305402755737305e-01
8.423720002169999832e-01,8.088810443878173828e-01
4.464710056780000769e-01,8.390500545501708984e-01
5.589337944979999584e-01,5.391939878463745117e-01
7.099329829220000221e-01,6.099667549133300781e-01
7.334340214730000751e-01,7.294042110443115234e-01
7.833399772640000647e-01,7.528902292251586914e-01
8.426809906959999985e-01,7.918536663055419922e-01
1.099761009220000085e+00,8.389937281608581543e-01
8.706315755840000614e-01,1.037726640701293945e+00
5.862460136410000411e-01,8.718349337577819824e-01
8.863990306849999223e-01,6.466298103332519531e-01
1.019399046900000050e+00,8.652924895286560059e-01
8.493610024450000129e-01,9.777796268463134766e-01
1.010666966439999870e+00,8.526794910430908203e-01
1.331516027449999973e+00,9.697799682617187500e-01
1.215008974079999859e+00,1.221162438392639160e+00
1.645591020579999952e+00,1.143116354942321777e+00
9.708780050280000351e-01,1.469180107116699219e+00
1.411272048950000135e+00,9.680772423744201660e-01
7.953929901119999313e-01,1.280992865562438965e+00
1.046331048010000098e+00,8.259416222572326660e-01
8.879339694979999642e-01,9.951525926589965820e-01
8.349300026890000836e-01,8.830923438072204590e-01
9.847199916839999290e-01,8.368765115737915039e-01
1.090394020079999970e+00,9.494186639785766602e-01
4.901649951929999416e-01,1.035578250885009766e+00
6.141669750209999279e-01,5.818333029747009277e-01
6.314740180969999894e-01,6.537448763847351074e-01
8.252440094949999860e-01,6.715474724769592285e-01
1.051450967789999913e+00,8.201600313186645508e-01
1.047114968300000060e+00,1.000128984451293945e+00
3.921430110930000379e-01,1.004853606224060059e+00
4.695149958129999912e-01,5.057298541069030762e-01
7.720900177959999500e-01,5.397218465805053711e-01
7.520099878309999264e-01,7.736389040946960449e-01
6.877393722529999698e-01,7.693501710891723633e-01
6.718119978899999012e-01,7.195716500282287598e-01
1.185933232310000029e+00,7.050466537475585938e-01
6.571980118750000432e-01,1.097786664962768555e+00
8.213180303569999063e-01,7.124271988868713379e-01
7.795739769939998842e-01,8.180907368659973145e-01
1.030122995379999962e+00,7.921901941299438477e-01
6.211889982220000217e-01,9.821834564208984375e-01
8.660820126530001106e-01,6.792015433311462402e-01
9.608931541439998947e-01,8.510105013847351074e-01
6.760399937630000577e-01,9.323139190673828125e-01
7.402380108830000083e-01,7.183886766433715820e-01
5.984709858890000511e-01,7.568406462669372559e-01
6.151059865950000427e-01,6.510704159736633301e-01
9.358735680580000382e-01,6.584807634353637695e-01
5.818247795100000008e-01,9.041860699653625488e-01
7.156659960750000327e-01,6.457090973854064941e-01
6.529520154000000298e-01,7.346234917640686035e-01
9.700022935870000751e-01,6.916943788528442383e-01
7.834500074390000623e-01,9.316586256027221680e-01
7.448130249979999506e-01,8.005965948104858398e-01
8.276180028919999376e-01,7.642752528190612793e-01
8.943400979040000420e-01,8.260875940322875977e-01
2.505017042159999985e+00,8.800640702247619629e-01
1.620712041850000062e+00,2.123204231262207031e+00
1.417585968970000110e+00,1.493318557739257812e+00
1.049872040749999957e+00,1.308098673820495605e+00
1.226507544519999993e+00,1.020056962966918945e+00
1.043179035189999881e+00,1.142051935195922852e+00
9.694439768789999690e-01,1.008098840713500977e+00
8.192250132559999454e-01,9.452098608016967773e-01
8.129550218580000598e-01,8.278638720512390137e-01
6.712080240250000163e-01,8.175970315933227539e-01
5.289899706839999993e-01,7.092188000679016113e-01
3.461930155749999849e-01,5.955402851104736328e-01
4.789490103719999947e-01,4.509590864181518555e-01
1.153810977940000093e+00,5.451918244361877441e-01
9.671270251270001062e-01,1.066434025764465332e+00
7.845839858059999727e-01,9.474242925643920898e-01
4.701859951020000428e-01,8.013569116592407227e-01
5.632782578470000301e-01,5.550409555435180664e-01
2.416239976880000528e-01,6.141656637191772461e-01
2.709859907630000064e-01,3.727447986602783203e-01
1.994680017229999991e-01,3.826988339424133301e-01
1.327169984580000017e-01,3.293792605400085449e-01
4.732620120049999546e-01,2.758161127567291260e-01
6.585559844969999244e-01,5.328530669212341309e-01
9.621880054470001165e-01,6.870129704475402832e-01
5.111979842189999790e-01,9.258784651756286621e-01
9.829789996150001263e-01,5.929636955261230469e-01
9.100099802019999684e-01,9.365548491477966309e-01
1.026576042179999870e+00,8.976494669914245605e-01
8.309389948840000262e-01,9.841095805168151855e-01
9.651920199390001676e-01,8.388869762420654297e-01
1.000543951989999902e+00,9.343425035476684570e-01
1.983185052870000131e+00,9.661740064620971680e-01
1.274855017659999978e+00,1.722273111343383789e+00
1.286525964740000028e+00,1.211660861968994141e+00
1.382244944570000245e+00,1.195841193199157715e+00
1.736924052240000016e+00,1.269538760185241699e+00
1.257668018339999971e+00,1.544911026954650879e+00
7.533379793170000838e-01,1.189939498901367188e+00
1.084908962249999886e+00,7.882553339004516602e-01
1.062494039539999990e+00,1.023204326629638672e+00
7.787629961969999570e-01,1.017800807952880859e+00
8.256469964979999965e-01,8.004209399223327637e-01
9.891830086709999525e-01,8.258159160614013672e-01
1.418092012410000047e+00,9.524998664855957031e-01
1.151677966120000063e+00,1.286849975585937500e+00
1.250364065170000094e+00,1.097781896591186523e+00
8.794019818310000458e-01,1.163869380950927734e+00
1.089423060420000144e+00,8.840125799179077148e-01
1.809062957759999701e+00,1.031109452247619629e+00
8.687390089040000207e-01,1.590831637382507324e+00
8.521729707719999380e-01,8.963429927825927734e-01
1.307837963100000112e+00,8.493432402610778809e-01
1.262575984000000151e+00,1.197549819946289062e+00
7.601559758189999627e-01,1.178665161132812500e+00
1.069887042049999959e+00,7.936259508132934570e-01
8.579840064049999437e-01,1.011939406394958496e+00
1.149323940279999956e+00,8.610970973968505859e-01
1.067142963410000034e+00,1.076223850250244141e+00
7.400619983670000401e-01,1.023648500442504883e+00
6.799880266190000411e-01,7.710990309715270996e-01
7.323921322820000634e-01,7.132177352905273438e-01
8.352749943730000126e-01,7.509959340095520020e-01
6.000829935070000065e-01,8.314850330352783203e-01
1.010563969610000168e+00,6.558452248573303223e-01
7.613970041280000434e-01,9.608384966850280762e-01
7.260069847110000030e-01,7.852717638015747070e-01
1.064324021340000037e+00,7.491146922111511230e-01
5.901079773899998715e-01,1.006473302841186523e+00
7.744659781460000447e-01,6.568325161933898926e-01
7.406870126719998781e-01,7.798464298248291016e-01
8.908360004430001533e-01,7.607962489128112793e-01
7.620100975040000613e-01,8.742480278015136719e-01
7.774500250820000069e-01,7.813370227813720703e-01
5.811070203779999943e-01,7.884000539779663086e-01
7.908779978749999051e-01,6.392291784286499023e-01
8.903719782829999652e-01,7.920612096786499023e-01
7.882059812549999656e-01,8.757038116455078125e-01
7.301949858670000459e-01,8.013064265251159668e-01
9.248933196070000529e-01,7.532953619956970215e-01
1.265586972239999941e+00,8.999119400978088379e-01
7.884140014650000694e-01,1.167652249336242676e+00
9.180610179899999501e-01,8.152517676353454590e-01
6.569269895549999516e-01,8.967803716659545898e-01
8.252680301670000107e-01,7.022373676300048828e-01
4.257229864599999525e-01,8.210996985435485840e-01
9.114630222319999309e-01,5.227637887001037598e-01
7.238519787790000937e-01,8.787233233451843262e-01
9.657319784160000031e-01,7.529968619346618652e-01
7.194200158119999911e-01,9.309244155883789062e-01
7.146480083470000411e-01,7.516229152679443359e-01
6.188799738879999790e-01,7.389004826545715332e-01
8.502969741820000094e-01,6.656743288040161133e-01
6.113014817240000065e-01,8.388557434082031250e-01
8.405809998509999881e-01,6.649537086486816406e-01
5.909900069240000553e-01,8.311529159545898438e-01
1.191807866100000002e+00,6.491190791130065918e-01
1.072478055950000009e+00,1.099487066268920898e+00
7.976800203319999172e-01,1.029239654541015625e+00
7.140370011329999489e-01,8.152062296867370605e-01
8.885610103609999921e-01,7.413168549537658691e-01
7.367290258409999737e-01,8.715484142303466797e-01
9.655410051350000744e-01,7.619724869728088379e-01
8.569459915160000385e-01,9.312373399734497070e-01
5.838339924809999859e-01,8.565058708190917969e-01
3.047562122340000457e+00,6.442805528640747070e-01
8.865389823909999301e-01,2.537623167037963867e+00
1.186460971829999878e+00,9.551001787185668945e-01
8.750730156899999557e-01,1.105672359466552734e+00
1.111973047260000014e+00,8.783804774284362793e-01
6.929270029070000447e-01,1.048219561576843262e+00
5.632749795910000357e-01,7.368617653846740723e-01
5.519689917560000048e-01,6.224796772003173828e-01
9.211350083349998386e-01,6.090135574340820312e-01
5.465030074119999748e-01,8.906444907188415527e-01
9.997850060459999577e-01,6.182705760002136230e-01
7.512239813800000166e-01,9.506823420524597168e-01
8.402569890019999654e-01,7.771217226982116699e-01
7.843149900439999600e-01,8.359748125076293945e-01
5.915480256080000165e-01,7.965039610862731934e-01
6.109840273859999948e-01,6.474396586418151855e-01
9.328789710999999540e-01,6.550779342651367188e-01
7.992020249369999885e-01,9.017471671104431152e-01
9.833549857140000405e-01,8.112519383430480957e-01
5.405290126799999761e-01,9.470977187156677246e-01
1.093670010570000128e+00,6.160712242126464844e-01
9.266330003740002041e-01,1.022436618804931641e+00
7.972419857979999858e-01,9.143438339233398438e-01
5.896059870719999596e-01,8.095268607139587402e-01
7.799540162090000672e-01,6.464442014694213867e-01
5.182790160179999717e-01,7.840217351913452148e-01
7.263879776000000676e-01,5.914726257324218750e-01
6.216366887090000182e-01,7.404838204383850098e-01
8.810679912569999717e-01,6.682135462760925293e-01
7.315016984940000411e-01,8.624891638755798340e-01
9.703850150110000516e-01,7.577108740806579590e-01
8.715350031849999901e-01,9.347574710845947266e-01
5.505740046500000595e-01,8.678163886070251465e-01
2.576299905780000121e-01,6.195037364959716797e-01
6.952109932899999123e-01,3.844225108623504639e-01
3.547430038449999601e-01,7.071170806884765625e-01
1.308350920679999918e+00,4.638225138187408447e-01
1.424710035319999957e+00,1.180935740470886230e+00
2.422243118290000385e+00,1.302825927734375000e+00
1.588093161580000023e+00,2.074790716171264648e+00
2.882889986040000352e+00,1.465640306472778320e+00
1.510810017590000109e+00,2.436796903610229492e+00
5.103110075000000245e-01,1.422395706176757812e+00
6.637499928469999810e-01,6.131377220153808594e-01
5.865659713749999948e-01,6.923453807830810547e-01
9.182999730109998593e-01,6.391423344612121582e-01
1.126363039020000123e+00,8.897149562835693359e-01
9.455379843710000065e-01,1.060759186744689941e+00
7.979699969290000583e-01,9.299548268318176270e-01
8.895260095600000527e-01,8.107762336730957031e-01
5.017459988589999531e-01,8.753152489662170410e-01
7.889080047609999813e-01,5.830258727073669434e-01
5.571460127830000220e-01,7.876693010330200195e-01
8.079270124439998924e-01,6.214066147804260254e-01
7.382910251620000697e-01,8.042239546775817871e-01
6.742079854009999096e-01,7.601962685585021973e-01
8.787713646889999675e-01,7.087420821189880371e-01
7.401880025859999268e-01,8.626274466514587402e-01
8.886500000949999478e-01,7.642511129379272461e-01
7.983270287510000340e-01,8.725593686103820801e-01
5.137799978260000344e-01,8.089661002159118652e-01
7.760372757910000141e-01,5.887415409088134766e-01
8.528280258179999906e-01,7.782669663429260254e-01
7.851629853249999513e-01,8.464789986610412598e-01
8.431609868999999646e-01,7.976084947586059570e-01
1.024798870089999925e+00,8.394265174865722656e-01
8.044279813770001120e-01,9.803698658943176270e-01
8.841310143469999216e-01,8.186041712760925293e-01
3.615649938579999501e-01,8.714247941970825195e-01
1.171491026879999842e+00,4.762505888938903809e-01
4.477910101410000343e-01,1.075942397117614746e+00
7.665730118750000432e-01,5.527421832084655762e-01
7.735599875449999940e-01,7.686303257942199707e-01
1.054823040959999902e+00,7.855979800224304199e-01
7.843300104139999673e-01,1.000879883766174316e+00
1.034250974660000155e+00,8.043825030326843262e-01
1.096979022029999973e+00,9.855118989944458008e-01
7.633029818529999400e-01,1.042368769645690918e+00
5.883730053899999257e-01,7.899087071418762207e-01
6.365630030629999547e-01,6.442359089851379395e-01
5.750700235369999858e-01,6.744757890701293945e-01
5.399640202519999654e-01,6.293652057647705078e-01
1.324671149250000068e+00,6.003015041351318359e-01
8.178460001949999780e-01,1.199791312217712402e+00
6.359609961509999909e-01,8.398398756980895996e-01
8.135920166969999867e-01,6.825329065322875977e-01
9.872140288350000903e-01,8.114153742790222168e-01
9.839289784429998686e-01,9.505631923675537109e-01
5.904790163040000150e-01,9.542663097381591797e-01
8.986790180209999201e-01,6.540982127189636230e-01
6.268000006680000125e-01,8.748395442962646484e-01
6.926850080490000172e-01,6.785643100738525391e-01
5.757049918169999669e-01,7.187286615371704102e-01
6.764680147170000213e-01,6.319429278373718262e-01
8.279470205309999997e-01,7.044675350189208984e-01
6.547859907149999881e-01,8.238572478294372559e-01
1.085815548900000094e+00,6.972543001174926758e-01
8.509550094600001335e-01,1.020428061485290527e+00
8.879359960559999321e-01,8.563181161880493164e-01
6.557850241659999302e-01,8.760153055191040039e-01
6.597809791559999804e-01,7.002460956573486328e-01
8.856279850010000398e-01,6.946878433227539062e-01
7.502999901769999980e-01,8.673503398895263672e-01
9.303160309790000637e-01,7.722140550613403320e-01
7.259460091590000941e-01,9.047808051109313965e-01
7.123904824259998936e-01,7.552900910377502441e-01
9.326570034029998402e-01,7.374182343482971191e-01
6.544970273969999974e-01,9.052110314369201660e-01
4.987269937989999846e-01,7.009277939796447754e-01
9.782410264020000579e-01,5.718582272529602051e-01
5.593240261080000275e-01,9.324810504913330078e-01
8.733990192409999409e-01,6.301774978637695312e-01
6.232500076290000690e-01,8.543770313262939453e-01
6.319249868390000024e-01,6.749179959297180176e-01
8.335350155830000274e-01,6.722300052642822266e-01
8.613430261610000027e-01,8.265125155448913574e-01
1.036013007159999999e+00,8.550698161125183105e-01
6.160370111469999355e-01,9.895958900451660156e-01
9.874529838560001105e-01,6.755012869834899902e-01
6.686739921569999634e-01,9.437063336372375488e-01
6.455339789389999972e-01,7.137645483016967773e-01
1.007030010220000049e+00,6.842939257621765137e-01
7.763000130650000719e-01,9.597459435462951660e-01
9.358490109440000815e-01,7.965037822723388672e-01
6.626719832419999401e-01,9.099448323249816895e-01
1.113351941109999910e+00,7.072753906250000000e-01
5.495319962500000432e-01,1.041810512542724609e+00
9.273632764820001206e-01,6.278234124183654785e-01
8.215330243109999486e-01,8.953260779380798340e-01
9.193540215490000334e-01,8.280892372131347656e-01
6.899859905239998925e-01,8.989596962928771973e-01
6.497738957409999738e-01,7.274738550186157227e-01
9.705049991610000815e-01,6.883188486099243164e-01
8.034440279009998909e-01,9.319317936897277832e-01
8.920990228650002019e-01,8.158647418022155762e-01
7.462270259859999921e-01,8.774782419204711914e-01
1.495407462120000197e+00,7.693452239036560059e-01
7.597569823270000633e-01,1.338058352470397949e+00
9.677280187610000084e-01,8.019538521766662598e-01
1.126011013979999920e+00,9.337334632873535156e-01
7.641419768330000029e-01,1.062232017517089844e+00
1.423818945879999909e+00,7.916179299354553223e-01
8.309190273280000483e-01,1.283613920211791992e+00
5.316870212550000030e-01,8.534408211708068848e-01
6.942920088770000442e-01,6.035995483398437500e-01
1.097100019450000019e+00,7.164568901062011719e-01
8.623710274700000511e-01,1.030464172363281250e+00
9.711959958080000899e-01,8.654354810714721680e-01
7.501904964450000213e-01,9.400579333305358887e-01
5.659890174870000346e-01,7.752802371978759766e-01
7.235890030859999378e-01,6.266916990280151367e-01
1.088876962660000114e+00,7.400926351547241211e-01
2.614549994470000138e-01,1.025194883346557617e+00
1.923168003559999895e-01,4.081967771053314209e-01
2.048390060660000012e-01,3.235692083835601807e-01
3.752999901769999980e-01,3.304288983345031738e-01
1.878910064700000104e-01,4.608037173748016357e-01
4.178839921949999980e-01,3.246127665042877197e-01
6.128349900249999704e-01,4.926460981369018555e-01
4.822100102900000462e-01,6.500510573387145996e-01
8.136649727820000066e-01,5.577078461647033691e-01
8.997989892959999958e-01,8.058953881263732910e-01
7.667459845540000041e-01,8.837323784828186035e-01
6.762999892229999421e-01,7.852796912193298340e-01
9.804093837739999984e-01,7.113909125328063965e-01
1.075533032420000090e+00,9.404596090316772461e-01
6.459739804270000496e-01,1.024056315422058105e+00
7.601699829100000416e-01,6.997627019882202148e-01
8.707180023190000950e-01,7.709631919860839844e-01
1.045557022089999899e+00,8.595759868621826172e-01
4.832339882850000268e-01,9.972327947616577148e-01
1.085988998409999962e+00,5.748623013496398926e-01
7.320979833600000930e-01,1.014537334442138672e+00
7.128990292550000385e-01,7.657300233840942383e-01
1.045389056210000112e+00,7.380343675613403320e-01
7.359200119969999676e-01,9.915084242820739746e-01
8.956930041310000590e-01,7.671402692794799805e-01
8.745509982110000191e-01,8.777893781661987305e-01
9.237470030779999508e-01,8.674099445343017578e-01
9.997780323029999971e-01,9.042277932167053223e-01
1.739534020420000049e+00,9.641069173812866211e-01
8.107889890670000321e-01,1.534356117248535156e+00
7.049050331119999235e-01,8.497618436813354492e-01
8.328269720080000438e-01,7.348351478576660156e-01
8.276600241660000412e-01,8.286194801330566406e-01
8.953109979629999549e-01,8.293204307556152344e-01
1.459501028060000039e+00,8.808057308197021484e-01
1.179519057270000060e+00,1.315468192100524902e+00
1.443411946299999915e+00,1.120510101318359375e+00
1.306735038760000078e+00,1.312762022018432617e+00
7.634999752040000365e-01,1.217173933982849121e+00
1.145148038860000161e+00,7.978070378303527832e-01
7.253450155259999477e-01,1.069713473320007324e+00
7.633590102199999672e-01,7.627766132354736328e-01
6.174820065499999622e-01,7.763010859489440918e-01
1.029322981830000039e+00,6.664212942123413086e-01
1.302055954929999926e+00,9.758265614509582520e-01
3.164124965670000122e+00,1.199219942092895508e+00
9.734439849849999549e-01,2.647954463958740234e+00
1.229671001429999855e+00,1.024978637695312500e+00
7.441530227660000385e-01,1.141809940338134766e+00
1.063034057620000139e+00,7.802264094352722168e-01
1.123872041700000102e+00,1.006126403808593750e+00
8.984770178789999173e-01,1.063958406448364258e+00
7.175139784810000698e-01,8.939527869224548340e-01
5.367509722709999931e-01,7.476869821548461914e-01
1.175443053249999981e+00,6.031926870346069336e-01
1.101048946379999949e+00,1.085045933723449707e+00
5.734490156170000130e-01,1.050489544868469238e+00
1.431144952770000200e+00,6.455454230308532715e-01
1.037794947620000130e+00,1.282815217971801758e+00
6.568620204930000206e-01,1.011330962181091309e+00
1.074908018110000141e+00,7.066426277160644531e-01
1.385972023009999887e+00,1.012141346931457520e+00
1.004804968829999812e+00,1.265131592750549316e+00
1.609539985660000116e+00,9.845436811447143555e-01
2.817575931549999524e+00,1.434475183486938477e+00
1.962562561039999931e+00,2.386670827865600586e+00
1.279752016069999998e+00,1.764721870422363281e+00
1.995329976079999845e+00,1.214676022529602051e+00
2.033385992049999924e+00,1.740506291389465332e+00
1.307443976400000096e+00,1.792611956596374512e+00
1.611258029939999892e+00,1.238258123397827148e+00
2.040218114850000042e+00,1.445891261100769043e+00
2.183244943620000100e+00,1.785649061203002930e+00
1.351415991779999937e+00,1.909254908561706543e+00
7.242180109020001089e-01,1.276979327201843262e+00
1.363389015200000109e+00,7.695758938789367676e-01
1.526808977129999967e+00,1.235820174217224121e+00
1.784019589419999940e+00,1.382970094680786133e+00
1.103597044940000105e+00,1.585861206054687500e+00
1.763007998470000004e+00,1.074124217033386230e+00
1.157549023629999896e+00,1.555824995040893555e+00
1.153326034550000045e+00,1.114491462707519531e+00
2.362811088559999551e+00,1.089824318885803223e+00
2.580787897110000007e+00,2.020588397979736328e+00
1.242146968839999976e+00,2.225347042083740234e+00
1.712821006770000265e+00,1.207702636718750000e+00
6.676509976389999323e-01,1.521757841110229492e+00
8.271329998970000652e-01,7.401055097579956055e-01
9.642647504810000214e-01,8.229138851165771484e-01
1.394161701200000048e+00,9.334967732429504395e-01
7.584049701689999923e-01,1.267633438110351562e+00
6.900759935379999765e-01,7.971681952476501465e-01
6.740249991419999809e-01,7.215909957885742188e-01
8.615220189090000424e-01,7.068208456039428711e-01
7.907469868659999790e-01,8.494312763214111328e-01
7.285000085830000138e-01,8.021899461746215820e-01
2.411980032920000017e-01,7.520956993103027344e-01
3.354600071909999981e-01,3.788208961486816406e-01
5.912460088730000507e-01,4.318083822727203369e-01
1.058426976200000036e+00,6.305112242698669434e-01
7.669919729230000316e-01,9.972000718116760254e-01
5.881239771840000019e-01,7.912999391555786133e-01
5.922303199769999305e-01,6.441828012466430664e-01
8.753510117530000079e-01,6.406443119049072266e-01
7.038279771799998974e-01,8.570570945739746094e-01
5.677499771120000371e-01,7.363973259925842285e-01
7.133870124819999825e-01,6.262968778610229492e-01
1.077505946160000061e+00,7.323666810989379883e-01
6.909419894220000247e-01,1.016124010086059570e+00
7.724580168719999973e-01,7.340695261955261230e-01
7.237120270730000859e-01,7.819901108741760254e-01
9.752489924429997847e-01,7.477684020996093750e-01
9.151769876480000399e-01,9.382004141807556152e-01
7.574009895319999686e-01,9.013147950172424316e-01
6.912069916730000374e-01,7.787165045738220215e-01
1.183527946470000147e+00,7.224163413047790527e-01
7.705749869349999281e-01,1.096615672111511230e+00
8.947700262070000798e-01,7.986412048339843750e-01
6.143350005150000070e-01,8.783339262008666992e-01
7.692319750789999855e-01,6.689248681068420410e-01
9.070749878880000061e-01,7.767300605773925781e-01
4.068099856379999713e-01,8.876908421516418457e-01
5.138880014419999753e-01,5.115067958831787109e-01
2.481469959019999838e-01,5.741175413131713867e-01
2.568759918210000159e-01,3.757942616939544678e-01
5.980659723279999618e-01,3.722012937068939209e-01
5.981699824330000137e-01,6.328140497207641602e-01
8.801140189170000294e-01,6.455457210540771484e-01
1.085649013520000095e+00,8.609139323234558105e-01
9.920129775999999566e-01,1.028246521949768066e+00
8.743849992749999078e-01,9.639734625816345215e-01
8.770260214810000621e-01,8.707790970802307129e-01
1.008928894999999937e+00,8.685287833213806152e-01
8.088759779930000393e-01,9.694370031356811523e-01
6.714209914210000907e-01,8.214146494865417480e-01
7.449629902840000373e-01,7.092324495315551758e-01
6.942679882050000195e-01,7.602814435958862305e-01
1.001886010170000008e+00,7.242918014526367188e-01
7.935580015180000446e-01,9.575388431549072266e-01
8.450049161910000439e-01,8.094736337661743164e-01
8.031240105629999793e-01,8.411371707916259766e-01
5.744469761850000689e-01,8.110326528549194336e-01
5.679720044139999757e-01,6.351159214973449707e-01
4.538080096239999195e-01,6.216351389884948730e-01
8.494881391529999215e-01,5.343778133392333984e-01
4.064599871639999473e-01,8.322796821594238281e-01
2.453519999980000310e-01,5.090426802635192871e-01
2.323218107220000217e+00,3.695238828659057617e-01
2.027115583420000089e+00,1.962774634361267090e+00
1.581117987629999888e+00,1.798254370689392090e+00
1.727049946780000012e+00,1.446992278099060059e+00
1.150642037389999928e+00,1.543901324272155762e+00
1.607933998109999818e+00,1.107950210571289062e+00
1.331233978270000007e+00,1.438097000122070312e+00
1.221642017359999999e+00,1.241628050804138184e+00
1.583541989330000010e+00,1.148177742958068848e+00
1.608662128450000006e+00,1.421734690666198730e+00
2.185653924939999992e+00,1.453162789344787598e+00
2.989559888840000124e+00,1.897644162178039551e+00
7.574499845500000106e-01,2.536386251449584961e+00
1.811344027520000122e+00,8.555371761322021484e-01
1.527951955800000094e+00,1.581863880157470703e+00
8.892235755919999374e-01,1.399038553237915039e+00
