9.717460274700000511e-01,1.218988301200183866e+00
1.176299691200000108e+00,9.998253336407868508e-01
1.714609026910000056e+00,1.149544477151964283e+00
1.307337045669999975e+00,1.477134361939934637e+00
6.186890006069999393e-01,1.204350967455710464e+00
2.298435926440000276e+00,8.347796521178864060e-01
1.808241009709999902e+00,1.996305473923078333e+00
8.794149756429999742e-01,1.522507823019229267e+00
1.570945024490000064e+00,9.656783694013636454e-01
1.578516006470000121e+00,1.557506740002839507e+00
6.200309991839999535e-01,1.606330878375645810e+00
9.928810000419999726e-01,8.791623170863246406e-01
4.551869928839999413e-01,1.149845454876194495e+00
1.017398953439999865e+00,8.206719609135287863e-01
8.378469943999999892e-01,1.114428145339227294e+00
4.884769916529999589e-01,8.287354409656231269e-01
1.246340990070000210e+00,6.555677898727468866e-01
1.209630966189999990e+00,1.132901460392509829e+00
1.252451062200000020e+00,1.074471192100968420e+00
1.519726991650000025e+00,1.087219948596767516e+00
1.063797950739999942e+00,1.296289788144991517e+00
1.571495056150000069e+00,1.098375915655009472e+00
1.278105020519999968e+00,1.467765943143758856e+00
1.192077994349999948e+00,1.253586866691734691e+00
8.304439187050000060e-01,1.238272680677649618e+00
1.402015686039999931e+00,1.007294005430919182e+00
1.156504034999999986e+00,1.414297290945570440e+00
1.162554860120000200e+00,1.137464333184573739e+00
6.007519960399999581e-01,1.143287025998151796e+00
1.253835797310000055e+00,8.070488518448090121e-01
1.791844010350000183e+00,1.302031016148871734e+00
1.734062552449999961e+00,1.503172752772807375e+00
4.939970970150000085e+00,1.393788462150481022e+00
2.394351005549999911e+00,3.457132632685735008e+00
2.212575912479999740e+00,1.751722907710387966e+00
1.886527061460000043e+00,2.110090803887308741e+00
9.343829751010001017e-01,2.161822221680490319e+00
9.099829792980000942e-01,1.664907258352588570e+00
8.112999796870000724e-01,1.371800673632457279e+00
1.049708962440000004e+00,1.191410335902508333e+00
1.351788043980000076e+00,1.180454195487245395e+00
1.277305960659999906e+00,1.200365881116168376e+00
7.854449748989998925e-01,1.128947365413064619e+00
4.846229851250000165e-01,8.745302745186502857e-01
6.676359772680000582e-01,8.004478936018972757e-01
8.322510123249999836e-01,9.361550178914073150e-01
5.959370136259999340e-01,9.254825632979424288e-01
3.410890102390000123e-01,6.697566920659420164e-01
6.860110163689999707e-01,5.293740682841810985e-01
8.153510093690000682e-01,7.922395698739317371e-01
3.985430002210000322e-01,8.137446525297293842e-01
6.998159885410000225e-01,5.062073282342015590e-01
4.263690114019999533e-01,7.451487104919111149e-01
6.866139769550000382e-01,5.884195103716713948e-01
1.826770007609999913e-01,7.566480327667199912e-01
7.018824815749999946e-01,3.870594993844721499e-01
1.796682000159999681e+00,7.739001466427809506e-01
7.204269766809999753e-01,1.353579329170719436e+00
4.680640101429999755e-01,6.061274329104471281e-01
6.408870220180000743e-01,6.273681900560347247e-01
7.520520091060001189e-01,8.938478188537004598e-01
1.001817584040000098e+00,9.432640350516082739e-01
1.660804033279999814e+00,9.103876842532986347e-01
1.450595021250000061e+00,1.286153153753202272e+00
1.085010051729999869e+00,1.157763499104095484e+00
1.099555015560000015e+00,1.050014625745563368e+00
7.694180011750000325e-01,1.195795888531917983e+00
1.254430413249999932e+00,1.030624915283786525e+00
1.496320962910000052e+00,1.281131686654388036e+00
7.186369895940000196e-01,1.314799122102862539e+00
8.902019858359999649e-01,8.115150139990273681e-01
9.891759753229999452e-01,1.017224321627240524e+00
2.849014520649999938e+00,1.107753486014128042e+00
4.281075000759999583e+00,2.193753495079424631e+00
1.248739004139999942e+00,2.844711618125043806e+00
7.096589803699999699e-01,1.022006375724315186e+00
7.497439980509998936e-01,1.267656590058757304e+00
8.907449841499999188e-01,1.555568002674309502e+00
1.469527959819999952e+00,1.437080625044034443e+00
1.608888030049999918e+00,1.300836908130807101e+00
1.043460965159999976e+00,1.273026755604415250e+00
1.184751033780000018e+00,9.822287926269491765e-01
5.063725113870000127e-01,1.222327238279582007e+00
6.946156024930000283e-01,8.544628230305240102e-01
9.299110174179998634e-01,9.834431347723158190e-01
7.754629850390000190e-01,1.003255818763435281e+00
8.564696311949999696e-01,8.327595749068057440e-01
9.269009828569999554e-01,8.403988717449846213e-01
7.506660223010001021e-01,9.232253793980000900e-01
9.248849749570000611e-01,8.286396134724688389e-01
1.070162653919999984e+00,9.441279344033006726e-01
8.752880096439998869e-01,1.025626461904008746e+00
7.511039972310000756e-01,8.932353798594827587e-01
8.627579808239999037e-01,8.431143756177400528e-01
5.096570253369999692e-01,9.517804538311813722e-01
8.495249748229999343e-01,7.131464242915103169e-01
6.711369752879999817e-01,9.151869417623820224e-01
6.132180094720000030e-01,7.476703216878154423e-01
3.810549974440000098e-01,7.224842681848087089e-01
8.710420131680000067e-01,5.679594695943818161e-01
6.540319919589999698e-01,9.076112758797940661e-01
9.089673757550000843e-01,6.807064934526264599e-01
9.709029793739999414e-01,8.524755845465012971e-01
9.856920242310001079e-01,8.833192653149694040e-01
1.356256246570000101e+00,9.473677321333026091e-01
1.309872984889999925e+00,1.180110031797867887e+00
6.344919800760000506e-01,1.164999397374450796e+00
5.933508276940000492e-01,7.940337690446503949e-01
8.796380162239999523e-01,8.734398038160279265e-01
1.131836414339999930e+00,1.050645743677787847e+00
1.841274023059999765e+00,1.082376543491902599e+00
2.261745929719999992e+00,1.413040576218159927e+00
2.597975969309999744e+00,1.661763050842481881e+00
2.399192094800000064e+00,1.962039504709155446e+00
1.982298016549999931e+00,1.970492602313619113e+00
2.269547939300000206e+00,1.897438401624452764e+00
2.017889976500000238e+00,2.191631684570950700e+00
1.452262043950000026e+00,2.005524116734048068e+00
1.342797994609999934e+00,1.615485543217373809e+00
1.311915040020000145e+00,1.559159221755654690e+00
1.276762008670000226e+00,1.519867448283513722e+00
1.275267004970000118e+00,1.389463839350353558e+00
1.210446000100000141e+00,1.298430039167601358e+00
8.153480291369999966e-01,1.237312312771794209e+00
7.271119952200000291e-01,9.921562998885020690e-01
6.043019890790000126e-01,9.623897707139575930e-01
9.830358624459999417e-01,8.594276670468941060e-01
1.101529002189999940e+00,1.034803531365429352e+00
1.183724999429999869e+00,9.963125000428625366e-01
4.356400072569999726e-01,1.034874809971858767e+00
3.270040154459999959e-01,6.139766419833100342e-01
8.039849996569999879e-01,6.867873697618760431e-01
4.216859936710000145e-01,9.617983556791676047e-01
5.734559893609999515e-01,5.926461204233097746e-01
3.959457874300000291e-01,6.313126091404170914e-01
4.163750112060000119e-01,5.294639018173562528e-01
5.603970289230000290e-01,5.873996632813174301e-01
7.749050259590000156e-01,6.242173263934791549e-01
6.370840072629999629e-01,7.414507277994450973e-01
3.839260041709999793e-01,6.257983346474421671e-01
5.648739933969999516e-01,5.232628147959657028e-01
1.054715037350000051e+00,6.947577859997197125e-01
6.537709832190000681e-01,9.710243187293717826e-01
5.931029915809999942e-01,6.420129071036999591e-01
1.022608995439999946e+00,6.653105907745795466e-01
8.359869718549999273e-01,9.940460421807623126e-01
6.375340223309999832e-01,8.547264419993104712e-01
9.755985140799999789e-01,7.163212076354992242e-01
4.898079931740000337e-01,9.744536661685925250e-01
1.098647952079999879e+00,6.710638544511642323e-01
1.151165962220000116e+00,1.056695041782201638e+00
8.061249852179999120e-01,1.015498292497350130e+00
4.744769930839999872e-01,8.290316105243711320e-01
7.896029949189999897e-01,6.729352849365020095e-01
4.762530028819999539e-01,9.613719570123855362e-01
5.455229878430000179e-01,6.818700884407421503e-01
6.212809681889999158e-01,6.816132648036885566e-01
7.707700133319999036e-01,6.922368576123153483e-01
9.337069988249999675e-01,7.854643912034351416e-01
8.110550045970000843e-01,8.404232315217122773e-01
6.005529761310000048e-01,7.826670610988112342e-01
1.002521038060000036e+00,7.084750572105930067e-01
8.921650052069998171e-01,1.005932354505305382e+00
9.160850048070000584e-01,8.947887415400982425e-01
7.413420081139999729e-01,9.029966079837302706e-01
9.283249974250000758e-01,8.096990884940270528e-01
6.429409980770000033e-01,9.832214209575830255e-01
9.950090050700001187e-01,7.678091395173527456e-01
6.271365880970000140e-01,1.001439654846251415e+00
1.038689017300000073e+00,7.252362635181186512e-01
6.888009905820000611e-01,1.023147425989696213e+00
5.214130282399999095e-01,7.525320490844328303e-01
6.510270237919999481e-01,7.130193377844372682e-01
1.159701943399999990e+00,7.831616343280473069e-01
6.456400156020000169e-01,1.082745700396883892e+00
1.195862650870000099e+00,6.603099747447939150e-01
1.304703950880000018e+00,1.072320263220152059e+00
8.844429850579998975e-01,1.139312389627552768e+00
7.697709798810000725e-01,9.171063017691275521e-01
7.702100276950000213e-01,8.913707510761669228e-01
6.418280005459999771e-01,9.628180318848307273e-01
8.937159776689999058e-01,8.373215943382049664e-01
5.247250199319999364e-01,9.275356657149903539e-01
5.142210125920000374e-01,6.548981162487538255e-01
7.172748446459999982e-01,6.826681586164922155e-01
6.410769820210000525e-01,7.950596593780965282e-01
4.689820110800000941e-01,7.171790209816029105e-01
1.203750014310000171e+00,5.796749729828857278e-01
7.911959886550000709e-01,1.062592297289310261e+00
1.136301159859999910e+00,7.513805181779731335e-01
8.642929792399999256e-01,1.019217209573993976e+00
8.814030289650001126e-01,8.661483135678763601e-01
5.817409753800000249e-01,9.746179912457241246e-01
8.651199936869999885e-01,7.583317662271961135e-01
9.078124761579999813e-01,9.714814110118432655e-01
7.377740144730000615e-01,9.145133650719761143e-01
1.120375037189999867e+00,7.905487997063415095e-01
9.422479867940000142e-01,1.036740497472359968e+00
1.060060024260000011e+00,9.280546486094336522e-01
7.158420085910000008e-01,1.026972300258079729e+00
4.040209949019999969e-01,8.204056016127253548e-01
2.920779883859999648e-01,6.993887414320487661e-01
6.317924261089999938e-01,6.247464687661509197e-01
1.124665260310000026e+00,7.908799674381519207e-01
1.115690946580000009e+00,9.608557110713198401e-01
1.247418999670000028e+00,8.750169998940093841e-01
6.976169943809999996e-01,1.023909080397214399e+00
3.693974971769999893e+00,7.913566417293604882e-01
8.204839825630000361e-01,2.774595231559445541e+00
8.573070168499999921e-01,7.118140345812701275e-01
6.902359724040000311e-01,1.126434967010887522e+00
8.385969996449998964e-01,1.144080823945851755e+00
1.287726998329999928e+00,1.290920302304191747e+00
9.632229804989999034e-01,1.147580903780331951e+00
1.343299984930000024e+00,9.033336430651739413e-01
7.316169738770000874e-01,1.192974472521435958e+00
6.809219717980000697e-01,8.435294352144447894e-01
7.014784216880000089e-01,9.119800775609693266e-01
6.698030233380000142e-01,8.904691413531662381e-01
1.365643024439999964e+00,8.397875237213228150e-01
9.781420230869999344e-01,1.174883064877330074e+00
6.786789894100000442e-01,8.688973043605349167e-01
5.976330041890000055e-01,7.707642985220021226e-01
8.193774819369999962e-01,8.067458628849930591e-01
7.911109924320000042e-01,9.750578535385729939e-01
1.044147372249999872e+00,8.380823210266119538e-01
1.400015950200000026e+00,9.572192653278073227e-01
8.748620152470000244e-01,1.168317511181391488e+00
6.228179931639999944e-01,8.628714200540628099e-01
7.164059877399998610e-01,8.098401786709908956e-01
6.523500084880000660e-01,9.332382424408630639e-01
9.379299879070001067e-01,8.503385698587315744e-01
5.936999917030000296e-01,9.289092731175636608e-01
5.393440127369999448e-01,6.652743349024395902e-01
9.370089769359999377e-01,6.887137759430503881e-01
8.087720274930000341e-01,9.391852515658415390e-01
5.654280185700000239e-01,8.169511705884506814e-01
6.020820140839999723e-01,6.528567475078118632e-01
1.146679997439999932e+00,7.322628740092458344e-01
9.824249744419999431e-01,1.083532670754579597e+00
5.671510100359999917e-01,8.861378782194103687e-01
7.866399884220000027e-01,6.583346638378142490e-01
7.388439774510000557e-01,8.935435673365998976e-01
6.810299754140000106e-01,8.710291163172801943e-01
7.086979746820000203e-01,7.778845973005594772e-01
6.642330288889999323e-01,7.657536027151733427e-01
5.124790072439999733e-01,7.572127488343968205e-01
6.040380001070000393e-01,6.564523698448055944e-01
6.728799939159999521e-01,7.176731976127823653e-01
8.265414834020000656e-01,7.382690992895935000e-01
4.546860158440000355e-01,8.056828998966168998e-01
5.594509840010000179e-01,5.613565235921711416e-01
1.332218050960000122e-01,6.917795542487101823e-01
1.633069962260000063e-01,4.271847405910221829e-01
1.797860413789999778e-01,4.643743079170736809e-01
5.747918486599999932e-01,3.999030871848102131e-01
8.508148789409999413e-01,5.983568613183427587e-01
8.527640104289999634e-01,6.706883929147434698e-01
1.687628030779999788e+00,6.842532767620956857e-01
2.149522066120000297e+00,1.272193066570133979e+00
8.122850060459999577e-01,1.578027177588357866e+00
1.239639997479999867e+00,8.203809911222162965e-01
2.128437280650000041e+00,1.334493296008408381e+00
2.139239072800000141e+00,1.931038941977983869e+00
9.779880046840000452e-01,1.781678106084547020e+00
6.937779784199998856e-01,1.000212498920946214e+00
7.218790054320000094e-01,1.092749910380576894e+00
7.631160020829999002e-01,1.177381946568362370e+00
8.565329909319999713e-01,1.038890053593756635e+00
1.109338045120000116e+00,8.939806392214998398e-01
6.476340293879999654e-01,1.005830891146741513e+00
9.241870045659998922e-01,7.185452379510025578e-01
7.877320051189998784e-01,9.641027751326303186e-01
1.305567026139999864e+00,8.700403235538736180e-01
9.107710123059999940e-01,1.193717156357202436e+00
8.699640035629999657e-01,8.673076683051544888e-01
5.743020176890000217e-01,9.357540473820785687e-01
8.599532246590000373e-01,7.799098521192632250e-01
4.775849878790000003e-01,9.980473176431307047e-01
1.108017444610000179e+00,6.577558428945500246e-01
1.290724992749999966e+00,1.051765340378518321e+00
8.591579794879999898e-01,1.074223516124096278e+00
3.058980107309999807e-01,8.315166002890900243e-01
9.039019942279999942e-01,5.757152832457054226e-01
6.352750062940000220e-01,1.068829589248519785e+00
1.023422956470000145e+00,7.831699740836345347e-01
6.730669736859999919e-01,9.521545695203216253e-01
8.504790067669999454e-01,6.840616759309772199e-01
5.141969919200000128e-01,9.017252702211365767e-01
1.527956604959999964e+00,6.690609828605230680e-01
4.094385623930000051e+00,1.340403860740482012e+00
9.952359795569999390e-01,2.796385176522832694e+00
8.670449852940000923e-01,7.085413714378210326e-01
1.141056060789999993e+00,1.151781369027450541e+00
1.622257947919999888e+00,1.587129036065696885e+00
1.980204939840000566e+00,1.810668632297343983e+00
1.375547051430000112e+00,1.563856197396224168e+00
1.851865053180000054e+00,1.214808174864120627e+00
1.420923948290000016e+00,1.684288917083699655e+00
1.589177966120000285e+00,1.449870446050293360e+00
1.673199415210000041e+00,1.591208554942168840e+00
2.123934030530000072e+00,1.580086355939347875e+00
1.648401975629999905e+00,1.872298938308533112e+00
1.204741954800000014e+00,1.509764781805566836e+00
7.920839786529999538e-01,1.339240448768295400e+00
1.227027416229999890e+00,1.159388724974057983e+00
1.226951003070000157e+00,1.432289205222944117e+00
1.131343960759999989e+00,1.246584101613384732e+00
1.252465009690000075e+00,1.102511796904783958e+00
1.116891980170000132e+00,1.184196979071538758e+00
1.122387051579999850e+00,1.144737885831320856e+00
1.040153026579999862e+00,1.155682464906801599e+00
8.091310262680000420e-01,1.097910428324324617e+00
7.681059837340000751e-01,9.633879771372013678e-01
7.982919812199998910e-01,9.343517640244189959e-01
7.666722536090000428e-01,9.301958731682665737e-01
1.057360053060000027e+00,8.634842127951414259e-01
8.607699871060000563e-01,1.007406199785938261e+00
1.070777058600000053e+00,8.575224214513269549e-01
5.301510095600000527e-01,1.024355060747113910e+00
6.604189872739999467e-01,6.963955365880978299e-01
9.909179806709998983e-01,8.528627066631851994e-01
3.561530113220000016e-01,1.004226168059442204e+00
9.618239998820000691e-01,5.568280892668625581e-01
1.244829058649999931e+00,9.452527083994061163e-01
8.381230235100001202e-01,1.080347054163625309e+00
9.245989918709998090e-01,8.146443078514838954e-01
8.131660223010001021e-01,9.137298595849181471e-01
1.003061056139999963e+00,9.319271376991664635e-01
8.752340078350000496e-01,1.050424348975995237e+00
7.991399765009998823e-01,9.013690832581754409e-01
8.812961578369999938e-01,8.774836583659330058e-01
1.063080191609999892e+00,9.342619643945733188e-01
9.057049751279999672e-01,1.042743104115871455e+00
6.909559965129999926e-01,9.082824268584418492e-01
1.355970025060000195e+00,8.044483694094668458e-01
7.572399973869999856e-01,1.253966237179348298e+00
2.043754577640000125e+00,8.192028493519700749e-01
8.576130270960000690e-01,1.658441605774241490e+00
2.364957094190000220e+00,8.334677718871390528e-01
4.179231166840000178e+00,1.968361234608154264e+00
2.233561992649999883e+00,2.981317989088055675e+00
8.013390302660000630e-01,1.739785306460485792e+00
8.372840285299999463e-01,1.171247025739583947e+00
8.851529955859999133e-01,1.585966466616389292e+00
9.040349721909999303e-01,1.531529078705410774e+00
1.302939534190000082e+00,1.111332104280967847e+00
7.228699922560000157e-01,1.159922050507637969e+00
8.009120225910000279e-01,7.836141712136666104e-01
1.032919287679999965e+00,9.194490937134751629e-01
1.321628212929999879e+00,1.068187209757799572e+00
9.367759823799999275e-01,1.210580701269818871e+00
7.007700204850000336e-01,8.941534096397658615e-01
7.624319791789999634e-01,8.463439133918344570e-01
1.144938945770000105e+00,9.471841661023395753e-01
7.721610069269999599e-01,1.149658589055086111e+00
8.772150278090000697e-01,8.067252426883821936e-01
1.243505001070000171e+00,9.058549074179256255e-01
6.381840109830000385e-01,1.153004865566996884e+00
7.468199729919999807e-01,7.640883110052805183e-01
6.839929819109999976e-01,8.702863924739232537e-01
1.419505119320000119e+00,8.422968977037165184e-01
6.141470074649999500e-01,1.278202765345787917e+00
7.347676754000000976e-01,6.437532853864246229e-01
6.770560145379999062e-01,8.487147650999189441e-01
1.074026942249999950e+00,8.333562239628437007e-01
6.156389713290000287e-01,1.088188993242674929e+00
9.692379832269999440e-01,6.695799556081117876e-01
9.916120171550001361e-01,9.642587859819292673e-01
8.089560270310000023e-01,9.577753363183276747e-01
2.435143947599999859e+00,8.660898014324696081e-01
8.223479986189999869e-01,1.865478453433822681e+00
5.938220024110000272e-01,7.722117762722174872e-01
5.762249827380000466e-01,8.647104654960711123e-01
4.224239885809999429e-01,9.482623255820874508e-01
6.765879988670000511e-01,8.585744199415714650e-01
5.520349740979999531e-01,7.686327209726900866e-01
9.015229940410001142e-01,6.231462154726963298e-01
7.489960193629999763e-01,8.428010595266530736e-01
8.627583980560000754e-01,7.208586757404802370e-01
9.480749964710000199e-01,8.500191092791702374e-01
1.055613875389999956e+00,9.093878381239978159e-01
1.970020055770000278e+00,1.005688820002475614e+00
9.391199946399999554e-01,1.557315318927953385e+00
1.009042978289999892e+00,8.807785778824522849e-01
7.824029922490001177e-01,1.102517738954068793e+00
1.016265034679999957e+00,1.020640757800127751e+00
8.782749772069999850e-01,1.181283156244846255e+00
7.353619933130000064e-01,9.253989757860842102e-01
1.109990954399999952e+00,8.472315946890466298e-01
7.727199792860000027e-01,1.077161320658966304e+00
1.164981961250000086e+00,8.431033300829198218e-01
7.157210111620000426e-01,1.100774398192992720e+00
1.475479006770000101e+00,7.971607673718714704e-01
8.354520201680000202e-01,1.337947808033470576e+00
7.344660162930000125e-01,8.515689397090565604e-01
7.861927747729999805e-01,8.959478882184640502e-01
1.143465042110000107e+00,9.275273250916917789e-01
9.246990084650000830e-01,1.157670467517721402e+00
2.958764553069999970e+00,8.914779614267838159e-01
2.138324022289999959e+00,2.185001401526345255e+00
2.038712024690000124e+00,1.537039884515798649e+00
1.480209946629999829e+00,1.712981274220249039e+00
9.367650747299998137e-01,1.557269432567416123e+00
1.715939760209999942e+00,1.416574850236257399e+00
1.001402020450000041e+00,1.789666683078240617e+00
8.896229863169999863e-01,1.165981569398902629e+00
7.492939829829999843e-01,1.064640961266995811e+00
1.115183949470000213e+00,9.654921985716123922e-01
9.457820057870001129e-01,1.209388448239548719e+00
6.452180147170000213e-01,9.485685713371035943e-01
1.164842009540000056e+00,7.723021167814313470e-01
1.244351029399999975e+00,1.131814820459242865e+00
9.045109748840000075e-01,1.142923280591143564e+00
5.575259923929999362e-01,9.019472707186333427e-01
5.778343677520000332e-01,7.520710062905214821e-01
7.199835777280000348e-01,8.531234541015677575e-01
7.607790231700000128e-01,8.809695021116544789e-01
5.404400229450000426e-01,8.003639596738892914e-01
8.009672760959999360e-01,6.257669136168926283e-01
7.710149884220000027e-01,8.287059450229172786e-01
6.709719896319999988e-01,7.969356824512162651e-01
2.768970489500000021e+00,7.345313350716407008e-01
3.086133003230000060e+00,2.035601520225223560e+00
1.116358041760000086e+00,2.071211290265889016e+00
1.018260955809999979e+00,9.714473028504719831e-01
7.442610263819999794e-01,1.347474634650191128e+00
1.114386796949999869e+00,1.370560787199246233e+00
1.380516409870000238e+00,1.419309309508767880e+00
1.229098439219999950e+00,1.247805316187091229e+00
1.573238968849999919e+00,1.108150031280177972e+00
1.245597958560000107e+00,1.362012815481874028e+00
8.298619985580000247e-01,1.207676188285807140e+00
5.376980304720000436e-01,1.021647379119243082e+00
8.593800067899999284e-01,8.797145561448560525e-01
7.949647903440000274e-01,1.078318048697875620e+00
8.122889995569999577e-01,8.908023821198534087e-01
1.209460973739999945e+00,8.322783265681703568e-01
1.043611049649999956e+00,1.069218441478302140e+00
9.914460182190000248e-01,9.716696780414370016e-01
1.377645969390000058e+00,9.764350326477683195e-01
7.495359778399999229e-01,1.260462786431337578e+00
7.549669742579999676e-01,8.732702799289057127e-01
8.522210121150000095e-01,9.277617705060575704e-01
1.312628030780000010e+00,9.857158743607370432e-01
9.499999880790001017e-01,1.231939747195405888e+00
8.433979749680000637e-01,8.872652008816872549e-01
6.329939961430000039e-01,9.012841904267504534e-01
6.848490238189999246e-01,8.306211601872113270e-01
8.296039700509999504e-01,8.902675079077239095e-01
1.117776036259999994e+00,8.937814323152677431e-01
1.060515046120000138e+00,1.017398276012096980e+00
9.966710209849999336e-01,9.439671679732916099e-01
6.726049780850000825e-01,9.581488530114650182e-01
8.499810099600000335e-01,8.206440133890268163e-01
7.929700016980000266e-01,9.852061160097445036e-01
7.509549856190000927e-01,8.956399708067633858e-01
9.556260704989999466e-01,8.361375651150078081e-01
6.085839867589999397e-01,9.375614089459759493e-01
7.782499790189999489e-01,7.228969625204679783e-01
5.098140239720000411e-01,8.578994672734121529e-01
6.364319920540000286e-01,6.755372604576672657e-01
6.015599966049999248e-01,7.721174926557988760e-01
6.556333899499999784e-01,6.925223539805650530e-01
6.385549902920000243e-01,7.267195289658026081e-01
8.762890100480000832e-01,6.868291107695640996e-01
7.967479825020000739e-01,8.507656856177227001e-01
6.824830174449999509e-01,7.819350863153206044e-01
8.025500178340000401e-01,7.426772016737294146e-01
7.950311899190000142e-01,8.491726738179710132e-01
1.584897041320000088e+00,8.491497860402673625e-01
1.017485976220000143e+00,1.315348534052502849e+00
9.177780151369999695e-01,8.969325144937445593e-01
1.230221033100000083e+00,9.593731354407279976e-01
1.027899026870000121e+00,1.221631682614390479e+00
9.125559926030000213e-01,1.099924013760849695e+00
7.935979962350000472e-01,9.763836442440935182e-01
1.030437946320000187e+00,9.263885436073128199e-01
5.325379967690000438e-01,1.090643796667887688e+00
6.127780079839999505e-01,7.143413189934914032e-01
8.741289973260000234e-01,7.917168627965885941e-01
3.667230010029999820e-01,9.223655804396143632e-01
7.391750216480000857e-01,5.646455846864055772e-01
5.604230165479999748e-01,7.941497091419665866e-01
7.758178114889999755e-01,6.611504137217966148e-01
8.102909922600001202e-01,8.060612819552972486e-01
6.437510252000000488e-01,7.703872174865968869e-01
7.236457467079999706e-01,7.121690680984710253e-01
9.113870263100001257e-01,7.810021702633294094e-01
6.627830266949999993e-01,9.116257460194471252e-01
1.002035975460000117e+00,7.322342532591898934e-01
8.224419951440000709e-01,9.614315875371702846e-01
1.030576944350000135e+00,8.401184553365470542e-01
6.781139969830000114e-01,1.001601047008921608e+00
5.333459973340000104e-01,7.649165014211194435e-01
3.209959864620000047e-01,7.470526946714957095e-01
7.608630061149999069e-01,6.075468586197033671e-01
7.439860105509998878e-01,8.670221135523684675e-01
5.468400120740000148e-01,7.310766013225162840e-01
7.004669904709999173e-01,5.963062707279908059e-01
8.356525897980000561e-01,7.341133142817179991e-01
1.274258971210000091e+00,8.494239647229109291e-01
8.934450149539999719e-01,1.087788479409910414e+00
6.211659908290000365e-01,8.183386051990626520e-01
7.900159955019999680e-01,7.582912390619402920e-01
1.067494988440000014e+00,9.341479010967465024e-01
6.698009967800000464e-01,1.081788351705565310e+00
1.265694975850000015e+00,7.365091222775216329e-01
6.380620002750000408e-01,1.138972518078981366e+00
9.348030090330000652e-01,7.356922593130766908e-01
8.006410002709999363e-01,1.001134302875701154e+00
1.085708975790000030e+00,8.705335348837653919e-01
3.527039885520000251e-01,1.079715478692890196e+00
5.883709788319999578e-01,5.485105969870052167e-01
4.875420033929999120e-01,8.005706570623755125e-01
4.636880159380000199e-01,6.844482028039406973e-01
3.637039959430000136e-01,6.406541558363951783e-01
8.750243186949999696e-01,4.995274007500073443e-01
6.435279846190000708e-01,8.383363533273040513e-01
4.834130108360000233e-01,6.254828304279409501e-01
2.120890021319999930e-01,5.710079741661061581e-01
4.560469985010000560e-01,4.575806065896703134e-01
4.367910027499999903e-01,6.608686180099477836e-01
7.238804101939999569e-01,5.522635639463580048e-01
5.560690164570000205e-01,6.867242074319837020e-01
4.748429954049999679e-01,5.500829523663052223e-01
2.674640119080000100e-01,5.710293783656804623e-01
9.588437080380001198e-01,4.757435858293218023e-01
7.868980169300000549e-01,9.279439196212397878e-01
1.794360995290000149e+00,7.092045596738582036e-01
1.337677955630000026e+00,1.353685072648698862e+00
1.210453987120000185e+00,1.034656406704809184e+00
5.654799938200000264e-01,1.146365636275325395e+00
4.008429944520000565e-01,8.396778322584105281e-01
2.727654874320000200e-01,8.630880763309705106e-01
5.836449861529999783e-01,6.775550301613532111e-01
8.533802628519999711e-01,7.651440147851965579e-01
8.660610318179999823e-01,7.756713520305057452e-01
1.158349990839999899e+00,7.408204072765838255e-01
7.764859795569999390e-01,9.618620435377527311e-01
1.068807005880000105e+00,7.855711870472578129e-01
5.888479948040000744e-01,1.058703960570226865e+00
1.588868498799999918e+00,7.535498530952990937e-01
4.327859878540000205e-01,1.419489125894394688e+00
3.996030092239999942e-01,5.752004912562732608e-01
5.545349717140000134e-01,7.052241629220945551e-01
6.221979856490000849e-01,7.838663907652663188e-01
1.149551987649999996e+00,8.003743443999747909e-01
1.121260046960000034e+00,9.544094852356276304e-01
9.776459932329999436e-01,9.107148170374704810e-01
1.732741951940000025e+00,8.971847848282338278e-01
2.302707910540000125e+00,1.450710708167126661e+00
1.053477048870000043e+00,1.798081966150385735e+00
7.962800264360000435e-01,1.012186133558034884e+00
5.203329920770000117e-01,1.075706033618337054e+00
6.104800105090000262e-01,1.018726943626888204e+00
4.453057944770000276e-01,1.001733488789718685e+00
6.522138714790000069e-01,6.670152669527704692e-01
1.175541162490000069e+00,7.407857436623328518e-01
1.032202124599999937e+00,1.000683755872808334e+00
7.193930149079998948e-01,8.724532532975114441e-01
8.200139999390000378e-01,7.380650746486325797e-01
9.497330188750000568e-01,9.150784047482451999e-01
1.039114952089999822e+00,1.018238964920053391e+00
5.883830189700000046e-01,1.007155466327590121e+00
9.508559703829998488e-01,7.027814320661807113e-01
5.277600288389999728e-01,1.000840356208404502e+00
7.736063003540000205e-01,7.091739864774090352e-01
9.703559875489998765e-01,8.756804243410211130e-01
1.383889913560000018e+00,9.263502926610697186e-01
7.795230150220000542e-01,1.175812201544147229e+00
6.069999933240000090e-01,7.566460059275874617e-01
4.660570025440000097e-01,7.952055958634109967e-01
9.455270171170000459e-01,7.631850398735746666e-01
6.238729953770000280e-01,1.035692239242434587e+00
3.923240005969999555e-01,6.770451850963890017e-01
5.156549811360000568e-01,5.571208973191907887e-01
9.679385423660000765e-01,6.722132690587401260e-01
1.356565952299999989e+00,9.461916280577925553e-01
9.072690010070000310e-01,1.073779721616367144e+00
8.162760138510000152e-01,7.819481778415543483e-01
2.479866981509999846e+00,8.731726164736569595e-01
1.133080005649999888e+00,1.988692926583456089e+00
1.045583963389999926e+00,1.002188401180483579e+00
8.474370241169999485e-01,1.106856188406317720e+00
1.536522984499999911e+00,1.104443127099177024e+00
9.008989930149998715e-01,1.592411756236364884e+00
4.812009930610000596e-01,9.309969576896492960e-01
8.572540283199999722e-01,7.408343578047003053e-01
8.617479801180000232e-01,1.023587564940046102e+00
1.008694052699999899e+00,9.783950661843946461e-01
1.127727031710000105e+00,9.486933859029185179e-01
7.795569896699999779e-01,9.983735447714960909e-01
9.895502924920001053e-01,8.407580039600764943e-01
8.363329768179998958e-01,1.027697793949830407e+00
9.099559783939998869e-01,9.274513353025892748e-01
5.511059761050000061e-01,9.719025071076007327e-01
1.239764332770000088e+00,7.141929402973581364e-01
1.211838960649999963e+00,1.180947565126197585e+00
1.379981994630000042e+00,1.064575937106547965e+00
1.148460984229999982e+00,1.183340570221312449e+00
7.663900256160000035e-01,1.065948396449796665e+00
9.660840034479999394e-01,9.564198882119800960e-01
8.156750202179999798e-01,1.112863503863872783e+00
1.142272949220000111e+00,9.708358338317468750e-01
1.299479961400000105e+00,1.115309860853802126e+00
8.583310246469999516e-01,1.143897196085732704e+00
7.149469852449999996e-01,8.928098242029116616e-01
8.764400482179999230e-01,8.764997580727257320e-01
8.305460214609999836e-01,1.022463650356692177e+00
8.535240292550000385e-01,9.350384878897936014e-01
9.092410206789999227e-01,8.830363502296050271e-01
5.202720165249999917e-01,9.125344499093248629e-01
7.411040067669999454e-01,6.895230511339178747e-01
5.853319764140000325e-01,8.585223496858703784e-01
5.047770142559999673e-01,7.267789103127041406e-01
5.519493222240000607e-01,6.644510644131881305e-01
9.697520136830000137e-01,6.620283627702212570e-01
1.116515994070000017e+00,9.174438495319793274e-01
1.049844980239999837e+00,9.392001034959964745e-01
6.342629790310000404e-01,9.115637079722023195e-01
5.644329786300000817e-01,7.380484893407502911e-01
9.184709787370000100e-01,8.047724965246402240e-01
9.593539834020000656e-01,1.009503829557473198e+00
5.984159708020000412e-01,9.338614205463240392e-01
9.383450150489999197e-01,6.673455632511955393e-01
4.542250037189999867e-01,9.462115649639832871e-01
7.079470157619999204e-01,6.513544417129628616e-01
3.876500129699999575e-01,8.312489803062442784e-01
4.484339952470000057e-01,5.721301304809124355e-01
8.405709862710000202e-01,6.410578214581870160e-01
5.337110161779999862e-01,8.138516917522387040e-01
7.211350202559999589e-01,5.905559813990229889e-01
5.215386152269999576e-01,7.228803179379660326e-01
7.050759792330000275e-01,6.233456580368050837e-01
6.405649781229999506e-01,7.823454282007064053e-01
5.168589949609999623e-01,6.924642817152700802e-01
1.660409450529999997e+00,6.372702615455198005e-01
2.465307950970000217e+00,1.337812813558503233e+00
1.622156023979999917e+00,1.740135822713636538e+00
1.866270065310000170e+00,1.210612008581224863e+00
3.623536109919999415e+00,1.626680692240169090e+00
7.948709726329999947e-01,2.906947394462898515e+00
9.065989851950000400e-01,1.022942249659060332e+00
8.571879863740000660e-01,1.343291843985048306e+00
7.756379842759999477e-01,1.381417945818996573e+00
7.006700038909999817e-01,1.228439924671667294e+00
6.443409919740000769e-01,8.096251689870522794e-01
7.579550147059999077e-01,7.854408554529348496e-01
5.499600172040000068e-01,8.363867151049382276e-01
4.964669942859999408e-01,6.740521346367877031e-01
1.367677569390000070e+00,6.501611432964660153e-01
1.397894024850000250e+00,1.178155910177909105e+00
8.148130178450000427e-01,1.102657651375755998e+00
1.278898954390000009e+00,7.724096791335777201e-01
8.623980283740000363e-01,1.216925553445239672e+00
1.093865990639999897e+00,1.006569374194103750e+00
8.134710192680000285e-01,1.144855921883353389e+00
1.466687083240000078e+00,9.030619275616535990e-01
9.060310125349999577e-01,1.354527645089373067e+00
7.652140259739999006e-01,9.057624993718779161e-01
1.311033964160000176e+00,9.107090798999485370e-01
7.892500162119999718e-01,1.263477994258575210e+00
1.474902033810000068e+00,9.052845155577614600e-01
9.167850017550001063e-01,1.311573790803853390e+00
1.186140060420000086e+00,9.251814039138734902e-01
1.411391973500000008e+00,1.194768415546802798e+00
2.092472076419999993e+00,1.287272399852486870e+00
7.189220190049999681e-01,1.729738446031737320e+00
1.301861047739999888e+00,8.021079456891039294e-01
1.268974781040000055e+00,1.386207349331594285e+00
1.221997022629999874e+00,1.343510493305840381e+00
9.061110019680000960e-01,1.274150796439590394e+00
1.078873991970000112e+00,9.673296250418932374e-01
1.028025031089999874e+00,1.173130727338223434e+00
7.863690257070000689e-01,1.094682147265643390e+00
1.276852965350000035e+00,9.158725687348483468e-01
7.093420028689999546e-01,1.211364100548037781e+00
5.201929807659999572e-01,8.223476577428524559e-01
5.645610094070000473e-01,7.526173703236688217e-01
9.855200052259999177e-01,7.859871644025361315e-01
1.092841982840000004e+00,1.020834809948647504e+00
4.786899983879999709e-01,9.445529215535980461e-01
3.955059945579999514e-01,5.714920958641680482e-01
1.850703001020000071e+00,6.448444336060801252e-01
1.195796012879999815e+00,1.573104528362353038e+00
1.702510833739999896e+00,9.674091669273591210e-01
2.998351097109999586e+00,1.344861859801316006e+00
2.407080888749999925e+00,2.241644052469830228e+00
2.585943937299999718e+00,1.915729310032103783e+00
2.233839035029999920e+00,2.141984789653062382e+00
1.655773043629999997e+00,2.103552941517583097e+00
1.430611014370000156e+00,1.870715720154272566e+00
8.921740055079999676e-01,1.703242811457025274e+00
1.231696963309999893e+00,1.334715791623949599e+00
8.955079913140001624e-01,1.456622457233461176e+00
1.602033019070000064e+00,1.080212298370307300e+00
1.585399031639999956e+00,1.465425968764411113e+00
1.232059955600000034e+00,1.338742687337755033e+00
1.210371017459999976e+00,1.177169488163076538e+00
1.242141008379999967e+00,1.238538274645074599e+00
9.857040047650000858e-01,1.329939554375370925e+00
7.289689779279999726e-01,1.120986248859921153e+00
6.761519908910000876e-01,9.366856632921802817e-01
1.071573019029999907e+00,9.098895328441030106e-01
9.457439780239998983e-01,1.109417083202704379e+00
4.376370012759999706e-01,9.234575546207659524e-01
5.141820311550000522e-01,6.106450485831032005e-01
3.387190103530000052e-01,7.369753291474567813e-01
7.144280076029999593e-01,6.270339387529458852e-01
4.996199905870000180e-01,7.920060673486176706e-01
7.917379736899999854e-01,5.503429216392187184e-01
8.646243214609999894e-01,7.632573290848714276e-01
6.024960279459999901e-01,7.899708456058417427e-01
1.260069966320000123e+00,6.717688383058308954e-01
1.012339949610000067e+00,1.109442126106348514e+00
1.004528999329999950e+00,9.321575425917597579e-01
6.310235261919999727e-01,9.729803640545744425e-01
1.141221046449999887e+00,7.781378511204689596e-01
5.426099896430000014e-01,1.181224500809931577e+00
8.547459840769999762e-01,7.089609424361364987e-01
7.744219899179999311e-01,9.379646098282741207e-01
3.084340095520000102e-01,8.324410041768132151e-01
8.376209735870000506e-01,5.728480315917844345e-01
7.293469905850000767e-01,8.854836959784582184e-01
7.503905892370000830e-01,7.724212020388935285e-01
1.134822010990000019e+00,7.604324130211415067e-01
1.614240050320000064e+00,9.880888982402729059e-01
1.244793057440000128e+00,1.311377120812441843e+00
7.141630053519999466e-01,1.058358713871385692e+00
7.293040156360000026e-01,8.552597096412175581e-01
6.486989855770000091e-01,9.986366725187871829e-01
3.427990078929999962e-01,9.308285862146756795e-01
3.861860036850000011e-01,6.328412867735428993e-01
6.366299986840000535e-01,6.068746499864512423e-01
3.990480005740000280e-01,7.242318780591102678e-01
4.178859889509999870e-01,5.080180006610957033e-01
1.103790521619999909e+00,5.208458640299385989e-01
6.956189870829999622e-01,9.584522720993519096e-01
8.070139884950000564e-01,6.537371150785602492e-01
5.947690010070000310e-01,7.777902021549225609e-01
1.107607960700000005e+00,7.031574071049523367e-01
9.713580012320000012e-01,1.086704823696142741e+00
7.170349955560000321e-01,8.984322498374071042e-01
6.764810085300000386e-01,7.810778963814236642e-01
1.687772989270000190e+00,8.064381507666709137e-01
9.907569885250000485e-01,1.466052365817731573e+00
8.082039952280000161e-01,8.927936474785629350e-01
1.087718963619999979e+00,8.746480566793759515e-01
1.564818024639999861e+00,1.138863941404652858e+00
6.673809885979999912e-01,1.445324544296284541e+00
1.256489992140000123e+00,7.521158853225771157e-01
1.091886043549999963e+00,1.234228490083158825e+00
7.375509738919999725e-01,1.121301251137191812e+00
6.224380135540000802e-01,9.100467981899080794e-01
8.364729881290000613e-01,8.101785041269596865e-01
5.774260163309999916e-01,9.867737680750621188e-01
1.015761017800000054e+00,7.324073245647869657e-01
1.106158971790000001e+00,9.720281752649266860e-01
6.945540308949998964e-01,9.809517931405701274e-01
1.130903959270000092e+00,7.507445946040990359e-01
9.518219828609999489e-01,1.080756665353173496e+00
7.524570226669999862e-01,9.776609221182684939e-01
5.585229992869999993e-01,8.616255064630941041e-01
1.415836334229999771e+00,7.473561858283309656e-01
1.855298042299999839e+00,1.312413892588282449e+00
7.845479845999999702e-01,1.440053014661257569e+00
8.210539817810000862e-01,7.551231843815645606e-01
5.835890173909999978e-01,9.861986033459538836e-01
8.359720110889999889e-01,9.388166007757470233e-01
2.184663057329999880e+00,1.040157125957475337e+00
6.805480122570000123e-01,1.682316687833101954e+00
1.238904953000000031e+00,6.326418275168219640e-01
1.030328035349999949e+00,1.201361812401315676e+00
7.914109826090000022e-01,1.133091396824213115e+00
8.423720002169999832e-01,1.034665343886826516e+00
4.464710056780000769e-01,9.346742868375433888e-01
5.589337944979999584e-01,7.233806684224772798e-01
7.099329829220000221e-01,7.696040330855034028e-01
7.334340214730000751e-01,7.956024732784880982e-01
7.833399772640000647e-01,7.594584033271833956e-01
8.426809906959999985e-01,7.563692806083729403e-01
1.099761009220000085e+00,8.263751769889993160e-01
8.706315755840000614e-01,1.006579132232757523e+00
5.862460136410000411e-01,8.584240911247279504e-01
8.863990306849999223e-01,7.391410225583064930e-01
1.019399046900000050e+00,9.725505036069771458e-01
8.493610024450000129e-01,1.013435289005046869e+00
1.010666966439999870e+00,8.492174386974469247e-01
1.331516027449999973e+00,9.715151719209024206e-01
1.215008974079999859e+00,1.201818232185077884e+00
1.645591020579999952e+00,1.110402374705113937e+00
9.708780050280000351e-01,1.405268169591982641e+00
1.411272048950000135e+00,1.011593907711342055e+00
7.953929901119999313e-01,1.397492393257134591e+00
1.046331048010000098e+00,9.765858584577534751e-01
8.879339694979999642e-01,1.184706913510046311e+00
8.349300026890000836e-01,9.871705674495406813e-01
9.847199916839999290e-01,9.675914801857217196e-01
1.090394020079999970e+00,9.983736855924387754e-01
4.901649951929999416e-01,1.060763499095277673e+00
6.141669750209999279e-01,6.671248471554194204e-01
6.314740180969999894e-01,8.144119804746665636e-01
8.252440094949999860e-01,8.064565965345875664e-01
1.051450967789999913e+00,8.682272970873914364e-01
1.047114968300000060e+00,9.193905271099866994e-01
3.921430110930000379e-01,9.314429234596480756e-01
4.695149958129999912e-01,5.786571771258181007e-01
7.720900177959999500e-01,7.392288455227268296e-01
7.520099878309999264e-01,9.017318671500232918e-01
6.877393722529999698e-01,7.811342301645857189e-01
6.718119978899999012e-01,6.813084548193458767e-01
1.185933232310000029e+00,7.276970710654790953e-01
6.571980118750000432e-01,1.078934859045245442e+00
8.213180303569999063e-01,6.981098622467303283e-01
7.795739769939998842e-01,8.710390224675429449e-01
1.030122995379999962e+00,8.586723546558451270e-01
6.211889982220000217e-01,1.030632394965991461e+00
8.660820126530001106e-01,7.022646785277841808e-01
9.608931541439998947e-01,9.234667742295274984e-01
6.760399937630000577e-01,9.573413652163884624e-01
7.402380108830000083e-01,7.748747388901187083e-01
5.984709858890000511e-01,8.198985839192558522e-01
6.151059865950000427e-01,7.547618974328195174e-01
9.358735680580000382e-01,7.581162904136331537e-01
5.818247795100000008e-01,9.092046034049219294e-01
7.156659960750000327e-01,6.566637038186425857e-01
6.529520154000000298e-01,7.749816372455223812e-01
9.700022935870000751e-01,7.439949420023785898e-01
7.834500074390000623e-01,9.517624485172728743e-01
7.448130249979999506e-01,7.717704214362931525e-01
8.276180028919999376e-01,7.991637825814023044e-01
8.943400979040000420e-01,8.724795402715902481e-01
2.505017042159999985e+00,9.236684870431181027e-01
1.620712041850000062e+00,1.883372339086017089e+00
1.417585968970000110e+00,1.205374212363365283e+00
1.049872040749999957e+00,1.295052041041121038e+00
1.226507544519999993e+00,1.244632536778579546e+00
1.043179035189999881e+00,1.471156585163942099e+00
9.694439768789999690e-01,1.175277149941437838e+00
8.192250132559999454e-01,1.082515801179881665e+00
8.129550218580000598e-01,9.561502242522343931e-01
6.712080240250000163e-01,9.609526468628926121e-01
5.289899706839999993e-01,8.291386714947581726e-01
3.461930155749999849e-01,7.245168884074526527e-01
4.789490103719999947e-01,5.937296324054073260e-01
1.153810977940000093e+00,6.607358427724038252e-01
9.671270251270001062e-01,1.006931071241434994e+00
7.845839858059999727e-01,7.959186117976323471e-01
4.701859951020000428e-01,7.442741320588602827e-01
5.632782578470000301e-01,6.646722024770115311e-01
2.416239976880000528e-01,8.062673812306798693e-01
2.709859907630000064e-01,5.301984417542593420e-01
1.994680017229999991e-01,5.160330930731912291e-01
1.327169984580000017e-01,4.129257272400118084e-01
4.732620120049999546e-01,3.521061376751044025e-01
6.585559844969999244e-01,5.150991758466553216e-01
9.621880054470001165e-01,5.853781275429370545e-01
5.111979842189999790e-01,7.595015748494872154e-01
9.829789996150001263e-01,5.091631225638748592e-01
9.100099802019999684e-01,9.338199593374333363e-01
1.026576042179999870e+00,8.813720473359946128e-01
8.309389948840000262e-01,9.772935546805967544e-01
9.651920199390001676e-01,8.405479117459453420e-01
1.000543951989999902e+00,1.005326469449078663e+00
1.983185052870000131e+00,1.006196708804511841e+00
1.274855017659999978e+00,1.607280283124246756e+00
1.286525964740000028e+00,1.078307632673127125e+00
1.382244944570000245e+00,1.240259487164962815e+00
1.736924052240000016e+00,1.382251731021048036e+00
1.257668018339999971e+00,1.636234861066749868e+00
7.533379793170000838e-01,1.221877698572290782e+00
1.084908962249999886e+00,9.918526532309224208e-01
1.062494039539999990e+00,1.262989078207966465e+00
7.787629961969999570e-01,1.174477235722101387e+00
8.256469964979999965e-01,8.937867667160850349e-01
9.891830086709999525e-01,9.178279286686067406e-01
1.418092012410000047e+00,1.037220981659184638e+00
1.151677966120000063e+00,1.248378587901968872e+00
1.250364065170000094e+00,1.024986158848697038e+00
8.794019818310000458e-01,1.168071907336061255e+00
1.089423060420000144e+00,9.931597364219257873e-01
1.809062957759999701e+00,1.184779328004624821e+00
8.687390089040000207e-01,1.559108859172843253e+00
8.521729707719999380e-01,8.999098556851621300e-01
1.307837963100000112e+00,9.965818288951833193e-01
1.262575984000000151e+00,1.334586400347761659e+00
7.601559758189999627e-01,1.244601646787544258e+00
1.069887042049999959e+00,8.392163567998863760e-01
8.579840064049999437e-01,1.125711905491983744e+00
1.149323940279999956e+00,9.920098453529666571e-01
1.067142963410000034e+00,1.138593429291431480e+00
7.400619983670000401e-01,1.017224224347150319e+00
6.799880266190000411e-01,8.616019949243786114e-01
7.323921322820000634e-01,8.558549556276748849e-01
8.352749943730000126e-01,9.001382207758960030e-01
6.000829935070000065e-01,8.995814082481953244e-01
1.010563969610000168e+00,6.962403787635629282e-01
7.613970041280000434e-01,9.730247485094980497e-01
7.260069847110000030e-01,7.886262132147773274e-01
1.064324021340000037e+00,8.027411017989563025e-01
5.901079773899998715e-01,1.014819625146340609e+00
7.744659781460000447e-01,7.190434008202598593e-01
7.406870126719998781e-01,8.572584946712862308e-01
8.908360004430001533e-01,8.257727039729004792e-01
7.620100975040000613e-01,9.194457592330095297e-01
7.774500250820000069e-01,7.813933226041492874e-01
5.811070203779999943e-01,8.351899030886587028e-01
7.908779978749999051e-01,7.200510289841263178e-01
8.903719782829999652e-01,8.706221054372762502e-01
7.882059812549999656e-01,8.818579605992681314e-01
7.301949858670000459e-01,8.022921142472820843e-01
9.248933196070000529e-01,7.830592586964515434e-01
1.265586972239999941e+00,9.425826736493857494e-01
7.884140014650000694e-01,1.130135847664966775e+00
9.180610179899999501e-01,8.005892487501403698e-01
6.569269895549999516e-01,9.635524879065163750e-01
8.252680301670000107e-01,8.312901313094229749e-01
4.257229864599999525e-01,9.515456576456975402e-01
9.114630222319999309e-01,6.242591200338430957e-01
7.238519787790000937e-01,9.515381381058326538e-01
9.657319784160000031e-01,7.493429090474903465e-01
7.194200158119999911e-01,9.204913446354650031e-01
7.146480083470000411e-01,7.423285469942514370e-01
6.188799738879999790e-01,8.234250091152397477e-01
8.502969741820000094e-01,7.529523424727754266e-01
6.113014817240000065e-01,9.040932465358544334e-01
8.405809998509999881e-01,6.949811908559672124e-01
5.909900069240000553e-01,8.593735772873632994e-01
1.191807866100000002e+00,6.865701367529868371e-01
1.072478055950000009e+00,1.093533310628773458e+00
7.976800203319999172e-01,9.446799864294717075e-01
7.140370011329999489e-01,8.316937319568078468e-01
8.885610103609999921e-01,8.401543412411435208e-01
7.367290258409999737e-01,1.003189010167095496e+00
9.655410051350000744e-01,8.364929435343212427e-01
8.569459915160000385e-01,9.517460203989658307e-01
5.838339924809999859e-01,8.653824970846029085e-01
3.047562122340000457e+00,7.301825897044986746e-01
8.865389823909999301e-01,2.274688115355806506e+00
1.186460971829999878e+00,7.218110747939202598e-01
8.750730156899999557e-01,1.215150729345369829e+00
1.111973047260000014e+00,1.136357206585016488e+00
6.929270029070000447e-01,1.384114283010651203e+00
5.632749795910000357e-01,8.268374738831114623e-01
5.519689917560000048e-01,8.023530655507374876e-01
9.211350083349998386e-01,7.643275907267957914e-01
5.465030074119999748e-01,9.598980087833546282e-01
9.997850060459999577e-01,6.202413622595345233e-01
7.512239813800000166e-01,9.367291534718306112e-01
8.402569890019999654e-01,7.648997982741913004e-01
7.843149900439999600e-01,8.776799347216467373e-01
5.915480256080000165e-01,8.240946708816170307e-01
6.109840273859999948e-01,7.499549190222045691e-01
9.328789710999999540e-01,7.510398461599356867e-01
7.992020249369999885e-01,9.367949264591158842e-01
9.833549857140000405e-01,7.942460316992568936e-01
5.405290126799999761e-01,9.169687396641125199e-01
1.093670010570000128e+00,6.671288533376381613e-01
9.266330003740002041e-01,1.084704463207844638e+00
7.972419857979999858e-01,9.069950744989491165e-01
5.896059870719999596e-01,8.508417609129340642e-01
7.799540162090000672e-01,7.338853821755336737e-01
5.182790160179999717e-01,9.149659790006724469e-01
7.263879776000000676e-01,6.833116074651186533e-01
6.216366887090000182e-01,8.010124407532653867e-01
8.810679912569999717e-01,6.947992859791286557e-01
7.315016984940000411e-01,8.701512962916285732e-01
9.703850150110000516e-01,7.379774665156857427e-01
8.715350031849999901e-01,9.321322566151426514e-01
5.505740046500000595e-01,8.591876478812061624e-01
2.576299905780000121e-01,7.072892797765429895e-01
6.952109932899999123e-01,5.607428923142498967e-01
3.547430038449999601e-01,8.505089981420208556e-01
1.308350920679999918e+00,5.265768508256242209e-01
1.424710035319999957e+00,1.084858784825836864e+00
2.422243118290000385e+00,1.059399357767849770e+00
1.588093161580000023e+00,1.754458939121127381e+00
2.882889986040000352e+00,1.243912013168145148e+00
1.510810017590000109e+00,2.334368095808897259e+00
5.103110075000000245e-01,1.468349222705989554e+00
6.637499928469999810e-01,1.068978909789408460e+00
5.865659713749999948e-01,1.210830751814215622e+00
9.182999730109998593e-01,1.091317513981269638e+00
1.126363039020000123e+00,9.956181333915041787e-01
9.455379843710000065e-01,9.630178175361576720e-01
7.979699969290000583e-01,8.709220454160440106e-01
8.895260095600000527e-01,8.454869537225289111e-01
5.017459988589999531e-01,9.754665814695269166e-01
7.889080047609999813e-01,7.264754048983836920e-01
5.571460127830000220e-01,8.969522710697908074e-01
8.079270124439998924e-01,6.934809435595954419e-01
7.382910251620000697e-01,8.495668942831825499e-01
6.742079854009999096e-01,7.498114640431823297e-01
8.787713646889999675e-01,7.461957509010186396e-01
7.401880025859999268e-01,8.712777133308021726e-01
8.886500000949999478e-01,7.908120960093981688e-01
7.983270287510000340e-01,8.900215256843766465e-01
5.137799978260000344e-01,8.296904588515858769e-01
7.760372757910000141e-01,6.862862948184932366e-01
8.528280258179999906e-01,8.641869882772347244e-01
7.851629853249999513e-01,8.763874785307336213e-01
8.431609868999999646e-01,7.967456178642874365e-01
1.024798870089999925e+00,8.376851709822598080e-01
8.044279813770001120e-01,9.862788184978449335e-01
8.841310143469999216e-01,8.420772616511852382e-01
3.615649938579999501e-01,9.212267874106182530e-01
1.171491026879999842e+00,6.127469009088328811e-01
4.477910101410000343e-01,1.154918945187014989e+00
7.665730118750000432e-01,5.830378702076138842e-01
7.735599875449999940e-01,8.425588438723782270e-01
1.054823040959999902e+00,7.980407143895792421e-01
7.843300104139999673e-01,1.012804289742416985e+00
1.034250974660000155e+00,7.612857571019442382e-01
1.096979022029999973e+00,1.004965439647817593e+00
7.633029818529999400e-01,1.040042244905329483e+00
5.883730053899999257e-01,8.531676078526420071e-01
6.365630030629999547e-01,7.748419352630768753e-01
5.750700235369999858e-01,8.390711640608958799e-01
5.399640202519999654e-01,7.503411938959316796e-01
1.324671149250000068e+00,6.670637303145532382e-01
8.178460001949999780e-01,1.125323899924169480e+00
6.359609961509999909e-01,7.414220585419325493e-01
8.135920166969999867e-01,7.207338300039771717e-01
9.872140288350000903e-01,9.069174305189963148e-01
9.839289784429998686e-01,1.028955718271619801e+00
5.904790163040000150e-01,9.277863684177386494e-01
8.986790180209999201e-01,6.988858220495627327e-01
6.268000006680000125e-01,9.688766931234156221e-01
6.926850080490000172e-01,7.721557084653175584e-01
5.757049918169999669e-01,8.062831211121649355e-01
6.764680147170000213e-01,6.939018391314507594e-01
8.279470205309999997e-01,7.786501004614608812e-01
6.547859907149999881e-01,8.227551118688827270e-01
1.085815548900000094e+00,7.052565937832926402e-01
8.509550094600001335e-01,9.911022919832113143e-01
8.879359960559999321e-01,8.315103464262352251e-01
6.557850241659999302e-01,9.051036764490347775e-01
6.597809791559999804e-01,7.758718655917636875e-01
8.856279850010000398e-01,8.313752505358982248e-01
7.502999901769999980e-01,9.235243267615733664e-01
9.303160309790000637e-01,7.958518077400486002e-01
7.259460091590000941e-01,9.012514504385302772e-01
7.123904824259998936e-01,7.815471997948123528e-01
9.326570034029998402e-01,8.187294193297807166e-01
6.544970273969999974e-01,9.438620908803632137e-01
4.987269937989999846e-01,7.526389782378717364e-01
9.782410264020000579e-01,6.675673308467625633e-01
5.593240261080000275e-01,9.803155953741743422e-01
8.733990192409999409e-01,6.658920607711154016e-01
6.232500076290000690e-01,8.687904659152596576e-01
6.319249868390000024e-01,6.992514973351529051e-01
8.335350155830000274e-01,7.629196207644518557e-01
8.613430261610000027e-01,8.480376322242980658e-01
1.036013007159999999e+00,8.596633353766818253e-01
6.160370111469999355e-01,9.435960451636082880e-01
9.874529838560001105e-01,7.026716867062227090e-01
6.686739921569999634e-01,1.010889723123267414e+00
6.455339789389999972e-01,7.806636257593574379e-01
1.007030010220000049e+00,7.909856586342157714e-01
7.763000130650000719e-01,9.793603523028596713e-01
9.358490109440000815e-01,8.158881009774278104e-01
6.626719832419999401e-01,9.111749625367824290e-01
1.113351941109999910e+00,7.586376354865651539e-01
5.495319962500000432e-01,1.090136393296930128e+00
9.273632764820001206e-01,6.751519799824611257e-01
8.215330243109999486e-01,9.740850247567791609e-01
9.193540215490000334e-01,8.560635195957195798e-01
6.899859905239998925e-01,9.423723134345639574e-01
6.497738957409999738e-01,7.556767135049776707e-01
9.705049991610000815e-01,7.982583680456578623e-01
8.034440279009998909e-01,9.786381772165814175e-01
8.920990228650002019e-01,8.290008930705148327e-01
7.462270259859999921e-01,8.830439178324274163e-01
1.495407462120000197e+00,8.110358593058746290e-01
7.597569823270000633e-01,1.312270000091031896e+00
9.677280187610000084e-01,7.736671376656925059e-01
1.126011013979999920e+00,1.012010598635658676e+00
7.641419768330000029e-01,1.116542419614050985e+00
1.423818945879999909e+00,9.053832708269944352e-01
8.309190273280000483e-01,1.275121621574344832e+00
5.316870212550000030e-01,8.793217987739253561e-01
6.942920088770000442e-01,7.701328063109248445e-01
1.097100019450000019e+00,8.886600007836795712e-01
8.623710274700000511e-01,1.115203611203388290e+00
9.711959958080000899e-01,8.229913883656972962e-01
7.501904964450000213e-01,9.185633797237229281e-01
5.659890174870000346e-01,8.340004589189645712e-01
7.235890030859999378e-01,7.749931884023912865e-01
1.088876962660000114e+00,8.523974946525681995e-01
2.614549994470000138e-01,1.034532079814133754e+00
1.923168003559999895e-01,4.541117843418914779e-01
2.048390060660000012e-01,5.064290264568477307e-01
3.752999901769999980e-01,5.309072437206376893e-01
1.878910064700000104e-01,5.723626412492193172e-01
4.178839921949999980e-01,3.128332127099247018e-01
6.128349900249999704e-01,4.736947324592179487e-01
4.822100102900000462e-01,5.811494952364796296e-01
8.136649727820000066e-01,5.017278814694030586e-01
8.997989892959999958e-01,7.332215665674032268e-01
7.667459845540000041e-01,8.059042332171271195e-01
6.762999892229999421e-01,7.530388748890504136e-01
9.804093837739999984e-01,7.417311401451116559e-01
1.075533032420000090e+00,9.841849242270234166e-01
6.459739804270000496e-01,1.003473163005239366e+00
7.601699829100000416e-01,7.244777245613223116e-01
8.707180023190000950e-01,8.658065611785524807e-01
1.045557022089999899e+00,9.480389841001090057e-01
4.832339882850000268e-01,1.010286600220478226e+00
1.085988998409999962e+00,6.141281750600118272e-01
7.320979833600000930e-01,1.074306658766472244e+00
7.128990292550000385e-01,8.034878062491447315e-01
1.045389056210000112e+00,8.174521979035486163e-01
7.359200119969999676e-01,9.955929652217025971e-01
8.956930041310000590e-01,8.153646573879453907e-01
8.745509982110000191e-01,9.110404135504134304e-01
9.237470030779999508e-01,9.029405150072472575e-01
9.997780323029999971e-01,9.528537671551895460e-01
1.739534020420000049e+00,9.703737896612623093e-01
8.107889890670000321e-01,1.441021613821896974e+00
7.049050331119999235e-01,8.167485906488294312e-01
8.328269720080000438e-01,9.014505383050062104e-01
8.276600241660000412e-01,1.030717581379978265e+00
8.953109979629999549e-01,9.923894981408636351e-01
1.459501028060000039e+00,8.974507548772077126e-01
1.179519057270000060e+00,1.238040864799121010e+00
1.443411946299999915e+00,1.039445662238168921e+00
1.306735038760000078e+00,1.274891036328396288e+00
7.634999752040000365e-01,1.232648014852109730e+00
1.145148038860000161e+00,9.716002507625552953e-01
7.253450155259999477e-01,1.237257229135896974e+00
7.633590102199999672e-01,9.294575827326587714e-01
6.174820065499999622e-01,9.261819411270580948e-01
1.029322981830000039e+00,7.775998801583288156e-01
1.302055954929999926e+00,1.043475461254856684e+00
3.164124965670000122e+00,1.107638121854656488e+00
9.734439849849999549e-01,2.252362528883297799e+00
1.229671001429999855e+00,7.949696737813477521e-01
7.441530227660000385e-01,1.355416399113291481e+00
1.063034057620000139e+00,1.167940413807754929e+00
1.123872041700000102e+00,1.393921712807079771e+00
8.984770178789999173e-01,1.102685065720021784e+00
7.175139784810000698e-01,9.547589676244118140e-01
5.367509722709999931e-01,8.417838296115526253e-01
1.175443053249999981e+00,7.841245116760120482e-01
1.101048946379999949e+00,1.156387511249344024e+00
5.734490156170000130e-01,9.845917077599689593e-01
1.431144952770000200e+00,6.669076351328859786e-01
1.037794947620000130e+00,1.290350789850577051e+00
6.568620204930000206e-01,1.017209501936472860e+00
1.074908018110000141e+00,8.007033296653338628e-01
1.385972023009999887e+00,1.099174755520178515e+00
1.004804968829999812e+00,1.295679979765269163e+00
1.609539985660000116e+00,9.588602863312239988e-01
2.817575931549999524e+00,1.386533523756541264e+00
1.962562561039999931e+00,2.156063271547083104e+00
1.279752016069999998e+00,1.558646782970676270e+00
1.995329976079999845e+00,1.320538802880185436e+00
2.033385992049999924e+00,1.993528584798099024e+00
1.307443976400000096e+00,1.967589843198279009e+00
1.611258029939999892e+00,1.362209556503980235e+00
2.040218114850000042e+00,1.611205319423296478e+00
2.183244943620000100e+00,1.904663969908956922e+00
1.351415991779999937e+00,1.890029053223089450e+00
7.242180109020001089e-01,1.334970009920545708e+00
1.363389015200000109e+00,1.121494771086742892e+00
1.526808977129999967e+00,1.586173936886301483e+00
1.784019589419999940e+00,1.507791407918794402e+00
1.103597044940000105e+00,1.498863729497198261e+00
1.763007998470000004e+00,1.067824534751517840e+00
1.157549023629999896e+00,1.656642661027577068e+00
1.153326034550000045e+00,1.238603324961974117e+00
2.362811088559999551e+00,1.278523772450618656e+00
2.580787897110000007e+00,1.976904876174720771e+00
1.242146968839999976e+00,2.021006755940861765e+00
1.712821006770000265e+00,1.177649577474305653e+00
6.676509976389999323e-01,1.744152974953955049e+00
8.271329998970000652e-01,1.163511728297733638e+00
9.642647504810000214e-01,1.239642469290075155e+00
1.394161701200000048e+00,1.120774822709396767e+00
7.584049701689999923e-01,1.314215897737147198e+00
6.900759935379999765e-01,7.697342788586626350e-01
6.740249991419999809e-01,8.549742597113088038e-01
8.615220189090000424e-01,8.816101984456466978e-01
7.907469868659999790e-01,9.704814980723072138e-01
7.285000085830000138e-01,8.095514876091524092e-01
2.411980032920000017e-01,7.797790395662398399e-01
3.354600071909999981e-01,5.069327741609002125e-01
5.912460088730000507e-01,6.199120027934320598e-01
1.058426976200000036e+00,7.132405649973467821e-01
7.669919729230000316e-01,9.073765981855853591e-01
5.881239771840000019e-01,6.474737634845662004e-01
5.922303199769999305e-01,6.490731053197884570e-01
8.753510117530000079e-01,7.447035118479459204e-01
7.038279771799998974e-01,9.321676904697977495e-01
5.677499771120000371e-01,7.369966060108624761e-01
7.133870124819999825e-01,6.652717918778393580e-01
1.077505946160000061e+00,7.914859852474153135e-01
6.909419894220000247e-01,1.008627670175163527e+00
7.724580168719999973e-01,7.082690217482391359e-01
7.237120270730000859e-01,8.188397012653412244e-01
9.752489924429997847e-01,8.229038920483947583e-01
9.151769876480000399e-01,9.874735111263261977e-01
7.574009895319999686e-01,8.802092719040047752e-01
6.912069916730000374e-01,8.130869634411264091e-01
1.183527946470000147e+00,8.086031390324719403e-01
7.705749869349999281e-01,1.131523202834650688e+00
8.947700262070000798e-01,8.015519027248029227e-01
6.143350005150000070e-01,9.181422810451975725e-01
7.692319750789999855e-01,7.623565695910468065e-01
9.070749878880000061e-01,9.055661553799969621e-01
4.068099856379999713e-01,9.132659540067242787e-01
5.138880014419999753e-01,5.887936527715469381e-01
2.481469959019999838e-01,6.883567444196309060e-01
2.568759918210000159e-01,5.217208188911801603e-01
5.980659723279999618e-01,5.127082207591014962e-01
5.981699824330000137e-01,6.402740630144602152e-01
8.801140189170000294e-01,5.897336387380998080e-01
1.085649013520000095e+00,7.489901146074369187e-01
9.920129775999999566e-01,8.963746406758669183e-01
8.743849992749999078e-01,8.920735598057273341e-01
8.770260214810000621e-01,8.815902790408506329e-01
1.008928894999999937e+00,9.537911122312257017e-01
8.088759779930000393e-01,1.042464469255859782e+00
6.714209914210000907e-01,8.802777720048451382e-01
7.449629902840000373e-01,8.071999288680679063e-01
6.942679882050000195e-01,8.673856486665837418e-01
1.001886010170000008e+00,8.126500043415078034e-01
7.935580015180000446e-01,9.632139658006079186e-01
8.450049161910000439e-01,7.950709181648267787e-01
8.031240105629999793e-01,8.712740597348419547e-01
5.744469761850000689e-01,8.596131415086678551e-01
5.679720044139999757e-01,7.440921807662230769e-01
4.538080096239999195e-01,7.344115077162747252e-01
8.494881391529999215e-01,6.509476807813897592e-01
4.064599871639999473e-01,8.651675520805905961e-01
2.453519999980000310e-01,5.177576755835784361e-01
2.323218107220000217e+00,4.732393954023786931e-01
2.027115583420000089e+00,1.763958180804166886e+00
1.581117987629999888e+00,1.376588428241319439e+00
1.727049946780000012e+00,1.202578518947698738e+00
1.150642037389999928e+00,1.565170570703974029e+00
1.607933998109999818e+00,1.405813695852584644e+00
1.331233978270000007e+00,1.649172766523533840e+00
1.221642017359999999e+00,1.361331092583780711e+00
1.583541989330000010e+00,1.293824720029980835e+00
1.608662128450000006e+00,1.486964654646488748e+00
2.185653924939999992e+00,1.491279232080298334e+00
2.989559888840000124e+00,1.818185292962943622e+00
7.574499845500000106e-01,2.304648007084495021e+00
1.811344027520000122e+00,9.535311043242770124e-01
1.527951955800000094e+00,1.903993871801352711e+00
8.892235755919999374e-01,1.682475306819411598e+00
