7.274609804150000691e-01,1.023700952529907227e+00
7.892770171170000459e-01,9.245278239250183105e-01
6.237750053410000550e-01,1.013588905334472656e+00
6.914690136910000007e-01,8.782326579093933105e-01
8.557710051540000640e-01,9.362076520919799805e-01
7.093830108640000187e-01,9.905356168746948242e-01
1.014547944070000041e+00,8.716597557067871094e-01
1.115731000900000103e+00,1.090330123901367188e+00
4.182830154900000208e-01,1.098586797714233398e+00
1.002280950550000105e+00,7.025233507156372070e-01
1.218860983849999968e+00,1.178194642066955566e+00
1.143296003339999922e+00,1.160229325294494629e+00
6.528189778330000248e-01,1.145266532897949219e+00
6.746559739110000731e-01,8.858777284622192383e-01
6.009536385540000802e-01,9.792675375938415527e-01
6.694570183749999348e-01,8.765581846237182617e-01
6.538079977039999990e-01,9.099599719047546387e-01
7.814120054240000224e-01,8.567284345626831055e-01
1.206303954120000022e+00,9.293075203895568848e-01
8.469259738919999725e-01,1.161711096763610840e+00
8.286409974099999687e-01,9.023846387863159180e-01
6.482390165329999787e-01,1.004993200302124023e+00
5.623700022700000023e-01,8.787066340446472168e-01
7.183309793469999649e-01,8.553028106689453125e-01
1.099647998810000082e+00,9.294266700744628906e-01
9.541710019110000163e-01,1.116683602333068848e+00
7.290139794350000146e-01,9.813796877861022949e-01
6.694499850270000385e-01,9.124189019203186035e-01
8.631219863889999511e-01,9.078980684280395508e-01
6.464660167689999515e-01,1.018812537193298340e+00
8.223180174830000411e-01,8.450639247894287109e-01
9.235979914669999458e-01,9.949728250503540039e-01
8.300920128820000743e-01,1.004390358924865723e+00
1.067314028740000031e+00,9.517614841461181641e-01
1.546175003050000107e+00,1.124283194541931152e+00
6.827279925350000500e-01,1.388466954231262207e+00
6.385620236399999206e-01,8.362888097763061523e-01
6.464239954950000699e-01,1.000087141990661621e+00
6.881093978879999629e-01,9.289125800132751465e-01
7.273989915849999877e-01,9.324138164520263672e-01
6.500350236890000133e-01,9.166898131370544434e-01
8.693690299990000092e-01,8.496656417846679688e-01
4.408580064769999640e-01,9.886252880096435547e-01
4.518609941010000575e-01,6.845960617065429688e-01
7.575070261959999662e-01,7.739645242691040039e-01
4.952389895920000229e-01,9.083896279335021973e-01
6.850870251659999521e-01,6.969766020774841309e-01
7.243813276289999825e-01,8.716677427291870117e-01
8.653740286830000628e-01,8.413807153701782227e-01
7.400469779970000328e-01,9.473611116409301758e-01
8.070759773250000269e-01,8.610895276069641113e-01
8.204330205920000729e-01,9.489282965660095215e-01
1.114411950110000049e+00,9.456116557121276855e-01
1.108605027200000093e+00,1.139498710632324219e+00
4.751499891279999943e-01,1.103763461112976074e+00
1.039268016820000140e+00,7.629518508911132812e-01
9.457899928089998909e-01,1.207264542579650879e+00
7.877500057220000462e-01,1.005651473999023438e+00
3.504549860949999762e-01,9.743644595146179199e-01
9.367713332179998797e-01,7.135441899299621582e-01
9.868059754369999936e-01,1.115119934082031250e+00
6.470239758489999549e-01,9.998342394828796387e-01
1.029777050020000084e+00,8.367117047309875488e-01
1.187446951870000156e+00,1.126249790191650391e+00
9.328820109370000724e-01,1.147970438003540039e+00
7.528370022769999004e-01,1.019475102424621582e+00
6.420040130619999452e-01,9.754684567451477051e-01
2.307340055699999559e-01,9.197999238967895508e-01
4.714997112749998998e-01,6.583983302116394043e-01
8.772729635240000823e-01,8.247289657592773438e-01
7.876309752460000091e-01,9.620119333267211914e-01
2.742219865320000283e-01,8.501242399215698242e-01
3.992269933219999567e-01,5.860010385513305664e-01
9.923512339589999343e-01,7.348107099533081055e-01
7.627239823340000724e-01,1.025812506675720215e+00
7.200859785079999353e-01,8.064268231391906738e-01
6.264780163759999798e-01,8.779628872871398926e-01
7.269890308380000388e-01,8.210713267326354980e-01
9.301019906999998810e-01,9.055373072624206543e-01
6.872699856759999504e-01,1.005080103874206543e+00
8.662552833559999943e-01,8.406800627708435059e-01
8.352038264269999734e-01,1.010843515396118164e+00
9.402499794960000878e-01,9.476531744003295898e-01
1.023357987399999836e+00,1.040513157844543457e+00
7.322629690170000538e-01,1.078006982803344727e+00
9.300749897960000068e-01,9.097111821174621582e-01
8.702930212019999168e-01,1.087798714637756348e+00
5.104020237919999481e-01,9.961699247360229492e-01
1.025817990299999982e+00,8.028909564018249512e-01
4.551239907739999535e-01,1.155136466026306152e+00
7.345349788670000324e-01,6.880549788475036621e-01
7.012919783589999234e-01,9.828438162803649902e-01
1.014386057849999911e+00,8.521738648414611816e-01
1.123770236970000225e+00,1.074727177619934082e+00
4.825370013710000294e-01,1.089702129364013672e+00
4.689320027829999571e-01,7.308411002159118652e-01
8.755196928980000237e-01,8.374429941177368164e-01
1.145424962039999883e+00,1.022469282150268555e+00
1.943787455559999877e+00,1.113896250724792480e+00
1.557039022450000143e+00,1.600608348846435547e+00
2.104775905609999942e+00,1.311152577400207520e+00
1.062240004540000005e+00,1.841812133789062500e+00
7.867829799650000178e-01,1.154689192771911621e+00
2.247971057890000068e+00,1.230760455131530762e+00
5.664669871329999218e-01,2.062976837158203125e+00
8.389729857439999217e-01,7.834811210632324219e-01
3.188189864160000386e-01,1.298559308052062988e+00
6.386680006980000046e-01,7.501994371414184570e-01
7.540266513819999794e-01,1.013128399848937988e+00
1.085826039310000102e+00,9.186750650405883789e-01
6.014299988750000381e-01,1.107161045074462891e+00
6.923220157619999204e-01,7.596580982208251953e-01
8.782439827919999997e-01,9.284805655479431152e-01
1.279224038119999962e+00,9.852583408355712891e-01
7.251669764520000117e-01,1.220818400382995605e+00
4.283109903339999969e-01,8.473917245864868164e-01
7.012249827380000466e-01,8.022799491882324219e-01
8.846225738529999161e-01,9.585843682289123535e-01
7.809653878210001121e-01,9.897279143333435059e-01
9.259700179099999984e-01,9.072456359863281250e-01
9.178640246389999646e-01,1.025441288948059082e+00
9.073020219800000952e-01,9.975628256797790527e-01
4.099450111390000040e-01,1.017988085746765137e+00
8.741459846500000408e-01,7.229929566383361816e-01
1.231343984599999830e+00,1.079317092895507812e+00
7.683960199359999299e-01,1.172227621078491211e+00
9.357339143749998644e-01,8.815242052078247070e-01
7.523270249369999885e-01,1.092131853103637695e+00
6.247839927670000293e-01,9.246402978897094727e-01
1.977947235110000035e+00,8.938116431236267090e-01
2.476479291920000048e+00,1.712630867958068848e+00
6.822599768639999729e-01,1.831340312957763672e+00
1.294077992440000102e+00,8.411545157432556152e-01
2.116506099700000032e+00,1.575082421302795410e+00
2.030230045320000176e+00,1.860885262489318848e+00
1.727593064309999926e+00,1.761783838272094727e+00
1.321619033810000010e+00,1.673166990280151367e+00
1.114274978639999913e+00,1.495715141296386719e+00
1.618482947350000201e+00,1.411379575729370117e+00
1.102354049679999948e+00,1.690594673156738281e+00
8.501269817350000091e-01,1.249333977699279785e+00
6.531813144679999850e-01,1.188633203506469727e+00
6.168276071549999573e-01,1.021710395812988281e+00
1.023204803470000090e+00,9.679073095321655273e-01
1.176781058310000017e+00,1.156013965606689453e+00
1.108754038809999898e+00,1.156284689903259277e+00
9.838110208509999177e-01,1.124983668327331543e+00
1.829927563670000312e+00,1.086705446243286133e+00
1.342131018639999951e+00,1.639007449150085449e+00
1.265669584270000092e+00,1.234146118164062500e+00
7.930377125740000199e-01,1.370123028755187988e+00
1.030689358710000114e+00,1.067552685737609863e+00
8.210232257839999992e-01,1.280349850654602051e+00
1.099169254300000009e+00,1.043699264526367188e+00
5.255355238910000004e-01,1.240711569786071777e+00
7.758393883709999717e-01,8.016176819801330566e-01
7.209759950640000081e-01,1.049666285514831543e+00
8.666771054269999386e-01,9.007331132888793945e-01
8.462041020389999835e-01,1.010287761688232422e+00
7.614132165909999195e-01,9.570685029029846191e-01
6.587246060370000045e-01,9.261106252670288086e-01
1.078659296040000104e+00,8.749191761016845703e-01
1.281940340999999872e+00,1.140381574630737305e+00
6.600005030629999547e-01,1.195723176002502441e+00
1.112500548360000119e+00,8.404605984687805176e-01
6.280704736709999958e-01,1.242561101913452148e+00
6.864575743680000341e-01,8.311265707015991211e-01
9.000409841540001343e-01,9.799860715866088867e-01
7.342569231990000445e-01,1.036764502525329590e+00
1.011121273039999879e+00,9.013793468475341797e-01
8.827599883079999543e-01,1.102934718132019043e+00
7.521411776540001259e-01,9.686185121536254883e-01
9.489411115649999395e-01,9.426809549331665039e-01
6.799052953720000625e-01,1.073866128921508789e+00
7.211565971369999772e-01,8.716819286346435547e-01
6.504104733470000843e-01,9.522214531898498535e-01
7.167106270790000178e-01,8.683306574821472168e-01
9.056316018100001308e-01,9.146838188171386719e-01
6.526464819910000603e-01,1.001562714576721191e+00
7.056654095649999014e-01,8.233225345611572266e-01
6.581057906149999637e-01,9.123928546905517578e-01
6.592794060709999959e-01,8.517583608627319336e-01
6.634064316750000190e-01,8.631629943847656250e-01
7.808002829549999246e-01,8.535820841789245605e-01
7.565907239910000248e-01,9.211671352386474609e-01
9.280405640599999062e-01,8.876799941062927246e-01
7.073829770089999913e-01,1.011191844940185547e+00
3.888399899009999383e-01,8.566158413887023926e-01
3.422417938710000107e-01,7.202705740928649902e-01
2.337300032380000003e-01,7.126460671424865723e-01
1.459127068520000015e-01,6.049537062644958496e-01
3.949534893039999828e-01,5.324960350990295410e-01
9.678409695629999199e-01,6.536493301391601562e-01
7.839220166210000285e-01,9.359931349754333496e-01
8.333759903910000766e-01,7.646389007568359375e-01
9.723259806630000224e-01,9.032896757125854492e-01
6.905210018160000685e-01,9.991195201873779297e-01
1.345324039460000121e+00,8.467159271240234375e-01
7.227010130879999439e-01,1.320178627967834473e+00
6.804850101469999135e-01,8.334813714027404785e-01
7.610610127449999318e-01,9.757518172264099121e-01
8.075709938999999782e-01,9.680647253990173340e-01
5.886639952659999953e-01,9.760741591453552246e-01
9.960750937460000065e-01,8.246968984603881836e-01
1.045413970949999882e+00,1.101154685020446777e+00
4.713059961800000752e-01,1.046650648117065430e+00
1.047140955920000005e+00,7.355338335037231445e-01
1.126214265820000060e+00,1.179987788200378418e+00
2.560461759570000329e+00,1.095433115959167480e+00
7.747610211370000721e-01,2.028760194778442383e+00
7.172060012819999608e-01,7.772760391235351562e-01
8.005080223080000001e-01,1.185658454895019531e+00
5.680390000339999856e-01,1.093563318252563477e+00
1.195780038829999947e+00,9.215097427368164062e-01
7.970449924470000003e-01,1.290135741233825684e+00
4.899359941480000979e-01,9.028187990188598633e-01
9.918130040170001216e-01,8.207638263702392578e-01
7.445690035819999553e-01,1.123074054718017578e+00
6.096370220180000743e-01,8.654615283012390137e-01
8.565919995309999591e-01,8.625684976577758789e-01
8.144299983980000102e-01,1.003682613372802734e+00
7.605929970739999657e-01,9.292988181114196777e-01
9.157519936559999074e-01,9.235116243362426758e-01
7.421634793279999753e-01,1.023539423942565918e+00
7.329360246660000522e-01,8.965107202529907227e-01
8.745691180230000805e-01,9.346382617950439453e-01
9.644910097120000803e-01,1.004917502403259277e+00
1.477671980859999845e+00,1.039452433586120605e+00
6.752679944040000937e-01,1.357920527458190918e+00
5.030400156970000758e-01,8.178658485412597656e-01
7.066659927370000371e-01,8.981660604476928711e-01
2.968195915220000369e+00,9.689059853553771973e-01
1.255300998690000114e+00,2.292767763137817383e+00
4.084815025330000182e+00,9.595766067504882812e-01
1.692322969440000158e+00,3.189002752304077148e+00
4.121052026750000041e-01,1.314001321792602539e+00
1.035750985149999970e+00,1.211273193359375000e+00
6.408920288089999806e-01,1.578117847442626953e+00
7.065470218660000468e-01,1.087526440620422363e+00
1.060830354689999977e+00,1.125157713890075684e+00
1.880954027180000265e+00,1.200715780258178711e+00
1.886373996729999947e+00,1.611416578292846680e+00
1.328773975370000082e+00,1.528839826583862305e+00
3.931840062139999592e-01,1.308720588684082031e+00
6.382430195809999374e-01,8.748850822448730469e-01
1.045531988140000035e+00,1.123943805694580078e+00
6.588029861449999913e-01,1.209161758422851562e+00
8.046740293499999863e-01,8.835513591766357422e-01
8.740410208700001293e-01,1.026288151741027832e+00
8.532550334930000258e-01,9.921255707740783691e-01
8.952109813690000140e-01,9.780496954917907715e-01
7.301589846610000434e-01,1.011109471321105957e+00
4.149410128589999802e-01,9.098783731460571289e-01
2.700940072540000125e-01,7.485952377319335938e-01
4.911319911479999356e-01,6.797490715980529785e-01
5.079169869420000483e-01,7.808340191841125488e-01
1.224020004270000017e+00,7.150192260742187500e-01
1.267657995220000222e+00,1.151001095771789551e+00
2.633487939829999736e+00,1.079837322235107422e+00
3.999615430830000040e+00,2.018688678741455078e+00
6.651418209080000032e+00,2.756914854049682617e+00
2.102678060530000170e+00,4.487392425537109375e+00
1.283689975739999989e+00,1.732004284858703613e+00
1.291347503659999951e+00,2.226954698562622070e+00
1.353754043579999733e+00,2.038103580474853516e+00
2.390191078189999985e+00,1.905920386314392090e+00
1.461441040039999972e+00,2.340357303619384766e+00
1.599208951000000045e+00,1.502528786659240723e+00
1.471150994300000070e+00,1.751696944236755371e+00
1.298205018039999992e+00,1.544459462165832520e+00
1.579622030259999921e+00,1.465319633483886719e+00
1.360355019570000268e+00,1.635398268699645996e+00
8.036410212519999874e-01,1.430645942687988281e+00
4.276689887049999750e-01,1.129607796669006348e+00
2.694070041180000041e-01,9.338498711585998535e-01
3.897170126439999938e-01,7.962410449981689453e-01
4.179170131680000067e-01,7.947506308555603027e-01
1.546036005019999937e+00,7.132270932197570801e-01
1.017611026760000037e+00,1.364819049835205078e+00
8.653150200839999640e-01,8.740563988685607910e-01
6.194109916690000439e-01,1.000984549522399902e+00
8.454149961469999974e-01,8.599705100059509277e-01
8.048596382139999728e-01,1.047344684600830078e+00
1.435889005660000217e+00,9.567146301269531250e-01
2.565752029420000024e+00,1.363919973373413086e+00
6.206179142000000759e+00,1.967641234397888184e+00
9.309499859810000943e-01,4.150821208953857422e+00
9.077759981159999603e-01,7.215639948844909668e-01
4.609797894950000141e-01,1.861991286277770996e+00
5.264570117000000327e-01,1.210658311843872070e+00
7.942249774930000283e-01,1.251936078071594238e+00
9.704009890559999185e-01,1.178746819496154785e+00
6.695889830590000535e-01,1.136855602264404297e+00
6.997730135920000594e-01,8.715881109237670898e-01
6.903669834139999351e-01,9.210963249206542969e-01
6.361600160600000553e-01,8.733099699020385742e-01
9.726700186730000697e-01,8.475781083106994629e-01
6.393389701839999884e-01,1.053732991218566895e+00
5.123779773709999930e-01,7.958359718322753906e-01
5.699130296709999932e-01,8.025004267692565918e-01
8.318089842800000522e-01,8.200600147247314453e-01
4.694110155110000071e-01,9.531098008155822754e-01
9.054309725759999150e-01,6.884455680847167969e-01
8.482750058169999940e-01,1.030162334442138672e+00
6.566630005839999562e-01,8.978164196014404297e-01
6.324055790899999474e-01,8.432402610778808594e-01
3.268550038340000130e-01,8.560939431190490723e-01
3.047409951689999952e-01,6.611043810844421387e-01
2.159480005499999911e-01,6.779448986053466797e-01
2.148479968310000043e-01,5.731483101844787598e-01
1.512310057880000003e-01,5.562135577201843262e-01
4.153338372709999837e-01,4.808247983455657959e-01
7.344200015070000420e-01,6.303910613059997559e-01
9.913370013240000445e-01,7.685981392860412598e-01
7.910000085830000138e-01,9.134126305580139160e-01
7.429170012469999973e-01,8.134739995002746582e-01
7.426548600200000294e-01,8.797562718391418457e-01
8.799139857289999256e-01,8.996368646621704102e-01
7.376829981800000491e-01,9.970201253890991211e-01
1.240342974660000097e+00,8.946230411529541016e-01
8.343409895899999151e-01,1.240432500839233398e+00
3.054729998110000122e-01,9.122987985610961914e-01
8.929460048680001316e-01,7.097259759902954102e-01
1.285866022110000007e+00,1.102651119232177734e+00
4.146400094030000538e-01,1.197851538658142090e+00
1.090137004850000091e+00,6.573482751846313477e-01
5.923830270769999684e-01,1.235768198966979980e+00
3.773260116580000045e-01,7.562844753265380859e-01
2.693597316740000469e+00,7.649531960487365723e-01
2.288666009900000020e+00,2.143139123916625977e+00
8.955270051960001476e-01,1.582960844039916992e+00
8.070570230480000884e-01,1.067028045654296875e+00
1.194862961769999954e+00,1.248608589172363281e+00
8.929409980769997812e-01,1.403672218322753906e+00
9.776080250740000199e-01,1.120172023773193359e+00
1.832507014270000179e+00,1.202619194984436035e+00
1.403792977329999747e+00,1.656661033630371094e+00
7.223749756810000644e-01,1.275548219680786133e+00
6.599410176280000595e-01,1.014170765876770020e+00
7.407349944109999917e-01,1.050842761993408203e+00
5.553659796709999874e-01,1.037568092346191406e+00
1.236768960949999885e+00,8.657772541046142578e-01
6.214020252229999208e-01,1.275629281997680664e+00
7.108730077739999764e-01,7.606903314590454102e-01
3.064779937269999643e-01,9.682133197784423828e-01
6.473349928859999380e-01,6.434102058410644531e-01
5.458269715310000159e-01,9.151850938796997070e-01
1.024247765539999966e+00,7.385366559028625488e-01
8.176820278170000567e-01,1.067420721054077148e+00
7.440620064740001149e-01,8.563115596771240234e-01
7.367150187490000279e-01,9.067106842994689941e-01
5.768560171130000525e-01,9.063361287117004395e-01
9.152600169179998524e-01,8.163828253746032715e-01
1.137029051779999911e+00,1.042261123657226562e+00
4.960080087179999930e-01,1.110360264778137207e+00
4.941360056399998757e-01,7.250424623489379883e-01
8.834533095360000976e-01,8.449349999427795410e-01
1.271524906160000024e+00,1.017989516258239746e+00
8.864369988439999570e-01,1.190722227096557617e+00
8.988280296330001251e-01,9.349737763404846191e-01
9.049779772759999341e-01,1.056020259857177734e+00
8.299319744109999730e-01,1.040160775184631348e+00
8.756300210950000995e-01,1.004127264022827148e+00
5.502920150760000073e-01,1.038935899734497070e+00
1.073919415470000027e+00,8.218932151794433594e-01
8.491920232770000521e-01,1.183810472488403320e+00
6.393229961399998773e-01,9.278163313865661621e-01
7.995309829709998928e-01,8.831408619880676270e-01
9.646000266079999275e-01,9.872525930404663086e-01
8.413559794430000016e-01,1.045988202095031738e+00
7.011449933050000194e-01,9.578092098236083984e-01
7.240070104600000445e-01,9.081684350967407227e-01
1.010308027270000020e+00,9.337663054466247559e-01
6.538060307499999890e-01,1.090104579925537109e+00
7.932850122450000319e-01,8.281818032264709473e-01
6.538396477699999210e-01,9.932259917259216309e-01
1.160789966579999888e+00,8.514122366905212402e-01
8.085789680480000019e-01,1.194325804710388184e+00
3.743770122530000188e-01,8.884321451187133789e-01
2.556999921800000020e-01,7.341115474700927734e-01
4.893150031570000502e-01,6.872635483741760254e-01
1.151844024660000132e+00,7.880147099494934082e-01
7.372779846189999597e-01,1.114308476448059082e+00
1.088750958439999916e+00,7.729388475418090820e-01
1.975852966309999514e+00,1.126213431358337402e+00
8.547700047490001118e-01,1.607628941535949707e+00
7.977370023729999371e-01,8.771200180053710938e-01
1.052428960799999924e+00,1.129379034042358398e+00
3.179450988770000208e+00,1.209914445877075195e+00
1.797067999840000319e+00,2.472854614257812500e+00
1.056702017779999947e+00,1.372878551483154297e+00
8.751260042189999977e-01,1.369157195091247559e+00
6.645399928090000019e-01,1.289001226425170898e+00
7.571684122089999969e-01,1.120328903198242188e+00
1.368484020229999931e+00,1.121479034423828125e+00
9.052469730380000579e-01,1.397008657455444336e+00
1.032060980800000083e+00,9.885396957397460938e-01
6.141330003739999821e-01,1.177314877510070801e+00
9.733130335809998535e-01,8.578857183456420898e-01
6.452289819719999597e-01,1.156587600708007812e+00
4.894390106200000035e-01,8.490823507308959961e-01
8.408679962160000576e-01,8.265522122383117676e-01
7.771940231319999226e-01,1.010585427284240723e+00
6.755350232119999854e-01,8.922306895256042480e-01
6.592059731480000018e-01,8.628520965576171875e-01
1.084153056139999904e+00,8.608841896057128906e-01
9.314100146289999715e-01,1.117071866989135742e+00
1.359479665760000122e+00,9.642943143844604492e-01
7.633988261220000515e-01,1.304075717926025391e+00
5.357339978220000409e-01,8.849433660507202148e-01
6.781889796259998882e-01,8.967507481575012207e-01
7.839810252189999273e-01,9.558983445167541504e-01
1.169367671010000054e+00,9.632716774940490723e-01
1.015287995340000027e+00,1.172280073165893555e+00
9.259430170060000131e-01,1.026469945907592773e+00
1.319244027140000108e+00,1.045511722564697266e+00
9.717460274700000511e-01,1.303041934967041016e+00
1.176299691200000108e+00,1.044610261917114258e+00
1.714609026910000056e+00,1.272818684577941895e+00
1.307337045669999975e+00,1.551842331886291504e+00
6.186890006069999393e-01,1.264787197113037109e+00
2.298435926440000276e+00,9.707009196281433105e-01
1.808241009709999902e+00,2.068517446517944336e+00
8.794149756429999742e-01,1.479315400123596191e+00
1.570945024490000064e+00,1.156044006347656250e+00
1.578516006470000121e+00,1.686803460121154785e+00
6.200309991839999535e-01,1.521625876426696777e+00
9.928810000419999726e-01,9.821931123733520508e-01
4.551869928839999413e-01,1.325315713882446289e+00
1.017398953439999865e+00,8.231680393218994141e-01
8.378469943999999892e-01,1.237800836563110352e+00
4.884769916529999589e-01,9.446802139282226562e-01
1.246340990070000210e+00,7.970319390296936035e-01
1.209630966189999990e+00,1.277068972587585449e+00
1.252451062200000020e+00,1.112657546997070312e+00
1.519726991650000025e+00,1.231289505958557129e+00
1.063797950739999942e+00,1.412982583045959473e+00
1.571495056150000069e+00,1.138318896293640137e+00
1.278105020519999968e+00,1.566349267959594727e+00
1.192077994349999948e+00,1.286991119384765625e+00
8.304439187050000060e-01,1.338436603546142578e+00
1.402015686039999931e+00,1.098515152931213379e+00
1.156504034999999986e+00,1.485404133796691895e+00
1.162554860120000200e+00,1.197658061981201172e+00
6.007519960399999581e-01,1.283596038818359375e+00
1.253835797310000055e+00,9.079964756965637207e-01
1.791844010350000183e+00,1.385829925537109375e+00
1.734062552449999961e+00,1.551050066947937012e+00
4.939970970150000085e+00,1.510257124900817871e+00
2.394351005549999911e+00,3.560142278671264648e+00
2.212575912479999740e+00,1.701468586921691895e+00
1.886527061460000043e+00,2.338323831558227539e+00
9.343829751010001017e-01,2.056018829345703125e+00
9.099829792980000942e-01,1.524464845657348633e+00
8.112999796870000724e-01,1.525559782981872559e+00
1.049708962440000004e+00,1.271345496177673340e+00
1.351788043980000076e+00,1.315766215324401855e+00
1.277305960659999906e+00,1.367578506469726562e+00
7.854449748989998925e-01,1.261148571968078613e+00
4.846229851250000165e-01,9.999724626541137695e-01
6.676359772680000582e-01,8.866466879844665527e-01
8.322510123249999836e-01,9.838306307792663574e-01
5.959370136259999340e-01,9.987377524375915527e-01
3.410890102390000123e-01,8.159516453742980957e-01
6.860110163689999707e-01,6.909372210502624512e-01
8.153510093690000682e-01,9.009267687797546387e-01
3.985430002210000322e-01,8.906611800193786621e-01
6.998159885410000225e-01,6.450304985046386719e-01
4.263690114019999533e-01,9.022672772407531738e-01
6.866139769550000382e-01,6.533833742141723633e-01
1.826770007609999913e-01,8.795555830001831055e-01
7.018824815749999946e-01,4.990777075290679932e-01
1.796682000159999681e+00,9.116404652595520020e-01
7.204269766809999753e-01,1.446330428123474121e+00
4.680640101429999755e-01,7.033244371414184570e-01
6.408870220180000743e-01,8.460575938224792480e-01
7.520520091060001189e-01,9.137231111526489258e-01
1.001817584040000098e+00,9.359288215637207031e-01
1.660804033279999814e+00,1.063600659370422363e+00
1.450595021250000061e+00,1.436669707298278809e+00
1.085010051729999869e+00,1.260572552680969238e+00
1.099555015560000015e+00,1.173481106758117676e+00
7.694180011750000325e-01,1.256000041961669922e+00
1.254430413249999932e+00,1.038898587226867676e+00
1.496320962910000052e+00,1.374711871147155762e+00
7.186369895940000196e-01,1.401957392692565918e+00
8.902019858359999649e-01,9.322443008422851562e-01
9.891759753229999452e-01,1.170973062515258789e+00
2.849014520649999938e+00,1.127259731292724609e+00
4.281075000759999583e+00,2.259195327758789062e+00
1.248739004139999942e+00,2.921997785568237305e+00
7.096589803699999699e-01,1.146567702293395996e+00
7.497439980509998936e-01,1.476803183555603027e+00
8.907449841499999188e-01,1.350850939750671387e+00
1.469527959819999952e+00,1.322375416755676270e+00
1.608888030049999918e+00,1.537219285964965820e+00
1.043460965159999976e+00,1.479143619537353516e+00
1.184751033780000018e+00,1.143413782119750977e+00
5.063725113870000127e-01,1.331584453582763672e+00
6.946156024930000283e-01,8.529413938522338867e-01
9.299110174179998634e-01,1.072255134582519531e+00
7.754629850390000190e-01,1.086446166038513184e+00
8.564696311949999696e-01,9.451017975807189941e-01
9.269009828569999554e-01,1.013709545135498047e+00
7.506660223010001021e-01,1.024633526802062988e+00
9.248849749570000611e-01,9.171557426452636719e-01
1.070162653919999984e+00,1.058863043785095215e+00
8.752880096439998869e-01,1.109249114990234375e+00
7.511039972310000756e-01,9.929735660552978516e-01
8.627579808239999037e-01,9.651043415069580078e-01
5.096570253369999692e-01,1.036120653152465820e+00
8.495249748229999343e-01,7.876859903335571289e-01
6.711369752879999817e-01,1.044455647468566895e+00
6.132180094720000030e-01,8.365172743797302246e-01
3.810549974440000098e-01,8.524630069732666016e-01
8.710420131680000067e-01,6.900592446327209473e-01
6.540319919589999698e-01,1.010135650634765625e+00
9.089673757550000843e-01,7.714615464210510254e-01
9.709029793739999414e-01,1.007475137710571289e+00
9.856920242310001079e-01,9.930868148803710938e-01
1.356256246570000101e+00,1.039648771286010742e+00
1.309872984889999925e+00,1.288125634193420410e+00
6.344919800760000506e-01,1.236203789710998535e+00
5.933508276940000492e-01,8.935474157333374023e-01
8.796380162239999523e-01,9.758955240249633789e-01
1.131836414339999930e+00,1.082088470458984375e+00
1.841274023059999765e+00,1.165773510932922363e+00
2.261745929719999992e+00,1.573999285697937012e+00
2.597975969309999744e+00,1.777800083160400391e+00
2.399192094800000064e+00,2.057974576950073242e+00
1.982298016549999931e+00,2.023559570312500000e+00
2.269547939300000206e+00,1.923395514488220215e+00
2.017889976500000238e+00,2.205310583114624023e+00
1.452262043950000026e+00,1.997864842414855957e+00
1.342797994609999934e+00,1.701905131340026855e+00
1.311915040020000145e+00,1.660439014434814453e+00
1.276762008670000226e+00,1.557780861854553223e+00
1.275267004970000118e+00,1.472024440765380859e+00
1.210446000100000141e+00,1.421226024627685547e+00
8.153480291369999966e-01,1.344561576843261719e+00
7.271119952200000291e-01,1.088033556938171387e+00
6.043019890790000126e-01,1.062173008918762207e+00
9.830358624459999417e-01,9.325521588325500488e-01
1.101529002189999940e+00,1.139381885528564453e+00
1.183724999429999869e+00,1.114000439643859863e+00
4.356400072569999726e-01,1.176992535591125488e+00
3.270040154459999959e-01,7.282239794731140137e-01
8.039849996569999879e-01,7.883079051971435547e-01
4.216859936710000145e-01,1.007053017616271973e+00
5.734559893609999515e-01,6.670638322830200195e-01
3.959457874300000291e-01,8.334981799125671387e-01
4.163750112060000119e-01,6.496970653533935547e-01
5.603970289230000290e-01,6.957904100418090820e-01
7.749050259590000156e-01,7.484390139579772949e-01
6.370840072629999629e-01,8.567785620689392090e-01
3.839260041709999793e-01,7.579275369644165039e-01
5.648739933969999516e-01,6.568620204925537109e-01
1.054715037350000051e+00,7.983799576759338379e-01
6.537709832190000681e-01,1.048248171806335449e+00
5.931029915809999942e-01,7.526990771293640137e-01
1.022608995439999946e+00,8.339621424674987793e-01
8.359869718549999273e-01,1.078369498252868652e+00
6.375340223309999832e-01,9.073504805564880371e-01
9.755985140799999789e-01,8.611916303634643555e-01
4.898079931740000337e-01,1.086063742637634277e+00
1.098647952079999879e+00,7.263998985290527344e-01
1.151165962220000116e+00,1.198002219200134277e+00
8.061249852179999120e-01,1.091466069221496582e+00
4.744769930839999872e-01,9.465184807777404785e-01
7.896029949189999897e-01,8.081322908401489258e-01
4.762530028819999539e-01,1.021586060523986816e+00
5.455229878430000179e-01,7.372378706932067871e-01
6.212809681889999158e-01,8.348059654235839844e-01
7.707700133319999036e-01,8.180654048919677734e-01
9.337069988249999675e-01,8.950029611587524414e-01
8.110550045970000843e-01,9.725459218025207520e-01
6.005529761310000048e-01,8.990949392318725586e-01
1.002521038060000036e+00,8.212245106697082520e-01
8.921650052069998171e-01,1.098124384880065918e+00
9.160850048070000584e-01,9.578822255134582520e-01
7.413420081139999729e-01,1.034652829170227051e+00
9.283249974250000758e-01,9.200979471206665039e-01
6.429409980770000033e-01,1.070889115333557129e+00
9.950090050700001187e-01,8.499101996421813965e-01
6.271365880970000140e-01,1.122373580932617188e+00
1.038689017300000073e+00,8.123424649238586426e-01
6.888009905820000611e-01,1.151792168617248535e+00
5.214130282399999095e-01,8.373553156852722168e-01
6.510270237919999481e-01,8.310493826866149902e-01
1.159701943399999990e+00,8.903191685676574707e-01
6.456400156020000169e-01,1.159136056900024414e+00
1.195862650870000099e+00,7.748858332633972168e-01
1.304703950880000018e+00,1.242995619773864746e+00
8.844429850579998975e-01,1.195080399513244629e+00
7.697709798810000725e-01,1.003163099288940430e+00
7.702100276950000213e-01,1.020467758178710938e+00
6.418280005459999771e-01,1.008519649505615234e+00
8.937159776689999058e-01,9.074883460998535156e-01
5.247250199319999364e-01,1.056881308555603027e+00
5.142210125920000374e-01,7.631834745407104492e-01
7.172748446459999982e-01,8.225570917129516602e-01
6.410769820210000525e-01,8.956675529479980469e-01
4.689820110800000941e-01,8.086084723472595215e-01
1.203750014310000171e+00,7.250893115997314453e-01
7.911959886550000709e-01,1.189135551452636719e+00
1.136301159859999910e+00,8.197075128555297852e-01
8.642929792399999256e-01,1.179895758628845215e+00
8.814030289650001126e-01,9.438767433166503906e-01
5.817409753800000249e-01,1.054372549057006836e+00
8.651199936869999885e-01,8.459159731864929199e-01
9.078124761579999813e-01,1.063924074172973633e+00
7.377740144730000615e-01,1.004315853118896484e+00
1.120375037189999867e+00,9.146663546562194824e-01
9.422479867940000142e-01,1.172477245330810547e+00
1.060060024260000011e+00,9.989795088768005371e-01
7.158420085910000008e-01,1.145008802413940430e+00
4.040209949019999969e-01,9.103606939315795898e-01
2.920779883859999648e-01,7.890517115592956543e-01
6.317924261089999938e-01,7.167893648147583008e-01
1.124665260310000026e+00,8.802902102470397949e-01
1.115690946580000009e+00,1.086522936820983887e+00
1.247418999670000028e+00,1.031921029090881348e+00
6.976169943809999996e-01,1.182342886924743652e+00
3.693974971769999893e+00,8.654443025588989258e-01
8.204839825630000361e-01,2.817140102386474609e+00
8.573070168499999921e-01,6.593754291534423828e-01
6.902359724040000311e-01,1.417832851409912109e+00
8.385969996449998964e-01,1.075352787971496582e+00
1.287726998329999928e+00,1.188033699989318848e+00
9.632229804989999034e-01,1.342637062072753906e+00
1.343299984930000024e+00,1.056521534919738770e+00
7.316169738770000874e-01,1.363038063049316406e+00
6.809219717980000697e-01,9.061711430549621582e-01
7.014784216880000089e-01,1.006914138793945312e+00
6.698030233380000142e-01,9.595180153846740723e-01
1.365643024439999964e+00,9.153094291687011719e-01
9.781420230869999344e-01,1.319915890693664551e+00
6.786789894100000442e-01,9.720153808593750000e-01
5.976330041890000055e-01,9.250289797782897949e-01
8.193774819369999962e-01,8.927447795867919922e-01
7.911109924320000042e-01,1.012467622756958008e+00
1.044147372249999872e+00,9.369413852691650391e-01
1.400015950200000026e+00,1.105446577072143555e+00
8.748620152470000244e-01,1.284712672233581543e+00
6.228179931639999944e-01,9.556278586387634277e-01
7.164059877399998610e-01,9.336755275726318359e-01
6.523500084880000660e-01,9.863938093185424805e-01
9.379299879070001067e-01,8.989173769950866699e-01
5.936999917030000296e-01,1.065970659255981445e+00
5.393440127369999448e-01,7.898836135864257812e-01
9.370089769359999377e-01,8.280269503593444824e-01
8.087720274930000341e-01,1.036258816719055176e+00
5.654280185700000239e-01,8.920569419860839844e-01
6.020820140839999723e-01,8.015478253364562988e-01
1.146679997439999932e+00,8.504513502120971680e-01
9.824249744419999431e-01,1.155151844024658203e+00
5.671510100359999917e-01,9.784182310104370117e-01
7.866399884220000027e-01,8.128708004951477051e-01
7.388439774510000557e-01,1.003796339035034180e+00
6.810299754140000106e-01,9.064326882362365723e-01
7.086979746820000203e-01,8.906025886535644531e-01
6.642330288889999323e-01,9.005147218704223633e-01
5.124790072439999733e-01,8.594111800193786621e-01
6.040380001070000393e-01,7.686867117881774902e-01
6.728799939159999521e-01,8.339348435401916504e-01
8.265414834020000656e-01,8.393644094467163086e-01
4.546860158440000355e-01,9.265688061714172363e-01
5.594509840010000179e-01,6.835840344429016113e-01
1.332218050960000122e-01,8.209894895553588867e-01
1.633069962260000063e-01,5.062885880470275879e-01
1.797860413789999778e-01,5.844000577926635742e-01
5.747918486599999932e-01,5.189605951309204102e-01
8.508148789409999413e-01,7.353149056434631348e-01
8.527640104289999634e-01,8.285641074180603027e-01
1.687628030779999788e+00,8.396307826042175293e-01
2.149522066120000297e+00,1.408405900001525879e+00
8.122850060459999577e-01,1.630374431610107422e+00
1.239639997479999867e+00,9.036666154861450195e-01
2.128437280650000041e+00,1.466183543205261230e+00
2.139239072800000141e+00,1.861726284027099609e+00
9.779880046840000452e-01,1.803120851516723633e+00
6.937779784199998856e-01,1.187639713287353516e+00
7.218790054320000094e-01,1.205992460250854492e+00
7.631160020829999002e-01,1.140444993972778320e+00
8.565329909319999713e-01,1.078187704086303711e+00
1.109338045120000116e+00,1.063471794128417969e+00
6.476340293879999654e-01,1.167232155799865723e+00
9.241870045659998922e-01,8.374822139739990234e-01
7.877320051189998784e-01,1.095103383064270020e+00
1.305567026139999864e+00,9.271702766418457031e-01
9.107710123059999940e-01,1.295532584190368652e+00
8.699640035629999657e-01,9.672336578369140625e-01
5.743020176890000217e-01,1.065873503684997559e+00
8.599532246590000373e-01,8.577917218208312988e-01
4.775849878790000003e-01,1.070152640342712402e+00
1.108017444610000179e+00,7.452959418296813965e-01
1.290724992749999966e+00,1.198394298553466797e+00
8.591579794879999898e-01,1.169104218482971191e+00
3.058980107309999807e-01,9.542336463928222656e-01
9.039019942279999942e-01,7.125065326690673828e-01
6.352750062940000220e-01,1.126350402832031250e+00
1.023422956470000145e+00,8.061660528182983398e-01
6.730669736859999919e-01,1.122254252433776855e+00
8.504790067669999454e-01,8.136611580848693848e-01
5.141969919200000128e-01,1.020067453384399414e+00
1.527956604959999964e+00,7.527617216110229492e-01
4.094385623930000051e+00,1.442741632461547852e+00
9.952359795569999390e-01,2.843735933303833008e+00
8.670449852940000923e-01,7.741351723670959473e-01
1.141056060789999993e+00,1.451529502868652344e+00
1.622257947919999888e+00,1.421628355979919434e+00
1.980204939840000566e+00,1.665306925773620605e+00
1.375547051430000112e+00,1.777538061141967773e+00
1.851865053180000054e+00,1.389530658721923828e+00
1.420923948290000016e+00,1.813127875328063965e+00
1.589177966120000285e+00,1.440511465072631836e+00
1.673199415210000041e+00,1.661554813385009766e+00
2.123934030530000072e+00,1.652112126350402832e+00
1.648401975629999905e+00,1.938267469406127930e+00
1.204741954800000014e+00,1.594136238098144531e+00
7.920839786529999538e-01,1.445900201797485352e+00
1.227027416229999890e+00,1.209715604782104492e+00
1.226951003070000157e+00,1.467383980751037598e+00
1.131343960759999989e+00,1.313333868980407715e+00
1.252465009690000075e+00,1.257852196693420410e+00
1.116891980170000132e+00,1.324309825897216797e+00
1.122387051579999850e+00,1.212472677230834961e+00
1.040153026579999862e+00,1.246133327484130859e+00
8.091310262680000420e-01,1.181461215019226074e+00
7.681059837340000751e-01,1.049150943756103516e+00
7.982919812199998910e-01,1.036105155944824219e+00
7.666722536090000428e-01,1.017768383026123047e+00
1.057360053060000027e+00,9.675028324127197266e-01
8.607699871060000563e-01,1.134256243705749512e+00
1.070777058600000053e+00,9.611717462539672852e-01
5.301510095600000527e-01,1.150817275047302246e+00
6.604189872739999467e-01,7.773488163948059082e-01
9.909179806709998983e-01,9.604551196098327637e-01
3.561530113220000016e-01,1.078677415847778320e+00
9.618239998820000691e-01,6.457483768463134766e-01
1.244829058649999931e+00,1.125006198883056641e+00
8.381230235100001202e-01,1.142858028411865234e+00
9.245989918709998090e-01,9.225394725799560547e-01
8.131660223010001021e-01,1.075534582138061523e+00
1.003061056139999963e+00,9.764926433563232422e-01
8.752340078350000496e-01,1.124693751335144043e+00
7.991399765009998823e-01,1.003145694732666016e+00
8.812961578369999938e-01,9.937583208084106445e-01
1.063080191609999892e+00,1.038991570472717285e+00
9.057049751279999672e-01,1.128026962280273438e+00
6.909559965129999926e-01,1.011529803276062012e+00
1.355970025060000195e+00,9.250580668449401855e-01
7.572399973869999856e-01,1.350276112556457520e+00
2.043754577640000125e+00,8.697440028190612793e-01
8.576130270960000690e-01,1.814093112945556641e+00
2.364957094190000220e+00,8.675916194915771484e-01
4.179231166840000178e+00,2.115477800369262695e+00
2.233561992649999883e+00,2.955375432968139648e+00
8.013390302660000630e-01,1.760156035423278809e+00
8.372840285299999463e-01,1.408439040184020996e+00
8.851529955859999133e-01,1.521242618560791016e+00
9.040349721909999303e-01,1.368464708328247070e+00
1.302939534190000082e+00,1.256099700927734375e+00
7.228699922560000157e-01,1.396650314331054688e+00
8.009120225910000279e-01,9.273456335067749023e-01
1.032919287679999965e+00,1.068472266197204590e+00
1.321628212929999879e+00,1.127682209014892578e+00
9.367759823799999275e-01,1.278328657150268555e+00
7.007700204850000336e-01,1.023509383201599121e+00
7.624319791789999634e-01,9.756529927253723145e-01
1.144938945770000105e+00,1.013676047325134277e+00
7.721610069269999599e-01,1.207095384597778320e+00
8.772150278090000697e-01,9.136600494384765625e-01
1.243505001070000171e+00,1.064952731132507324e+00
6.381840109830000385e-01,1.237178206443786621e+00
7.468199729919999807e-01,8.298724889755249023e-01
6.839929819109999976e-01,1.020056962966918945e+00
1.419505119320000119e+00,9.036493897438049316e-01
6.141470074649999500e-01,1.365526795387268066e+00
7.347676754000000976e-01,7.501798868179321289e-01
6.770560145379999062e-01,1.020631194114685059e+00
1.074026942249999950e+00,8.892308473587036133e-01
6.156389713290000287e-01,1.151076316833496094e+00
9.692379832269999440e-01,7.914063334465026855e-01
9.916120171550001361e-01,1.115375757217407227e+00
8.089560270310000023e-01,1.032313704490661621e+00
2.435143947599999859e+00,9.612566828727722168e-01
8.223479986189999869e-01,1.989091515541076660e+00
5.938220024110000272e-01,7.900651097297668457e-01
5.762249827380000466e-01,1.072941303253173828e+00
4.224239885809999429e-01,9.546968936920166016e-01
6.765879988670000511e-01,8.282896876335144043e-01
5.520349740979999531e-01,9.419777393341064453e-01
9.015229940410001142e-01,7.711740732192993164e-01
7.489960193629999763e-01,1.001516938209533691e+00
8.627583980560000754e-01,8.358066678047180176e-01
9.480749964710000199e-01,9.714239835739135742e-01
1.055613875389999956e+00,1.006403446197509766e+00
1.970020055770000278e+00,1.090818762779235840e+00
9.391199946399999554e-01,1.661228656768798828e+00
1.009042978289999892e+00,9.443163871765136719e-01
7.824029922490001177e-01,1.260636568069458008e+00
1.016265034679999957e+00,1.032432317733764648e+00
8.782749772069999850e-01,1.214606642723083496e+00
7.353619933130000064e-01,1.042463064193725586e+00
1.109990954399999952e+00,9.800491333007812500e-01
7.727199792860000027e-01,1.198158383369445801e+00
1.164981961250000086e+00,9.153988361358642578e-01
7.157210111620000426e-01,1.237171649932861328e+00
1.475479006770000101e+00,8.754110932350158691e-01
8.354520201680000202e-01,1.452121734619140625e+00
7.344660162930000125e-01,9.112063050270080566e-01
7.861927747729999805e-01,1.029980540275573730e+00
1.143465042110000107e+00,1.010224580764770508e+00
9.246990084650000830e-01,1.207977533340454102e+00
2.958764553069999970e+00,1.009294152259826660e+00
2.138324022289999959e+00,2.322398662567138672e+00
2.038712024690000124e+00,1.564033746719360352e+00
1.480209946629999829e+00,1.890724420547485352e+00
9.367650747299998137e-01,1.573670268058776855e+00
1.715939760209999942e+00,1.366040468215942383e+00
1.001402020450000041e+00,1.846425414085388184e+00
8.896229863169999863e-01,1.199906229972839355e+00
7.492939829829999843e-01,1.256364941596984863e+00
1.115183949470000213e+00,1.070791125297546387e+00
9.457820057870001129e-01,1.267266154289245605e+00
6.452180147170000213e-01,1.057488799095153809e+00
1.164842009540000056e+00,9.169512987136840820e-01
1.244351029399999975e+00,1.251005291938781738e+00
9.045109748840000075e-01,1.192572832107543945e+00
5.575259923929999362e-01,1.026721119880676270e+00
5.778343677520000332e-01,8.813386559486389160e-01
7.199835777280000348e-01,9.140838384628295898e-01
7.607790231700000128e-01,9.439682364463806152e-01
5.404400229450000426e-01,9.217791557312011719e-01
8.009672760959999360e-01,7.756041884422302246e-01
7.710149884220000027e-01,9.623898863792419434e-01
6.709719896319999988e-01,8.805178999900817871e-01
2.768970489500000021e+00,8.517101407051086426e-01
3.086133003230000060e+00,2.149716377258300781e+00
1.116358041760000086e+00,2.096896886825561523e+00
1.018260955809999979e+00,1.137875676155090332e+00
7.442610263819999794e-01,1.487604856491088867e+00
1.114386796949999869e+00,1.198905944824218750e+00
1.380516409870000238e+00,1.416543960571289062e+00
1.229098439219999950e+00,1.418533444404602051e+00
1.573238968849999919e+00,1.277164697647094727e+00
1.245597958560000107e+00,1.516806960105895996e+00
8.298619985580000247e-01,1.260077238082885742e+00
5.376980304720000436e-01,1.103677272796630859e+00
8.593800067899999284e-01,9.558458924293518066e-01
7.949647903440000274e-01,1.133656382560729980e+00
8.122889995569999577e-01,9.770569801330566406e-01
1.209460973739999945e+00,9.935185313224792480e-01
1.043611049649999956e+00,1.209027886390686035e+00
9.914460182190000248e-01,1.055263042449951172e+00
1.377645969390000058e+00,1.099623084068298340e+00
7.495359778399999229e-01,1.346601843833923340e+00
7.549669742579999676e-01,9.206756949424743652e-01
8.522210121150000095e-01,1.059168815612792969e+00
1.312628030780000010e+00,1.049422025680541992e+00
9.499999880790001017e-01,1.305747151374816895e+00
8.433979749680000637e-01,1.011689662933349609e+00
6.329939961430000039e-01,1.049514770507812500e+00
6.848490238189999246e-01,9.059343338012695312e-01
8.296039700509999504e-01,9.543229341506958008e-01
1.117776036259999994e+00,9.930984377861022949e-01
1.060515046120000138e+00,1.138392090797424316e+00
9.966710209849999336e-01,1.071127891540527344e+00
6.726049780850000825e-01,1.081705331802368164e+00
8.499810099600000335e-01,9.042330384254455566e-01
7.929700016980000266e-01,1.063328981399536133e+00
7.509549856190000927e-01,9.641459584236145020e-01
9.556260704989999466e-01,9.531089663505554199e-01
6.085839867589999397e-01,1.065879344940185547e+00
7.782499790189999489e-01,8.158282637596130371e-01
5.098140239720000411e-01,9.860527515411376953e-01
6.364319920540000286e-01,7.577542066574096680e-01
6.015599966049999248e-01,8.840775489807128906e-01
6.556333899499999784e-01,8.024790287017822266e-01
6.385549902920000243e-01,8.445862531661987305e-01
8.762890100480000832e-01,8.135679364204406738e-01
7.967479825020000739e-01,9.669492840766906738e-01
6.824830174449999509e-01,8.858748674392700195e-01
8.025500178340000401e-01,8.626454472541809082e-01
7.950311899190000142e-01,9.539389014244079590e-01
1.584897041320000088e+00,9.282286763191223145e-01
1.017485976220000143e+00,1.428440451622009277e+00
9.177780151369999695e-01,9.822650551795959473e-01
1.230221033100000083e+00,1.109539985656738281e+00
1.027899026870000121e+00,1.282585501670837402e+00
9.125559926030000213e-01,1.120082616806030273e+00
7.935979962350000472e-01,1.106438279151916504e+00
1.030437946320000187e+00,1.027701139450073242e+00
5.325379967690000438e-01,1.170351862907409668e+00
6.127780079839999505e-01,8.029859066009521484e-01
8.741289973260000234e-01,9.311049580574035645e-01
3.667230010029999820e-01,1.010803937911987305e+00
7.391750216480000857e-01,6.555901765823364258e-01
5.604230165479999748e-01,9.639270305633544922e-01
7.758178114889999755e-01,7.400983572006225586e-01
8.102909922600001202e-01,9.296911954879760742e-01
6.437510252000000488e-01,8.951861262321472168e-01
7.236457467079999706e-01,8.197743296623229980e-01
9.113870263100001257e-01,9.020786285400390625e-01
6.627830266949999993e-01,9.960361719131469727e-01
1.002035975460000117e+00,8.290541768074035645e-01
8.224419951440000709e-01,1.095909237861633301e+00
1.030576944350000135e+00,9.189037680625915527e-01
6.781139969830000114e-01,1.116114735603332520e+00
5.333459973340000104e-01,8.589294552803039551e-01
3.209959864620000047e-01,8.504921197891235352e-01
7.608630061149999069e-01,6.974558234214782715e-01
7.439860105509998878e-01,9.634632468223571777e-01
5.468400120740000148e-01,8.411082625389099121e-01
7.004669904709999173e-01,7.566196322441101074e-01
8.356525897980000561e-01,8.754713535308837891e-01
1.274258971210000091e+00,9.237318634986877441e-01
8.934450149539999719e-01,1.194238662719726562e+00
6.211659908290000365e-01,9.281672239303588867e-01
7.900159955019999680e-01,8.868482112884521484e-01
1.067494988440000014e+00,1.006998300552368164e+00
6.698009967800000464e-01,1.126735448837280273e+00
1.265694975850000015e+00,8.504256606101989746e-01
6.380620002750000408e-01,1.297664284706115723e+00
9.348030090330000652e-01,7.933561801910400391e-01
8.006410002709999363e-01,1.131924033164978027e+00
1.085708975790000030e+00,9.418894648551940918e-01
3.527039885520000251e-01,1.169661998748779297e+00
5.883709788319999578e-01,6.587659716606140137e-01
4.875420033929999120e-01,9.344023466110229492e-01
4.636880159380000199e-01,7.463804483413696289e-01
3.637039959430000136e-01,7.507026195526123047e-01
8.750243186949999696e-01,6.542945504188537598e-01
6.435279846190000708e-01,9.658713340759277344e-01
4.834130108360000233e-01,7.314476370811462402e-01
2.120890021319999930e-01,7.258668541908264160e-01
4.560469985010000560e-01,5.682125687599182129e-01
4.367910027499999903e-01,7.424709796905517578e-01
7.238804101939999569e-01,6.509885191917419434e-01
5.560690164570000205e-01,8.403676748275756836e-01
4.748429954049999679e-01,6.898193955421447754e-01
2.674640119080000100e-01,7.043620347976684570e-01
9.588437080380001198e-01,5.800063014030456543e-01
7.868980169300000549e-01,1.026802062988281250e+00
1.794360995290000149e+00,7.986000180244445801e-01
1.337677955630000026e+00,1.522300004959106445e+00
1.210453987120000185e+00,1.118157029151916504e+00
5.654799938200000264e-01,1.265596389770507812e+00
4.008429944520000565e-01,8.899676799774169922e-01
2.727654874320000200e-01,8.912926316261291504e-01
5.836449861529999783e-01,7.406287789344787598e-01
8.533802628519999711e-01,8.815782666206359863e-01
8.660610318179999823e-01,9.329093694686889648e-01
1.158349990839999899e+00,9.077106118202209473e-01
7.764859795569999390e-01,1.114029407501220703e+00
1.068807005880000105e+00,8.667508363723754883e-01
5.888479948040000744e-01,1.159752368927001953e+00
1.588868498799999918e+00,8.058841824531555176e-01
4.327859878540000205e-01,1.525863885879516602e+00
3.996030092239999942e-01,6.291345953941345215e-01
5.545349717140000134e-01,8.789573907852172852e-01
6.221979856490000849e-01,8.467999696731567383e-01
1.149551987649999996e+00,8.436896800994873047e-01
1.121260046960000034e+00,1.134173512458801270e+00
9.776459932329999436e-01,1.044403791427612305e+00
1.732741951940000025e+00,1.033259987831115723e+00
2.302707910540000125e+00,1.545603275299072266e+00
1.053477048870000043e+00,1.817958235740661621e+00
7.962800264360000435e-01,1.099686861038208008e+00
5.203329920770000117e-01,1.223056793212890625e+00
6.104800105090000262e-01,9.867948293685913086e-01
4.453057944770000276e-01,1.021831750869750977e+00
6.522138714790000069e-01,8.085258007049560547e-01
1.175541162490000069e+00,9.115464091300964355e-01
1.032202124599999937e+00,1.143864154815673828e+00
7.193930149079998948e-01,9.904338121414184570e-01
8.200139999390000378e-01,8.869339227676391602e-01
9.497330188750000568e-01,1.005837321281433105e+00
1.039114952089999822e+00,1.055465102195739746e+00
5.883830189700000046e-01,1.102381110191345215e+00
9.508559703829998488e-01,8.266838192939758301e-01
5.277600288389999728e-01,1.124456882476806641e+00
7.736063003540000205e-01,7.636280059814453125e-01
9.703559875489998765e-01,1.001955866813659668e+00
1.383889913560000018e+00,1.029941797256469727e+00
7.795230150220000542e-01,1.280478954315185547e+00
6.069999933240000090e-01,8.786522746086120605e-01
4.660570025440000097e-01,9.245885610580444336e-01
9.455270171170000459e-01,8.113700747489929199e-01
6.238729953770000280e-01,1.096936702728271484e+00
3.923240005969999555e-01,7.889919281005859375e-01
5.156549811360000568e-01,7.287667393684387207e-01
9.679385423660000765e-01,7.925924062728881836e-01
1.356565952299999989e+00,1.018360733985900879e+00
9.072690010070000310e-01,1.194262862205505371e+00
8.162760138510000152e-01,9.256602525711059570e-01
2.479866981509999846e+00,1.007458925247192383e+00
1.133080005649999888e+00,2.024698257446289062e+00
1.045583963389999926e+00,9.945546388626098633e-01
8.474370241169999485e-01,1.330013871192932129e+00
1.536522984499999911e+00,1.122282266616821289e+00
9.008989930149998715e-01,1.571975350379943848e+00
4.812009930610000596e-01,1.029548287391662598e+00
8.572540283199999722e-01,9.164075851440429688e-01
8.617479801180000232e-01,1.122440814971923828e+00
1.008694052699999899e+00,1.004501461982727051e+00
1.127727031710000105e+00,1.098681569099426270e+00
7.795569896699999779e-01,1.142066597938537598e+00
9.895502924920001053e-01,9.363220334053039551e-01
8.363329768179998958e-01,1.136580705642700195e+00
9.099559783939998869e-01,9.836999773979187012e-01
5.511059761050000061e-01,1.073078870773315430e+00
1.239764332770000088e+00,8.204389810562133789e-01
1.211838960649999963e+00,1.294326305389404297e+00
1.379981994630000042e+00,1.135061264038085938e+00
1.148460984229999982e+00,1.321435451507568359e+00
7.663900256160000035e-01,1.174714446067810059e+00
9.660840034479999394e-01,1.022689938545227051e+00
8.156750202179999798e-01,1.184992313385009766e+00
1.142272949220000111e+00,1.018107891082763672e+00
1.299479961400000105e+00,1.239528417587280273e+00
8.583310246469999516e-01,1.258955955505371094e+00
7.149469852449999996e-01,1.001081228256225586e+00
8.764400482179999230e-01,9.990475773811340332e-01
8.305460214609999836e-01,1.077055096626281738e+00
8.535240292550000385e-01,9.997802972793579102e-01
9.092410206789999227e-01,1.018523573875427246e+00
5.202720165249999917e-01,1.034202814102172852e+00
7.411040067669999454e-01,7.872770428657531738e-01
5.853319764140000325e-01,9.773232340812683105e-01
5.047770142559999673e-01,8.010497689247131348e-01
5.519493222240000607e-01,7.849922776222229004e-01
9.697520136830000137e-01,7.929981946945190430e-01
1.116515994070000017e+00,1.023619055747985840e+00
1.049844980239999837e+00,1.053369998931884766e+00
6.342629790310000404e-01,1.048746705055236816e+00
5.644329786300000817e-01,8.468068242073059082e-01
9.184709787370000100e-01,8.808569312095642090e-01
9.593539834020000656e-01,1.065834283828735352e+00
5.984159708020000412e-01,1.020606756210327148e+00
9.383450150489999197e-01,8.197986483573913574e-01
4.542250037189999867e-01,1.083579540252685547e+00
7.079470157619999204e-01,7.039799094200134277e-01
3.876500129699999575e-01,9.578150510787963867e-01
4.484339952470000057e-01,6.638737320899963379e-01
8.405709862710000202e-01,7.625328898429870605e-01
5.337110161779999862e-01,9.392675757408142090e-01
7.211350202559999589e-01,6.936904191970825195e-01
5.215386152269999576e-01,8.893487453460693359e-01
7.050759792330000275e-01,7.167192101478576660e-01
6.405649781229999506e-01,8.841904997825622559e-01
5.168589949609999623e-01,7.972236275672912598e-01
1.660409450529999997e+00,7.531924247741699219e-01
2.465307950970000217e+00,1.463023543357849121e+00
1.622156023979999917e+00,1.802533984184265137e+00
1.866270065310000170e+00,1.343461394309997559e+00
3.623536109919999415e+00,1.776525378227233887e+00
7.948709726329999947e-01,2.830438137054443359e+00
9.065989851950000400e-01,9.541711807250976562e-01
8.571879863740000660e-01,1.603196740150451660e+00
7.756379842759999477e-01,1.285600662231445312e+00
7.006700038909999817e-01,1.191598296165466309e+00
6.443409919740000769e-01,1.039908528327941895e+00
7.579550147059999077e-01,9.440734386444091797e-01
5.499600172040000068e-01,9.661777615547180176e-01
4.964669942859999408e-01,7.866685986518859863e-01
1.367677569390000070e+00,7.780588269233703613e-01
1.397894024850000250e+00,1.289575099945068359e+00
8.148130178450000427e-01,1.181177020072937012e+00
1.278898954390000009e+00,9.315255880355834961e-01
8.623980283740000363e-01,1.338848471641540527e+00
1.093865990639999897e+00,9.914519190788269043e-01
8.134710192680000285e-01,1.247318148612976074e+00
1.466687083240000078e+00,9.950920939445495605e-01
9.060310125349999577e-01,1.457283616065979004e+00
7.652140259739999006e-01,9.847055673599243164e-01
1.311033964160000176e+00,1.048744797706604004e+00
7.892500162119999718e-01,1.346290826797485352e+00
1.474902033810000068e+00,9.355345368385314941e-01
9.167850017550001063e-01,1.475609898567199707e+00
1.186140060420000086e+00,9.881647825241088867e-01
1.411391973500000008e+00,1.313199162483215332e+00
2.092472076419999993e+00,1.361239075660705566e+00
7.189220190049999681e-01,1.791243791580200195e+00
1.301861047739999888e+00,8.944823145866394043e-01
1.268974781040000055e+00,1.539170742034912109e+00
1.221997022629999874e+00,1.309312105178833008e+00
9.061110019680000960e-01,1.337262511253356934e+00
1.078873991970000112e+00,1.122731089591979980e+00
1.028025031089999874e+00,1.264999508857727051e+00
7.863690257070000689e-01,1.159617304801940918e+00
1.276852965350000035e+00,1.019932627677917480e+00
7.093420028689999546e-01,1.334624886512756348e+00
5.201929807659999572e-01,8.864343762397766113e-01
5.645610094070000473e-01,8.929581046104431152e-01
9.855200052259999177e-01,8.753209710121154785e-01
1.092841982840000004e+00,1.088477373123168945e+00
4.786899983879999709e-01,1.073169112205505371e+00
3.955059945579999514e-01,7.229039072990417480e-01
1.850703001020000071e+00,7.787178754806518555e-01
1.195796012879999815e+00,1.618800401687622070e+00
1.702510833739999896e+00,1.005197763442993164e+00
2.998351097109999586e+00,1.576672911643981934e+00
2.407080888749999925e+00,2.291436433792114258e+00
2.585943937299999718e+00,1.889264583587646484e+00
2.233839035029999920e+00,2.288262605667114258e+00
1.655773043629999997e+00,2.092377424240112305e+00
1.430611014370000156e+00,1.860204815864562988e+00
8.921740055079999676e-01,1.766268730163574219e+00
1.231696963309999893e+00,1.368868112564086914e+00
8.955079913140001624e-01,1.559180736541748047e+00
1.602033019070000064e+00,1.168075799942016602e+00
1.585399031639999956e+00,1.618978261947631836e+00
1.232059955600000034e+00,1.439963221549987793e+00
1.210371017459999976e+00,1.297374486923217773e+00
1.242141008379999967e+00,1.347227096557617188e+00
9.857040047650000858e-01,1.352580308914184570e+00
7.289689779279999726e-01,1.184056043624877930e+00
6.761519908910000876e-01,1.050535678863525391e+00
1.071573019029999907e+00,1.005246400833129883e+00
9.457439780239998983e-01,1.197970151901245117e+00
4.376370012759999706e-01,1.027944684028625488e+00
5.141820311550000522e-01,7.609657645225524902e-01
3.387190103530000052e-01,8.606726527214050293e-01
7.144280076029999593e-01,6.774245500564575195e-01
4.996199905870000180e-01,9.125677347183227539e-01
7.917379736899999854e-01,6.831706166267395020e-01
8.646243214609999894e-01,9.221329092979431152e-01
6.024960279459999901e-01,9.020938277244567871e-01
1.260069966320000123e+00,7.759254574775695801e-01
1.012339949610000067e+00,1.236137509346008301e+00
1.004528999329999950e+00,9.849472641944885254e-01
6.310235261919999727e-01,1.104471683502197266e+00
1.141221046449999887e+00,8.717629313468933105e-01
5.426099896430000014e-01,1.251093029975891113e+00
8.547459840769999762e-01,7.676957249641418457e-01
7.744219899179999311e-01,1.087809085845947266e+00
3.084340095520000102e-01,9.193630218505859375e-01
8.376209735870000506e-01,6.717736721038818359e-01
7.293469905850000767e-01,1.033721208572387695e+00
7.503905892370000830e-01,8.331893086433410645e-01
1.134822010990000019e+00,9.063596129417419434e-01
1.614240050320000064e+00,1.126935243606567383e+00
1.244793057440000128e+00,1.386396527290344238e+00
7.141630053519999466e-01,1.159870386123657227e+00
7.293040156360000026e-01,9.765581488609313965e-01
6.486989855770000091e-01,1.053938865661621094e+00
3.427990078929999962e-01,9.470287561416625977e-01
3.861860036850000011e-01,7.401034235954284668e-01
6.366299986840000535e-01,7.619129419326782227e-01
3.990480005740000280e-01,8.407425284385681152e-01
4.178859889509999870e-01,6.339964866638183594e-01
1.103790521619999909e+00,6.877661943435668945e-01
6.956189870829999622e-01,1.075120568275451660e+00
8.070139884950000564e-01,7.363623380661010742e-01
5.947690010070000310e-01,9.493849873542785645e-01
1.107607960700000005e+00,7.849017977714538574e-01
9.713580012320000012e-01,1.159319639205932617e+00
7.170349955560000321e-01,9.840998649597167969e-01
6.764810085300000386e-01,9.133146405220031738e-01
1.687772989270000190e+00,9.204033017158508301e-01
9.907569885250000485e-01,1.526651263236999512e+00
8.082039952280000161e-01,9.550465345382690430e-01
1.087718963619999979e+00,1.061551570892333984e+00
1.564818024639999861e+00,1.207943320274353027e+00
6.673809885979999912e-01,1.455127000808715820e+00
1.256489992140000123e+00,8.604405522346496582e-01
1.091886043549999963e+00,1.403882861137390137e+00
7.375509738919999725e-01,1.134746432304382324e+00
6.224380135540000802e-01,9.998633265495300293e-01
8.364729881290000613e-01,9.479230046272277832e-01
5.774260163309999916e-01,1.050239682197570801e+00
1.015761017800000054e+00,8.225945234298706055e-01
1.106158971790000001e+00,1.126082181930541992e+00
6.945540308949998964e-01,1.081215500831604004e+00
1.130903959270000092e+00,8.680576682090759277e-01
9.518219828609999489e-01,1.212740778923034668e+00
7.524570226669999862e-01,1.014412879943847656e+00
5.585229992869999993e-01,9.703661799430847168e-01
1.415836334229999771e+00,8.616608381271362305e-01
1.855298042299999839e+00,1.390601873397827148e+00
7.845479845999999702e-01,1.512370586395263672e+00
8.210539817810000862e-01,8.974360227584838867e-01
5.835890173909999978e-01,1.148351192474365234e+00
8.359720110889999889e-01,9.125229716300964355e-01
2.184663057329999880e+00,1.088280200958251953e+00
6.805480122570000123e-01,1.817761421203613281e+00
1.238904953000000031e+00,7.292456030845642090e-01
1.030328035349999949e+00,1.435122251510620117e+00
7.914109826090000022e-01,1.105177640914916992e+00
8.423720002169999832e-01,1.058964133262634277e+00
4.464710056780000769e-01,1.082359552383422852e+00
5.589337944979999584e-01,7.966979146003723145e-01
7.099329829220000221e-01,8.967290520668029785e-01
7.334340214730000751e-01,8.997462391853332520e-01
7.833399772640000647e-01,8.783519864082336426e-01
8.426809906959999985e-01,9.076684713363647461e-01
1.099761009220000085e+00,9.416453242301940918e-01
8.706315755840000614e-01,1.106110572814941406e+00
5.862460136410000411e-01,9.504620432853698730e-01
8.863990306849999223e-01,8.528196811676025391e-01
1.019399046900000050e+00,1.062945365905761719e+00
8.493610024450000129e-01,1.071140885353088379e+00
1.010666966439999870e+00,9.725981354713439941e-01
1.331516027449999973e+00,1.111077666282653809e+00
1.215008974079999859e+00,1.278432846069335938e+00
1.645591020579999952e+00,1.191562891006469727e+00
9.708780050280000351e-01,1.525206565856933594e+00
1.411272048950000135e+00,1.068655610084533691e+00
7.953929901119999313e-01,1.502266883850097656e+00
1.046331048010000098e+00,1.003267407417297363e+00
8.879339694979999642e-01,1.286099314689636230e+00
8.349300026890000836e-01,1.068783879280090332e+00
9.847199916839999290e-01,1.066927313804626465e+00
1.090394020079999970e+00,1.124477267265319824e+00
4.901649951929999416e-01,1.151868939399719238e+00
6.141669750209999279e-01,7.763321995735168457e-01
6.314740180969999894e-01,9.446314573287963867e-01
8.252440094949999860e-01,8.631175160408020020e-01
1.051450967789999913e+00,9.722918868064880371e-01
1.047114968300000060e+00,1.065041184425354004e+00
3.921430110930000379e-01,1.053632378578186035e+00
4.695149958129999912e-01,6.916636824607849121e-01
7.720900177959999500e-01,8.443294167518615723e-01
7.520099878309999264e-01,9.450331330299377441e-01
6.877393722529999698e-01,8.786087632179260254e-01
6.718119978899999012e-01,8.559601902961730957e-01
1.185933232310000029e+00,8.542382717132568359e-01
6.571980118750000432e-01,1.169989585876464844e+00
8.213180303569999063e-01,7.789650559425354004e-01
7.795739769939998842e-01,1.020563602447509766e+00
1.030122995379999962e+00,9.281814098358154297e-01
6.211889982220000217e-01,1.110392808914184570e+00
8.660820126530001106e-01,8.151431679725646973e-01
9.608931541439998947e-01,1.053037762641906738e+00
6.760399937630000577e-01,1.032873511314392090e+00
7.402380108830000083e-01,8.711543083190917969e-01
5.984709858890000511e-01,9.571620225906372070e-01
6.151059865950000427e-01,8.328787088394165039e-01
9.358735680580000382e-01,8.611720204353332520e-01
5.818247795100000008e-01,1.026776552200317383e+00
7.156659960750000327e-01,7.596479058265686035e-01
6.529520154000000298e-01,9.235919713973999023e-01
9.700022935870000751e-01,8.308770060539245605e-01
7.834500074390000623e-01,1.049182057380676270e+00
7.448130249979999506e-01,8.818553686141967773e-01
8.276180028919999376e-01,9.266450405120849609e-01
8.943400979040000420e-01,9.708862900733947754e-01
2.505017042159999985e+00,1.002618789672851562e+00
1.620712041850000062e+00,1.990358948707580566e+00
1.417585968970000110e+00,1.265809774398803711e+00
1.049872040749999957e+00,1.483584046363830566e+00
1.226507544519999993e+00,1.264426231384277344e+00
1.043179035189999881e+00,1.437951207160949707e+00
9.694439768789999690e-01,1.240696430206298828e+00
8.192250132559999454e-01,1.209919214248657227e+00
8.129550218580000598e-01,1.076066136360168457e+00
6.712080240250000163e-01,1.058751463890075684e+00
5.289899706839999993e-01,9.277485013008117676e-01
3.461930155749999849e-01,8.382699489593505859e-01
4.789490103719999947e-01,7.085767388343811035e-01
1.153810977940000093e+00,7.759712338447570801e-01
9.671270251270001062e-01,1.124567627906799316e+00
7.845839858059999727e-01,9.172066450119018555e-01
4.701859951020000428e-01,9.157530069351196289e-01
5.632782578470000301e-01,7.578025460243225098e-01
2.416239976880000528e-01,8.578444123268127441e-01
2.709859907630000064e-01,6.049848198890686035e-01
1.994680017229999991e-01,6.553876996040344238e-01
1.327169984580000017e-01,5.436914563179016113e-01
4.732620120049999546e-01,4.891942143440246582e-01
6.585559844969999244e-01,6.713339686393737793e-01
9.621880054470001165e-01,7.160673141479492188e-01
5.111979842189999790e-01,9.139492511749267578e-01
9.829789996150001263e-01,6.380116343498229980e-01
9.100099802019999684e-01,1.056111335754394531e+00
1.026576042179999870e+00,9.258791208267211914e-01
8.309389948840000262e-01,1.080390930175781250e+00
9.651920199390001676e-01,9.529846310615539551e-01
1.000543951989999902e+00,1.095496296882629395e+00
1.983185052870000131e+00,1.084636330604553223e+00
1.274855017659999978e+00,1.703440666198730469e+00
1.286525964740000028e+00,1.153727769851684570e+00
1.382244944570000245e+00,1.396095275878906250e+00
1.736924052240000016e+00,1.417549729347229004e+00
1.257668018339999971e+00,1.647293567657470703e+00
7.533379793170000838e-01,1.314205288887023926e+00
1.084908962249999886e+00,1.114998698234558105e+00
1.062494039539999990e+00,1.334587931632995605e+00
7.787629961969999570e-01,1.198007702827453613e+00
8.256469964979999965e-01,1.024651050567626953e+00
9.891830086709999525e-01,1.066694378852844238e+00
1.418092012410000047e+00,1.115497946739196777e+00
1.151677966120000063e+00,1.345316410064697266e+00
1.250364065170000094e+00,1.136833429336547852e+00
8.794019818310000458e-01,1.298143267631530762e+00
1.089423060420000144e+00,1.052540063858032227e+00
1.809062957759999701e+00,1.256614446640014648e+00
8.687390089040000207e-01,1.627997875213623047e+00
8.521729707719999380e-01,9.743395447731018066e-01
1.307837963100000112e+00,1.175145030021667480e+00
1.262575984000000151e+00,1.367665767669677734e+00
7.601559758189999627e-01,1.267533302307128906e+00
1.069887042049999959e+00,9.966587424278259277e-01
8.579840064049999437e-01,1.253033161163330078e+00
1.149323940279999956e+00,1.023638129234313965e+00
1.067142963410000034e+00,1.250018000602722168e+00
7.400619983670000401e-01,1.124334096908569336e+00
6.799880266190000411e-01,9.684725403785705566e-01
7.323921322820000634e-01,9.663537740707397461e-01
8.352749943730000126e-01,9.656338691711425781e-01
6.000829935070000065e-01,9.958228468894958496e-01
1.010563969610000168e+00,8.243409395217895508e-01
7.613970041280000434e-01,1.109288811683654785e+00
7.260069847110000030e-01,8.708047866821289062e-01
1.064324021340000037e+00,9.299669861793518066e-01
5.901079773899998715e-01,1.119687676429748535e+00
7.744659781460000447e-01,7.855693697929382324e-01
7.406870126719998781e-01,1.000472426414489746e+00
8.908360004430001533e-01,9.035051465034484863e-01
7.620100975040000613e-01,1.016085028648376465e+00
7.774500250820000069e-01,9.046712517738342285e-01
5.811070203779999943e-01,9.510357975959777832e-01
7.908779978749999051e-01,8.165847659111022949e-01
8.903719782829999652e-01,9.732192754745483398e-01
7.882059812549999656e-01,9.766487479209899902e-01
7.301949858670000459e-01,9.201906919479370117e-01
9.248933196070000529e-01,9.114843010902404785e-01
1.265586972239999941e+00,1.035434961318969727e+00
7.884140014650000694e-01,1.215093970298767090e+00
9.180610179899999501e-01,9.035286307334899902e-01
6.569269895549999516e-01,1.100637555122375488e+00
8.252680301670000107e-01,8.848548531532287598e-01
4.257229864599999525e-01,1.037021875381469727e+00
9.114630222319999309e-01,7.255325317382812500e-01
7.238519787790000937e-01,1.082766175270080566e+00
9.657319784160000031e-01,8.398122191429138184e-01
7.194200158119999911e-01,1.059651970863342285e+00
7.146480083470000411e-01,8.551603555679321289e-01
6.188799738879999790e-01,9.256049394607543945e-01
8.502969741820000094e-01,8.439201116561889648e-01
6.113014817240000065e-01,9.981087446212768555e-01
8.405809998509999881e-01,8.001156449317932129e-01
5.909900069240000553e-01,9.950043559074401855e-01
1.191807866100000002e+00,7.820128202438354492e-01
1.072478055950000009e+00,1.211011052131652832e+00
7.976800203319999172e-01,1.029836654663085938e+00
7.140370011329999489e-01,9.586098790168762207e-01
8.885610103609999921e-01,9.504950642585754395e-01
7.367290258409999737e-01,1.053115963935852051e+00
9.655410051350000744e-01,9.184048175811767578e-01
8.569459915160000385e-01,1.088082313537597656e+00
5.838339924809999859e-01,9.680660367012023926e-01
3.047562122340000457e+00,8.412954211235046387e-01
8.865389823909999301e-01,2.371984481811523438e+00
1.186460971829999878e+00,7.168477773666381836e-01
8.750730156899999557e-01,1.487343668937683105e+00
1.111973047260000014e+00,1.092968344688415527e+00
6.929270029070000447e-01,1.332288742065429688e+00
5.632749795910000357e-01,9.651272296905517578e-01
5.519689917560000048e-01,9.439213871955871582e-01
9.211350083349998386e-01,8.749323487281799316e-01
5.465030074119999748e-01,1.056424260139465332e+00
9.997850060459999577e-01,7.409275770187377930e-01
7.512239813800000166e-01,1.101390242576599121e+00
8.402569890019999654e-01,8.463321328163146973e-01
7.843149900439999600e-01,9.931668043136596680e-01
5.915480256080000165e-01,9.257315993309020996e-01
6.109840273859999948e-01,8.352470397949218750e-01
9.328789710999999540e-01,8.645892739295959473e-01
7.992020249369999885e-01,1.032096624374389648e+00
9.833549857140000405e-01,8.975932598114013672e-01
5.405290126799999761e-01,1.062952160835266113e+00
1.093670010570000128e+00,7.611198425292968750e-01
9.266330003740002041e-01,1.191796541213989258e+00
7.972419857979999858e-01,9.674301743507385254e-01
5.896059870719999596e-01,9.759984016418457031e-01
7.799540162090000672e-01,8.533392548561096191e-01
5.182790160179999717e-01,9.898822307586669922e-01
7.263879776000000676e-01,7.678508162498474121e-01
6.216366887090000182e-01,9.379141926765441895e-01
8.810679912569999717e-01,8.032672405242919922e-01
7.315016984940000411e-01,9.927374124526977539e-01
9.703850150110000516e-01,8.493244647979736328e-01
8.715350031849999901e-01,1.052321076393127441e+00
5.505740046500000595e-01,9.518944025039672852e-01
2.576299905780000121e-01,8.084743022918701172e-01
6.952109932899999123e-01,6.682131290435791016e-01
3.547430038449999601e-01,9.352282881736755371e-01
1.308350920679999918e+00,6.098681688308715820e-01
1.424710035319999957e+00,1.264474034309387207e+00
2.422243118290000385e+00,1.163093924522399902e+00
1.588093161580000023e+00,1.890150070190429688e+00
2.882889986040000352e+00,1.320132017135620117e+00
1.510810017590000109e+00,2.418641090393066406e+00
5.103110075000000245e-01,1.409478783607482910e+00
6.637499928469999810e-01,1.165176868438720703e+00
5.865659713749999948e-01,1.261234045028686523e+00
9.182999730109998593e-01,1.038633704185485840e+00
1.126363039020000123e+00,1.164109468460083008e+00
9.455379843710000065e-01,1.159710884094238281e+00
7.979699969290000583e-01,1.021394610404968262e+00
8.895260095600000527e-01,9.764989018440246582e-01
5.017459988589999531e-01,1.046087861061096191e+00
7.889080047609999813e-01,7.869181036949157715e-01
5.571460127830000220e-01,1.019355416297912598e+00
8.079270124439998924e-01,7.810065150260925293e-01
7.382910251620000697e-01,9.823879003524780273e-01
6.742079854009999096e-01,8.660004138946533203e-01
8.787713646889999675e-01,8.627249598503112793e-01
7.401880025859999268e-01,9.895321726799011230e-01
8.886500000949999478e-01,8.754026889801025391e-01
7.983270287510000340e-01,1.011183261871337891e+00
5.137799978260000344e-01,9.268040657043457031e-01
7.760372757910000141e-01,7.875055074691772461e-01
8.528280258179999906e-01,9.773722290992736816e-01
7.851629853249999513e-01,9.519917368888854980e-01
8.431609868999999646e-01,9.202617406845092773e-01
1.024798870089999925e+00,9.730551242828369141e-01
8.044279813770001120e-01,1.077697873115539551e+00
8.841310143469999216e-01,9.315443038940429688e-01
3.615649938579999501e-01,1.039279580116271973e+00
1.171491026879999842e+00,6.920522451400756836e-01
4.477910101410000343e-01,1.266139388084411621e+00
7.665730118750000432e-01,6.414851546287536621e-01
7.735599875449999940e-01,1.015504717826843262e+00
1.054823040959999902e+00,8.908749222755432129e-01
7.843300104139999673e-01,1.098641753196716309e+00
1.034250974660000155e+00,8.896760344505310059e-01
1.096979022029999973e+00,1.126018762588500977e+00
7.633029818529999400e-01,1.113525748252868652e+00
5.883730053899999257e-01,9.409837722778320312e-01
6.365630030629999547e-01,8.930658102035522461e-01
5.750700235369999858e-01,9.131085872650146484e-01
5.399640202519999654e-01,8.327776789665222168e-01
1.324671149250000068e+00,8.003470897674560547e-01
8.178460001949999780e-01,1.260490894317626953e+00
6.359609961509999909e-01,8.325792551040649414e-01
8.135920166969999867e-01,8.881151080131530762e-01
9.872140288350000903e-01,9.884434938430786133e-01
9.839289784429998686e-01,1.062402725219726562e+00
5.904790163040000150e-01,1.048164486885070801e+00
8.986790180209999201e-01,8.296446800231933594e-01
6.268000006680000125e-01,1.079658627510070801e+00
6.926850080490000172e-01,8.269692063331604004e-01
5.757049918169999669e-01,9.288002252578735352e-01
6.764680147170000213e-01,8.080963492393493652e-01
8.279470205309999997e-01,8.855975270271301270e-01
6.547859907149999881e-01,9.386622309684753418e-01
1.085815548900000094e+00,8.183019757270812988e-01
8.509550094600001335e-01,1.124147891998291016e+00
8.879359960559999321e-01,9.115145206451416016e-01
6.557850241659999302e-01,1.026563644409179688e+00
6.597809791559999804e-01,8.672645688056945801e-01
8.856279850010000398e-01,9.146227836608886719e-01
7.502999901769999980e-01,1.019674062728881836e+00
9.303160309790000637e-01,8.962021470069885254e-01
7.259460091590000941e-01,1.042341828346252441e+00
7.123904824259998936e-01,8.800953626632690430e-01
9.326570034029998402e-01,9.245428442955017090e-01
6.544970273969999974e-01,1.040401101112365723e+00
4.987269937989999846e-01,8.379347920417785645e-01
9.782410264020000579e-01,8.017275333404541016e-01
5.593240261080000275e-01,1.083554148674011230e+00
8.733990192409999409e-01,7.362163662910461426e-01
6.232500076290000690e-01,1.031130909919738770e+00
6.319249868390000024e-01,7.901284694671630859e-01
8.335350155830000274e-01,8.686583638191223145e-01
8.613430261610000027e-01,9.592636823654174805e-01
1.036013007159999999e+00,9.496718049049377441e-01
6.160370111469999355e-01,1.074295520782470703e+00
9.874529838560001105e-01,8.066430687904357910e-01
6.686739921569999634e-01,1.123729825019836426e+00
6.455339789389999972e-01,8.382346034049987793e-01
1.007030010220000049e+00,9.081064462661743164e-01
7.763000130650000719e-01,1.091665029525756836e+00
9.358490109440000815e-01,8.943975567817687988e-01
6.626719832419999401e-01,1.058803081512451172e+00
1.113351941109999910e+00,8.510160446166992188e-01
5.495319962500000432e-01,1.188939452171325684e+00
9.273632764820001206e-01,7.517607212066650391e-01
8.215330243109999486e-01,1.111547946929931641e+00
9.193540215490000334e-01,9.312838912010192871e-01
6.899859905239998925e-01,1.046755075454711914e+00
6.497738957409999738e-01,8.765333890914916992e-01
9.705049991610000815e-01,9.000301361083984375e-01
8.034440279009998909e-01,1.072773456573486328e+00
8.920990228650002019e-01,9.162660241127014160e-01
7.462270259859999921e-01,1.024673819541931152e+00
1.495407462120000197e+00,9.109516143798828125e-01
7.597569823270000633e-01,1.406839609146118164e+00
9.677280187610000084e-01,8.431966900825500488e-01
1.126011013979999920e+00,1.167587757110595703e+00
7.641419768330000029e-01,1.172054886817932129e+00
1.423818945879999909e+00,9.580304026603698730e-01
8.309190273280000483e-01,1.422251224517822266e+00
5.316870212550000030e-01,9.337750673294067383e-01
6.942920088770000442e-01,9.054011106491088867e-01
1.097100019450000019e+00,9.798861742019653320e-01
8.623710274700000511e-01,1.158764004707336426e+00
9.711959958080000899e-01,9.500324130058288574e-01
7.501904964450000213e-01,1.086432695388793945e+00
5.659890174870000346e-01,9.196795225143432617e-01
7.235890030859999378e-01,8.574951887130737305e-01
1.088876962660000114e+00,9.498336911201477051e-01
2.614549994470000138e-01,1.122185468673706055e+00
1.923168003559999895e-01,5.696145296096801758e-01
2.048390060660000012e-01,6.761668920516967773e-01
3.752999901769999980e-01,5.932917594909667969e-01
1.878910064700000104e-01,6.598346233367919922e-01
4.178839921949999980e-01,4.839158654212951660e-01
6.128349900249999704e-01,6.499128341674804688e-01
4.822100102900000462e-01,7.072913646697998047e-01
8.136649727820000066e-01,6.281657814979553223e-01
8.997989892959999958e-01,8.808752298355102539e-01
7.667459845540000041e-01,8.954282402992248535e-01
6.762999892229999421e-01,8.616771101951599121e-01
9.804093837739999984e-01,8.579405546188354492e-01
1.075533032420000090e+00,1.063565850257873535e+00
6.459739804270000496e-01,1.079272508621215820e+00
7.601699829100000416e-01,8.431074619293212891e-01
8.707180023190000950e-01,9.934128522872924805e-01
1.045557022089999899e+00,1.004946827888488770e+00
4.832339882850000268e-01,1.102690458297729492e+00
1.085988998409999962e+00,7.398630976676940918e-01
7.320979833600000930e-01,1.209199547767639160e+00
7.128990292550000385e-01,8.481832742691040039e-01
1.045389056210000112e+00,9.481158256530761719e-01
7.359200119969999676e-01,1.113280415534973145e+00
8.956930041310000590e-01,8.801680803298950195e-01
8.745509982110000191e-01,1.053762197494506836e+00
9.237470030779999508e-01,9.899884462356567383e-01
9.997780323029999971e-01,1.044139266014099121e+00
1.739534020420000049e+00,1.082098126411437988e+00
8.107889890670000321e-01,1.538283944129943848e+00
7.049050331119999235e-01,8.902482986450195312e-01
8.328269720080000438e-01,1.054980635643005371e+00
8.276600241660000412e-01,1.064535737037658691e+00
8.953109979629999549e-01,1.023563623428344727e+00
1.459501028060000039e+00,1.047645688056945801e+00
1.179519057270000060e+00,1.370500087738037109e+00
1.443411946299999915e+00,1.129201173782348633e+00
1.306735038760000078e+00,1.408567786216735840e+00
7.634999752040000365e-01,1.289631485939025879e+00
1.145148038860000161e+00,1.032185316085815430e+00
7.253450155259999477e-01,1.334920883178710938e+00
7.633590102199999672e-01,9.596295356750488281e-01
6.174820065499999622e-01,1.057310581207275391e+00
1.029322981830000039e+00,8.905162215232849121e-01
1.302055954929999926e+00,1.145476222038269043e+00
3.164124965670000122e+00,1.218293190002441406e+00
9.734439849849999549e-01,2.368205308914184570e+00
1.229671001429999855e+00,8.522293567657470703e-01
7.441530227660000385e-01,1.565893292427062988e+00
1.063034057620000139e+00,1.072102904319763184e+00
1.123872041700000102e+00,1.363637089729309082e+00
8.984770178789999173e-01,1.245607852935791016e+00
7.175139784810000698e-01,1.096110701560974121e+00
5.367509722709999931e-01,9.916763901710510254e-01
1.175443053249999981e+00,8.676148653030395508e-01
1.101048946379999949e+00,1.243455648422241211e+00
5.734490156170000130e-01,1.072389841079711914e+00
1.431144952770000200e+00,8.230708837509155273e-01
1.037794947620000130e+00,1.423616886138916016e+00
6.568620204930000206e-01,1.021368980407714844e+00
1.074908018110000141e+00,9.401887655258178711e-01
1.385972023009999887e+00,1.216486334800720215e+00
1.004804968829999812e+00,1.315536618232727051e+00
1.609539985660000116e+00,1.075105547904968262e+00
2.817575931549999524e+00,1.540454030036926270e+00
1.962562561039999931e+00,2.186953783035278320e+00
1.279752016069999998e+00,1.607394933700561523e+00
1.995329976079999845e+00,1.486695647239685059e+00
2.033385992049999924e+00,2.001680374145507812e+00
1.307443976400000096e+00,1.883063197135925293e+00
1.611258029939999892e+00,1.484519362449645996e+00
2.040218114850000042e+00,1.765734195709228516e+00
2.183244943620000100e+00,1.908479094505310059e+00
1.351415991779999937e+00,1.951651811599731445e+00
7.242180109020001089e-01,1.460860013961791992e+00
1.363389015200000109e+00,1.220644116401672363e+00
1.526808977129999967e+00,1.606584787368774414e+00
1.784019589419999940e+00,1.509669065475463867e+00
1.103597044940000105e+00,1.664569258689880371e+00
1.763007998470000004e+00,1.215676307678222656e+00
1.157549023629999896e+00,1.755491971969604492e+00
1.153326034550000045e+00,1.232663154602050781e+00
2.362811088559999551e+00,1.383978009223937988e+00
2.580787897110000007e+00,2.059705495834350586e+00
1.242146968839999976e+00,2.040513277053833008e+00
1.712821006770000265e+00,1.330375075340270996e+00
6.676509976389999323e-01,1.875028967857360840e+00
8.271329998970000652e-01,1.062442421913146973e+00
9.642647504810000214e-01,1.323732614517211914e+00
1.394161701200000048e+00,1.213762879371643066e+00
7.584049701689999923e-01,1.418985605239868164e+00
6.900759935379999765e-01,9.311783909797668457e-01
6.740249991419999809e-01,1.010299324989318848e+00
8.615220189090000424e-01,9.371511340141296387e-01
7.907469868659999790e-01,1.034034609794616699e+00
7.285000085830000138e-01,9.368779063224792480e-01
2.411980032920000017e-01,9.188280701637268066e-01
3.354600071909999981e-01,6.169279217720031738e-01
5.912460088730000507e-01,7.279762029647827148e-01
1.058426976200000036e+00,7.970190048217773438e-01
7.669919729230000316e-01,1.033263802528381348e+00
5.881239771840000019e-01,8.056367039680480957e-01
5.922303199769999305e-01,8.042822480201721191e-01
8.753510117530000079e-01,8.234909772872924805e-01
7.038279771799998974e-01,9.884839057922363281e-01
5.677499771120000371e-01,8.399752974510192871e-01
7.133870124819999825e-01,8.110240697860717773e-01
1.077505946160000061e+00,9.024547934532165527e-01
6.909419894220000247e-01,1.090104818344116211e+00
7.724580168719999973e-01,8.161861300468444824e-01
7.237120270730000859e-01,9.679921269416809082e-01
9.752489924429997847e-01,8.970184326171875000e-01
9.151769876480000399e-01,1.070558667182922363e+00
7.574009895319999686e-01,9.893596768379211426e-01
6.912069916730000374e-01,9.339878559112548828e-01
1.183527946470000147e+00,9.153143763542175293e-01
7.705749869349999281e-01,1.212758541107177734e+00
8.947700262070000798e-01,8.809290528297424316e-01
6.143350005150000070e-01,1.070070862770080566e+00
7.692319750789999855e-01,8.432420492172241211e-01
9.070749878880000061e-01,9.920884966850280762e-01
4.068099856379999713e-01,1.012144565582275391e+00
5.138880014419999753e-01,6.960322856903076172e-01
2.481469959019999838e-01,8.368064761161804199e-01
2.568759918210000159e-01,5.962342619895935059e-01
5.980659723279999618e-01,6.292284131050109863e-01
5.981699824330000137e-01,7.793983221054077148e-01
8.801140189170000294e-01,7.140664458274841309e-01
1.085649013520000095e+00,9.158982038497924805e-01
9.920129775999999566e-01,1.015935540199279785e+00
8.743849992749999078e-01,9.895619153976440430e-01
8.770260214810000621e-01,9.867369532585144043e-01
1.008928894999999937e+00,1.026198983192443848e+00
8.088759779930000393e-01,1.110224366188049316e+00
6.714209914210000907e-01,9.717776775360107422e-01
7.449629902840000373e-01,9.275097846984863281e-01
6.942679882050000195e-01,9.654239416122436523e-01
1.001886010170000008e+00,8.981296420097351074e-01
7.935580015180000446e-01,1.086714625358581543e+00
8.450049161910000439e-01,9.037398695945739746e-01
8.031240105629999793e-01,1.000486254692077637e+00
5.744469761850000689e-01,9.517647624015808105e-01
5.679720044139999757e-01,8.287528753280639648e-01
4.538080096239999195e-01,8.476842045783996582e-01
8.494881391529999215e-01,7.447667121887207031e-01
4.064599871639999473e-01,9.846054315567016602e-01
2.453519999980000310e-01,6.300303936004638672e-01
2.323218107220000217e+00,6.293677687644958496e-01
2.027115583420000089e+00,1.866724729537963867e+00
1.581117987629999888e+00,1.401914715766906738e+00
1.727049946780000012e+00,1.433671116828918457e+00
1.150642037389999928e+00,1.652213931083679199e+00
1.607933998109999818e+00,1.316224694252014160e+00
1.331233978270000007e+00,1.710689544677734375e+00
1.221642017359999999e+00,1.411332726478576660e+00
1.583541989330000010e+00,1.411725997924804688e+00
1.608662128450000006e+00,1.599329710006713867e+00
2.185653924939999992e+00,1.541490197181701660e+00
2.989559888840000124e+00,1.928362846374511719e+00
7.574499845500000106e-01,2.373368740081787109e+00
1.811344027520000122e+00,9.986579418182373047e-01
1.527951955800000094e+00,2.068084955215454102e+00
8.892235755919999374e-01,1.547711849212646484e+00
