9.717460274700000511e-01,1.276307339973341559e+00
1.176299691200000108e+00,9.966329879915445389e-01
1.714609026910000056e+00,1.190907527989311987e+00
1.307337045669999975e+00,1.406757750149682629e+00
6.186890006069999393e-01,1.146075730657404756e+00
2.298435926440000276e+00,8.207182560885248890e-01
1.808241009709999902e+00,1.856568133027573841e+00
8.794149756429999742e-01,1.531854250165018749e+00
1.570945024490000064e+00,1.083114618012871899e+00
1.578516006470000121e+00,1.646815801698295001e+00
6.200309991839999535e-01,1.406939073776083404e+00
9.928810000419999726e-01,7.236501973915180352e-01
4.551869928839999413e-01,1.097451224429672134e+00
1.017398953439999865e+00,7.260746601157954672e-01
8.378469943999999892e-01,1.032021011161628365e+00
4.884769916529999589e-01,8.128880495383563609e-01
1.246340990070000210e+00,6.617097947977270689e-01
1.209630966189999990e+00,1.131341768222006383e+00
1.252451062200000020e+00,1.082573899255875771e+00
1.519726991650000025e+00,1.141355912197403288e+00
1.063797950739999942e+00,1.303419188503084580e+00
1.571495056150000069e+00,9.813578268042457697e-01
1.278105020519999968e+00,1.347396817444928896e+00
1.192077994349999948e+00,1.135899532723343430e+00
8.304439187050000060e-01,1.170906974403703948e+00
1.402015686039999931e+00,9.591126367170440536e-01
1.156504034999999986e+00,1.267816167965705842e+00
1.162554860120000200e+00,1.030417115174172560e+00
6.007519960399999581e-01,1.164088074071383261e+00
1.253835797310000055e+00,8.349565692169897968e-01
1.791844010350000183e+00,1.261177661007012007e+00
1.734062552449999961e+00,1.431910241864824851e+00
4.939970970150000085e+00,1.450188746727531175e+00
2.394351005549999911e+00,3.358637755201999475e+00
2.212575912479999740e+00,1.618985414761804797e+00
1.886527061460000043e+00,2.289001176215286648e+00
9.343829751010001017e-01,2.252728542969543390e+00
9.099829792980000942e-01,1.662899635234396101e+00
8.112999796870000724e-01,1.202664280006487285e+00
1.049708962440000004e+00,8.659927371822785380e-01
1.351788043980000076e+00,1.081079319583626352e+00
1.277305960659999906e+00,1.235806191730321579e+00
7.854449748989998925e-01,1.126687322701587002e+00
4.846229851250000165e-01,9.101382195325901092e-01
6.676359772680000582e-01,7.780459324779379626e-01
8.322510123249999836e-01,8.909408540382758313e-01
5.959370136259999340e-01,8.905719816316804982e-01
3.410890102390000123e-01,6.969422545561386739e-01
6.860110163689999707e-01,5.624914150537896340e-01
8.153510093690000682e-01,7.812244162363237709e-01
3.985430002210000322e-01,8.526330785837706872e-01
6.998159885410000225e-01,5.881683038141961584e-01
4.263690114019999533e-01,7.987242087120886014e-01
6.866139769550000382e-01,5.674169385917590125e-01
1.826770007609999913e-01,8.127910501299553392e-01
7.018824815749999946e-01,5.216748989822554972e-01
1.796682000159999681e+00,7.869869258008707069e-01
7.204269766809999753e-01,1.277374700665954377e+00
4.680640101429999755e-01,8.803584605066405722e-01
6.408870220180000743e-01,1.012800959502120790e+00
7.520520091060001189e-01,1.102405436233209635e+00
1.001817584040000098e+00,1.207961908286799613e+00
1.660804033279999814e+00,9.934917915014565004e-01
1.450595021250000061e+00,1.320049138642174658e+00
1.085010051729999869e+00,1.222482212650112476e+00
1.099555015560000015e+00,1.009121962784044424e+00
7.694180011750000325e-01,1.093823277927234772e+00
1.254430413249999932e+00,8.694750122871162112e-01
1.496320962910000052e+00,1.215873911137724139e+00
7.186369895940000196e-01,1.252996571371504109e+00
8.902019858359999649e-01,7.802323784325145839e-01
9.891759753229999452e-01,1.060902076244522707e+00
2.849014520649999938e+00,1.141637249064715309e+00
4.281075000759999583e+00,2.185608732505190055e+00
1.248739004139999942e+00,2.744346614414444829e+00
7.096589803699999699e-01,1.120428869999296362e+00
7.497439980509998936e-01,1.189961627672358579e+00
8.907449841499999188e-01,1.228728533119745059e+00
1.469527959819999952e+00,1.300320551622373921e+00
1.608888030049999918e+00,1.275492317081012850e+00
1.043460965159999976e+00,1.106795089546820599e+00
1.184751033780000018e+00,1.263107095600755070e+00
5.063725113870000127e-01,1.450020739201297815e+00
6.946156024930000283e-01,1.058704082828688664e+00
9.299110174179998634e-01,1.108791309503017963e+00
7.754629850390000190e-01,9.074208609954269589e-01
8.564696311949999696e-01,8.237594448539536929e-01
9.269009828569999554e-01,8.966511800299884483e-01
7.506660223010001021e-01,9.039918877280087584e-01
9.248849749570000611e-01,8.665628751027969479e-01
1.070162653919999984e+00,9.827602797524528366e-01
8.752880096439998869e-01,1.079370656892600033e+00
7.511039972310000756e-01,9.097968891317994578e-01
8.627579808239999037e-01,9.264357992667715536e-01
5.096570253369999692e-01,1.035193708903395127e+00
8.495249748229999343e-01,7.519722591344019103e-01
6.711369752879999817e-01,9.610991376697910482e-01
6.132180094720000030e-01,7.528264736990478712e-01
3.810549974440000098e-01,7.295761652120565932e-01
8.710420131680000067e-01,6.712463820472948095e-01
6.540319919589999698e-01,9.620016166614903108e-01
9.089673757550000843e-01,7.405002896268613188e-01
9.709029793739999414e-01,9.425684026598422083e-01
9.856920242310001079e-01,9.259440314978476527e-01
1.356256246570000101e+00,9.929640531231072043e-01
1.309872984889999925e+00,1.266233337741843101e+00
6.344919800760000506e-01,1.186405227068216828e+00
5.933508276940000492e-01,8.373319881764549333e-01
8.796380162239999523e-01,8.993506605895441597e-01
1.131836414339999930e+00,1.096536635091958978e+00
1.841274023059999765e+00,1.102935773541243947e+00
2.261745929719999992e+00,1.475909753841494254e+00
2.597975969309999744e+00,1.737914682953480172e+00
2.399192094800000064e+00,1.984413879123581248e+00
1.982298016549999931e+00,1.814035149457160712e+00
2.269547939300000206e+00,1.641850098815945236e+00
2.017889976500000238e+00,1.908127074493307873e+00
1.452262043950000026e+00,1.607462151259114069e+00
1.342797994609999934e+00,1.341318256573560186e+00
1.311915040020000145e+00,1.472754921620215374e+00
1.276762008670000226e+00,1.476026593422915756e+00
1.275267004970000118e+00,1.412366216087440840e+00
1.210446000100000141e+00,1.247642963085622947e+00
8.153480291369999966e-01,1.188986469026109827e+00
7.271119952200000291e-01,8.859809046072260053e-01
6.043019890790000126e-01,8.993140163129039744e-01
9.830358624459999417e-01,8.305018929658901650e-01
1.101529002189999940e+00,9.967306917644778164e-01
1.183724999429999869e+00,1.004206260197667566e+00
4.356400072569999726e-01,1.179720590406282188e+00
3.270040154459999959e-01,6.879503864878578900e-01
8.039849996569999879e-01,6.773077212657441226e-01
4.216859936710000145e-01,8.249787046424330583e-01
5.734559893609999515e-01,5.963258061623766260e-01
3.959457874300000291e-01,7.271920633835163850e-01
4.163750112060000119e-01,5.684890259288011283e-01
5.603970289230000290e-01,5.804000397986555093e-01
7.749050259590000156e-01,6.972841755618002235e-01
6.370840072629999629e-01,8.092779176322151269e-01
3.839260041709999793e-01,7.251312773552597291e-01
5.648739933969999516e-01,5.915811502296333124e-01
1.054715037350000051e+00,7.044278396770243811e-01
6.537709832190000681e-01,1.022324559516956333e+00
5.931029915809999942e-01,6.947511865198632286e-01
1.022608995439999946e+00,7.529061290350743674e-01
8.359869718549999273e-01,1.007160946840952587e+00
6.375340223309999832e-01,8.623159196021256134e-01
9.755985140799999789e-01,7.575340852433185557e-01
4.898079931740000337e-01,9.716597932146477934e-01
1.098647952079999879e+00,6.067305735529513466e-01
1.151165962220000116e+00,1.096705742281200990e+00
8.061249852179999120e-01,1.046665343967805972e+00
4.744769930839999872e-01,8.400123465401608813e-01
7.896029949189999897e-01,6.858711898900091697e-01
4.762530028819999539e-01,8.716945715987423071e-01
5.455229878430000179e-01,6.047437489473445060e-01
6.212809681889999158e-01,7.177455035049472576e-01
7.707700133319999036e-01,7.473381615644382192e-01
9.337069988249999675e-01,8.089505818388111891e-01
8.110550045970000843e-01,9.063527803164846963e-01
6.005529761310000048e-01,8.411336941157875335e-01
1.002521038060000036e+00,8.056550987806575526e-01
8.921650052069998171e-01,1.051512211004176356e+00
9.160850048070000584e-01,8.761702552867711713e-01
7.413420081139999729e-01,9.549758552125913180e-01
9.283249974250000758e-01,8.359063126961124857e-01
6.429409980770000033e-01,9.354754758705958739e-01
9.950090050700001187e-01,6.980916568132194966e-01
6.271365880970000140e-01,1.044364100751404179e+00
1.038689017300000073e+00,7.376762056275795176e-01
6.888009905820000611e-01,1.043222290051804668e+00
5.214130282399999095e-01,7.824990571442734799e-01
6.510270237919999481e-01,7.236151152256965480e-01
1.159701943399999990e+00,7.401764342264202101e-01
6.456400156020000169e-01,1.110333969064646986e+00
1.195862650870000099e+00,7.219427320654213664e-01
1.304703950880000018e+00,1.154888705356869272e+00
8.844429850579998975e-01,1.164750552961837160e+00
7.697709798810000725e-01,9.247188921357482050e-01
7.702100276950000213e-01,9.620676727663972638e-01
6.418280005459999771e-01,9.661560328086047367e-01
8.937159776689999058e-01,8.871015079389318325e-01
5.247250199319999364e-01,8.803729131972756194e-01
5.142210125920000374e-01,6.850032406212337444e-01
7.172748446459999982e-01,7.269391600920964702e-01
6.410769820210000525e-01,8.321739508405114893e-01
4.689820110800000941e-01,6.799821767668000616e-01
1.203750014310000171e+00,7.231897751195246471e-01
7.911959886550000709e-01,1.190880911724192304e+00
1.136301159859999910e+00,8.694005928012124018e-01
8.642929792399999256e-01,1.154893562354263992e+00
8.814030289650001126e-01,9.014612247852163973e-01
5.817409753800000249e-01,1.025701734199248483e+00
8.651199936869999885e-01,8.298077275402293562e-01
9.078124761579999813e-01,1.027476685843897064e+00
7.377740144730000615e-01,8.687807029574893258e-01
1.120375037189999867e+00,7.781319339459177309e-01
9.422479867940000142e-01,1.099559345346841743e+00
1.060060024260000011e+00,9.145484379214036119e-01
7.158420085910000008e-01,9.978535976974548527e-01
4.040209949019999969e-01,7.710477677727159973e-01
2.920779883859999648e-01,6.334140614435086469e-01
6.317924261089999938e-01,5.484142060286544273e-01
1.124665260310000026e+00,7.164142482308601956e-01
1.115690946580000009e+00,1.008831957330898144e+00
1.247418999670000028e+00,9.837835479639251979e-01
6.976169943809999996e-01,1.135969279383104880e+00
3.693974971769999893e+00,8.091807287339831678e-01
8.204839825630000361e-01,2.690119564281229891e+00
8.573070168499999921e-01,5.026028428220492561e-01
6.902359724040000311e-01,1.373870668679793017e+00
8.385969996449998964e-01,1.292346430909854016e+00
1.287726998329999928e+00,1.442882903700831054e+00
9.632229804989999034e-01,1.442262166773340404e+00
1.343299984930000024e+00,8.468024602983710292e-01
7.316169738770000874e-01,1.329042105232783211e+00
6.809219717980000697e-01,8.550978827012578609e-01
7.014784216880000089e-01,9.483741189865666499e-01
6.698030233380000142e-01,8.354710935386421289e-01
1.365643024439999964e+00,7.371459670904144668e-01
9.781420230869999344e-01,1.215845529465645170e+00
6.786789894100000442e-01,8.968899905430881558e-01
5.976330041890000055e-01,8.221215474597942663e-01
8.193774819369999962e-01,8.212425124060080961e-01
7.911109924320000042e-01,9.485240776013019737e-01
1.044147372249999872e+00,8.615001275034903649e-01
1.400015950200000026e+00,1.049587297183592227e+00
8.748620152470000244e-01,1.244810773256553871e+00
6.228179931639999944e-01,9.373689181764032208e-01
7.164059877399998610e-01,8.343963541263469397e-01
6.523500084880000660e-01,9.229787734875970484e-01
9.379299879070001067e-01,7.636946949678157237e-01
5.936999917030000296e-01,9.372797011249204280e-01
5.393440127369999448e-01,6.879351327395211158e-01
9.370089769359999377e-01,7.187225861339410216e-01
8.087720274930000341e-01,9.430256635137057586e-01
5.654280185700000239e-01,8.371324540012827775e-01
6.020820140839999723e-01,7.291664664541903651e-01
1.146679997439999932e+00,7.689707199803273996e-01
9.824249744419999431e-01,1.041974082487554076e+00
5.671510100359999917e-01,9.235260778927436576e-01
7.866399884220000027e-01,7.454742235839348918e-01
7.388439774510000557e-01,9.283004211175832632e-01
6.810299754140000106e-01,8.050470838880031677e-01
7.086979746820000203e-01,7.660956566275043400e-01
6.642330288889999323e-01,8.071785975596400542e-01
5.124790072439999733e-01,7.616861897538893533e-01
6.040380001070000393e-01,6.454418054610525646e-01
6.728799939159999521e-01,7.388557442682212040e-01
8.265414834020000656e-01,7.944312168633159699e-01
4.546860158440000355e-01,8.567351634449074105e-01
5.594509840010000179e-01,6.210633078684946184e-01
1.332218050960000122e-01,7.205742367089542633e-01
1.633069962260000063e-01,4.833216999893980015e-01
1.797860413789999778e-01,4.549427651666599348e-01
5.747918486599999932e-01,4.171123074283562548e-01
8.508148789409999413e-01,6.258027907276279000e-01
8.527640104289999634e-01,8.547054410967226401e-01
1.687628030779999788e+00,8.492806573335449638e-01
2.149522066120000297e+00,1.412935176294834339e+00
8.122850060459999577e-01,1.503617328795423091e+00
1.239639997479999867e+00,8.076081187226274993e-01
2.128437280650000041e+00,1.325786836814147884e+00
2.139239072800000141e+00,1.890285577782171655e+00
9.779880046840000452e-01,1.554298044093501030e+00
6.937779784199998856e-01,1.002544750199149126e+00
7.218790054320000094e-01,1.011315170945976449e+00
7.631160020829999002e-01,1.058673218152061057e+00
8.565329909319999713e-01,9.264767114240151091e-01
1.109338045120000116e+00,8.839716972330290412e-01
6.476340293879999654e-01,1.024646390088801207e+00
9.241870045659998922e-01,7.321196955453157518e-01
7.877320051189998784e-01,9.634446067630978439e-01
1.305567026139999864e+00,8.482191889511535576e-01
9.107710123059999940e-01,1.212799861213032404e+00
8.699640035629999657e-01,8.839112686099275251e-01
5.743020176890000217e-01,9.479360807748815620e-01
8.599532246590000373e-01,7.868784832586686040e-01
4.775849878790000003e-01,9.359307626787185530e-01
1.108017444610000179e+00,6.043679304043977352e-01
1.290724992749999966e+00,1.091950381041034257e+00
8.591579794879999898e-01,1.058227815151001394e+00
3.058980107309999807e-01,9.703609002135173967e-01
9.039019942279999942e-01,6.683666148964402254e-01
6.352750062940000220e-01,1.030898138831439104e+00
1.023422956470000145e+00,7.324892141542576063e-01
6.730669736859999919e-01,9.937354793275684495e-01
8.504790067669999454e-01,7.085285195133710356e-01
5.141969919200000128e-01,9.255765622121269187e-01
1.527956604959999964e+00,6.775095942399885773e-01
4.094385623930000051e+00,1.360507494053739386e+00
9.952359795569999390e-01,2.667820353443453030e+00
8.670449852940000923e-01,7.722278795362540471e-01
1.141056060789999993e+00,1.461739762352666894e+00
1.622257947919999888e+00,1.668545561332816174e+00
1.980204939840000566e+00,1.989112708417022146e+00
1.375547051430000112e+00,1.765240510678331542e+00
1.851865053180000054e+00,1.174739228514894540e+00
1.420923948290000016e+00,1.568482634655188779e+00
1.589177966120000285e+00,1.307200851639500172e+00
1.673199415210000041e+00,1.495865948327571138e+00
2.123934030530000072e+00,1.489144541197129135e+00
1.648401975629999905e+00,1.610682231152133825e+00
1.204741954800000014e+00,1.519640221210086573e+00
7.920839786529999538e-01,1.332640360744053121e+00
1.227027416229999890e+00,1.111433542162478139e+00
1.226951003070000157e+00,1.360422383803506552e+00
1.131343960759999989e+00,1.081806518778285042e+00
1.252465009690000075e+00,1.072148358867032414e+00
1.116891980170000132e+00,1.163542677876926446e+00
1.122387051579999850e+00,1.018615361073721193e+00
1.040153026579999862e+00,1.066558589159626980e+00
8.091310262680000420e-01,1.004250811441915081e+00
7.681059837340000751e-01,8.562999097708663410e-01
7.982919812199998910e-01,8.746191390441658831e-01
7.666722536090000428e-01,8.894728244704156461e-01
1.057360053060000027e+00,8.136303874602438535e-01
8.607699871060000563e-01,1.015428585063227862e+00
1.070777058600000053e+00,8.715332032161459130e-01
5.301510095600000527e-01,1.044406049927073088e+00
6.604189872739999467e-01,6.453634138861844560e-01
9.909179806709998983e-01,7.851340331984517640e-01
3.561530113220000016e-01,9.779152831032761339e-01
9.618239998820000691e-01,5.588248266396232955e-01
1.244829058649999931e+00,1.009375392073822431e+00
8.381230235100001202e-01,1.126031484849155051e+00
9.245989918709998090e-01,7.997937136321427998e-01
8.131660223010001021e-01,9.878367341654086253e-01
1.003061056139999963e+00,8.937643154204308882e-01
8.752340078350000496e-01,9.806305799234203979e-01
7.991399765009998823e-01,8.937895103629399651e-01
8.812961578369999938e-01,8.639912547928415565e-01
1.063080191609999892e+00,9.124579433380483051e-01
9.057049751279999672e-01,9.937481186246900355e-01
6.909559965129999926e-01,8.577819155022975428e-01
1.355970025060000195e+00,8.002286625729765346e-01
7.572399973869999856e-01,1.239359156627285019e+00
2.043754577640000125e+00,7.580048718087200044e-01
8.576130270960000690e-01,1.712159287615477199e+00
2.364957094190000220e+00,7.135985158548825424e-01
4.179231166840000178e+00,2.071769658563681560e+00
2.233561992649999883e+00,2.982953312910886723e+00
8.013390302660000630e-01,1.457469647161476312e+00
8.372840285299999463e-01,8.984353730523079173e-01
8.851529955859999133e-01,1.158691583280623716e+00
9.040349721909999303e-01,1.175375779109375962e+00
1.302939534190000082e+00,8.644182323692313208e-01
7.228699922560000157e-01,1.146516508196221640e+00
8.009120225910000279e-01,7.373942452548738480e-01
1.032919287679999965e+00,9.074621872170344217e-01
1.321628212929999879e+00,1.073941311908150675e+00
9.367759823799999275e-01,1.167320120932502814e+00
7.007700204850000336e-01,9.041615113771166445e-01
7.624319791789999634e-01,8.203832614185265770e-01
1.144938945770000105e+00,9.246804455212052076e-01
7.721610069269999599e-01,1.149942379419715222e+00
8.772150278090000697e-01,7.650461121627419869e-01
1.243505001070000171e+00,9.378520336222073706e-01
6.381840109830000385e-01,1.154810997874628598e+00
7.468199729919999807e-01,6.455001116812997264e-01
6.839929819109999976e-01,9.380971082983874387e-01
1.419505119320000119e+00,9.124877170934019288e-01
6.141470074649999500e-01,1.353523504638316277e+00
7.347676754000000976e-01,6.293885514027919292e-01
6.770560145379999062e-01,8.949808893943892452e-01
1.074026942249999950e+00,8.845849805569343527e-01
6.156389713290000287e-01,1.103904022577851141e+00
9.692379832269999440e-01,7.132334542437692715e-01
9.916120171550001361e-01,1.002497350721692548e+00
8.089560270310000023e-01,9.542214128501514958e-01
2.435143947599999859e+00,8.397297953527285141e-01
8.223479986189999869e-01,1.809823315372996344e+00
5.938220024110000272e-01,7.989661906525511448e-01
5.762249827380000466e-01,9.969578482109868744e-01
4.224239885809999429e-01,9.452997384851736795e-01
6.765879988670000511e-01,8.904804120051598160e-01
5.520349740979999531e-01,7.440456599723630493e-01
9.015229940410001142e-01,6.626345544062310911e-01
7.489960193629999763e-01,9.266553578647893641e-01
8.627583980560000754e-01,7.788785755015719126e-01
9.480749964710000199e-01,9.131710266586812175e-01
1.055613875389999956e+00,9.399905742929169916e-01
1.970020055770000278e+00,1.075178170028312730e+00
9.391199946399999554e-01,1.572679491088163184e+00
1.009042978289999892e+00,9.138226435262010172e-01
7.824029922490001177e-01,1.166495341801305763e+00
1.016265034679999957e+00,1.053033003736342677e+00
8.782749772069999850e-01,1.070182556906472904e+00
7.353619933130000064e-01,8.739379549224960408e-01
1.109990954399999952e+00,8.206478772774868924e-01
7.727199792860000027e-01,1.070710369525439409e+00
1.164981961250000086e+00,8.116088784336268347e-01
7.157210111620000426e-01,1.105292922207202100e+00
1.475479006770000101e+00,7.217690858598110326e-01
8.354520201680000202e-01,1.332691508977510209e+00
7.344660162930000125e-01,8.375176340895685856e-01
7.861927747729999805e-01,9.029125594748278472e-01
1.143465042110000107e+00,9.447916551482620218e-01
9.246990084650000830e-01,1.043175519964966380e+00
2.958764553069999970e+00,9.396075689641361084e-01
2.138324022289999959e+00,2.261778278412923893e+00
2.038712024690000124e+00,1.408807418177552950e+00
1.480209946629999829e+00,1.806985626192187722e+00
9.367650747299998137e-01,1.471293247491459288e+00
1.715939760209999942e+00,1.237185527295195930e+00
1.001402020450000041e+00,1.596746503114087279e+00
8.896229863169999863e-01,9.537829165651678931e-01
7.492939829829999843e-01,1.055272270800759360e+00
1.115183949470000213e+00,9.513035021915882128e-01
9.457820057870001129e-01,1.104066499880536734e+00
6.452180147170000213e-01,8.801905252124776480e-01
1.164842009540000056e+00,8.038391251467478238e-01
1.244351029399999975e+00,1.205657742217904227e+00
9.045109748840000075e-01,1.118039396021060838e+00
5.575259923929999362e-01,8.851806322459366827e-01
5.778343677520000332e-01,7.173040411339272060e-01
7.199835777280000348e-01,7.670414293891428814e-01
7.607790231700000128e-01,8.391638760631098259e-01
5.404400229450000426e-01,8.827431455560756923e-01
8.009672760959999360e-01,7.547358140112535585e-01
7.710149884220000027e-01,9.240236983466462162e-01
6.709719896319999988e-01,8.387100809331802242e-01
2.768970489500000021e+00,8.381667332299482798e-01
3.086133003230000060e+00,2.143897581347448345e+00
1.116358041760000086e+00,2.110265782847337679e+00
1.018260955809999979e+00,1.157378429638476591e+00
7.442610263819999794e-01,1.417457947590520462e+00
1.114386796949999869e+00,1.297870999418518023e+00
1.380516409870000238e+00,1.469591153502658232e+00
1.229098439219999950e+00,1.363602480769744218e+00
1.573238968849999919e+00,1.224861074187893362e+00
1.245597958560000107e+00,1.499160479576470806e+00
8.298619985580000247e-01,1.271178347480773851e+00
5.376980304720000436e-01,1.058507923111363880e+00
8.593800067899999284e-01,9.490847886897789687e-01
7.949647903440000274e-01,1.066122563746767948e+00
8.122889995569999577e-01,8.845313960564935574e-01
1.209460973739999945e+00,8.592154268519259785e-01
1.043611049649999956e+00,1.198951444783779019e+00
9.914460182190000248e-01,1.010098659436544200e+00
1.377645969390000058e+00,9.978290404732320651e-01
7.495359778399999229e-01,1.256955063897169822e+00
7.549669742579999676e-01,7.725104194815979319e-01
8.522210121150000095e-01,8.970208065734502911e-01
1.312628030780000010e+00,9.499507321449268682e-01
9.499999880790001017e-01,1.185824328055447685e+00
8.433979749680000637e-01,9.039349967388902174e-01
6.329939961430000039e-01,9.466015708293686881e-01
6.848490238189999246e-01,8.070518843575191781e-01
8.296039700509999504e-01,8.092340154189839874e-01
1.117776036259999994e+00,9.153220498411991368e-01
1.060515046120000138e+00,1.026115064370880958e+00
9.966710209849999336e-01,1.049499110133740309e+00
6.726049780850000825e-01,1.084760076781301930e+00
8.499810099600000335e-01,8.870951324532565518e-01
7.929700016980000266e-01,8.942420119856072658e-01
7.509549856190000927e-01,8.690030706001041771e-01
9.556260704989999466e-01,8.489622150254749755e-01
6.085839867589999397e-01,9.801941263371570789e-01
7.782499790189999489e-01,6.956375613868724939e-01
5.098140239720000411e-01,8.519516188252280742e-01
6.364319920540000286e-01,6.739646008335041794e-01
6.015599966049999248e-01,7.800850158903424036e-01
6.556333899499999784e-01,7.549343323084173329e-01
6.385549902920000243e-01,7.592404810176074381e-01
8.762890100480000832e-01,7.456272747159382597e-01
7.967479825020000739e-01,9.332364842475896483e-01
6.824830174449999509e-01,8.725235619904994078e-01
8.025500178340000401e-01,8.133203181282111505e-01
7.950311899190000142e-01,9.070432972510922287e-01
1.584897041320000088e+00,8.552718384407193009e-01
1.017485976220000143e+00,1.343014338440448263e+00
9.177780151369999695e-01,9.783459974558406103e-01
1.230221033100000083e+00,1.027271808665096930e+00
1.027899026870000121e+00,1.191025719748639800e+00
9.125559926030000213e-01,1.051615957643562860e+00
7.935979962350000472e-01,1.002589417862449706e+00
1.030437946320000187e+00,9.118605486749885580e-01
5.325379967690000438e-01,1.078783548180546337e+00
6.127780079839999505e-01,6.999477862799431405e-01
8.741289973260000234e-01,8.117488609816363443e-01
3.667230010029999820e-01,9.616828521044030742e-01
7.391750216480000857e-01,5.656412589101729171e-01
5.604230165479999748e-01,8.514407602512760187e-01
7.758178114889999755e-01,7.098705794227119226e-01
8.102909922600001202e-01,8.672860978037901791e-01
6.437510252000000488e-01,8.438475581338895637e-01
7.236457467079999706e-01,7.864675923590317419e-01
9.113870263100001257e-01,8.565736582205740746e-01
6.627830266949999993e-01,9.562059988253744924e-01
1.002035975460000117e+00,8.198073436554301763e-01
8.224419951440000709e-01,1.085364669861768272e+00
1.030576944350000135e+00,9.207148719447223462e-01
6.781139969830000114e-01,1.178639052412699728e+00
5.333459973340000104e-01,8.851349826244604424e-01
3.209959864620000047e-01,8.501194670688412280e-01
7.608630061149999069e-01,5.771371200801208579e-01
7.439860105509998878e-01,8.630388733589379191e-01
5.468400120740000148e-01,8.215371221190045370e-01
7.004669904709999173e-01,7.006447935689056328e-01
8.356525897980000561e-01,8.106416669636927752e-01
1.274258971210000091e+00,8.713971216866072123e-01
8.934450149539999719e-01,1.096001476874161940e+00
6.211659908290000365e-01,9.520428973849537346e-01
7.900159955019999680e-01,8.835898812581287620e-01
1.067494988440000014e+00,9.979481617202194954e-01
6.698009967800000464e-01,1.061192178609874359e+00
1.265694975850000015e+00,8.301017249710429535e-01
6.380620002750000408e-01,1.275397753996982741e+00
9.348030090330000652e-01,7.741823432945482697e-01
8.006410002709999363e-01,1.024788973333940367e+00
1.085708975790000030e+00,9.241684414245080470e-01
3.527039885520000251e-01,1.045294140889744483e+00
5.883709788319999578e-01,5.999229768192910761e-01
4.875420033929999120e-01,7.884338561739868689e-01
4.636880159380000199e-01,7.421140475474765630e-01
3.637039959430000136e-01,6.360133720340248598e-01
8.750243186949999696e-01,5.897089526949615967e-01
6.435279846190000708e-01,9.042392713555185146e-01
4.834130108360000233e-01,6.713151751795479738e-01
2.120890021319999930e-01,7.210563649115840912e-01
4.560469985010000560e-01,5.455512115554725927e-01
4.367910027499999903e-01,6.660908447831236368e-01
7.238804101939999569e-01,6.269143496459855802e-01
5.560690164570000205e-01,7.969931119471221903e-01
4.748429954049999679e-01,6.714622428212965177e-01
2.674640119080000100e-01,6.946222362532225025e-01
9.588437080380001198e-01,5.771778056729385264e-01
7.868980169300000549e-01,9.297865000103363586e-01
1.794360995290000149e+00,8.020496239917014325e-01
1.337677955630000026e+00,1.531670476418202531e+00
1.210453987120000185e+00,1.114051093445379559e+00
5.654799938200000264e-01,1.161381937852377755e+00
4.008429944520000565e-01,7.537856325748496511e-01
2.727654874320000200e-01,7.282116688945777794e-01
5.836449861529999783e-01,5.556683952372575286e-01
8.533802628519999711e-01,6.666006394821724079e-01
8.660610318179999823e-01,8.854630571593210542e-01
1.158349990839999899e+00,8.635396181594153786e-01
7.764859795569999390e-01,1.057792983801488784e+00
1.068807005880000105e+00,7.985778375001069129e-01
5.888479948040000744e-01,1.073446650673685054e+00
1.588868498799999918e+00,6.860318556868837403e-01
4.327859878540000205e-01,1.374298818691007229e+00
3.996030092239999942e-01,5.778739382566177030e-01
5.545349717140000134e-01,7.918832385635491411e-01
6.221979856490000849e-01,9.135677591616145898e-01
1.149551987649999996e+00,9.524991522922070519e-01
1.121260046960000034e+00,1.060640302884291009e+00
9.776459932329999436e-01,1.048579127926319909e+00
1.732741951940000025e+00,9.632442264845586521e-01
2.302707910540000125e+00,1.431886621638336354e+00
1.053477048870000043e+00,1.759964181026483665e+00
7.962800264360000435e-01,8.700434342385503506e-01
5.203329920770000117e-01,9.723758435081647500e-01
6.104800105090000262e-01,8.207624073377537410e-01
4.453057944770000276e-01,8.726264042996580983e-01
6.522138714790000069e-01,6.159904056864080601e-01
1.175541162490000069e+00,7.317468239139448549e-01
1.032202124599999937e+00,1.054742839151536993e+00
7.193930149079998948e-01,9.853375136189517214e-01
8.200139999390000378e-01,8.538769025078949415e-01
9.497330188750000568e-01,9.822377995550983787e-01
1.039114952089999822e+00,1.024255126890422085e+00
5.883830189700000046e-01,1.097725246947559796e+00
9.508559703829998488e-01,7.896278335738931009e-01
5.277600288389999728e-01,1.037227942390435587e+00
7.736063003540000205e-01,6.786306532581196649e-01
9.703559875489998765e-01,8.923128130035401506e-01
1.383889913560000018e+00,9.515651385413128605e-01
7.795230150220000542e-01,1.263952798244335485e+00
6.069999933240000090e-01,7.465143490600288922e-01
4.660570025440000097e-01,8.524380758435068373e-01
9.455270171170000459e-01,8.206882316949069001e-01
6.238729953770000280e-01,1.116886487251312010e+00
3.923240005969999555e-01,7.616060943600465594e-01
5.156549811360000568e-01,5.858012164534197597e-01
9.679385423660000765e-01,7.098788405680618308e-01
1.356565952299999989e+00,9.804274794685386984e-01
9.072690010070000310e-01,1.112403362589258649e+00
8.162760138510000152e-01,9.030262473370814780e-01
2.479866981509999846e+00,9.159808050458393414e-01
1.133080005649999888e+00,1.947852769059880584e+00
1.045583963389999926e+00,8.814353716726404109e-01
8.474370241169999485e-01,1.219634957211537252e+00
1.536522984499999911e+00,1.102150695060314378e+00
9.008989930149998715e-01,1.524807724681438215e+00
4.812009930610000596e-01,9.206411969475217782e-01
8.572540283199999722e-01,7.704989475873160742e-01
8.617479801180000232e-01,1.055418255535382821e+00
1.008694052699999899e+00,9.308658770117038683e-01
1.127727031710000105e+00,1.019499386609620917e+00
7.795569896699999779e-01,1.088687862528285644e+00
9.895502924920001053e-01,8.115881859601480341e-01
8.363329768179998958e-01,1.013217327563721959e+00
9.099559783939998869e-01,8.490315885640437044e-01
5.511059761050000061e-01,9.669548436148006632e-01
1.239764332770000088e+00,7.208568011747423787e-01
1.211838960649999963e+00,1.166282161291510633e+00
1.379981994630000042e+00,1.039110385065552755e+00
1.148460984229999982e+00,1.241788858820515040e+00
7.663900256160000035e-01,1.043429629781034151e+00
9.660840034479999394e-01,8.954344576830917113e-01
8.156750202179999798e-01,1.097629173208114262e+00
1.142272949220000111e+00,9.157490938864488728e-01
1.299479961400000105e+00,1.075905088525295206e+00
8.583310246469999516e-01,1.146170805715730934e+00
7.149469852449999996e-01,8.725602600127160269e-01
8.764400482179999230e-01,8.454633175543664336e-01
8.305460214609999836e-01,9.765423568387451292e-01
8.535240292550000385e-01,8.297106455072600362e-01
9.092410206789999227e-01,8.969286704474556116e-01
5.202720165249999917e-01,9.353842986239779833e-01
7.411040067669999454e-01,6.600509968917886994e-01
5.853319764140000325e-01,8.205264038856747710e-01
5.047770142559999673e-01,7.238888351827174050e-01
5.519493222240000607e-01,6.898758803571033438e-01
9.697520136830000137e-01,7.123963061612667014e-01
1.116515994070000017e+00,9.369721094327638777e-01
1.049844980239999837e+00,1.030294702813989494e+00
6.342629790310000404e-01,9.993340344312688917e-01
5.644329786300000817e-01,7.432746474279375848e-01
9.184709787370000100e-01,7.516836213054084448e-01
9.593539834020000656e-01,9.764895297182413225e-01
5.984159708020000412e-01,9.011043715074801286e-01
9.383450150489999197e-01,7.229676977041313846e-01
4.542250037189999867e-01,9.835871622240579537e-01
7.079470157619999204e-01,6.186641319215183676e-01
3.876500129699999575e-01,8.301919071357398705e-01
4.484339952470000057e-01,6.166135644292560780e-01
8.405709862710000202e-01,6.202902911490790760e-01
5.337110161779999862e-01,8.606899696608707462e-01
7.211350202559999589e-01,6.447871373115670046e-01
5.215386152269999576e-01,8.174943135257819460e-01
7.050759792330000275e-01,6.722434712761378162e-01
6.405649781229999506e-01,7.566707931476295279e-01
5.168589949609999623e-01,7.726858588733749311e-01
1.660409450529999997e+00,6.653571487871495771e-01
2.465307950970000217e+00,1.426004084076811784e+00
1.622156023979999917e+00,1.792748101200193123e+00
1.866270065310000170e+00,1.253341802996758236e+00
3.623536109919999415e+00,1.612097294177006868e+00
7.948709726329999947e-01,2.663175083907702412e+00
9.065989851950000400e-01,5.395420905766550312e-01
8.571879863740000660e-01,1.272241799990092348e+00
7.756379842759999477e-01,1.251611998809254001e+00
7.006700038909999817e-01,1.258546523823845575e+00
6.443409919740000769e-01,9.647421945870956472e-01
7.579550147059999077e-01,7.996452032242541419e-01
5.499600172040000068e-01,8.638846882723656417e-01
4.964669942859999408e-01,6.809420468822515726e-01
1.367677569390000070e+00,6.572770490825449174e-01
1.397894024850000250e+00,1.237460104600075494e+00
8.148130178450000427e-01,1.044953736340154871e+00
1.278898954390000009e+00,9.921764197368739824e-01
8.623980283740000363e-01,1.407819870049987543e+00
1.093865990639999897e+00,1.176284209024103022e+00
8.134710192680000285e-01,1.268637065572021827e+00
1.466687083240000078e+00,8.522383489855729355e-01
9.060310125349999577e-01,1.321521974820025314e+00
7.652140259739999006e-01,8.324193648777424848e-01
1.311033964160000176e+00,9.801058840002453421e-01
7.892500162119999718e-01,1.367883447042082423e+00
1.474902033810000068e+00,9.117894085066116094e-01
9.167850017550001063e-01,1.378658256839924379e+00
1.186140060420000086e+00,8.878336298107573077e-01
1.411391973500000008e+00,1.224042486015606279e+00
2.092472076419999993e+00,1.342711852916499193e+00
7.189220190049999681e-01,1.654859811410974268e+00
1.301861047739999888e+00,7.033613471667442552e-01
1.268974781040000055e+00,1.297880651853872802e+00
1.221997022629999874e+00,1.241938033056369850e+00
9.061110019680000960e-01,1.094824391355039950e+00
1.078873991970000112e+00,9.792104353827543184e-01
1.028025031089999874e+00,1.149646509087046020e+00
7.863690257070000689e-01,1.088642966732626283e+00
1.276852965350000035e+00,8.437219548062280250e-01
7.093420028689999546e-01,1.210249326497015110e+00
5.201929807659999572e-01,7.509437872114544943e-01
5.645610094070000473e-01,7.275430935340775340e-01
9.855200052259999177e-01,7.382447930442376238e-01
1.092841982840000004e+00,9.814490397395760901e-01
4.786899983879999709e-01,9.580263712816755595e-01
3.955059945579999514e-01,6.440836000792417027e-01
1.850703001020000071e+00,6.795444343767261808e-01
1.195796012879999815e+00,1.586142818033136059e+00
1.702510833739999896e+00,1.021148016522847479e+00
2.998351097109999586e+00,1.568867147938024509e+00
2.407080888749999925e+00,2.291709271104207080e+00
2.585943937299999718e+00,1.752817342294611391e+00
2.233839035029999920e+00,2.034269037895676036e+00
1.655773043629999997e+00,1.752500834916241867e+00
1.430611014370000156e+00,1.485448105580905009e+00
8.921740055079999676e-01,1.448613723942590026e+00
1.231696963309999893e+00,1.128520363758803047e+00
8.955079913140001624e-01,1.219343059551454500e+00
1.602033019070000064e+00,9.075175874432187539e-01
1.585399031639999956e+00,1.395771572798331972e+00
1.232059955600000034e+00,1.348753998030970180e+00
1.210371017459999976e+00,1.149947164955912093e+00
1.242141008379999967e+00,1.208113561107931888e+00
9.857040047650000858e-01,1.168943372783738388e+00
7.289689779279999726e-01,9.895266137836910003e-01
6.761519908910000876e-01,8.690157551164610084e-01
1.071573019029999907e+00,8.206443818462387796e-01
9.457439780239998983e-01,1.069634858129048682e+00
4.376370012759999706e-01,9.527916814211818686e-01
5.141820311550000522e-01,6.686919283822236881e-01
3.387190103530000052e-01,7.559095965385826954e-01
7.144280076029999593e-01,6.709231652753055997e-01
4.996199905870000180e-01,8.169879084184399343e-01
7.917379736899999854e-01,6.683892145926271233e-01
8.646243214609999894e-01,9.149823667437378960e-01
6.024960279459999901e-01,9.465493502236841383e-01
1.260069966320000123e+00,6.968836422352533422e-01
1.012339949610000067e+00,1.185622873294492452e+00
1.004528999329999950e+00,9.622117612863473335e-01
6.310235261919999727e-01,1.043502996104727965e+00
1.141221046449999887e+00,7.811942922911531140e-01
5.426099896430000014e-01,1.080510517921674296e+00
8.547459840769999762e-01,7.351210804061065751e-01
7.744219899179999311e-01,1.002631098584064073e+00
3.084340095520000102e-01,9.224836724878813232e-01
8.376209735870000506e-01,5.672280168321816030e-01
7.293469905850000767e-01,9.441467501948483942e-01
7.503905892370000830e-01,8.499354679666004664e-01
1.134822010990000019e+00,8.368638347108156017e-01
1.614240050320000064e+00,1.060969338496145165e+00
1.244793057440000128e+00,1.401041709661720480e+00
7.141630053519999466e-01,1.121422801761990051e+00
7.293040156360000026e-01,8.864422305172263705e-01
6.486989855770000091e-01,9.937853683476584044e-01
3.427990078929999962e-01,7.948681245482448476e-01
3.861860036850000011e-01,6.443744584523976027e-01
6.366299986840000535e-01,6.600705545045586486e-01
3.990480005740000280e-01,8.020993577590270762e-01
4.178859889509999870e-01,5.920980547159528928e-01
1.103790521619999909e+00,6.500733384032683082e-01
6.956189870829999622e-01,1.071056292436874058e+00
8.070139884950000564e-01,7.069793393489680611e-01
5.947690010070000310e-01,9.239662615685856339e-01
1.107607960700000005e+00,7.697900909750412524e-01
9.713580012320000012e-01,1.060484338567774909e+00
7.170349955560000321e-01,9.670053652280078405e-01
6.764810085300000386e-01,8.403388022862333662e-01
1.687772989270000190e+00,8.583105972723571453e-01
9.907569885250000485e-01,1.408254706919911836e+00
8.082039952280000161e-01,8.959485216870284319e-01
1.087718963619999979e+00,9.434466340370558646e-01
1.564818024639999861e+00,1.129638405809787916e+00
6.673809885979999912e-01,1.355556521021001659e+00
1.256489992140000123e+00,7.338777321248319829e-01
1.091886043549999963e+00,1.258114220139594508e+00
7.375509738919999725e-01,1.075421772631250938e+00
6.224380135540000802e-01,9.062687553410918584e-01
8.364729881290000613e-01,8.523322886557692657e-01
5.774260163309999916e-01,8.775124808237705354e-01
1.015761017800000054e+00,7.302947066442859736e-01
1.106158971790000001e+00,1.012762283916505357e+00
6.945540308949998964e-01,1.073820755185645126e+00
1.130903959270000092e+00,8.031196077768870678e-01
9.518219828609999489e-01,1.091648493412158860e+00
7.524570226669999862e-01,9.632668758543047050e-01
5.585229992869999993e-01,8.897663110240784379e-01
1.415836334229999771e+00,7.990997990023084308e-01
1.855298042299999839e+00,1.274503968209116600e+00
7.845479845999999702e-01,1.344166349614541733e+00
8.210539817810000862e-01,9.334058110916740869e-01
5.835890173909999978e-01,1.170809774314075291e+00
8.359720110889999889e-01,1.035958297868859512e+00
2.184663057329999880e+00,1.115460130512101911e+00
6.805480122570000123e-01,1.755552485704710675e+00
1.238904953000000031e+00,6.508446766073882062e-01
1.030328035349999949e+00,1.341816881805573569e+00
7.914109826090000022e-01,1.107869144833703245e+00
8.423720002169999832e-01,1.023351310562021554e+00
4.464710056780000769e-01,1.085987975945516659e+00
5.589337944979999584e-01,8.525447374078869434e-01
7.099329829220000221e-01,7.587439030865468226e-01
7.334340214730000751e-01,7.621850063730296609e-01
7.833399772640000647e-01,8.177705674344636355e-01
8.426809906959999985e-01,8.192566699157384225e-01
1.099761009220000085e+00,8.912014186772110325e-01
8.706315755840000614e-01,1.086083728951587224e+00
5.862460136410000411e-01,8.580963203092993874e-01
8.863990306849999223e-01,6.980882640781443937e-01
1.019399046900000050e+00,9.360251921547130260e-01
8.493610024450000129e-01,9.679896808061573266e-01
1.010666966439999870e+00,8.839902620881325834e-01
1.331516027449999973e+00,1.067787582315802064e+00
1.215008974079999859e+00,1.255285281247981999e+00
1.645591020579999952e+00,1.085283209406022742e+00
9.708780050280000351e-01,1.372732009300640543e+00
1.411272048950000135e+00,9.169639924519038532e-01
7.953929901119999313e-01,1.365741282075043195e+00
1.046331048010000098e+00,8.262418580905706023e-01
8.879339694979999642e-01,1.109107948585823511e+00
8.349300026890000836e-01,9.937149988391573707e-01
9.847199916839999290e-01,9.666114492409308978e-01
1.090394020079999970e+00,1.001572255087912700e+00
4.901649951929999416e-01,1.059775485079826884e+00
6.141669750209999279e-01,6.263200646595794563e-01
6.314740180969999894e-01,8.106871601488437884e-01
8.252440094949999860e-01,8.220366443363904541e-01
1.051450967789999913e+00,9.031923576329676795e-01
1.047114968300000060e+00,1.013444793053240200e+00
3.921430110930000379e-01,1.016472712893819796e+00
4.695149958129999912e-01,6.321060983448330006e-01
7.720900177959999500e-01,7.295574955619950064e-01
7.520099878309999264e-01,9.014580183589590012e-01
6.877393722529999698e-01,8.181026721768372978e-01
6.718119978899999012e-01,8.369793160898539863e-01
1.185933232310000029e+00,7.637439955873752684e-01
6.571980118750000432e-01,1.148113309445080166e+00
8.213180303569999063e-01,7.160804566190510645e-01
7.795739769939998842e-01,9.229649267665768209e-01
1.030122995379999962e+00,8.798108767292073251e-01
6.211889982220000217e-01,1.016737689924132049e+00
8.660820126530001106e-01,7.275572901363563938e-01
9.608931541439998947e-01,9.491527774863426359e-01
6.760399937630000577e-01,9.734131468520885733e-01
7.402380108830000083e-01,7.533726353251601893e-01
5.984709858890000511e-01,8.610233440096266566e-01
6.151059865950000427e-01,7.568255414549484028e-01
9.358735680580000382e-01,7.556849572688532080e-01
5.818247795100000008e-01,9.504347817243328223e-01
7.156659960750000327e-01,7.050530573161214454e-01
6.529520154000000298e-01,8.104632386675492128e-01
9.700022935870000751e-01,7.835859333466049792e-01
7.834500074390000623e-01,1.014823260606147803e+00
7.448130249979999506e-01,8.178392162358583128e-01
8.276180028919999376e-01,8.474338878235522232e-01
8.943400979040000420e-01,9.427547429084063291e-01
2.505017042159999985e+00,9.620168380296140187e-01
1.620712041850000062e+00,1.793238594041305367e+00
1.417585968970000110e+00,1.383478271409065430e+00
1.049872040749999957e+00,1.439714324685023916e+00
1.226507544519999993e+00,1.267910887934843078e+00
1.043179035189999881e+00,1.328518953138982495e+00
9.694439768789999690e-01,9.367169803459235444e-01
8.192250132559999454e-01,9.750247881798124183e-01
8.129550218580000598e-01,8.792403590187182205e-01
6.712080240250000163e-01,9.000142282503762470e-01
5.289899706839999993e-01,7.899774172584734799e-01
3.461930155749999849e-01,7.247217878458462881e-01
4.789490103719999947e-01,5.768926354671836121e-01
1.153810977940000093e+00,6.572464239834022726e-01
9.671270251270001062e-01,1.071011881403488131e+00
7.845839858059999727e-01,8.818093839459438810e-01
4.701859951020000428e-01,8.443339328364138918e-01
5.632782578470000301e-01,6.817421403271417546e-01
2.416239976880000528e-01,7.466195796737900015e-01
2.709859907630000064e-01,4.766162278450373768e-01
1.994680017229999991e-01,5.218209008505435564e-01
1.327169984580000017e-01,4.829678509614498405e-01
4.732620120049999546e-01,4.296593389632238358e-01
6.585559844969999244e-01,5.958389330764852776e-01
9.621880054470001165e-01,6.781794592448232573e-01
5.111979842189999790e-01,9.691645367636877451e-01
9.829789996150001263e-01,6.286568846764353236e-01
9.100099802019999684e-01,9.965622507896210180e-01
1.026576042179999870e+00,8.686626547235710705e-01
8.309389948840000262e-01,1.031397919093081317e+00
9.651920199390001676e-01,8.835419435001301558e-01
1.000543951989999902e+00,9.978834382023676897e-01
1.983185052870000131e+00,9.948259349498043136e-01
1.274855017659999978e+00,1.575902812185169921e+00
1.286525964740000028e+00,9.470470876136884986e-01
1.382244944570000245e+00,1.254238000303600664e+00
1.736924052240000016e+00,1.340450802897912075e+00
1.257668018339999971e+00,1.460869982514842569e+00
7.533379793170000838e-01,1.204283001605404246e+00
1.084908962249999886e+00,9.485282306771339877e-01
1.062494039539999990e+00,1.218408350392336192e+00
7.787629961969999570e-01,1.051528667363872627e+00
8.256469964979999965e-01,8.634851093204640726e-01
9.891830086709999525e-01,9.280264416052839138e-01
1.418092012410000047e+00,9.836085265643355058e-01
1.151677966120000063e+00,1.224743694116612769e+00
1.250364065170000094e+00,1.024282803285665011e+00
8.794019818310000458e-01,1.174188467094198884e+00
1.089423060420000144e+00,8.933714866339449445e-01
1.809062957759999701e+00,1.078040601471702109e+00
8.687390089040000207e-01,1.474354033999858871e+00
8.521729707719999380e-01,8.515997199396934114e-01
1.307837963100000112e+00,9.913239225460821480e-01
1.262575984000000151e+00,1.289774462313337589e+00
7.601559758189999627e-01,1.103732912187056048e+00
1.069887042049999959e+00,8.335842297105577892e-01
8.579840064049999437e-01,1.107536426356693804e+00
1.149323940279999956e+00,8.436053063821308262e-01
1.067142963410000034e+00,1.156510444686078554e+00
7.400619983670000401e-01,1.065932090904946117e+00
6.799880266190000411e-01,8.283539509729904715e-01
7.323921322820000634e-01,8.074309143122113674e-01
8.352749943730000126e-01,8.423534888775585650e-01
6.000829935070000065e-01,8.424186757369871437e-01
1.010563969610000168e+00,7.214713841857981480e-01
7.613970041280000434e-01,9.972504122132089810e-01
7.260069847110000030e-01,7.841523631031995789e-01
1.064324021340000037e+00,8.372768102875609575e-01
5.901079773899998715e-01,1.062852882419309530e+00
7.744659781460000447e-01,6.961196157420557196e-01
7.406870126719998781e-01,8.703085988509338122e-01
8.908360004430001533e-01,8.617707605574094210e-01
7.620100975040000613e-01,9.374333785694162202e-01
7.774500250820000069e-01,8.290960879579878373e-01
5.811070203779999943e-01,8.127529732220489800e-01
7.908779978749999051e-01,7.543570133324329907e-01
8.903719782829999652e-01,9.199815716783934505e-01
7.882059812549999656e-01,8.977490657638145244e-01
7.301949858670000459e-01,8.338781095515672703e-01
9.248933196070000529e-01,8.028016438307506997e-01
1.265586972239999941e+00,9.434878301419432622e-01
7.884140014650000694e-01,1.099137051179304159e+00
9.180610179899999501e-01,8.288364316723721981e-01
6.569269895549999516e-01,9.925108422327073576e-01
8.252680301670000107e-01,7.693954703935915740e-01
4.257229864599999525e-01,9.023983388964900154e-01
9.114630222319999309e-01,6.193701209740486435e-01
7.238519787790000937e-01,9.797888116071983289e-01
9.657319784160000031e-01,8.001834266137815010e-01
7.194200158119999911e-01,9.716079844318714631e-01
7.146480083470000411e-01,8.043017772751066552e-01
6.188799738879999790e-01,8.563708453577485447e-01
8.502969741820000094e-01,8.096115090392609348e-01
6.113014817240000065e-01,8.887370760048372009e-01
8.405809998509999881e-01,7.232907729542500386e-01
5.909900069240000553e-01,8.592048059595687182e-01
1.191807866100000002e+00,7.165287383480476446e-01
1.072478055950000009e+00,1.141201755368065784e+00
7.976800203319999172e-01,9.418219640173381979e-01
7.140370011329999489e-01,9.269380619260283449e-01
8.885610103609999921e-01,8.993267000222728846e-01
7.367290258409999737e-01,1.016577072229796208e+00
9.655410051350000744e-01,7.925794723833072819e-01
8.569459915160000385e-01,9.658958972455822245e-01
5.838339924809999859e-01,8.597570904653751844e-01
3.047562122340000457e+00,7.320115729489080625e-01
8.865389823909999301e-01,2.157758905344484557e+00
1.186460971829999878e+00,7.630347923540713451e-01
8.750730156899999557e-01,1.655985753725609744e+00
1.111973047260000014e+00,1.589559560279410810e+00
6.929270029070000447e-01,1.848879382002287741e+00
5.632749795910000357e-01,8.903695630363781532e-01
5.519689917560000048e-01,8.103651500390357532e-01
9.211350083349998386e-01,8.375717751942325373e-01
5.465030074119999748e-01,1.031462463031657784e+00
9.997850060459999577e-01,6.772611945056457028e-01
7.512239813800000166e-01,1.018076393192800522e+00
8.402569890019999654e-01,7.857842859923850343e-01
7.843149900439999600e-01,9.469783329524841253e-01
5.915480256080000165e-01,8.793034829271243469e-01
6.109840273859999948e-01,7.556082416752052389e-01
9.328789710999999540e-01,7.864219591403356358e-01
7.992020249369999885e-01,9.454967334393914458e-01
9.833549857140000405e-01,8.087011226323709279e-01
5.405290126799999761e-01,1.003164395519685614e+00
1.093670010570000128e+00,7.050704264447467118e-01
9.266330003740002041e-01,1.062814596177821036e+00
7.972419857979999858e-01,9.000208776668904287e-01
5.896059870719999596e-01,8.872117096084144450e-01
7.799540162090000672e-01,7.547342243306922605e-01
5.182790160179999717e-01,8.524615782673016229e-01
7.263879776000000676e-01,6.456513404869600459e-01
6.216366887090000182e-01,8.268863727494794036e-01
8.810679912569999717e-01,7.378847830450271372e-01
7.315016984940000411e-01,8.903091298769203465e-01
9.703850150110000516e-01,7.907611727165392290e-01
8.715350031849999901e-01,9.954110350842700905e-01
5.505740046500000595e-01,9.015116933199397442e-01
2.576299905780000121e-01,7.014798735518420481e-01
6.952109932899999123e-01,5.568456308535073562e-01
3.547430038449999601e-01,7.996186672381326854e-01
1.308350920679999918e+00,5.509022163646060122e-01
1.424710035319999957e+00,1.244370929318253882e+00
2.422243118290000385e+00,1.216099482283591993e+00
1.588093161580000023e+00,1.901522446146563849e+00
2.882889986040000352e+00,1.180467619619200548e+00
1.510810017590000109e+00,2.227050582015420943e+00
5.103110075000000245e-01,1.253654603083696362e+00
6.637499928469999810e-01,8.974385482069971998e-01
5.865659713749999948e-01,1.061368550517745257e+00
9.182999730109998593e-01,9.211403901541779238e-01
1.126363039020000123e+00,9.448031009315619455e-01
9.455379843710000065e-01,1.051169110733994883e+00
7.979699969290000583e-01,9.190040856294716676e-01
8.895260095600000527e-01,8.602627756739644749e-01
5.017459988589999531e-01,9.632024797164765451e-01
7.889080047609999813e-01,6.862582397508159016e-01
5.571460127830000220e-01,9.302908459046778100e-01
8.079270124439998924e-01,7.595168235714488958e-01
7.382910251620000697e-01,8.672264294768688986e-01
6.742079854009999096e-01,8.022639880877265872e-01
8.787713646889999675e-01,7.837276347311898927e-01
7.401880025859999268e-01,9.251388740241283104e-01
8.886500000949999478e-01,7.844290075360436099e-01
7.983270287510000340e-01,9.350508374220455332e-01
5.137799978260000344e-01,8.480277027317436600e-01
7.760372757910000141e-01,6.820215756708108978e-01
8.528280258179999906e-01,8.919398610308582054e-01
7.851629853249999513e-01,8.612352174785891101e-01
8.431609868999999646e-01,8.933375418942832713e-01
1.024798870089999925e+00,9.377197736570703768e-01
8.044279813770001120e-01,1.026765904607918500e+00
8.841310143469999216e-01,8.367442588109229584e-01
3.615649938579999501e-01,9.456236067573529080e-01
1.171491026879999842e+00,6.236286358272614683e-01
4.477910101410000343e-01,1.115278925382539255e+00
7.665730118750000432e-01,5.707958247622424430e-01
7.735599875449999940e-01,9.129227227571539149e-01
1.054823040959999902e+00,8.708529841324853527e-01
7.843300104139999673e-01,1.013668944922430537e+00
1.034250974660000155e+00,8.313150067799752740e-01
1.096979022029999973e+00,1.051053748475597072e+00
7.633029818529999400e-01,1.022036312637642608e+00
5.883730053899999257e-01,8.011689646918547236e-01
6.365630030629999547e-01,7.536345701956805865e-01
5.750700235369999858e-01,7.922231784053234138e-01
5.399640202519999654e-01,7.029175148203659074e-01
1.324671149250000068e+00,6.841831654110790417e-01
8.178460001949999780e-01,1.177219253576340607e+00
6.359609961509999909e-01,7.623052264624835539e-01
8.135920166969999867e-01,7.993224423493849873e-01
9.872140288350000903e-01,9.720429757734128096e-01
9.839289784429998686e-01,1.022016888557479630e+00
5.904790163040000150e-01,9.547913468885420585e-01
8.986790180209999201e-01,7.054723007489192010e-01
6.268000006680000125e-01,9.656108677420764952e-01
6.926850080490000172e-01,7.271779731671877967e-01
5.757049918169999669e-01,7.898131944001548499e-01
6.764680147170000213e-01,7.070941556280480045e-01
8.279470205309999997e-01,7.928776413945897161e-01
6.547859907149999881e-01,8.439760169179703064e-01
1.085815548900000094e+00,7.513611951080473306e-01
8.509550094600001335e-01,1.050439902458619734e+00
8.879359960559999321e-01,8.337885176279026256e-01
6.557850241659999302e-01,9.318148689266961826e-01
6.597809791559999804e-01,7.558019542085506748e-01
8.856279850010000398e-01,7.953143936821026605e-01
7.502999901769999980e-01,9.226423099192837540e-01
9.303160309790000637e-01,8.065499518594367867e-01
7.259460091590000941e-01,9.593685767233769424e-01
7.123904824259998936e-01,7.660121902341208155e-01
9.326570034029998402e-01,8.286236101646632379e-01
6.544970273969999974e-01,9.564780197598922173e-01
4.987269937989999846e-01,7.461801996761729949e-01
9.782410264020000579e-01,7.300465655621640737e-01
5.593240261080000275e-01,1.049199391780190060e+00
8.733990192409999409e-01,6.689440702267506200e-01
6.232500076290000690e-01,9.384981782968268016e-01
6.319249868390000024e-01,7.381335088178827553e-01
8.335350155830000274e-01,7.818761756845550304e-01
8.613430261610000027e-01,8.630777869139659719e-01
1.036013007159999999e+00,8.866822745604041600e-01
6.160370111469999355e-01,9.913561512812693044e-01
9.874529838560001105e-01,7.465403164325205010e-01
6.686739921569999634e-01,1.044577269743769632e+00
6.455339789389999972e-01,7.952931128662655835e-01
1.007030010220000049e+00,7.630232759711794710e-01
7.763000130650000719e-01,1.019978335878758857e+00
9.358490109440000815e-01,8.083590158444675655e-01
6.626719832419999401e-01,9.883093033935301808e-01
1.113351941109999910e+00,7.752622338359431708e-01
5.495319962500000432e-01,1.069143912094750348e+00
9.273632764820001206e-01,6.423005903408127715e-01
8.215330243109999486e-01,9.783401032613855408e-01
9.193540215490000334e-01,7.768350566237346433e-01
6.899859905239998925e-01,9.913139552649392616e-01
6.497738957409999738e-01,8.572031652037412908e-01
9.705049991610000815e-01,8.418904097552222243e-01
8.034440279009998909e-01,9.182317975944264132e-01
8.920990228650002019e-01,8.451724304532968191e-01
7.462270259859999921e-01,9.449539030288983676e-01
1.495407462120000197e+00,8.033748561305708025e-01
7.597569823270000633e-01,1.286852109258868282e+00
9.677280187610000084e-01,6.866805777124213028e-01
1.126011013979999920e+00,1.159026315595375278e+00
7.641419768330000029e-01,1.277562857274594510e+00
1.423818945879999909e+00,9.628095811946504323e-01
8.309190273280000483e-01,1.402283081323966174e+00
5.316870212550000030e-01,8.916489021069123888e-01
6.942920088770000442e-01,8.240925106915112375e-01
1.097100019450000019e+00,9.447858594217976025e-01
8.623710274700000511e-01,1.152486127876958033e+00
9.711959958080000899e-01,8.504363312975969924e-01
7.501904964450000213e-01,9.841931285394340811e-01
5.659890174870000346e-01,8.361919117824436753e-01
7.235890030859999378e-01,7.450479373212474110e-01
1.088876962660000114e+00,8.019563142780660181e-01
2.614549994470000138e-01,1.026180989274212640e+00
1.923168003559999895e-01,4.374711029152115738e-01
2.048390060660000012e-01,5.002001237465856232e-01
3.752999901769999980e-01,4.980158700491934542e-01
1.878910064700000104e-01,5.853719395554211058e-01
4.178839921949999980e-01,4.282205232658952143e-01
6.128349900249999704e-01,5.956517767842813837e-01
4.822100102900000462e-01,7.288248213049266511e-01
8.136649727820000066e-01,6.010027631722358876e-01
8.997989892959999958e-01,8.683705477285721397e-01
7.667459845540000041e-01,8.938642273470875921e-01
6.762999892229999421e-01,7.881971659561609611e-01
9.804093837739999984e-01,7.658062967008953947e-01
1.075533032420000090e+00,1.010813358436533083e+00
6.459739804270000496e-01,9.690681705913050115e-01
7.601699829100000416e-01,7.944764724946253853e-01
8.707180023190000950e-01,9.004753082019779642e-01
1.045557022089999899e+00,9.404361622462531489e-01
4.832339882850000268e-01,1.007499872853969469e+00
1.085988998409999962e+00,6.445127751994796927e-01
7.320979833600000930e-01,1.102403887660281745e+00
7.128990292550000385e-01,7.840758936319299766e-01
1.045389056210000112e+00,8.239107388904119977e-01
7.359200119969999676e-01,1.052612582747663783e+00
8.956930041310000590e-01,7.525696017421918960e-01
8.745509982110000191e-01,9.356809191865073094e-01
9.237470030779999508e-01,8.865305513098217238e-01
9.997780323029999971e-01,9.287086803101747279e-01
1.739534020420000049e+00,9.567240206583463857e-01
8.107889890670000321e-01,1.410227313852953079e+00
7.049050331119999235e-01,7.977947637296082251e-01
8.328269720080000438e-01,9.371577634701043769e-01
8.276600241660000412e-01,1.068885400586980561e+00
8.953109979629999549e-01,9.885299243923926227e-01
1.459501028060000039e+00,9.249218352305120794e-01
1.179519057270000060e+00,1.264683589191553326e+00
1.443411946299999915e+00,1.017681209944820031e+00
1.306735038760000078e+00,1.320757869205192891e+00
7.634999752040000365e-01,1.169616984466164133e+00
1.145148038860000161e+00,8.026934249502983842e-01
7.253450155259999477e-01,1.147704262368495431e+00
7.633590102199999672e-01,8.293655709206479987e-01
6.174820065499999622e-01,8.563570586650677274e-01
1.029322981830000039e+00,7.097145009859946452e-01
1.302055954929999926e+00,1.024160071221319246e+00
3.164124965670000122e+00,1.152815400567340332e+00
9.734439849849999549e-01,2.296755001838186150e+00
1.229671001429999855e+00,7.598922667643144280e-01
7.441530227660000385e-01,1.358890755238109760e+00
1.063034057620000139e+00,1.037593034880168963e+00
1.123872041700000102e+00,1.216617126180460140e+00
8.984770178789999173e-01,1.035301186868053946e+00
7.175139784810000698e-01,9.075697710064124513e-01
5.367509722709999931e-01,8.182900337355034637e-01
1.175443053249999981e+00,7.387007059290550126e-01
1.101048946379999949e+00,1.127661959431236482e+00
5.734490156170000130e-01,1.021040156665093512e+00
1.431144952770000200e+00,6.928635594112653173e-01
1.037794947620000130e+00,1.311846772296827446e+00
6.568620204930000206e-01,9.230374502565846795e-01
1.074908018110000141e+00,7.927804865198758710e-01
1.385972023009999887e+00,1.148202487064363675e+00
1.004804968829999812e+00,1.223490909270571914e+00
1.609539985660000116e+00,9.137255236563579519e-01
2.817575931549999524e+00,1.411384887910563934e+00
1.962562561039999931e+00,2.052874835404010057e+00
1.279752016069999998e+00,1.461427772925610657e+00
1.995329976079999845e+00,1.227205121789516573e+00
2.033385992049999924e+00,1.851054136475211775e+00
1.307443976400000096e+00,1.737738983666339498e+00
1.611258029939999892e+00,1.158815352712118107e+00
2.040218114850000042e+00,1.410088867979731209e+00
2.183244943620000100e+00,1.628653647439316732e+00
1.351415991779999937e+00,1.719203372108107697e+00
7.242180109020001089e-01,1.170619204808718949e+00
1.363389015200000109e+00,9.123331393291274072e-01
1.526808977129999967e+00,1.333579264193204716e+00
1.784019589419999940e+00,1.313618221185565593e+00
1.103597044940000105e+00,1.477674543954910824e+00
1.763007998470000004e+00,9.264091173633184351e-01
1.157549023629999896e+00,1.599803759621371668e+00
1.153326034550000045e+00,1.052689443358361343e+00
2.362811088559999551e+00,1.171868878027952254e+00
2.580787897110000007e+00,1.957611703674935644e+00
1.242146968839999976e+00,1.897856667190994884e+00
1.712821006770000265e+00,1.023794305816971395e+00
6.676509976389999323e-01,1.608971314601724822e+00
8.271329998970000652e-01,8.854670645061536449e-01
9.642647504810000214e-01,1.088633178570718396e+00
1.394161701200000048e+00,9.704537648455598964e-01
7.584049701689999923e-01,1.178808323305224226e+00
6.900759935379999765e-01,7.596189793323672168e-01
6.740249991419999809e-01,8.693322867529299502e-01
8.615220189090000424e-01,8.615207104935516114e-01
7.907469868659999790e-01,9.447581857614981704e-01
7.285000085830000138e-01,8.355800282489612707e-01
2.411980032920000017e-01,8.558051699213384822e-01
3.354600071909999981e-01,5.480826489068566509e-01
5.912460088730000507e-01,5.622549036152962865e-01
1.058426976200000036e+00,6.887956783554344264e-01
7.669919729230000316e-01,9.581522752746677307e-01
5.881239771840000019e-01,8.042094396991181782e-01
5.922303199769999305e-01,7.401532397157043475e-01
8.753510117530000079e-01,7.686477387779855341e-01
7.038279771799998974e-01,8.677057112995258947e-01
5.677499771120000371e-01,7.838178579752416164e-01
7.133870124819999825e-01,6.965941002009290450e-01
1.077505946160000061e+00,8.216248694604129099e-01
6.909419894220000247e-01,1.028400707761926158e+00
7.724580168719999973e-01,7.366560810172197993e-01
7.237120270730000859e-01,9.152279655399493397e-01
9.752489924429997847e-01,8.932028547869539370e-01
9.151769876480000399e-01,9.801167679448794523e-01
7.574009895319999686e-01,9.161418594897446921e-01
6.912069916730000374e-01,8.213229722177550762e-01
1.183527946470000147e+00,7.915210147520016504e-01
7.705749869349999281e-01,1.102523191184663132e+00
8.947700262070000798e-01,7.759851683064007410e-01
6.143350005150000070e-01,9.726810424974984270e-01
7.692319750789999855e-01,7.512322930173053193e-01
9.070749878880000061e-01,9.149205709792774810e-01
4.068099856379999713e-01,9.829312413280840710e-01
5.138880014419999753e-01,5.891468359656751863e-01
2.481469959019999838e-01,7.515290986595181133e-01
2.568759918210000159e-01,6.135747267650494274e-01
5.980659723279999618e-01,5.709869836407747146e-01
5.981699824330000137e-01,6.887398625453143852e-01
8.801140189170000294e-01,6.940979968183992321e-01
1.085649013520000095e+00,8.951669711414289576e-01
9.920129775999999566e-01,1.010366333504490344e+00
8.743849992749999078e-01,9.350567785072564364e-01
8.770260214810000621e-01,8.685855521506378185e-01
1.008928894999999937e+00,9.371679741689571408e-01
8.088759779930000393e-01,1.029759419722486635e+00
6.714209914210000907e-01,7.680207716569139587e-01
7.449629902840000373e-01,8.703275035287842964e-01
6.942679882050000195e-01,9.372958875368088139e-01
1.001886010170000008e+00,8.868702398990121472e-01
7.935580015180000446e-01,1.005719161786619908e+00
8.450049161910000439e-01,8.268475408782510749e-01
8.031240105629999793e-01,9.369719541327171664e-01
5.744469761850000689e-01,8.579598432489494719e-01
5.679720044139999757e-01,7.432594325519722434e-01
4.538080096239999195e-01,7.673646259577651119e-01
8.494881391529999215e-01,7.240196277977116734e-01
4.064599871639999473e-01,8.972122338972386979e-01
2.453519999980000310e-01,5.794662888745403251e-01
2.323218107220000217e+00,5.308831688913301372e-01
2.027115583420000089e+00,1.629084500000329783e+00
1.581117987629999888e+00,1.834438264173140265e+00
1.727049946780000012e+00,1.557690266443142235e+00
1.150642037389999928e+00,1.870378864369002025e+00
1.607933998109999818e+00,1.425043894838460945e+00
1.331233978270000007e+00,1.790478201912416800e+00
1.221642017359999999e+00,1.603773253079086247e+00
1.583541989330000010e+00,1.436429001645531667e+00
1.608662128450000006e+00,1.656857293326939429e+00
2.185653924939999992e+00,1.627628565173981023e+00
2.989559888840000124e+00,1.922750052355641337e+00
7.574499845500000106e-01,2.584758467196376586e+00
1.811344027520000122e+00,1.054265907198224106e+00
1.527951955800000094e+00,1.939275782482305477e+00
8.892235755919999374e-01,1.764678391201698338e+00
