1.176299691200000108e+00,1.228799901351182777e+00
1.714609026910000056e+00,1.217916807967786452e+00
1.307337045669999975e+00,1.524430976670450466e+00
6.186890006069999393e-01,1.261403678937018658e+00
2.298435926440000276e+00,6.311164797637898172e-01
1.808241009709999902e+00,1.979333967092829161e+00
8.794149756429999742e-01,1.828853503311814288e+00
1.570945024490000064e+00,9.377097363475731528e-01
1.578516006470000121e+00,1.862603919320047208e+00
6.200309991839999535e-01,1.652432055119335663e+00
9.928810000419999726e-01,1.001439887846978349e+00
4.551869928839999413e-01,9.126963937873638910e-01
1.017398953439999865e+00,6.218672169852704767e-01
8.378469943999999892e-01,1.204979046451676972e+00
4.884769916529999589e-01,9.968993709593763075e-01
1.246340990070000210e+00,6.625679186019222122e-01
1.209630966189999990e+00,1.282614967765657976e+00
1.252451062200000020e+00,1.246257585969114068e+00
1.519726991650000025e+00,1.132058607220639113e+00
1.063797950739999942e+00,1.485582101375071629e+00
1.571495056150000069e+00,1.046119783062002817e+00
1.278105020519999968e+00,1.468633152348696624e+00
1.192077994349999948e+00,1.179747259815399740e+00
8.304439187050000060e-01,1.116865571248933708e+00
1.402015686039999931e+00,1.030854049994332389e+00
1.156504034999999986e+00,1.394976215550094212e+00
1.162554860120000200e+00,1.232112048027689921e+00
6.007519960399999581e-01,1.130443299496892706e+00
1.253835797310000055e+00,7.913203247950422181e-01
1.791844010350000183e+00,1.416489811515858399e+00
1.734062552449999961e+00,1.700640685111868500e+00
4.939970970150000085e+00,1.604385274383604232e+00
2.394351005549999911e+00,3.612141822684540315e+00
2.212575912479999740e+00,1.945585983995457902e+00
1.886527061460000043e+00,2.188124506901349076e+00
9.343829751010001017e-01,2.398949859141307872e+00
9.099829792980000942e-01,2.148318765504811712e+00
8.112999796870000724e-01,1.428622206838582542e+00
1.049708962440000004e+00,1.098511659782291927e+00
1.351788043980000076e+00,8.200272927701046655e-01
1.277305960659999906e+00,1.134638337656613372e+00
7.854449748989998925e-01,1.214860121896522704e+00
4.846229851250000165e-01,1.288414330917664108e+00
6.676359772680000582e-01,1.194655300158148803e+00
8.322510123249999836e-01,1.149610506841237667e+00
5.959370136259999340e-01,9.179009440113078400e-01
3.410890102390000123e-01,6.919731427403240653e-01
6.860110163689999707e-01,4.667954621032364138e-01
8.153510093690000682e-01,7.841802690014204602e-01
3.985430002210000322e-01,9.491956071995260036e-01
6.998159885410000225e-01,5.321419963125066932e-01
4.263690114019999533e-01,7.854623629730302925e-01
6.866139769550000382e-01,5.888848820527247119e-01
1.826770007609999913e-01,7.843355975685178949e-01
7.018824815749999946e-01,4.061748655263691665e-01
1.796682000159999681e+00,6.685542380288024278e-01
7.204269766809999753e-01,1.437341533177029396e+00
4.680640101429999755e-01,7.781266084374024450e-01
6.408870220180000743e-01,5.193186011245795042e-01
7.520520091060001189e-01,1.257032172316405516e+00
1.001817584040000098e+00,1.418848215836335802e+00
1.660804033279999814e+00,1.071038316817920721e+00
1.450595021250000061e+00,1.461096438110604412e+00
1.085010051729999869e+00,8.508834686967189365e-01
1.099555015560000015e+00,9.958114096713381880e-01
7.694180011750000325e-01,1.167920833427141147e+00
1.254430413249999932e+00,9.503290144761823433e-01
1.496320962910000052e+00,1.487797408995988002e+00
7.186369895940000196e-01,1.275867952979087949e+00
8.902019858359999649e-01,7.831574037560895540e-01
9.891759753229999452e-01,1.050795335030168420e+00
2.849014520649999938e+00,1.258190456435223537e+00
4.281075000759999583e+00,2.484812217651715560e+00
1.248739004139999942e+00,3.227449347021663417e+00
7.096589803699999699e-01,1.142665323759572082e+00
7.497439980509998936e-01,9.047787707887257058e-01
8.907449841499999188e-01,1.651428979817375353e+00
1.469527959819999952e+00,1.485491099701651052e+00
1.608888030049999918e+00,1.317550050100342096e+00
1.043460965159999976e+00,1.123625331549669815e+00
1.184751033780000018e+00,1.207870420218670970e+00
5.063725113870000127e-01,1.360852022626687363e+00
6.946156024930000283e-01,1.524315082980437053e+00
9.299110174179998634e-01,1.205997118756522379e+00
7.754629850390000190e-01,1.369440085403539120e+00
8.564696311949999696e-01,8.090547470375953898e-01
9.269009828569999554e-01,4.451618198751780553e-01
7.506660223010001021e-01,9.504296383804341497e-01
9.248849749570000611e-01,9.387306369984068644e-01
1.070162653919999984e+00,1.138236457807868529e+00
8.752880096439998869e-01,1.299319385756872780e+00
7.511039972310000756e-01,8.619649731343397292e-01
8.627579808239999037e-01,9.616041442375444781e-01
5.096570253369999692e-01,9.524912611401596951e-01
8.495249748229999343e-01,7.886534626282913907e-01
6.711369752879999817e-01,9.887964386886106682e-01
6.132180094720000030e-01,7.415203787595755491e-01
3.810549974440000098e-01,6.909154993863015903e-01
8.710420131680000067e-01,5.799408568212907067e-01
6.540319919589999698e-01,9.008133866583865057e-01
9.089673757550000843e-01,8.968758334451637504e-01
9.709029793739999414e-01,9.162593160017508120e-01
9.856920242310001079e-01,9.341137881511839547e-01
1.356256246570000101e+00,1.000836454644360218e+00
1.309872984889999925e+00,1.223068016128387780e+00
6.344919800760000506e-01,1.246275851773610333e+00
5.933508276940000492e-01,8.301806371444495625e-01
8.796380162239999523e-01,8.201435397040364172e-01
1.131836414339999930e+00,1.176221605709321993e+00
1.841274023059999765e+00,1.119032424582709684e+00
2.261745929719999992e+00,1.609929174406824481e+00
2.597975969309999744e+00,1.811823316863122146e+00
2.399192094800000064e+00,2.183152290658151973e+00
1.982298016549999931e+00,2.077301166318221259e+00
2.269547939300000206e+00,1.884938797601634075e+00
2.017889976500000238e+00,2.135208128835905050e+00
1.452262043950000026e+00,1.809489632444683860e+00
1.342797994609999934e+00,1.429680416144777588e+00
1.311915040020000145e+00,1.439793273390016060e+00
1.276762008670000226e+00,1.685338941778267818e+00
1.275267004970000118e+00,1.748445513179835986e+00
1.210446000100000141e+00,1.496262785177611132e+00
8.153480291369999966e-01,1.485216053070822939e+00
7.271119952200000291e-01,8.902637801605741696e-01
6.043019890790000126e-01,9.648078919740751269e-01
9.830358624459999417e-01,8.265143427267349630e-01
1.101529002189999940e+00,1.174014996659648480e+00
1.183724999429999869e+00,1.203589904730917093e+00
4.356400072569999726e-01,1.225565353911898470e+00
3.270040154459999959e-01,6.832257411163357164e-01
8.039849996569999879e-01,7.957417986748842598e-01
4.216859936710000145e-01,8.846084963618778829e-01
5.734559893609999515e-01,6.912698209779329916e-01
3.959457874300000291e-01,4.232987984024504380e-01
4.163750112060000119e-01,5.617786385558805051e-01
5.603970289230000290e-01,5.997195480825203706e-01
7.749050259590000156e-01,7.865698408759452809e-01
6.370840072629999629e-01,7.358202753732413504e-01
3.839260041709999793e-01,6.772992780327611317e-01
5.648739933969999516e-01,5.154586138996807287e-01
1.054715037350000051e+00,6.822106048025481373e-01
6.537709832190000681e-01,1.049176074637936829e+00
5.931029915809999942e-01,5.742651075212630296e-01
1.022608995439999946e+00,6.739172240262072400e-01
8.359869718549999273e-01,9.500768060780159230e-01
6.375340223309999832e-01,9.698452444212842805e-01
9.755985140799999789e-01,6.652291375658287986e-01
4.898079931740000337e-01,9.297721626318207200e-01
1.098647952079999879e+00,6.049242274584798462e-01
1.151165962220000116e+00,1.098462678432370776e+00
8.061249852179999120e-01,1.021356782511877670e+00
4.744769930839999872e-01,8.582441257184429961e-01
7.896029949189999897e-01,6.830909493188153103e-01
4.762530028819999539e-01,8.917525390175627953e-01
5.455229878430000179e-01,6.529841573733369264e-01
6.212809681889999158e-01,5.934776151987412041e-01
7.707700133319999036e-01,6.521150336737951969e-01
9.337069988249999675e-01,8.637114423949148190e-01
8.110550045970000843e-01,9.637846859882501782e-01
6.005529761310000048e-01,8.058205122091716133e-01
1.002521038060000036e+00,7.647497410448874655e-01
8.921650052069998171e-01,1.032649637635601136e+00
9.160850048070000584e-01,9.660349230619350580e-01
7.413420081139999729e-01,9.279073935518484806e-01
9.283249974250000758e-01,7.388642720457304636e-01
6.429409980770000033e-01,9.588806048189112419e-01
9.950090050700001187e-01,6.971327798782712692e-01
6.271365880970000140e-01,1.040971126161485572e+00
1.038689017300000073e+00,6.669971791656589266e-01
6.888009905820000611e-01,1.125186226155736158e+00
5.214130282399999095e-01,7.975454962825094807e-01
6.510270237919999481e-01,7.307279545779175045e-01
1.159701943399999990e+00,7.203273777901909591e-01
6.456400156020000169e-01,1.147755498346268777e+00
1.195862650870000099e+00,6.276990119165307691e-01
1.304703950880000018e+00,1.190744774835031716e+00
8.844429850579998975e-01,1.200631369483331046e+00
7.697709798810000725e-01,1.007905176057971142e+00
7.702100276950000213e-01,9.196415750279471890e-01
6.418280005459999771e-01,8.938478649642206397e-01
8.937159776689999058e-01,9.833606921808070167e-01
5.247250199319999364e-01,8.544621795838625022e-01
5.142210125920000374e-01,7.367310318219052467e-01
7.172748446459999982e-01,5.218011622928050430e-01
6.410769820210000525e-01,9.280596981089402897e-01
4.689820110800000941e-01,6.425615837964377963e-01
1.203750014310000171e+00,7.665995100957671005e-01
7.911959886550000709e-01,1.091158494978471838e+00
1.136301159859999910e+00,9.997743231495760385e-01
8.642929792399999256e-01,1.107805990488391457e+00
8.814030289650001126e-01,9.453766443503295314e-01
5.817409753800000249e-01,1.019181505067358051e+00
8.651199936869999885e-01,6.989477921504420044e-01
9.078124761579999813e-01,1.056296913738696386e+00
7.377740144730000615e-01,8.825245752237493857e-01
1.120375037189999867e+00,8.666254664036804334e-01
9.422479867940000142e-01,9.890524953069176339e-01
1.060060024260000011e+00,9.505630431965027549e-01
7.158420085910000008e-01,1.092554956789633103e+00
4.040209949019999969e-01,8.222849306561463845e-01
2.920779883859999648e-01,6.498600653125679028e-01
6.317924261089999938e-01,5.062924544071610855e-01
1.124665260310000026e+00,7.018026607106329084e-01
1.115690946580000009e+00,1.035523785944759023e+00
1.247418999670000028e+00,9.568182827970942439e-01
6.976169943809999996e-01,1.163283447467458709e+00
3.693974971769999893e+00,8.635466847731348983e-01
8.204839825630000361e-01,3.032433977428378835e+00
8.573070168499999921e-01,5.617989987519034223e-01
6.902359724040000311e-01,1.056446114334267605e+00
8.385969996449998964e-01,9.563875950482148003e-01
1.287726998329999928e+00,1.903070046817320948e+00
9.632229804989999034e-01,1.557306400942128244e+00
1.343299984930000024e+00,9.944291047257979299e-01
7.316169738770000874e-01,1.356703281183975873e+00
6.809219717980000697e-01,5.263796291618343393e-01
7.014784216880000089e-01,1.070690319609024721e+00
6.698030233380000142e-01,8.185295446508017436e-01
1.365643024439999964e+00,1.105128583583302015e+00
9.781420230869999344e-01,1.313036934114534482e+00
6.786789894100000442e-01,8.054373134834146297e-01
5.976330041890000055e-01,8.399089751043881114e-01
8.193774819369999962e-01,8.466732694435985529e-01
7.911109924320000042e-01,1.101360200873261475e+00
1.044147372249999872e+00,9.073167518698574963e-01
1.400015950200000026e+00,9.803555842238511620e-01
8.748620152470000244e-01,1.226730799768284808e+00
6.228179931639999944e-01,1.013944469656962610e+00
7.164059877399998610e-01,7.827876814169462127e-01
6.523500084880000660e-01,1.011106236823279492e+00
9.379299879070001067e-01,7.735619427571877038e-01
5.936999917030000296e-01,9.825787233983070967e-01
5.393440127369999448e-01,5.399839998433171306e-01
9.370089769359999377e-01,7.018827728589435155e-01
8.087720274930000341e-01,1.005876785981631993e+00
5.654280185700000239e-01,9.215142975093422173e-01
6.020820140839999723e-01,6.940745508281888076e-01
1.146679997439999932e+00,7.410495596971879984e-01
9.824249744419999431e-01,1.098085783705111451e+00
5.671510100359999917e-01,9.883839132661443871e-01
7.866399884220000027e-01,5.782484624239789817e-01
7.388439774510000557e-01,8.996610992429618925e-01
6.810299754140000106e-01,9.020170824773515728e-01
7.086979746820000203e-01,8.096011102650887414e-01
6.642330288889999323e-01,7.025754638067154279e-01
5.124790072439999733e-01,6.881857613617593517e-01
6.040380001070000393e-01,6.602858734435982369e-01
6.728799939159999521e-01,7.282221209952708385e-01
8.265414834020000656e-01,7.692294646023899451e-01
4.546860158440000355e-01,8.497858301724319219e-01
5.594509840010000179e-01,6.027249761241664228e-01
1.332218050960000122e-01,6.412748112161940073e-01
1.633069962260000063e-01,4.885360410667709541e-01
1.797860413789999778e-01,3.082994409140963898e-01
5.747918486599999932e-01,4.251089534139259607e-01
8.508148789409999413e-01,4.731561540988769021e-01
8.527640104289999634e-01,8.366717411068442800e-01
1.687628030779999788e+00,7.058203000447426101e-01
2.149522066120000297e+00,1.557218500786901716e+00
8.122850060459999577e-01,1.666344777488168782e+00
1.239639997479999867e+00,8.713856743718746412e-01
2.128437280650000041e+00,1.036010445734277141e+00
2.139239072800000141e+00,2.115676331111427277e+00
9.779880046840000452e-01,1.692884797639825356e+00
6.937779784199998856e-01,1.163315118282500338e+00
7.218790054320000094e-01,6.654991307978135318e-01
7.631160020829999002e-01,1.335909146030405115e+00
8.565329909319999713e-01,1.006307710539245726e+00
1.109338045120000116e+00,9.744637685737825850e-01
6.476340293879999654e-01,1.068990021347832720e+00
9.241870045659998922e-01,7.827818157403629851e-01
7.877320051189998784e-01,1.028140435959549848e+00
1.305567026139999864e+00,9.521901235403236186e-01
9.107710123059999940e-01,1.345814546389519917e+00
8.699640035629999657e-01,9.532950214739198680e-01
5.743020176890000217e-01,9.325783541151499989e-01
8.599532246590000373e-01,7.832464271236686537e-01
4.775849878790000003e-01,9.886247974823076934e-01
1.108017444610000179e+00,6.302623806730732747e-01
1.290724992749999966e+00,1.038334342266501897e+00
8.591579794879999898e-01,1.049152177764414162e+00
3.058980107309999807e-01,1.049874264960211301e+00
9.039019942279999942e-01,4.809000099282075280e-01
6.352750062940000220e-01,1.274739254407876388e+00
1.023422956470000145e+00,8.179083478961789444e-01
6.730669736859999919e-01,9.392238619080540696e-01
8.504790067669999454e-01,5.837435825503305420e-01
5.141969919200000128e-01,8.614423662461175857e-01
1.527956604959999964e+00,7.318232157620127021e-01
4.094385623930000051e+00,1.494428978011791864e+00
9.952359795569999390e-01,2.969396528173076533e+00
8.670449852940000923e-01,8.465944468711095183e-01
1.141056060789999993e+00,9.728908436890347788e-01
1.622257947919999888e+00,1.802493346706819821e+00
1.980204939840000566e+00,2.495720408256856704e+00
1.375547051430000112e+00,1.921960772677375084e+00
1.851865053180000054e+00,1.366177840197792204e+00
1.420923948290000016e+00,1.432095117312629506e+00
1.589177966120000285e+00,1.395131022899189999e+00
1.673199415210000041e+00,1.462050739055259951e+00
2.123934030530000072e+00,1.714300464349597597e+00
1.648401975629999905e+00,2.047014610795531819e+00
1.204741954800000014e+00,1.892013455405165745e+00
7.920839786529999538e-01,1.168010443577812030e+00
1.227027416229999890e+00,1.398286094212715991e+00
1.226951003070000157e+00,1.549975483630085638e+00
1.131343960759999989e+00,1.362154117008295806e+00
1.252465009690000075e+00,1.198431345377218626e+00
1.116891980170000132e+00,9.887138327972300189e-01
1.122387051579999850e+00,1.260108253104999632e+00
1.040153026579999862e+00,1.250338447732841196e+00
8.091310262680000420e-01,1.133443452533163143e+00
7.681059837340000751e-01,1.003582655537897050e+00
7.982919812199998910e-01,9.053965026413949291e-01
7.666722536090000428e-01,9.388250906831462350e-01
1.057360053060000027e+00,8.880730144191024689e-01
8.607699871060000563e-01,1.082115139346005339e+00
1.070777058600000053e+00,8.819286805291359777e-01
5.301510095600000527e-01,1.114622355557200351e+00
6.604189872739999467e-01,6.665385029187210764e-01
9.909179806709998983e-01,8.079014000035112941e-01
3.561530113220000016e-01,1.006613165138881660e+00
9.618239998820000691e-01,4.970470656290613687e-01
1.244829058649999931e+00,9.554942850189368508e-01
8.381230235100001202e-01,1.237534188856615813e+00
9.245989918709998090e-01,8.362479715791649726e-01
8.131660223010001021e-01,1.029069427414725402e+00
1.003061056139999963e+00,7.908544378525125262e-01
8.752340078350000496e-01,1.115130041767284697e+00
7.991399765009998823e-01,8.974759525368265489e-01
8.812961578369999938e-01,7.701177390383877608e-01
1.063080191609999892e+00,9.823178524708305881e-01
9.057049751279999672e-01,1.036330419402532899e+00
6.909559965129999926e-01,9.041801034504770573e-01
1.355970025060000195e+00,7.917878844406907035e-01
7.572399973869999856e-01,1.246031263767760189e+00
2.043754577640000125e+00,8.703636926683726571e-01
8.576130270960000690e-01,1.807483161604610089e+00
2.364957094190000220e+00,7.119507438026337898e-01
4.179231166840000178e+00,2.286882406344594720e+00
2.233561992649999883e+00,3.231201169455369726e+00
8.013390302660000630e-01,1.935107419763271608e+00
8.372840285299999463e-01,9.034108827981063294e-01
8.851529955859999133e-01,1.097880009956894609e+00
9.040349721909999303e-01,1.446819242658024862e+00
1.302939534190000082e+00,8.315742713301218503e-01
7.228699922560000157e-01,1.258147790829530877e+00
8.009120225910000279e-01,7.876224754439685727e-01
1.032919287679999965e+00,1.275184207488162080e+00
1.321628212929999879e+00,1.139414127120737419e+00
9.367759823799999275e-01,1.370429535769192020e+00
7.007700204850000336e-01,1.130577472608257361e+00
7.624319791789999634e-01,7.116277179590903001e-01
1.144938945770000105e+00,9.734156248843721659e-01
7.721610069269999599e-01,1.207408802364188238e+00
8.772150278090000697e-01,7.916508006345711612e-01
1.243505001070000171e+00,9.751090220668555686e-01
6.381840109830000385e-01,1.141415121452511228e+00
7.468199729919999807e-01,7.323030712333566949e-01
6.839929819109999976e-01,8.997707377305551590e-01
1.419505119320000119e+00,7.819877449691742255e-01
6.141470074649999500e-01,1.589816432416872649e+00
7.347676754000000976e-01,6.538005375425278709e-01
6.770560145379999062e-01,8.869181618663111166e-01
1.074026942249999950e+00,7.903069316962247903e-01
6.156389713290000287e-01,1.151765633769119335e+00
9.692379832269999440e-01,7.274444673400782824e-01
9.916120171550001361e-01,1.003949755524488063e+00
8.089560270310000023e-01,1.040820524663571778e+00
2.435143947599999859e+00,8.635221897228680943e-01
8.223479986189999869e-01,1.859732744138425931e+00
5.938220024110000272e-01,8.870722666133649126e-01
5.762249827380000466e-01,7.700862299629926966e-01
4.224239885809999429e-01,1.052078046275387369e+00
6.765879988670000511e-01,1.072081482980725697e+00
5.520349740979999531e-01,7.190176841733602053e-01
9.015229940410001142e-01,7.441143640553270489e-01
7.489960193629999763e-01,5.796669601794427473e-01
8.627583980560000754e-01,9.310124068572367406e-01
9.480749964710000199e-01,8.872031838597267406e-01
1.055613875389999956e+00,1.014166648710069785e+00
1.970020055770000278e+00,1.264099059251173607e+00
9.391199946399999554e-01,1.563863416846963172e+00
1.009042978289999892e+00,1.004045838672868118e+00
7.824029922490001177e-01,9.954259543958506873e-01
1.016265034679999957e+00,1.161519188428366434e+00
8.782749772069999850e-01,1.134546137246455144e+00
7.353619933130000064e-01,1.017465380128405705e+00
1.109990954399999952e+00,6.773204944695290219e-01
7.727199792860000027e-01,1.060286616196864928e+00
1.164981961250000086e+00,8.953352694522456190e-01
7.157210111620000426e-01,1.170903292470379942e+00
1.475479006770000101e+00,8.508204562660572901e-01
8.354520201680000202e-01,1.445071870190501206e+00
7.344660162930000125e-01,8.191132273390223650e-01
7.861927747729999805e-01,9.168354021593041470e-01
1.143465042110000107e+00,9.529781130810703882e-01
9.246990084650000830e-01,1.159134541053780554e+00
2.958764553069999970e+00,1.047114996359887806e+00
2.138324022289999959e+00,2.259952906089179425e+00
2.038712024690000124e+00,1.652893792990843602e+00
1.480209946629999829e+00,1.968046278071311495e+00
9.367650747299998137e-01,1.362220848136712847e+00
1.715939760209999942e+00,1.662452490475511580e+00
1.001402020450000041e+00,1.650855106343761536e+00
8.896229863169999863e-01,1.143015935389383175e+00
7.492939829829999843e-01,9.190992612979200782e-01
1.115183949470000213e+00,9.110209223394161171e-01
9.457820057870001129e-01,1.358146574687365105e+00
6.452180147170000213e-01,1.125969390396096781e+00
1.164842009540000056e+00,8.802957553082848552e-01
1.244351029399999975e+00,1.220177155770806987e+00
9.045109748840000075e-01,1.323483754958735048e+00
5.575259923929999362e-01,1.024949270459452055e+00
5.778343677520000332e-01,7.007280628706477055e-01
7.199835777280000348e-01,7.633463007372756071e-01
7.607790231700000128e-01,8.344697748398901549e-01
5.404400229450000426e-01,8.448010261896755635e-01
8.009672760959999360e-01,7.001905291663271802e-01
7.710149884220000027e-01,9.878195806877648755e-01
6.709719896319999988e-01,9.178843817164930030e-01
2.768970489500000021e+00,8.229697216468931931e-01
3.086133003230000060e+00,2.194600767478835923e+00
1.116358041760000086e+00,2.364945234851851819e+00
1.018260955809999979e+00,1.100491575041674830e+00
7.442610263819999794e-01,1.239084126290707744e+00
1.114386796949999869e+00,1.575499693885301200e+00
1.380516409870000238e+00,1.576138691463339070e+00
1.229098439219999950e+00,1.397295380163499967e+00
1.573238968849999919e+00,1.157445541645768738e+00
1.245597958560000107e+00,1.515184152421613417e+00
8.298619985580000247e-01,1.441747369877213858e+00
5.376980304720000436e-01,1.095726550308388836e+00
8.593800067899999284e-01,1.072865692291406603e+00
7.949647903440000274e-01,1.202232022458489924e+00
8.122889995569999577e-01,1.055451943360759648e+00
1.209460973739999945e+00,7.916722715591693049e-01
1.043611049649999956e+00,1.225872984599547744e+00
9.914460182190000248e-01,1.050644372369136770e+00
1.377645969390000058e+00,1.190167684336099096e+00
7.495359778399999229e-01,1.360659761579390503e+00
7.549669742579999676e-01,8.681718140704072217e-01
8.522210121150000095e-01,9.013506109760267559e-01
1.312628030780000010e+00,8.656371192090692723e-01
9.499999880790001017e-01,1.317416894495768265e+00
8.433979749680000637e-01,9.751853482928376504e-01
6.329939961430000039e-01,9.032551388095266809e-01
6.848490238189999246e-01,8.510960336081750954e-01
8.296039700509999504e-01,9.043502869921269394e-01
1.117776036259999994e+00,9.376652806586713851e-01
1.060515046120000138e+00,9.652142432681429796e-01
9.966710209849999336e-01,1.107935948786182401e+00
6.726049780850000825e-01,1.016462163774328298e+00
8.499810099600000335e-01,1.010441619999885132e+00
7.929700016980000266e-01,9.717695646479400651e-01
7.509549856190000927e-01,9.640021469331211401e-01
9.556260704989999466e-01,6.742915004286862413e-01
6.085839867589999397e-01,9.721576942177058145e-01
7.782499790189999489e-01,6.744523976879802651e-01
5.098140239720000411e-01,9.510651413622949191e-01
6.364319920540000286e-01,6.926696375895829982e-01
6.015599966049999248e-01,7.254100586884668633e-01
6.556333899499999784e-01,7.596190638483908408e-01
6.385549902920000243e-01,7.165626523687893545e-01
8.762890100480000832e-01,7.806911584974192131e-01
7.967479825020000739e-01,8.800241460359438106e-01
6.824830174449999509e-01,8.488765218112083177e-01
8.025500178340000401e-01,7.902487245816625094e-01
7.950311899190000142e-01,8.966568734428069787e-01
1.584897041320000088e+00,8.641459007637420919e-01
1.017485976220000143e+00,1.380271257197474011e+00
9.177780151369999695e-01,9.402709752021078948e-01
1.230221033100000083e+00,9.352510095975464788e-01
1.027899026870000121e+00,1.304915495699149108e+00
9.125559926030000213e-01,1.163391355827453122e+00
7.935979962350000472e-01,9.756499471040578353e-01
1.030437946320000187e+00,8.716315493863827646e-01
5.325379967690000438e-01,1.102243122885031568e+00
6.127780079839999505e-01,7.526467154219477207e-01
8.741289973260000234e-01,8.006694241050473781e-01
3.667230010029999820e-01,9.662125548525991592e-01
7.391750216480000857e-01,6.108436448696094034e-01
5.604230165479999748e-01,8.594248030038678099e-01
7.758178114889999755e-01,6.831510438419505782e-01
8.102909922600001202e-01,8.745824298290165721e-01
6.437510252000000488e-01,8.629806091793348344e-01
7.236457467079999706e-01,7.335982386612925898e-01
9.113870263100001257e-01,8.320585581080898185e-01
6.627830266949999993e-01,9.797445038154359853e-01
1.002035975460000117e+00,7.522535478747313098e-01
8.224419951440000709e-01,1.027076252359617969e+00
1.030576944350000135e+00,8.991079420940055744e-01
6.781139969830000114e-01,1.178243179580700017e+00
5.333459973340000104e-01,8.209269689990521535e-01
3.209959864620000047e-01,9.174980358855512330e-01
7.608630061149999069e-01,4.838905773826926993e-01
7.439860105509998878e-01,9.419589204205581767e-01
5.468400120740000148e-01,6.647922777626807944e-01
7.004669904709999173e-01,6.123321881310923587e-01
8.356525897980000561e-01,8.234731627782078123e-01
1.274258971210000091e+00,9.727176573484949129e-01
8.934450149539999719e-01,1.185865561355752273e+00
6.211659908290000365e-01,9.066271128596583573e-01
7.900159955019999680e-01,6.698550051575703490e-01
1.067494988440000014e+00,1.117019706658315181e+00
6.698009967800000464e-01,1.133719694112192311e+00
1.265694975850000015e+00,8.404493618492725471e-01
6.380620002750000408e-01,1.115053933448041379e+00
9.348030090330000652e-01,7.760979384662438640e-01
8.006410002709999363e-01,1.065892566059690516e+00
1.085708975790000030e+00,9.857403045535336750e-01
3.527039885520000251e-01,1.034818918985619618e+00
5.883709788319999578e-01,6.377655156580218643e-01
4.875420033929999120e-01,6.194352015705407721e-01
4.636880159380000199e-01,8.855526200424265193e-01
3.637039959430000136e-01,5.424152678159662733e-01
8.750243186949999696e-01,6.539162654721931700e-01
6.435279846190000708e-01,7.945945663014879479e-01
4.834130108360000233e-01,7.287765909088874672e-01
2.120890021319999930e-01,6.507348383458755325e-01
4.560469985010000560e-01,3.837111807462551538e-01
4.367910027499999903e-01,7.653038202830459991e-01
7.238804101939999569e-01,5.858239827007455380e-01
5.560690164570000205e-01,6.576988648651337366e-01
4.748429954049999679e-01,5.783170970200969263e-01
2.674640119080000100e-01,5.728650011141813714e-01
9.588437080380001198e-01,5.543224698649673599e-01
7.868980169300000549e-01,9.398160987312863535e-01
1.794360995290000149e+00,8.183509960346124767e-01
1.337677955630000026e+00,1.402244734114180158e+00
1.210453987120000185e+00,1.164735595729546214e+00
5.654799938200000264e-01,1.202598765781582868e+00
4.008429944520000565e-01,7.576705119096668328e-01
2.727654874320000200e-01,7.639094497136190709e-01
5.836449861529999783e-01,4.422396976682914094e-01
8.533802628519999711e-01,6.137899419322504491e-01
8.660610318179999823e-01,8.445140524158145645e-01
1.158349990839999899e+00,8.003068002708711992e-01
7.764859795569999390e-01,1.225034814960378915e+00
1.068807005880000105e+00,8.746753376545477465e-01
5.888479948040000744e-01,1.174973022770066988e+00
1.588868498799999918e+00,6.516328919232395878e-01
4.327859878540000205e-01,1.357481637673463304e+00
3.996030092239999942e-01,4.985008383299505130e-01
5.545349717140000134e-01,6.180678164275429376e-01
6.221979856490000849e-01,8.913258130288217451e-01
1.149551987649999996e+00,1.046726772393133276e+00
1.121260046960000034e+00,1.130378106848513919e+00
9.776459932329999436e-01,1.168167393348940708e+00
1.732741951940000025e+00,7.614635178960305062e-01
2.302707910540000125e+00,1.619061605914806856e+00
1.053477048870000043e+00,1.871978740282522535e+00
7.962800264360000435e-01,9.111162706089899199e-01
5.203329920770000117e-01,1.047154671840178075e+00
6.104800105090000262e-01,7.267374778592615714e-01
4.453057944770000276e-01,1.070774496453036129e+00
6.522138714790000069e-01,5.698512167223006575e-01
1.175541162490000069e+00,7.085406069807632656e-01
1.032202124599999937e+00,1.122425817266996528e+00
7.193930149079998948e-01,1.063327300273722464e+00
8.200139999390000378e-01,8.095469010169756841e-01
9.497330188750000568e-01,1.073018604267633291e+00
1.039114952089999822e+00,1.141093603198550133e+00
5.883830189700000046e-01,1.149564677829177706e+00
9.508559703829998488e-01,6.327693287584514881e-01
5.277600288389999728e-01,1.020822827309629366e+00
7.736063003540000205e-01,7.205059724608980920e-01
9.703559875489998765e-01,8.780731795443255105e-01
1.383889913560000018e+00,9.107698590531954075e-01
7.795230150220000542e-01,1.326173758914201972e+00
6.069999933240000090e-01,7.199008506916280137e-01
4.660570025440000097e-01,9.323349086561254495e-01
9.455270171170000459e-01,6.743269129451717747e-01
6.238729953770000280e-01,1.268544394752687099e+00
3.923240005969999555e-01,7.493284029534993396e-01
5.156549811360000568e-01,5.352253836652450802e-01
9.679385423660000765e-01,6.931001628251018953e-01
1.356565952299999989e+00,9.318249671388257882e-01
9.072690010070000310e-01,1.146445153075498435e+00
8.162760138510000152e-01,9.176002651466689253e-01
2.479866981509999846e+00,8.529500007344648083e-01
1.133080005649999888e+00,2.277526729118920734e+00
1.045583963389999926e+00,9.353715955138875993e-01
8.474370241169999485e-01,1.113100313804788799e+00
1.536522984499999911e+00,9.440315389103093313e-01
9.008989930149998715e-01,1.820142705128064531e+00
4.812009930610000596e-01,1.023170803878347357e+00
8.572540283199999722e-01,6.883920236418268335e-01
8.617479801180000232e-01,9.825855636774347701e-01
1.008694052699999899e+00,1.075449318182213343e+00
1.127727031710000105e+00,1.091547149525838201e+00
7.795569896699999779e-01,1.098516029430277374e+00
9.895502924920001053e-01,9.200787534698731118e-01
8.363329768179998958e-01,1.143428685918707277e+00
9.099559783939998869e-01,8.339019443198769643e-01
5.511059761050000061e-01,1.035771995161282266e+00
1.239764332770000088e+00,6.463397228720758614e-01
1.211838960649999963e+00,1.257715928991115506e+00
1.379981994630000042e+00,1.161381004091242897e+00
1.148460984229999982e+00,1.291556415757021181e+00
7.663900256160000035e-01,1.014197599222774526e+00
9.660840034479999394e-01,9.834863723791015255e-01
8.156750202179999798e-01,1.101721927574235149e+00
1.142272949220000111e+00,1.006422358062146305e+00
1.299479961400000105e+00,1.114144249217533966e+00
8.583310246469999516e-01,1.194855731576730529e+00
7.149469852449999996e-01,8.789813333479794544e-01
8.764400482179999230e-01,8.648455002469910280e-01
8.305460214609999836e-01,1.044538409214392560e+00
8.535240292550000385e-01,9.169431647474948210e-01
9.092410206789999227e-01,9.853319912331603980e-01
5.202720165249999917e-01,8.189723860940776312e-01
7.411040067669999454e-01,7.434007250280472157e-01
5.853319764140000325e-01,8.443182000075867277e-01
5.047770142559999673e-01,7.433884182428168730e-01
5.519493222240000607e-01,6.398089113545162299e-01
9.697520136830000137e-01,6.916432618696884971e-01
1.116515994070000017e+00,9.390650414371175536e-01
1.049844980239999837e+00,1.116095867918006190e+00
6.342629790310000404e-01,9.502396587598371802e-01
5.644329786300000817e-01,7.259591605399217107e-01
9.184709787370000100e-01,7.590130844963191015e-01
9.593539834020000656e-01,1.008288638396299675e+00
5.984159708020000412e-01,8.739994793379803895e-01
9.383450150489999197e-01,6.474251681435300165e-01
4.542250037189999867e-01,9.053993234036997739e-01
7.079470157619999204e-01,7.265771162809834260e-01
3.876500129699999575e-01,8.214798350952648986e-01
4.484339952470000057e-01,5.869145624315101895e-01
8.405709862710000202e-01,5.346685040392746835e-01
5.337110161779999862e-01,9.224337247040551580e-01
7.211350202559999589e-01,5.476849510194078396e-01
5.215386152269999576e-01,7.884346288081421905e-01
7.050759792330000275e-01,6.580244831356549806e-01
6.405649781229999506e-01,7.336992404452105099e-01
5.168589949609999623e-01,8.231553128385208362e-01
1.660409450529999997e+00,4.561905552695343924e-01
2.465307950970000217e+00,1.544895766183897790e+00
1.622156023979999917e+00,1.905357962391126980e+00
1.866270065310000170e+00,1.370653066257766062e+00
3.623536109919999415e+00,1.643547679683418083e+00
7.948709726329999947e-01,3.019678165045729390e+00
9.065989851950000400e-01,7.261162054476368866e-01
8.571879863740000660e-01,1.126156329447222548e+00
7.756379842759999477e-01,9.267888476011562071e-01
7.006700038909999817e-01,1.666279846395065656e+00
6.443409919740000769e-01,1.002162531725555805e+00
7.579550147059999077e-01,1.023321768435668799e+00
5.499600172040000068e-01,1.000549713720936262e+00
4.964669942859999408e-01,6.820281479677753333e-01
1.367677569390000070e+00,5.407478308481048490e-01
1.397894024850000250e+00,1.324114130573821102e+00
8.148130178450000427e-01,1.244071866262282722e+00
1.278898954390000009e+00,1.088084881282056049e+00
8.623980283740000363e-01,1.133849594677708073e+00
1.093865990639999897e+00,1.510728633445606262e+00
8.134710192680000285e-01,1.289036346482810291e+00
1.466687083240000078e+00,1.009201020161126561e+00
9.060310125349999577e-01,1.324040367772463922e+00
7.652140259739999006e-01,6.121428218657134490e-01
1.311033964160000176e+00,9.336834480738552822e-01
7.892500162119999718e-01,1.274792334365967728e+00
1.474902033810000068e+00,1.255981316732432296e+00
9.167850017550001063e-01,1.578294059911776515e+00
1.186140060420000086e+00,9.193681428275739531e-01
1.411391973500000008e+00,1.257976454891254647e+00
2.092472076419999993e+00,1.322921774630221536e+00
7.189220190049999681e-01,1.858253443169374464e+00
1.301861047739999888e+00,8.620458744175820698e-01
1.268974781040000055e+00,1.282887389620853691e+00
1.221997022629999874e+00,1.382304479529520069e+00
9.061110019680000960e-01,1.164032188911348298e+00
1.078873991970000112e+00,1.088936925007385925e+00
1.028025031089999874e+00,1.076681085008933891e+00
7.863690257070000689e-01,1.364272803302449155e+00
1.276852965350000035e+00,8.988257041783955792e-01
7.093420028689999546e-01,1.322093259640637841e+00
5.201929807659999572e-01,7.772079398072597733e-01
5.645610094070000473e-01,7.643676082393865423e-01
9.855200052259999177e-01,6.841895737396251898e-01
1.092841982840000004e+00,1.115860149856556793e+00
4.786899983879999709e-01,1.030898150797108226e+00
3.955059945579999514e-01,5.972442431676053820e-01
1.850703001020000071e+00,5.740501434992960617e-01
1.195796012879999815e+00,1.804753081304344198e+00
1.702510833739999896e+00,1.109560509637118164e+00
2.998351097109999586e+00,1.537446109370599334e+00
2.407080888749999925e+00,2.462362535560091992e+00
2.585943937299999718e+00,2.154165933375893349e+00
2.233839035029999920e+00,2.248395046584128476e+00
1.655773043629999997e+00,1.817915704314295944e+00
1.430611014370000156e+00,1.697798894660675684e+00
8.921740055079999676e-01,1.487257481769935774e+00
1.231696963309999893e+00,1.225968041368725059e+00
8.955079913140001624e-01,1.429252015027888456e+00
1.602033019070000064e+00,1.230535912866683734e+00
1.585399031639999956e+00,1.495100414386770993e+00
1.232059955600000034e+00,1.587634375181630420e+00
1.210371017459999976e+00,1.279099656977500166e+00
1.242141008379999967e+00,1.470629592823887277e+00
9.857040047650000858e-01,1.408677803369740911e+00
7.289689779279999726e-01,1.171979115400316518e+00
6.761519908910000876e-01,8.093750814986684361e-01
1.071573019029999907e+00,7.876761798608836740e-01
9.457439780239998983e-01,1.207203126942527627e+00
4.376370012759999706e-01,1.018740786888182814e+00
5.141820311550000522e-01,6.818483384194287122e-01
3.387190103530000052e-01,7.574376898063232000e-01
7.144280076029999593e-01,7.624804377886642559e-01
4.996199905870000180e-01,7.876951897464122831e-01
7.917379736899999854e-01,6.919912815391660033e-01
8.646243214609999894e-01,7.345374006907273712e-01
6.024960279459999901e-01,1.043549374785078809e+00
1.260069966320000123e+00,6.759008934749678454e-01
1.012339949610000067e+00,1.261369776623908923e+00
1.004528999329999950e+00,9.148771697641433498e-01
6.310235261919999727e-01,1.027005944201613508e+00
1.141221046449999887e+00,7.035136646565245400e-01
5.426099896430000014e-01,1.140877657364667064e+00
8.547459840769999762e-01,7.964146590973543161e-01
7.744219899179999311e-01,7.999590404382700415e-01
3.084340095520000102e-01,9.989952998832168918e-01
8.376209735870000506e-01,5.305509086387385498e-01
7.293469905850000767e-01,1.049655214021430361e+00
7.503905892370000830e-01,8.045126041135515216e-01
1.134822010990000019e+00,7.605963546062385339e-01
1.614240050320000064e+00,1.118104656165033406e+00
1.244793057440000128e+00,1.447233188519505553e+00
7.141630053519999466e-01,1.193070989857838438e+00
7.293040156360000026e-01,8.817903185976820879e-01
6.486989855770000091e-01,9.425514377663923860e-01
3.427990078929999962e-01,8.865767338237331430e-01
3.861860036850000011e-01,6.598333301505777682e-01
6.366299986840000535e-01,3.815568403800045916e-01
3.990480005740000280e-01,8.838883605959361178e-01
4.178859889509999870e-01,5.717194626183743633e-01
1.103790521619999909e+00,6.670828335905422124e-01
6.956189870829999622e-01,1.097517474721330544e+00
8.070139884950000564e-01,7.453199086552002584e-01
5.947690010070000310e-01,8.842566201042977303e-01
1.107607960700000005e+00,6.551487298983433849e-01
9.713580012320000012e-01,1.144524406037700670e+00
7.170349955560000321e-01,9.976262545369547485e-01
6.764810085300000386e-01,6.727953233633091612e-01
1.687772989270000190e+00,8.670522285902384496e-01
9.907569885250000485e-01,1.468955672148657188e+00
8.082039952280000161e-01,1.038196652073320347e+00
1.087718963619999979e+00,7.732463868885866010e-01
1.564818024639999861e+00,1.143108124311853935e+00
6.673809885979999912e-01,1.555689998766800697e+00
1.256489992140000123e+00,7.986169769144890740e-01
1.091886043549999963e+00,1.178478222436248446e+00
7.375509738919999725e-01,1.123163961994018356e+00
6.224380135540000802e-01,1.008606555974020713e+00
8.364729881290000613e-01,8.327429749916553936e-01
5.774260163309999916e-01,9.300143082333132138e-01
1.015761017800000054e+00,8.541444215491770242e-01
1.106158971790000001e+00,8.863998458614001930e-01
6.945540308949998964e-01,1.151083428866074065e+00
1.130903959270000092e+00,7.885749315771578560e-01
9.518219828609999489e-01,1.240439085444553280e+00
7.524570226669999862e-01,1.042827850255304778e+00
5.585229992869999993e-01,8.263409468272727709e-01
1.415836334229999771e+00,7.740559872532356556e-01
1.855298042299999839e+00,1.294341555129226329e+00
7.845479845999999702e-01,1.545294829554758165e+00
8.210539817810000862e-01,8.652422756716890984e-01
5.835890173909999978e-01,8.267455693564609298e-01
8.359720110889999889e-01,1.309285192949296350e+00
2.184663057329999880e+00,1.238017252309838279e+00
6.805480122570000123e-01,2.016061529652114714e+00
1.238904953000000031e+00,5.691555555544269840e-01
1.030328035349999949e+00,1.106913152803779665e+00
7.914109826090000022e-01,1.124843369187692899e+00
8.423720002169999832e-01,1.188880726703740898e+00
4.464710056780000769e-01,1.115125806901438255e+00
5.589337944979999584e-01,9.049474956553090754e-01
7.099329829220000221e-01,7.973294909312774736e-01
7.334340214730000751e-01,9.333422372370944187e-01
7.833399772640000647e-01,6.645407926490778383e-01
8.426809906959999985e-01,7.608196552057816531e-01
1.099761009220000085e+00,9.328263009579650378e-01
8.706315755840000614e-01,1.157441628189929572e+00
5.862460136410000411e-01,1.039439946949598736e+00
8.863990306849999223e-01,7.099828598788748835e-01
1.019399046900000050e+00,8.657612572675456031e-01
8.493610024450000129e-01,9.789670688191443038e-01
1.010666966439999870e+00,8.378457057667489938e-01
1.331516027449999973e+00,1.008235410914986696e+00
1.215008974079999859e+00,1.377988064443107508e+00
1.645591020579999952e+00,1.245844385227095952e+00
9.708780050280000351e-01,1.468095613131189525e+00
1.411272048950000135e+00,8.866423417482303115e-01
7.953929901119999313e-01,1.397754232462360857e+00
1.046331048010000098e+00,8.173435326021433189e-01
8.879339694979999642e-01,1.237202674053423879e+00
8.349300026890000836e-01,9.787677374870421554e-01
9.847199916839999290e-01,1.045426881288276988e+00
1.090394020079999970e+00,1.071685029801017652e+00
4.901649951929999416e-01,1.173774265675475936e+00
6.141669750209999279e-01,6.306336353409922602e-01
6.314740180969999894e-01,8.130897873825523314e-01
8.252440094949999860e-01,7.719369507066372593e-01
1.051450967789999913e+00,9.818287879635733129e-01
1.047114968300000060e+00,1.073965682515760633e+00
3.921430110930000379e-01,1.009871867787419886e+00
4.695149958129999912e-01,6.458639625482930358e-01
7.720900177959999500e-01,6.860445331096927113e-01
7.520099878309999264e-01,9.303658098943491384e-01
6.877393722529999698e-01,7.841497791560214647e-01
6.718119978899999012e-01,7.853375371212849565e-01
1.185933232310000029e+00,6.494276242042288372e-01
6.571980118750000432e-01,1.334997327915120602e+00
8.213180303569999063e-01,6.576517738607888797e-01
7.795739769939998842e-01,9.232325683499842395e-01
1.030122995379999962e+00,8.069688884862533662e-01
6.211889982220000217e-01,1.081360672687969426e+00
8.660820126530001106e-01,7.393862994516945397e-01
9.608931541439998947e-01,8.548370507505950178e-01
6.760399937630000577e-01,1.031590608147465726e+00
7.402380108830000083e-01,7.646344112842138330e-01
5.984709858890000511e-01,8.402340606698066594e-01
6.151059865950000427e-01,7.141590693241166576e-01
9.358735680580000382e-01,7.881503909798313057e-01
5.818247795100000008e-01,9.569274789044426299e-01
7.156659960750000327e-01,6.630340594751854555e-01
6.529520154000000298e-01,7.837231425645643235e-01
9.700022935870000751e-01,7.942538060449904069e-01
7.834500074390000623e-01,9.927228799267123760e-01
7.448130249979999506e-01,8.426034012788312655e-01
8.276180028919999376e-01,8.063478731745683525e-01
8.943400979040000420e-01,9.063715281606924412e-01
2.505017042159999985e+00,1.007286396061097378e+00
1.620712041850000062e+00,1.890262723907245812e+00
1.417585968970000110e+00,1.536924479501107665e+00
1.049872040749999957e+00,1.134304251197115754e+00
1.226507544519999993e+00,1.596170103886017877e+00
1.043179035189999881e+00,1.450336553882002999e+00
9.694439768789999690e-01,1.193771467634465289e+00
8.192250132559999454e-01,9.237204929480128390e-01
8.129550218580000598e-01,5.494254948733945376e-01
6.712080240250000163e-01,1.088226721912384676e+00
5.289899706839999993e-01,8.566787837440765774e-01
3.461930155749999849e-01,9.192822785636117766e-01
4.789490103719999947e-01,6.628088689185563931e-01
1.153810977940000093e+00,6.838749831108222876e-01
9.671270251270001062e-01,1.091477018741907612e+00
7.845839858059999727e-01,8.951609604249323171e-01
4.701859951020000428e-01,8.165739885121768848e-01
5.632782578470000301e-01,6.619538351550350308e-01
2.416239976880000528e-01,8.118554547900708185e-01
2.709859907630000064e-01,4.526695160727445266e-01
1.994680017229999991e-01,3.571647229066981510e-01
1.327169984580000017e-01,3.458115228380724826e-01
4.732620120049999546e-01,3.546201912591376293e-01
6.585559844969999244e-01,5.824427960702177609e-01
9.621880054470001165e-01,6.669246441762476385e-01
5.111979842189999790e-01,9.160818488110277213e-01
9.829789996150001263e-01,5.086602936787191220e-01
9.100099802019999684e-01,1.034989888712930073e+00
1.026576042179999870e+00,8.505137182343819324e-01
8.309389948840000262e-01,1.021924926006630763e+00
9.651920199390001676e-01,7.018222711015845716e-01
1.000543951989999902e+00,9.892298224041984334e-01
1.983185052870000131e+00,1.044726905760527957e+00
1.274855017659999978e+00,1.706944473402549400e+00
1.286525964740000028e+00,9.779942552638798414e-01
1.382244944570000245e+00,1.243677441444196230e+00
1.736924052240000016e+00,1.294723723263861315e+00
1.257668018339999971e+00,1.754395880405076324e+00
7.533379793170000838e-01,1.338145908141338269e+00
1.084908962249999886e+00,8.389242733613996306e-01
1.062494039539999990e+00,1.383558920039413165e+00
7.787629961969999570e-01,1.121899382371956744e+00
8.256469964979999965e-01,9.844822452969945736e-01
9.891830086709999525e-01,8.766048985636260005e-01
1.418092012410000047e+00,1.071434389466571657e+00
1.151677966120000063e+00,1.421844311150946227e+00
1.250364065170000094e+00,1.096650727975722939e+00
8.794019818310000458e-01,1.253466440949623895e+00
1.089423060420000144e+00,9.804644884657630621e-01
1.809062957759999701e+00,1.217317561848264340e+00
8.687390089040000207e-01,1.562395866013342571e+00
8.521729707719999380e-01,8.947750187515358666e-01
1.307837963100000112e+00,9.077240874765641898e-01
1.262575984000000151e+00,1.452684962167362315e+00
7.601559758189999627e-01,1.279763894281859216e+00
1.069887042049999959e+00,9.326202045482885339e-01
8.579840064049999437e-01,9.780907199377794070e-01
1.149323940279999956e+00,9.721422396021554002e-01
1.067142963410000034e+00,1.301768515358200817e+00
7.400619983670000401e-01,9.834885152611810843e-01
6.799880266190000411e-01,9.771089339597346379e-01
7.323921322820000634e-01,8.681314284102382706e-01
8.352749943730000126e-01,8.986257069871876890e-01
6.000829935070000065e-01,8.526728663980912559e-01
1.010563969610000168e+00,6.886064726493484889e-01
7.613970041280000434e-01,9.444318458918793402e-01
7.260069847110000030e-01,9.260081770484057673e-01
1.064324021340000037e+00,8.328026267334025512e-01
5.901079773899998715e-01,1.076494456383946918e+00
7.744659781460000447e-01,7.253532288963068231e-01
7.406870126719998781e-01,8.468628509981637187e-01
8.908360004430001533e-01,8.385367034767359229e-01
7.620100975040000613e-01,9.098259434654670796e-01
7.774500250820000069e-01,8.714820059040009337e-01
5.811070203779999943e-01,7.470237371544499183e-01
7.908779978749999051e-01,7.970912333552099271e-01
8.903719782829999652e-01,8.439083813686868440e-01
7.882059812549999656e-01,9.404284922550087966e-01
7.301949858670000459e-01,8.645826362286533895e-01
9.248933196070000529e-01,7.644977920430844343e-01
1.265586972239999941e+00,9.844749554116557499e-01
7.884140014650000694e-01,1.095011653161291676e+00
9.180610179899999501e-01,8.629644441155120971e-01
6.569269895549999516e-01,9.114460910739909938e-01
8.252680301670000107e-01,8.453142711875095694e-01
4.257229864599999525e-01,9.469061668998208781e-01
9.114630222319999309e-01,5.648793977539879885e-01
7.238519787790000937e-01,9.255134403398682652e-01
9.657319784160000031e-01,8.024669025033226433e-01
7.194200158119999911e-01,9.944826588204910278e-01
7.146480083470000411e-01,8.324968496587628053e-01
6.188799738879999790e-01,8.271434438829775582e-01
8.502969741820000094e-01,8.300374698954455788e-01
6.113014817240000065e-01,8.730212204575547030e-01
8.405809998509999881e-01,7.562590950164671533e-01
5.909900069240000553e-01,7.568111059736211121e-01
1.191807866100000002e+00,7.367826529158880700e-01
1.072478055950000009e+00,1.087151574335491810e+00
7.976800203319999172e-01,1.017783270519765804e+00
7.140370011329999489e-01,9.414020709421658806e-01
8.885610103609999921e-01,7.794668926681272980e-01
7.367290258409999737e-01,1.179106753607198188e+00
9.655410051350000744e-01,7.629660446627417603e-01
8.569459915160000385e-01,1.018190027838731027e+00
5.838339924809999859e-01,7.386024883704541688e-01
3.047562122340000457e+00,7.252284629668944715e-01
8.865389823909999301e-01,2.281220517596700414e+00
1.186460971829999878e+00,8.764262120152722657e-01
8.750730156899999557e-01,1.248691659378091900e+00
1.111973047260000014e+00,1.567490750939681377e+00
6.929270029070000447e-01,2.235298003451406945e+00
5.632749795910000357e-01,1.118429256761482415e+00
5.519689917560000048e-01,1.092708518838109821e+00
9.211350083349998386e-01,1.781417047790094521e-01
5.465030074119999748e-01,9.392534902463505198e-01
9.997850060459999577e-01,5.033003049746116453e-01
7.512239813800000166e-01,1.210028940342188442e+00
8.402569890019999654e-01,1.135841448670355192e+00
7.843149900439999600e-01,1.043624320075628331e+00
5.915480256080000165e-01,8.147659893143751608e-01
6.109840273859999948e-01,8.160931184792705739e-01
9.328789710999999540e-01,7.898038739564700039e-01
7.992020249369999885e-01,9.542587512485104506e-01
9.833549857140000405e-01,7.980462257533997850e-01
5.405290126799999761e-01,9.530743144791378185e-01
1.093670010570000128e+00,6.678041259185826251e-01
9.266330003740002041e-01,1.139605128170779746e+00
7.972419857979999858e-01,9.785214256385761367e-01
5.896059870719999596e-01,8.190808833093762287e-01
7.799540162090000672e-01,7.101719710091135562e-01
5.182790160179999717e-01,8.713777996872034137e-01
7.263879776000000676e-01,6.901107492783663533e-01
6.216366887090000182e-01,7.705824621306628375e-01
8.810679912569999717e-01,6.698148396193829290e-01
7.315016984940000411e-01,9.042744679600243085e-01
9.703850150110000516e-01,8.425121678788612956e-01
8.715350031849999901e-01,9.722116293126672470e-01
5.505740046500000595e-01,9.255490522820325472e-01
2.576299905780000121e-01,6.781392421718681618e-01
6.952109932899999123e-01,5.027090802005440562e-01
3.547430038449999601e-01,7.509658156280033525e-01
1.308350920679999918e+00,5.248883142792145629e-01
1.424710035319999957e+00,1.130693813449802132e+00
2.422243118290000385e+00,1.287232778189083104e+00
1.588093161580000023e+00,2.112263054896730274e+00
2.882889986040000352e+00,1.318763792459429096e+00
1.510810017590000109e+00,2.498880537909017985e+00
5.103110075000000245e-01,1.225824400166522388e+00
6.637499928469999810e-01,8.870285881714536913e-01
5.865659713749999948e-01,9.513248542594516799e-01
9.182999730109998593e-01,1.119828817850643476e+00
1.126363039020000123e+00,1.050885973827325959e+00
9.455379843710000065e-01,1.118122612279532690e+00
7.979699969290000583e-01,8.567499459073180113e-01
8.895260095600000527e-01,1.095588745658357954e+00
5.017459988589999531e-01,1.045664999926295025e+00
7.889080047609999813e-01,7.617723125776835191e-01
5.571460127830000220e-01,1.004224319674454691e+00
8.079270124439998924e-01,7.041729132854995798e-01
7.382910251620000697e-01,8.762062223905033864e-01
6.742079854009999096e-01,8.759843117904829723e-01
8.787713646889999675e-01,6.880006478398003056e-01
7.401880025859999268e-01,9.656477870452058188e-01
8.886500000949999478e-01,7.607559098530400910e-01
7.983270287510000340e-01,9.583970112763473548e-01
5.137799978260000344e-01,8.290919334366850801e-01
7.760372757910000141e-01,6.673915126045880664e-01
8.528280258179999906e-01,8.586805846594982583e-01
7.851629853249999513e-01,8.533899618495778272e-01
8.431609868999999646e-01,9.034775540046066089e-01
1.024798870089999925e+00,8.264367228010869315e-01
8.044279813770001120e-01,1.131904212662107945e+00
8.841310143469999216e-01,8.682198120898528826e-01
3.615649938579999501e-01,9.439265173686809396e-01
1.171491026879999842e+00,5.341417991980764723e-01
4.477910101410000343e-01,1.105706546292941850e+00
7.665730118750000432e-01,6.403500744220277374e-01
7.735599875449999940e-01,7.832812348900141108e-01
1.054823040959999902e+00,9.045756542509407749e-01
7.843300104139999673e-01,1.057299013119398889e+00
1.034250974660000155e+00,8.998631853012701853e-01
1.096979022029999973e+00,1.016600509911522066e+00
7.633029818529999400e-01,1.065993956664285092e+00
5.883730053899999257e-01,8.405092748238672806e-01
6.365630030629999547e-01,6.785285046622077099e-01
5.750700235369999858e-01,7.753039673514821040e-01
5.399640202519999654e-01,7.152066653832946930e-01
1.324671149250000068e+00,6.696410120222517914e-01
8.178460001949999780e-01,1.182077119987060776e+00
6.359609961509999909e-01,8.137594405603134629e-01
8.135920166969999867e-01,7.512366510776327111e-01
9.872140288350000903e-01,9.407638845915988757e-01
9.839289784429998686e-01,1.129536868203113942e+00
5.904790163040000150e-01,1.017342071357790090e+00
8.986790180209999201e-01,6.126729638159899016e-01
6.268000006680000125e-01,9.189858116664620935e-01
6.926850080490000172e-01,7.426940364640923775e-01
5.757049918169999669e-01,7.658880872777482640e-01
6.764680147170000213e-01,6.782198578777097753e-01
8.279470205309999997e-01,7.971349088376636915e-01
6.547859907149999881e-01,8.746429381565422601e-01
1.085815548900000094e+00,7.525394545536812085e-01
8.509550094600001335e-01,1.024648840017311269e+00
8.879359960559999321e-01,8.971981191623392693e-01
6.557850241659999302e-01,9.191846104560128516e-01
6.597809791559999804e-01,7.107998441248848387e-01
8.856279850010000398e-01,8.066089003834222559e-01
7.502999901769999980e-01,8.869352109676520435e-01
9.303160309790000637e-01,8.030708340399282941e-01
7.259460091590000941e-01,9.358241004522853679e-01
7.123904824259998936e-01,7.638536787896279545e-01
9.326570034029998402e-01,8.766804273507647904e-01
6.544970273969999974e-01,9.143873434387814747e-01
4.987269937989999846e-01,7.600497994917223554e-01
9.782410264020000579e-01,6.560576570472984592e-01
5.593240261080000275e-01,1.036754559313752377e+00
8.733990192409999409e-01,7.233898951175302683e-01
6.232500076290000690e-01,9.285601263417012641e-01
6.319249868390000024e-01,6.707659260987117733e-01
8.335350155830000274e-01,7.781445647043232494e-01
8.613430261610000027e-01,8.486403393569763587e-01
1.036013007159999999e+00,8.982777678942007737e-01
6.160370111469999355e-01,9.591641314522247885e-01
9.874529838560001105e-01,7.525000055632080631e-01
6.686739921569999634e-01,9.988075121721345928e-01
6.455339789389999972e-01,8.761095137291321500e-01
1.007030010220000049e+00,7.181091793780919330e-01
7.763000130650000719e-01,1.041719439679654746e+00
9.358490109440000815e-01,7.320693438302335876e-01
6.626719832419999401e-01,1.027896709276894471e+00
1.113351941109999910e+00,7.188418574758362878e-01
5.495319962500000432e-01,1.176527707063232508e+00
9.273632764820001206e-01,6.844667274333924301e-01
8.215330243109999486e-01,9.194626023079524035e-01
9.193540215490000334e-01,7.486527967204904543e-01
6.899859905239998925e-01,1.038847835474631998e+00
6.497738957409999738e-01,7.287468628858001507e-01
9.705049991610000815e-01,9.551593748409378248e-01
8.034440279009998909e-01,9.661840083845645299e-01
8.920990228650002019e-01,9.536918768739049979e-01
7.462270259859999921e-01,7.675592497925659563e-01
1.495407462120000197e+00,7.978607406636962773e-01
7.597569823270000633e-01,1.365331521850881913e+00
9.677280187610000084e-01,7.216005774148135377e-01
1.126011013979999920e+00,1.123443821099840312e+00
7.641419768330000029e-01,1.100165858950252096e+00
1.423818945879999909e+00,1.174952590851712220e+00
8.309190273280000483e-01,1.521453965978813549e+00
5.316870212550000030e-01,8.915693490023702816e-01
6.942920088770000442e-01,7.791034988900774616e-01
1.097100019450000019e+00,7.739581553945799053e-01
8.623710274700000511e-01,1.243394918215763534e+00
9.711959958080000899e-01,9.445908255342012616e-01
7.501904964450000213e-01,1.037050867959307121e+00
5.659890174870000346e-01,7.952909601190175648e-01
7.235890030859999378e-01,8.422069401339375982e-01
1.088876962660000114e+00,7.970166528153269647e-01
2.614549994470000138e-01,1.104262217128526125e+00
1.923168003559999895e-01,3.953762359491293510e-01
2.048390060660000012e-01,4.360752702489275046e-01
3.752999901769999980e-01,4.477289643527373464e-01
1.878910064700000104e-01,6.119499723085872755e-01
4.178839921949999980e-01,3.504964905007785236e-01
6.128349900249999704e-01,4.534934910741784675e-01
4.822100102900000462e-01,7.394650879111558384e-01
8.136649727820000066e-01,5.574409744353115981e-01
8.997989892959999958e-01,8.292242913901566315e-01
7.667459845540000041e-01,8.082450011893600461e-01
6.762999892229999421e-01,7.726229973841746146e-01
9.804093837739999984e-01,6.798146361428485385e-01
1.075533032420000090e+00,9.304312447088149973e-01
6.459739804270000496e-01,9.541999222842816319e-01
7.601699829100000416e-01,7.767252213455745347e-01
8.707180023190000950e-01,7.253354939445723071e-01
1.045557022089999899e+00,1.092616036548464731e+00
4.832339882850000268e-01,1.001420244101802526e+00
1.085988998409999962e+00,6.141333285704470013e-01
7.320979833600000930e-01,1.040210955502279599e+00
7.128990292550000385e-01,8.342503340212196195e-01
1.045389056210000112e+00,8.354408886742746843e-01
7.359200119969999676e-01,1.058374403403619102e+00
8.956930041310000590e-01,7.644803420898622637e-01
8.745509982110000191e-01,1.011919421701840793e+00
9.237470030779999508e-01,8.161058970865774365e-01
9.997780323029999971e-01,9.975666367470401585e-01
1.739534020420000049e+00,9.719848376521644795e-01
8.107889890670000321e-01,1.486450118734756520e+00
7.049050331119999235e-01,8.260126776313280184e-01
8.328269720080000438e-01,8.370316957898364940e-01
8.276600241660000412e-01,1.098018304055602412e+00
8.953109979629999549e-01,1.097794849267392792e+00
1.459501028060000039e+00,1.013190816928297266e+00
1.179519057270000060e+00,1.281212878929180787e+00
1.443411946299999915e+00,1.016560498040679272e+00
1.306735038760000078e+00,1.402509576254230783e+00
7.634999752040000365e-01,1.179591562417690032e+00
1.145148038860000161e+00,9.917029643686647855e-01
7.253450155259999477e-01,1.230035929938468442e+00
7.633590102199999672e-01,8.172439552041712574e-01
6.174820065499999622e-01,8.791304166841754641e-01
1.029322981830000039e+00,7.238382275624710704e-01
1.302055954929999926e+00,1.098171900424805836e+00
3.164124965670000122e+00,1.257801789585079932e+00
9.734439849849999549e-01,2.534469138825010237e+00
1.229671001429999855e+00,8.574769066003622431e-01
7.441530227660000385e-01,1.375242493162602386e+00
1.063034057620000139e+00,1.110674197316834366e+00
1.123872041700000102e+00,1.393757691837832935e+00
8.984770178789999173e-01,1.101521703820266485e+00
7.175139784810000698e-01,8.399426131337121015e-01
5.367509722709999931e-01,7.718464513177432096e-01
1.175443053249999981e+00,8.647473126370083252e-01
1.101048946379999949e+00,1.178668663826670127e+00
5.734490156170000130e-01,1.241417541265867008e+00
1.431144952770000200e+00,6.926160235856571035e-01
1.037794947620000130e+00,1.412422163986825963e+00
6.568620204930000206e-01,1.020430977879619894e+00
1.074908018110000141e+00,8.122933426659386669e-01
1.385972023009999887e+00,1.068409324318318809e+00
1.004804968829999812e+00,1.333987508804306055e+00
1.609539985660000116e+00,1.085443274482291942e+00
2.817575931549999524e+00,1.411179084327420785e+00
1.962562561039999931e+00,2.233395561645211913e+00
1.279752016069999998e+00,1.740425084337215544e+00
1.995329976079999845e+00,1.153498002304107484e+00
2.033385992049999924e+00,2.058382951795001414e+00
1.307443976400000096e+00,2.060627227612796375e+00
1.611258029939999892e+00,1.368649653366871943e+00
2.040218114850000042e+00,1.454161528822815574e+00
2.183244943620000100e+00,1.821978108708875332e+00
1.351415991779999937e+00,2.052104413659602500e+00
7.242180109020001089e-01,1.224913463132433211e+00
1.363389015200000109e+00,1.087173325274463975e+00
1.526808977129999967e+00,1.640390997309177257e+00
1.784019589419999940e+00,1.648473516070183997e+00
1.103597044940000105e+00,1.556975432506243262e+00
1.763007998470000004e+00,9.670914428683162756e-01
1.157549023629999896e+00,1.919418174830994417e+00
1.153326034550000045e+00,1.160279678589851926e+00
2.362811088559999551e+00,1.446670079410939058e+00
2.580787897110000007e+00,2.013350793993184507e+00
1.242146968839999976e+00,2.273330080315061785e+00
1.712821006770000265e+00,1.213165631800551258e+00
6.676509976389999323e-01,1.640609385057178349e+00
8.271329998970000652e-01,1.019132551312711188e+00
9.642647504810000214e-01,1.293694682419627595e+00
1.394161701200000048e+00,9.841395991895131035e-01
7.584049701689999923e-01,1.389624565344079077e+00
6.900759935379999765e-01,8.420118736112320867e-01
6.740249991419999809e-01,8.463073553494691037e-01
8.615220189090000424e-01,9.591145388747955858e-01
7.907469868659999790e-01,1.184832455177514454e+00
7.285000085830000138e-01,9.281784834092499104e-01
2.411980032920000017e-01,8.300228860713444456e-01
3.354600071909999981e-01,4.792634460880689229e-01
5.912460088730000507e-01,5.844321834932257875e-01
1.058426976200000036e+00,7.284290036394514001e-01
7.669919729230000316e-01,8.961984070528418167e-01
5.881239771840000019e-01,7.636758127712565125e-01
5.922303199769999305e-01,6.230186908833602599e-01
8.753510117530000079e-01,8.973462736149929730e-01
7.038279771799998974e-01,9.291334221425524564e-01
5.677499771120000371e-01,7.778479372771056610e-01
7.133870124819999825e-01,4.428602407726514034e-01
1.077505946160000061e+00,8.254893752678544860e-01
6.909419894220000247e-01,1.038116795839357343e+00
7.724580168719999973e-01,7.609188794282818469e-01
7.237120270730000859e-01,8.424192392918479211e-01
9.752489924429997847e-01,8.382839380852251665e-01
9.151769876480000399e-01,1.076769091652127974e+00
7.574009895319999686e-01,9.655469668290844742e-01
6.912069916730000374e-01,7.118408756230742984e-01
1.183527946470000147e+00,7.918953969954473093e-01
7.705749869349999281e-01,1.107392645223246985e+00
8.947700262070000798e-01,7.942079001545870875e-01
6.143350005150000070e-01,9.625471891633371468e-01
7.692319750789999855e-01,6.997179124149084384e-01
9.070749878880000061e-01,1.004123300015461018e+00
4.068099856379999713e-01,9.772262341227302418e-01
5.138880014419999753e-01,5.489523477161792897e-01
2.481469959019999838e-01,7.076032950566517599e-01
2.568759918210000159e-01,5.285411886470041676e-01
5.980659723279999618e-01,5.413761108746814044e-01
5.981699824330000137e-01,7.080389308757606415e-01
8.801140189170000294e-01,6.429209704392957470e-01
1.085649013520000095e+00,8.210137229974753259e-01
9.920129775999999566e-01,1.025515310585426887e+00
8.743849992749999078e-01,9.310273578238825731e-01
8.770260214810000621e-01,9.306142477546254232e-01
1.008928894999999937e+00,9.192329604132781773e-01
8.088759779930000393e-01,9.639422561069794781e-01
6.714209914210000907e-01,7.358507465939254644e-01
7.449629902840000373e-01,8.540402854512999520e-01
6.942679882050000195e-01,7.526274704961513073e-01
1.001886010170000008e+00,1.057299502594023943e+00
7.935580015180000446e-01,9.865511717409544135e-01
8.450049161910000439e-01,9.214233706025249937e-01
8.031240105629999793e-01,8.868226774380914001e-01
5.744469761850000689e-01,7.804918076885770661e-01
5.679720044139999757e-01,7.708089472680027532e-01
4.538080096239999195e-01,7.012921376854923672e-01
8.494881391529999215e-01,7.560085386675899910e-01
4.064599871639999473e-01,8.588290321003662076e-01
2.453519999980000310e-01,6.399360100076370017e-01
2.323218107220000217e+00,3.754640659492741728e-01
2.027115583420000089e+00,1.674749753653018702e+00
1.581117987629999888e+00,2.048733588035015263e+00
1.727049946780000012e+00,9.753003124556823833e-01
1.150642037389999928e+00,2.480059969785564089e+00
1.607933998109999818e+00,1.312875713952678547e+00
1.331233978270000007e+00,2.199718632474156443e+00
1.221642017359999999e+00,1.326373748829704713e+00
1.583541989330000010e+00,1.162463799648113527e+00
1.608662128450000006e+00,1.903333674704386080e+00
2.185653924939999992e+00,1.644716724672073083e+00
2.989559888840000124e+00,2.127200355344665006e+00
7.574499845500000106e-01,2.825419029338751997e+00
1.811344027520000122e+00,9.995171258798376535e-01
1.527951955800000094e+00,2.288425707800411324e+00
8.892235755919999374e-01,1.936263395939864518e+00
