9.717460274700000511e-01,1.274817598944105068e+00
1.176299691200000108e+00,1.212822056235830059e+00
1.714609026910000056e+00,1.169251688866392414e+00
1.307337045669999975e+00,1.513086093358617878e+00
6.186890006069999393e-01,1.513550787885016291e+00
2.298435926440000276e+00,9.061373712687663673e-01
1.808241009709999902e+00,2.078216136944237125e+00
8.794149756429999742e-01,2.046507773589705703e+00
1.570945024490000064e+00,1.522922935493641328e+00
1.578516006470000121e+00,1.319382009240354314e+00
6.200309991839999535e-01,1.659759243565014586e+00
9.928810000419999726e-01,1.081927183678777826e+00
4.551869928839999413e-01,8.367483831638556913e-01
1.017398953439999865e+00,5.551935175588091909e-01
8.378469943999999892e-01,1.112590862152944782e+00
4.884769916529999589e-01,6.912929712832613927e-01
1.246340990070000210e+00,6.543156529899597507e-01
1.209630966189999990e+00,9.974148066152975778e-01
1.252451062200000020e+00,1.212101817707807339e+00
1.519726991650000025e+00,1.329922650441394794e+00
1.063797950739999942e+00,1.351717340754567509e+00
1.571495056150000069e+00,1.246549215957279300e+00
1.278105020519999968e+00,1.575643139022539385e+00
1.192077994349999948e+00,1.381076019053562254e+00
8.304439187050000060e-01,1.471936988563283810e+00
1.402015686039999931e+00,9.246455449381599800e-01
1.156504034999999986e+00,1.433187223724265991e+00
1.162554860120000200e+00,1.259549525601689313e+00
6.007519960399999581e-01,1.336724111745577925e+00
1.253835797310000055e+00,7.408199140005110594e-01
1.791844010350000183e+00,1.268854468104484656e+00
1.734062552449999961e+00,1.614578760514590039e+00
4.939970970150000085e+00,1.810191545771797195e+00
2.394351005549999911e+00,4.120391030017616529e+00
2.212575912479999740e+00,3.309376984480639550e+00
1.886527061460000043e+00,3.345528882047111630e+00
9.343829751010001017e-01,2.285995453889680729e+00
9.099829792980000942e-01,2.065967818665736200e+00
8.112999796870000724e-01,8.821694778482460642e-01
1.049708962440000004e+00,5.938369457360658243e-01
1.351788043980000076e+00,8.133834894355158607e-01
1.277305960659999906e+00,1.144562493223262090e+00
7.854449748989998925e-01,1.387837006969766307e+00
4.846229851250000165e-01,9.742572806594171908e-01
6.676359772680000582e-01,6.669648036544009173e-01
8.322510123249999836e-01,7.153287657210110062e-01
5.959370136259999340e-01,8.106034461853750539e-01
3.410890102390000123e-01,6.138827824611036155e-01
6.860110163689999707e-01,3.318383519746473942e-01
8.153510093690000682e-01,5.914363900693535570e-01
3.985430002210000322e-01,7.797970525491125793e-01
6.998159885410000225e-01,5.222828273237952734e-01
4.263690114019999533e-01,5.962146778746300058e-01
6.866139769550000382e-01,4.708407049976279235e-01
1.826770007609999913e-01,7.544637165407040991e-01
7.018824815749999946e-01,1.724761428755435255e-01
1.796682000159999681e+00,6.705146954929585013e-01
7.204269766809999753e-01,1.595204861646059236e+00
4.680640101429999755e-01,1.221432467831861324e+00
6.408870220180000743e-01,8.990328472781523583e-01
7.520520091060001189e-01,8.087638930549839733e-01
1.001817584040000098e+00,8.014854272582720984e-01
1.660804033279999814e+00,7.367162925306333099e-01
1.450595021250000061e+00,1.224831611834269474e+00
1.085010051729999869e+00,1.222541695286985419e+00
1.099555015560000015e+00,1.263677418767869653e+00
7.694180011750000325e-01,1.173298676952033048e+00
1.254430413249999932e+00,1.022488036290041702e+00
1.496320962910000052e+00,1.287827379737860323e+00
7.186369895940000196e-01,1.427284134328107967e+00
8.902019858359999649e-01,1.096600437762685454e+00
9.891759753229999452e-01,9.760738486086378840e-01
2.849014520649999938e+00,9.842095289884288389e-01
4.281075000759999583e+00,2.468997697407401049e+00
1.248739004139999942e+00,3.754754516757612848e+00
7.096589803699999699e-01,2.164985401476863025e+00
7.497439980509998936e-01,1.387498875240887219e+00
8.907449841499999188e-01,1.089922133109579860e+00
1.469527959819999952e+00,1.408482450280981402e+00
1.608888030049999918e+00,1.180691366648126461e+00
1.043460965159999976e+00,1.605449583571850303e+00
1.184751033780000018e+00,1.263848203245212742e+00
5.063725113870000127e-01,1.512168341258668391e+00
6.946156024930000283e-01,9.839825408487623548e-01
9.299110174179998634e-01,6.831140486928500843e-01
7.754629850390000190e-01,6.456005398415800567e-01
8.564696311949999696e-01,6.836540796735912640e-01
9.269009828569999554e-01,6.638954225333115744e-01
7.506660223010001021e-01,9.468749352878206293e-01
9.248849749570000611e-01,8.860166293556055450e-01
1.070162653919999984e+00,9.649367341739796267e-01
8.752880096439998869e-01,1.078877771943693498e+00
7.511039972310000756e-01,1.046587126798516065e+00
8.627579808239999037e-01,8.765267749049469037e-01
5.096570253369999692e-01,8.797259698545082385e-01
8.495249748229999343e-01,6.715793242849962263e-01
6.711369752879999817e-01,7.745020679722343093e-01
6.132180094720000030e-01,6.021108475483609723e-01
3.810549974440000098e-01,7.379140719125227843e-01
8.710420131680000067e-01,3.699690358112048827e-01
6.540319919589999698e-01,8.170613136884171679e-01
9.089673757550000843e-01,6.660323217426168396e-01
9.709029793739999414e-01,8.620852200637176832e-01
9.856920242310001079e-01,8.605530469192728127e-01
1.356256246570000101e+00,1.102551521322945760e+00
1.309872984889999925e+00,1.287688950074393768e+00
6.344919800760000506e-01,1.436088469458843830e+00
5.933508276940000492e-01,9.842691072390875595e-01
8.796380162239999523e-01,7.561299712658932082e-01
1.131836414339999930e+00,8.545533415257566823e-01
1.841274023059999765e+00,1.112712359976911758e+00
2.261745929719999992e+00,1.564826019918897693e+00
2.597975969309999744e+00,1.979685051826034270e+00
2.399192094800000064e+00,2.478104444285980978e+00
1.982298016549999931e+00,2.497053031186926564e+00
2.269547939300000206e+00,2.306193486526639802e+00
2.017889976500000238e+00,2.391887056103611631e+00
1.452262043950000026e+00,2.401511313260695779e+00
1.342797994609999934e+00,2.063384762573116760e+00
1.311915040020000145e+00,1.688727228886446330e+00
1.276762008670000226e+00,1.668144613859920300e+00
1.275267004970000118e+00,1.486151833892729091e+00
1.210446000100000141e+00,1.273551481401719476e+00
8.153480291369999966e-01,1.155295875537043937e+00
7.271119952200000291e-01,9.279379383930780323e-01
6.043019890790000126e-01,8.551067760806863038e-01
9.830358624459999417e-01,6.637214417171006797e-01
1.101529002189999940e+00,9.923948905016302113e-01
1.183724999429999869e+00,1.083556067787104116e+00
4.356400072569999726e-01,1.181305259392056550e+00
3.270040154459999959e-01,6.212758748968408851e-01
8.039849996569999879e-01,4.414805921103981401e-01
4.216859936710000145e-01,6.514742194672529241e-01
5.734559893609999515e-01,5.338852689910053018e-01
3.959457874300000291e-01,5.008273722327822863e-01
4.163750112060000119e-01,3.176919254917337510e-01
5.603970289230000290e-01,4.946666852080255916e-01
7.749050259590000156e-01,4.451922424944901868e-01
6.370840072629999629e-01,7.251926980170704251e-01
3.839260041709999793e-01,6.434383599221918937e-01
5.648739933969999516e-01,4.352500986211399470e-01
1.054715037350000051e+00,5.286109150842718263e-01
6.537709832190000681e-01,9.088340953498528219e-01
5.931029915809999942e-01,7.605193512441198456e-01
1.022608995439999946e+00,6.362101418888493898e-01
8.359869718549999273e-01,8.469630046235097076e-01
6.375340223309999832e-01,9.482094068379247620e-01
9.755985140799999789e-01,7.177432101864585912e-01
4.898079931740000337e-01,8.339254021454354238e-01
1.098647952079999879e+00,6.623384893886519187e-01
1.151165962220000116e+00,1.034580395363379868e+00
8.061249852179999120e-01,1.019562997228155909e+00
4.744769930839999872e-01,1.042612783843600788e+00
7.896029949189999897e-01,4.919971729957609008e-01
4.762530028819999539e-01,7.658536374480948705e-01
5.455229878430000179e-01,6.112115344383813875e-01
6.212809681889999158e-01,5.988822809622831311e-01
7.707700133319999036e-01,5.015928840124106447e-01
9.337069988249999675e-01,7.908115989451356409e-01
8.110550045970000843e-01,8.617251656092410617e-01
6.005529761310000048e-01,8.775328106523341276e-01
1.002521038060000036e+00,7.032187469320682061e-01
8.921650052069998171e-01,9.250704696979976660e-01
9.160850048070000584e-01,9.432909588476049434e-01
7.413420081139999729e-01,9.384411239558864137e-01
9.283249974250000758e-01,6.914962477265359508e-01
6.429409980770000033e-01,9.522249495083294768e-01
9.950090050700001187e-01,7.443348386832130403e-01
6.271365880970000140e-01,9.786182317025500232e-01
1.038689017300000073e+00,6.937413728480144037e-01
6.888009905820000611e-01,1.085256135504973241e+00
5.214130282399999095e-01,6.649729739865715139e-01
6.510270237919999481e-01,6.857787076485831745e-01
1.159701943399999990e+00,5.874276503259264759e-01
6.456400156020000169e-01,1.072818141134530778e+00
1.195862650870000099e+00,7.701508773132683672e-01
1.304703950880000018e+00,1.147453257464149390e+00
8.844429850579998975e-01,1.194730475304426776e+00
7.697709798810000725e-01,1.235216341415107166e+00
7.702100276950000213e-01,8.674179635074590333e-01
6.418280005459999771e-01,8.786395479392028474e-01
8.937159776689999058e-01,7.317061002494964495e-01
5.247250199319999364e-01,8.398040861989667372e-01
5.142210125920000374e-01,5.411948175726611909e-01
7.172748446459999982e-01,5.349422663238168063e-01
6.410769820210000525e-01,6.245823759273602116e-01
4.689820110800000941e-01,7.815158448740999741e-01
1.203750014310000171e+00,5.428541586237193295e-01
7.911959886550000709e-01,1.041687749397681051e+00
1.136301159859999910e+00,9.303020768376801808e-01
8.642929792399999256e-01,1.145423354553106954e+00
8.814030289650001126e-01,8.579294110785178340e-01
5.817409753800000249e-01,1.084124194485597492e+00
8.651199936869999885e-01,6.335742891996095638e-01
9.078124761579999813e-01,8.483400167642418666e-01
7.377740144730000615e-01,8.033705020021415510e-01
1.120375037189999867e+00,7.962549981438491464e-01
9.422479867940000142e-01,9.186632902829960923e-01
1.060060024260000011e+00,9.748128999655912841e-01
7.158420085910000008e-01,1.117631764514129156e+00
4.040209949019999969e-01,7.429685911778456386e-01
2.920779883859999648e-01,5.943943511453728679e-01
6.317924261089999938e-01,3.320793217806171094e-01
1.124665260310000026e+00,6.045713034938273722e-01
1.115690946580000009e+00,9.539603096194384513e-01
1.247418999670000028e+00,1.082557802366382438e+00
6.976169943809999996e-01,1.218667046251736830e+00
3.693974971769999893e+00,8.369976522005938557e-01
8.204839825630000361e-01,3.036905714120103017e+00
8.573070168499999921e-01,1.714566734432199535e+00
6.902359724040000311e-01,1.796769273371618736e+00
8.385969996449998964e-01,7.207848117099002749e-01
1.287726998329999928e+00,1.686100172191203672e+00
9.632229804989999034e-01,8.472578216856414546e-01
1.343299984930000024e+00,8.776088309098724061e-01
7.316169738770000874e-01,1.008703381606032456e+00
6.809219717980000697e-01,7.694248807957950742e-01
7.014784216880000089e-01,9.258007355273883965e-01
6.698030233380000142e-01,5.751239366221401195e-01
1.365643024439999964e+00,7.793431403653934275e-01
9.781420230869999344e-01,1.098837417738729449e+00
6.786789894100000442e-01,1.040623930093925731e+00
5.976330041890000055e-01,9.292161844501413137e-01
8.193774819369999962e-01,6.190977420380063823e-01
7.911109924320000042e-01,9.248047919851536403e-01
1.044147372249999872e+00,8.493374375704643153e-01
1.400015950200000026e+00,9.853182909543067858e-01
8.748620152470000244e-01,1.273538735543749967e+00
6.228179931639999944e-01,1.065672282370004442e+00
7.164059877399998610e-01,7.954370018910466023e-01
6.523500084880000660e-01,6.771205454131247192e-01
9.379299879070001067e-01,7.490874860826962633e-01
5.936999917030000296e-01,8.559642324978561367e-01
5.393440127369999448e-01,5.868537850974783199e-01
9.370089769359999377e-01,6.155121337488378419e-01
8.087720274930000341e-01,8.061529387282608816e-01
5.654280185700000239e-01,8.955457686186523159e-01
6.020820140839999723e-01,6.576359315642683612e-01
1.146679997439999932e+00,5.426725421123701487e-01
9.824249744419999431e-01,1.049882157905598135e+00
5.671510100359999917e-01,1.032227353600140063e+00
7.866399884220000027e-01,7.249299153668248286e-01
7.388439774510000557e-01,7.181341830303572538e-01
6.810299754140000106e-01,7.933334722221471180e-01
7.086979746820000203e-01,7.656818045240059156e-01
6.642330288889999323e-01,6.212563605474251682e-01
5.124790072439999733e-01,6.819721081000543750e-01
6.040380001070000393e-01,5.902865878392633547e-01
6.728799939159999521e-01,6.001998216066931624e-01
8.265414834020000656e-01,6.436616017708719495e-01
4.546860158440000355e-01,8.189244000424170666e-01
5.594509840010000179e-01,5.212527461958920139e-01
1.332218050960000122e-01,5.824013955456361913e-01
1.633069962260000063e-01,1.656680770570871652e-01
1.797860413789999778e-01,2.234072923306762992e-01
5.747918486599999932e-01,4.410905008876153666e-02
8.508148789409999413e-01,4.688128266615056439e-01
8.527640104289999634e-01,6.550233252343748980e-01
1.687628030779999788e+00,8.014286751953957344e-01
2.149522066120000297e+00,1.366058064132660954e+00
8.122850060459999577e-01,1.978775853222251024e+00
1.239639997479999867e+00,1.326393083436587350e+00
2.128437280650000041e+00,1.363757049905420793e+00
2.139239072800000141e+00,1.921840813321260555e+00
9.779880046840000452e-01,2.447732540634332210e+00
6.937779784199998856e-01,1.347270530783689413e+00
7.218790054320000094e-01,9.191259017856796554e-01
7.631160020829999002e-01,9.413812972538493362e-01
8.565329909319999713e-01,9.602769945043964084e-01
1.109338045120000116e+00,7.477966991936196850e-01
6.476340293879999654e-01,8.951971679639552093e-01
9.241870045659998922e-01,7.160357506371359815e-01
7.877320051189998784e-01,9.395589580394145823e-01
1.305567026139999864e+00,8.091464338743954432e-01
9.107710123059999940e-01,1.301834998477240157e+00
8.699640035629999657e-01,9.595729733381261894e-01
5.743020176890000217e-01,1.033148972287147638e+00
8.599532246590000373e-01,5.856453228635559727e-01
4.775849878790000003e-01,9.233948447524342740e-01
1.108017444610000179e+00,5.518281989819270317e-01
1.290724992749999966e+00,9.865559123668968811e-01
8.591579794879999898e-01,1.212024397311807222e+00
3.058980107309999807e-01,1.135142057997877707e+00
9.039019942279999942e-01,4.554675460162102008e-01
6.352750062940000220e-01,8.603322194381665122e-01
1.023422956470000145e+00,6.588755961960144347e-01
6.730669736859999919e-01,9.611913973616676987e-01
8.504790067669999454e-01,5.869019580926044810e-01
5.141969919200000128e-01,9.262769707268853070e-01
1.527956604959999964e+00,5.400358909489657577e-01
4.094385623930000051e+00,1.363387085461831516e+00
9.952359795569999390e-01,3.390581736380826605e+00
8.670449852940000923e-01,2.109424058761110832e+00
1.141056060789999993e+00,1.718804149291053518e+00
1.622257947919999888e+00,1.378721642645413414e+00
1.980204939840000566e+00,2.231109523660162797e+00
1.375547051430000112e+00,1.588608176095798186e+00
1.851865053180000054e+00,1.228435197870461293e+00
1.420923948290000016e+00,1.554393159009729741e+00
1.589177966120000285e+00,1.533456960016277737e+00
1.673199415210000041e+00,1.876599668200461535e+00
2.123934030530000072e+00,1.638176328842730456e+00
1.648401975629999905e+00,2.304395239959384334e+00
1.204741954800000014e+00,1.891634857617517484e+00
7.920839786529999538e-01,1.629721939502656092e+00
1.227027416229999890e+00,1.133568874379472735e+00
1.226951003070000157e+00,1.217105230775085367e+00
1.131343960759999989e+00,1.198419160973959174e+00
1.252465009690000075e+00,1.121148051861343031e+00
1.116891980170000132e+00,1.064295744193906268e+00
1.122387051579999850e+00,1.226444312073827758e+00
1.040153026579999862e+00,1.202594459052411580e+00
8.091310262680000420e-01,1.089132718883808693e+00
7.681059837340000751e-01,9.995166065307902192e-01
7.982919812199998910e-01,8.548808801656269107e-01
7.666722536090000428e-01,8.265537405977746443e-01
1.057360053060000027e+00,8.365073511571240461e-01
8.607699871060000563e-01,9.793492656903183269e-01
1.070777058600000053e+00,8.760195960019261374e-01
5.301510095600000527e-01,1.061887375826106039e+00
6.604189872739999467e-01,6.318250964711057405e-01
9.909179806709998983e-01,7.732842066605956077e-01
3.561530113220000016e-01,8.637878270529963931e-01
9.618239998820000691e-01,6.276416691472648246e-01
1.244829058649999931e+00,8.539821253818704605e-01
8.381230235100001202e-01,1.019377577978703764e+00
9.245989918709998090e-01,1.090040606755326102e+00
8.131660223010001021e-01,8.573257046084035160e-01
1.003061056139999963e+00,8.243662206894957212e-01
8.752340078350000496e-01,1.113451153380061287e+00
7.991399765009998823e-01,8.648887328794210294e-01
8.812961578369999938e-01,8.594641887941275593e-01
1.063080191609999892e+00,8.387317786040590084e-01
9.057049751279999672e-01,1.030215844628081356e+00
6.909559965129999926e-01,9.751937537410102497e-01
1.355970025060000195e+00,7.874312687208115946e-01
7.572399973869999856e-01,1.207397441514381331e+00
2.043754577640000125e+00,9.615658115458384225e-01
8.576130270960000690e-01,1.798927052053347131e+00
2.364957094190000220e+00,1.096047442887003065e+00
4.179231166840000178e+00,2.297876165765058598e+00
2.233561992649999883e+00,3.254281990420766491e+00
8.013390302660000630e-01,2.963915527944700035e+00
8.372840285299999463e-01,1.395960587923276375e+00
8.851529955859999133e-01,1.000310132214406567e+00
9.040349721909999303e-01,1.419195276613377299e+00
1.302939534190000082e+00,1.163178651128212060e+00
7.228699922560000157e-01,1.021726312579556817e+00
8.009120225910000279e-01,7.522793165821484163e-01
1.032919287679999965e+00,9.576733635042011805e-01
1.321628212929999879e+00,9.325331993113623597e-01
9.367759823799999275e-01,1.384713375462967688e+00
7.007700204850000336e-01,1.025348407688043251e+00
7.624319791789999634e-01,8.403510460900688317e-01
1.144938945770000105e+00,8.048708919175855403e-01
7.721610069269999599e-01,1.116599333546680395e+00
8.772150278090000697e-01,8.964550418446211033e-01
1.243505001070000171e+00,8.565978707665768965e-01
6.381840109830000385e-01,1.037096679372177865e+00
7.468199729919999807e-01,1.001157193108910715e+00
6.839929819109999976e-01,8.719103570401159908e-01
1.419505119320000119e+00,6.910406492439725712e-01
6.141470074649999500e-01,1.378322646695200326e+00
7.347676754000000976e-01,7.470437771629299117e-01
6.770560145379999062e-01,8.406280504973260292e-01
1.074026942249999950e+00,5.534994037684149992e-01
6.156389713290000287e-01,1.187764219275388111e+00
9.692379832269999440e-01,6.441656148540638727e-01
9.916120171550001361e-01,8.866129487264038378e-01
8.089560270310000023e-01,8.414909289372241030e-01
2.435143947599999859e+00,9.650912891877050370e-01
8.223479986189999869e-01,2.061004911641221682e+00
5.938220024110000272e-01,1.310580336658323519e+00
5.762249827380000466e-01,1.144809647377636797e+00
4.224239885809999429e-01,5.715764409455412753e-01
6.765879988670000511e-01,7.476827135403635305e-01
5.520349740979999531e-01,5.175823996253970938e-01
9.015229940410001142e-01,3.943063308183256677e-01
7.489960193629999763e-01,6.854738679519151168e-01
8.627583980560000754e-01,7.408617194402494777e-01
9.480749964710000199e-01,9.159258327419252943e-01
1.055613875389999956e+00,9.169868690024326474e-01
1.970020055770000278e+00,1.100990319023590347e+00
9.391199946399999554e-01,1.785100108355125226e+00
1.009042978289999892e+00,1.277426497800103533e+00
7.824029922490001177e-01,1.268219826199298739e+00
1.016265034679999957e+00,7.676737112542819652e-01
8.782749772069999850e-01,1.214056375893834749e+00
7.353619933130000064e-01,8.030088885185734382e-01
1.109990954399999952e+00,7.464008336101333185e-01
7.727199792860000027e-01,9.645653722034386313e-01
1.164981961250000086e+00,8.798200737716302955e-01
7.157210111620000426e-01,1.121505649789495074e+00
1.475479006770000101e+00,7.820721414333098309e-01
8.354520201680000202e-01,1.442916247371315297e+00
7.344660162930000125e-01,9.390398765329477371e-01
7.861927747729999805e-01,1.050264189639236401e+00
1.143465042110000107e+00,6.434274376840936061e-01
9.246990084650000830e-01,1.234343898757497282e+00
2.958764553069999970e+00,9.390397179302644171e-01
2.138324022289999959e+00,2.350032541071559233e+00
2.038712024690000124e+00,2.323173422185131010e+00
1.480209946629999829e+00,2.456723741944681905e+00
9.367650747299998137e-01,1.644418919443964677e+00
1.715939760209999942e+00,1.662824722781346853e+00
1.001402020450000041e+00,1.637423242937808832e+00
8.896229863169999863e-01,1.265948433384508132e+00
7.492939829829999843e-01,1.068135059985527269e+00
1.115183949470000213e+00,6.424995226642855606e-01
9.457820057870001129e-01,1.201340416637790565e+00
6.452180147170000213e-01,9.698190785510378831e-01
1.164842009540000056e+00,7.861777735691816149e-01
1.244351029399999975e+00,9.962724995119907057e-01
9.045109748840000075e-01,1.246929495498475093e+00
5.575259923929999362e-01,1.059687643253395928e+00
5.778343677520000332e-01,6.120535475198445319e-01
7.199835777280000348e-01,6.874464762818548458e-01
7.607790231700000128e-01,8.325874254664455965e-01
5.404400229450000426e-01,8.391565987080361610e-01
8.009672760959999360e-01,6.050192303726052989e-01
7.710149884220000027e-01,7.467809784764326553e-01
6.709719896319999988e-01,7.801053765682761654e-01
2.768970489500000021e+00,7.625699779862455951e-01
3.086133003230000060e+00,2.204115443511947880e+00
1.116358041760000086e+00,3.018902043507810440e+00
1.018260955809999979e+00,2.030755634084683958e+00
7.442610263819999794e-01,1.451135432344000886e+00
1.114386796949999869e+00,1.276984295164705907e+00
1.380516409870000238e+00,1.509785306213494271e+00
1.229098439219999950e+00,1.198411019128323041e+00
1.573238968849999919e+00,1.193132930336933351e+00
1.245597958560000107e+00,1.410742145284780369e+00
8.298619985580000247e-01,1.407115110137154845e+00
5.376980304720000436e-01,1.200980061204722782e+00
8.593800067899999284e-01,6.613340796226502283e-01
7.949647903440000274e-01,8.559722867715979788e-01
8.122889995569999577e-01,7.720586526591797227e-01
1.209460973739999945e+00,7.959346892605915214e-01
1.043611049649999956e+00,9.731048458916792265e-01
9.914460182190000248e-01,1.083613341902863958e+00
1.377645969390000058e+00,1.077276664148284935e+00
7.495359778399999229e-01,1.202068250535241134e+00
7.549669742579999676e-01,9.949018117797464589e-01
8.522210121150000095e-01,9.059249064937906493e-01
1.312628030780000010e+00,7.813318733256791049e-01
9.499999880790001017e-01,1.343392072798468728e+00
8.433979749680000637e-01,1.024544546237897480e+00
6.329939961430000039e-01,9.359802760591379167e-01
6.848490238189999246e-01,6.762133808368867571e-01
8.296039700509999504e-01,8.455969720924062516e-01
1.117776036259999994e+00,7.843105805583179269e-01
1.060515046120000138e+00,1.110797023008614381e+00
9.966710209849999336e-01,1.118703311294527492e+00
6.726049780850000825e-01,1.068223133746543541e+00
8.499810099600000335e-01,7.639689796038816594e-01
7.929700016980000266e-01,9.004429381158159940e-01
7.509549856190000927e-01,7.692450936117932736e-01
9.556260704989999466e-01,7.934174840007972573e-01
6.085839867589999397e-01,8.671003531931482655e-01
7.782499790189999489e-01,7.007093212515859149e-01
5.098140239720000411e-01,7.974891954600603627e-01
6.364319920540000286e-01,5.387752623386500295e-01
6.015599966049999248e-01,7.442387451420133804e-01
6.556333899499999784e-01,5.533669740113169588e-01
6.385549902920000243e-01,7.016498120488635637e-01
8.762890100480000832e-01,6.249503887781707734e-01
7.967479825020000739e-01,8.366370727593143153e-01
6.824830174449999509e-01,8.170180969533271664e-01
8.025500178340000401e-01,7.713098824639103013e-01
7.950311899190000142e-01,7.471533753541415024e-01
1.584897041320000088e+00,8.167464897367302523e-01
1.017485976220000143e+00,1.435623199046282439e+00
9.177780151369999695e-01,1.120403952404831482e+00
1.230221033100000083e+00,1.117150090920262739e+00
1.027899026870000121e+00,1.146720200965265946e+00
9.125559926030000213e-01,1.253060220028263450e+00
7.935979962350000472e-01,1.025746618384950404e+00
1.030437946320000187e+00,8.447993881078124101e-01
5.325379967690000438e-01,1.048445777502781118e+00
6.127780079839999505e-01,6.885980873875477970e-01
8.741289973260000234e-01,6.929413880789450086e-01
3.667230010029999820e-01,7.196572450773264240e-01
7.391750216480000857e-01,5.729781393403901024e-01
5.604230165479999748e-01,6.645775843304480013e-01
7.758178114889999755e-01,4.947599366235659324e-01
8.102909922600001202e-01,8.453789651795549087e-01
6.437510252000000488e-01,7.298347959944403440e-01
7.236457467079999706e-01,7.580330849102427937e-01
9.113870263100001257e-01,7.279554772050851330e-01
6.627830266949999993e-01,9.386173849663863589e-01
1.002035975460000117e+00,8.171609604158400764e-01
8.224419951440000709e-01,1.006735125696671673e+00
1.030576944350000135e+00,9.450104651592168281e-01
6.781139969830000114e-01,1.122312353419895770e+00
5.333459973340000104e-01,7.503010251343903425e-01
3.209959864620000047e-01,6.365281849513128032e-01
7.608630061149999069e-01,2.937894811422815389e-01
7.439860105509998878e-01,6.768639538946494838e-01
5.468400120740000148e-01,6.228329560161089962e-01
7.004669904709999173e-01,6.259278844338233005e-01
8.356525897980000561e-01,5.884140822480063981e-01
1.274258971210000091e+00,7.891796616264654674e-01
8.934450149539999719e-01,1.270259273759706042e+00
6.211659908290000365e-01,1.031893913881596125e+00
7.900159955019999680e-01,8.527095533009433348e-01
1.067494988440000014e+00,8.117635980972343068e-01
6.698009967800000464e-01,1.118238073206299976e+00
1.265694975850000015e+00,8.026164974876744962e-01
6.380620002750000408e-01,1.110422106126581987e+00
9.348030090330000652e-01,7.465464339865214294e-01
8.006410002709999363e-01,1.051132816685523164e+00
1.085708975790000030e+00,6.600068957466221908e-01
3.527039885520000251e-01,1.194211591539159789e+00
5.883709788319999578e-01,4.625469227649539605e-01
4.875420033929999120e-01,6.803645371685694831e-01
4.636880159380000199e-01,4.087900109362523349e-01
3.637039959430000136e-01,6.032172596946118182e-01
8.750243186949999696e-01,2.768438034344503640e-01
6.435279846190000708e-01,6.918891025637603498e-01
4.834130108360000233e-01,6.957022838320674474e-01
2.120890021319999930e-01,5.870943865338472678e-01
4.560469985010000560e-01,2.175295159217186525e-01
4.367910027499999903e-01,5.060565920934071427e-01
7.238804101939999569e-01,3.679953501645815694e-01
5.560690164570000205e-01,6.441843073242881079e-01
4.748429954049999679e-01,5.222830058013970822e-01
2.674640119080000100e-01,5.316454645940370538e-01
9.588437080380001198e-01,2.501179936942173332e-01
7.868980169300000549e-01,8.482568194396017391e-01
1.794360995290000149e+00,7.499705721664755576e-01
1.337677955630000026e+00,1.542588906589539066e+00
1.210453987120000185e+00,1.311106929696435053e+00
5.654799938200000264e-01,1.451440887964179804e+00
4.008429944520000565e-01,6.779817652033170994e-01
2.727654874320000200e-01,6.953604398805048881e-01
5.836449861529999783e-01,3.071827887296514903e-01
8.533802628519999711e-01,6.049642813575508704e-01
8.660610318179999823e-01,6.555627104580475928e-01
1.158349990839999899e+00,8.139064366515593729e-01
7.764859795569999390e-01,1.050681468433420696e+00
1.068807005880000105e+00,8.433448798674926250e-01
5.888479948040000744e-01,1.077071305434195159e+00
1.588868498799999918e+00,7.077197407319980593e-01
4.327859878540000205e-01,1.552670504029951326e+00
3.996030092239999942e-01,7.264636778996178545e-01
5.545349717140000134e-01,8.518737936532947419e-01
6.221979856490000849e-01,4.598510027089297014e-01
1.149551987649999996e+00,7.839951302543869405e-01
1.121260046960000034e+00,9.102216550889026259e-01
9.776459932329999436e-01,9.006092669155543184e-01
1.732741951940000025e+00,9.125757539328031021e-01
2.302707910540000125e+00,1.499189327172856467e+00
1.053477048870000043e+00,2.075535725056469438e+00
7.962800264360000435e-01,1.516714270436034129e+00
5.203329920770000117e-01,1.083411822535846669e+00
6.104800105090000262e-01,6.969156268142554511e-01
4.453057944770000276e-01,9.339432537785914423e-01
6.522138714790000069e-01,4.427477537627830806e-01
1.175541162490000069e+00,5.762089915001157303e-01
1.032202124599999937e+00,9.481106717513991811e-01
7.193930149079998948e-01,1.110964763109809628e+00
8.200139999390000378e-01,9.146297843595955213e-01
9.497330188750000568e-01,8.666080774252994390e-01
1.039114952089999822e+00,1.048503510116729487e+00
5.883830189700000046e-01,1.100323939158406539e+00
9.508559703829998488e-01,6.826387053196044663e-01
5.277600288389999728e-01,8.821108837513206291e-01
7.736063003540000205e-01,5.756423862282782355e-01
9.703559875489998765e-01,8.224515543204137247e-01
1.383889913560000018e+00,8.228272791377123641e-01
7.795230150220000542e-01,1.324458667955417779e+00
6.069999933240000090e-01,9.748990701946166348e-01
4.660570025440000097e-01,8.634521053470288754e-01
9.455270171170000459e-01,5.597182000289442350e-01
6.238729953770000280e-01,1.013001711666975613e+00
3.923240005969999555e-01,6.014151464878787490e-01
5.156549811360000568e-01,4.377300226235999459e-01
9.679385423660000765e-01,3.246522954262579530e-01
1.356565952299999989e+00,8.373959341657025712e-01
9.072690010070000310e-01,1.263935621279294486e+00
8.162760138510000152e-01,9.785860580708052314e-01
2.479866981509999846e+00,8.746974562311733425e-01
1.133080005649999888e+00,2.074446453649309241e+00
1.045583963389999926e+00,1.614052394375518062e+00
8.474370241169999485e-01,1.457431460729502248e+00
1.536522984499999911e+00,8.282615141794418268e-01
9.008989930149998715e-01,1.806137670432752085e+00
4.812009930610000596e-01,1.027057615228245790e+00
8.572540283199999722e-01,7.189857937061977511e-01
8.617479801180000232e-01,6.412280190052076501e-01
1.008694052699999899e+00,9.753705282134503829e-01
1.127727031710000105e+00,1.000924672375846480e+00
7.795569896699999779e-01,9.299118614810117922e-01
9.895502924920001053e-01,8.891858667690824003e-01
8.363329768179998958e-01,9.615536112742461006e-01
9.099559783939998869e-01,8.874951933107925184e-01
5.511059761050000061e-01,1.026418893518580289e+00
1.239764332770000088e+00,6.096788868833525887e-01
1.211838960649999963e+00,1.145212379438338424e+00
1.379981994630000042e+00,1.148423818392741991e+00
1.148460984229999982e+00,1.423519880793217895e+00
7.663900256160000035e-01,1.180169108513380527e+00
9.660840034479999394e-01,1.084146432716011965e+00
8.156750202179999798e-01,9.999390773260108389e-01
1.142272949220000111e+00,9.256690489531345101e-01
1.299479961400000105e+00,1.131900217995309932e+00
8.583310246469999516e-01,1.140742624050942622e+00
7.149469852449999996e-01,1.025172179994295885e+00
8.764400482179999230e-01,8.237082706679942357e-01
8.305460214609999836e-01,8.478058215764150418e-01
8.535240292550000385e-01,9.532474780914217405e-01
9.092410206789999227e-01,8.688960851814442332e-01
5.202720165249999917e-01,8.349930908861989964e-01
7.411040067669999454e-01,6.687942050660562465e-01
5.853319764140000325e-01,7.538012022828621816e-01
5.047770142559999673e-01,5.994690856507046695e-01
5.519493222240000607e-01,6.289921836169105607e-01
9.697520136830000137e-01,4.887685735400030818e-01
1.116515994070000017e+00,8.762448203111030676e-01
1.049844980239999837e+00,1.026096495577950574e+00
6.342629790310000404e-01,1.055365089446913540e+00
5.644329786300000817e-01,7.502433702856520226e-01
9.184709787370000100e-01,6.711250493724341126e-01
9.593539834020000656e-01,8.486339706564705043e-01
5.984159708020000412e-01,1.005756081629841425e+00
9.383450150489999197e-01,7.011724964685498440e-01
4.542250037189999867e-01,8.277419231863742954e-01
7.079470157619999204e-01,5.945740843466319481e-01
3.876500129699999575e-01,7.883172388878179060e-01
4.484339952470000057e-01,3.292521918773216871e-01
8.405709862710000202e-01,5.558280891471458762e-01
5.337110161779999862e-01,6.365401693607023459e-01
7.211350202559999589e-01,6.018627613471100313e-01
5.215386152269999576e-01,6.931019878648364552e-01
7.050759792330000275e-01,4.685169849237295625e-01
6.405649781229999506e-01,7.828062141926718231e-01
5.168589949609999623e-01,5.772676573003043821e-01
1.660409450529999997e+00,6.098780458211860989e-01
2.465307950970000217e+00,1.322270851947815018e+00
1.622156023979999917e+00,2.106771134836331605e+00
1.866270065310000170e+00,1.876742758771560826e+00
3.623536109919999415e+00,1.823405139459936430e+00
7.948709726329999947e-01,3.124299768161459046e+00
9.065989851950000400e-01,1.974556603946529654e+00
8.571879863740000660e-01,1.574975062499984313e+00
7.756379842759999477e-01,9.551919562079881354e-01
7.006700038909999817e-01,1.594745843188135614e+00
6.443409919740000769e-01,5.539255568272404284e-01
7.579550147059999077e-01,4.890528276799476770e-01
5.499600172040000068e-01,5.051097111993766431e-01
4.964669942859999408e-01,5.116403379822168640e-01
1.367677569390000070e+00,5.325484431107430083e-01
1.397894024850000250e+00,1.078651199264122562e+00
8.148130178450000427e-01,1.532785387630577256e+00
1.278898954390000009e+00,1.214891042293640089e+00
8.623980283740000363e-01,1.360489191136841969e+00
1.093865990639999897e+00,1.175523109484842843e+00
8.134710192680000285e-01,1.151557271932216686e+00
1.466687083240000078e+00,7.057747738825869144e-01
9.060310125349999577e-01,1.276762287042086719e+00
7.652140259739999006e-01,9.977160889760130491e-01
1.311033964160000176e+00,1.094956538819603198e+00
7.892500162119999718e-01,1.161326510871524720e+00
1.474902033810000068e+00,1.101637685908351871e+00
9.167850017550001063e-01,1.351944305834624993e+00
1.186140060420000086e+00,9.234989332870482404e-01
1.411391973500000008e+00,1.341587692089666994e+00
2.092472076419999993e+00,1.192555546421238288e+00
7.189220190049999681e-01,2.035888733005887019e+00
1.301861047739999888e+00,1.031781419633771346e+00
1.268974781040000055e+00,1.370203358354741274e+00
1.221997022629999874e+00,1.177643395660727066e+00
9.061110019680000960e-01,1.662688180290050166e+00
1.078873991970000112e+00,9.538177853499094638e-01
1.028025031089999874e+00,1.142551637471265202e+00
7.863690257070000689e-01,1.088548666563585510e+00
1.276852965350000035e+00,9.511863876601660550e-01
7.093420028689999546e-01,1.098017799095439617e+00
5.201929807659999572e-01,8.245768542804123857e-01
5.645610094070000473e-01,7.231134950543948170e-01
9.855200052259999177e-01,4.771817464166025480e-01
1.092841982840000004e+00,9.705657322509706475e-01
4.786899983879999709e-01,1.050619065124764662e+00
3.955059945579999514e-01,6.662451913465414766e-01
1.850703001020000071e+00,4.881542023082368065e-01
1.195796012879999815e+00,1.544463482646604380e+00
1.702510833739999896e+00,1.423959065510174149e+00
2.998351097109999586e+00,1.696799921313818071e+00
2.407080888749999925e+00,2.393967607162440725e+00
2.585943937299999718e+00,2.698846095190484018e+00
2.233839035029999920e+00,2.610098804193766941e+00
1.655773043629999997e+00,2.354541109520337017e+00
1.430611014370000156e+00,2.332441735304043640e+00
8.921740055079999676e-01,1.788875150296159955e+00
1.231696963309999893e+00,1.283149993630454455e+00
8.955079913140001624e-01,1.361432320803109164e+00
1.602033019070000064e+00,9.577466267863953275e-01
1.585399031639999956e+00,1.508155636589554982e+00
1.232059955600000034e+00,1.485927249806771266e+00
1.210371017459999976e+00,1.515842015018748157e+00
1.242141008379999967e+00,1.219367776836332240e+00
9.857040047650000858e-01,1.346543826426344515e+00
7.289689779279999726e-01,1.202153266997711745e+00
6.761519908910000876e-01,8.635951854181543874e-01
1.071573019029999907e+00,7.772831761551067808e-01
9.457439780239998983e-01,1.063227919464641902e+00
4.376370012759999706e-01,1.008883823693843551e+00
5.141820311550000522e-01,6.538389794255076160e-01
3.387190103530000052e-01,5.518734866976885423e-01
7.144280076029999593e-01,3.987982902718236189e-01
4.996199905870000180e-01,7.302140316698230160e-01
7.917379736899999854e-01,4.728388742014692503e-01
8.646243214609999894e-01,7.344340664181353562e-01
6.024960279459999901e-01,7.171194138164139753e-01
1.260069966320000123e+00,7.396633370365721660e-01
1.012339949610000067e+00,1.054106633643091318e+00
1.004528999329999950e+00,1.026939336800156921e+00
6.310235261919999727e-01,1.152783830102665386e+00
1.141221046449999887e+00,6.540351157738798493e-01
5.426099896430000014e-01,1.219841222310037887e+00
8.547459840769999762e-01,7.017586806153084389e-01
7.744219899179999311e-01,9.830153378017395527e-01
3.084340095520000102e-01,6.961077005312064081e-01
8.376209735870000506e-01,5.840886073797837419e-01
7.293469905850000767e-01,6.769630457798382350e-01
7.503905892370000830e-01,6.666181650406043380e-01
1.134822010990000019e+00,8.488898352089431221e-01
1.614240050320000064e+00,9.620026991826444718e-01
1.244793057440000128e+00,1.491952744656591223e+00
7.141630053519999466e-01,1.405640737802501761e+00
7.293040156360000026e-01,1.002473164631964231e+00
6.486989855770000091e-01,7.762800708470911637e-01
3.427990078929999962e-01,8.491952422584286841e-01
3.861860036850000011e-01,5.196679849591148148e-01
6.366299986840000535e-01,3.377467631748758414e-01
3.990480005740000280e-01,5.459156132572534625e-01
4.178859889509999870e-01,4.441384967393965377e-01
1.103790521619999909e+00,3.826396402176699962e-01
6.956189870829999622e-01,8.195125198458118598e-01
8.070139884950000564e-01,8.119681966834693121e-01
5.947690010070000310e-01,8.357559462180781384e-01
1.107607960700000005e+00,5.322528566291500063e-01
9.713580012320000012e-01,1.163502511174046461e+00
7.170349955560000321e-01,9.356987208330915795e-01
6.764810085300000386e-01,8.806557988720515873e-01
1.687772989270000190e+00,6.382174518852981038e-01
9.907569885250000485e-01,1.478881920256049476e+00
8.082039952280000161e-01,1.162033877073189947e+00
1.087718963619999979e+00,1.006188367847217657e+00
1.564818024639999861e+00,9.404888833000872861e-01
6.673809885979999912e-01,1.626466125912457539e+00
1.256489992140000123e+00,9.508430386713058180e-01
1.091886043549999963e+00,1.218558894301049245e+00
7.375509738919999725e-01,1.099056825617267474e+00
6.224380135540000802e-01,1.122588251852853602e+00
8.364729881290000613e-01,5.590143721236934260e-01
5.774260163309999916e-01,8.606576554733349482e-01
1.015761017800000054e+00,6.560435974240375057e-01
1.106158971790000001e+00,9.421064489151790289e-01
6.945540308949998964e-01,1.019801403128425488e+00
1.130903959270000092e+00,8.763580235342295355e-01
9.518219828609999489e-01,1.050068945314792002e+00
7.524570226669999862e-01,1.003699681019020629e+00
5.585229992869999993e-01,9.772440544895026893e-01
1.415836334229999771e+00,5.688790349666313917e-01
1.855298042299999839e+00,1.245283175038372825e+00
7.845479845999999702e-01,1.837861249779407125e+00
8.210539817810000862e-01,1.273524690308295071e+00
5.835890173909999978e-01,1.093049158190886105e+00
8.359720110889999889e-01,8.461106957261337325e-01
2.184663057329999880e+00,9.820645245466766982e-01
6.805480122570000123e-01,1.648870683822077909e+00
1.238904953000000031e+00,9.647778216965575693e-01
1.030328035349999949e+00,1.281550391436151015e+00
7.914109826090000022e-01,1.011614131081989054e+00
8.423720002169999832e-01,1.417751547586361349e+00
4.464710056780000769e-01,8.078596091978909044e-01
5.589337944979999584e-01,5.364722517564369797e-01
7.099329829220000221e-01,5.233110412268674461e-01
7.334340214730000751e-01,5.318884491871647135e-01
7.833399772640000647e-01,6.383547451684966623e-01
8.426809906959999985e-01,7.402920501302290290e-01
1.099761009220000085e+00,8.383827667276761986e-01
8.706315755840000614e-01,1.005172558451574716e+00
5.862460136410000411e-01,9.183273856677052205e-01
8.863990306849999223e-01,7.128264423471075695e-01
1.019399046900000050e+00,8.019586833918973534e-01
8.493610024450000129e-01,1.061965214362467380e+00
1.010666966439999870e+00,1.019001288156831997e+00
1.331516027449999973e+00,9.834693619286298816e-01
1.215008974079999859e+00,1.236319692122581637e+00
1.645591020579999952e+00,1.275415518348961497e+00
9.708780050280000351e-01,1.532816570979256943e+00
1.411272048950000135e+00,1.148027174930431604e+00
7.953929901119999313e-01,1.493810920081470206e+00
1.046331048010000098e+00,9.935151671382795868e-01
8.879339694979999642e-01,1.319208486273943493e+00
8.349300026890000836e-01,8.532515619014073849e-01
9.847199916839999290e-01,1.043763351157282138e+00
1.090394020079999970e+00,9.006890591630319909e-01
4.901649951929999416e-01,1.050272895627599956e+00
6.141669750209999279e-01,6.835597372311078557e-01
6.314740180969999894e-01,6.884393381471836104e-01
8.252440094949999860e-01,6.163307861564417678e-01
1.051450967789999913e+00,9.141654812273884989e-01
1.047114968300000060e+00,9.331761208993549772e-01
3.921430110930000379e-01,1.031522083822433933e+00
4.695149958129999912e-01,5.869328860200520026e-01
7.720900177959999500e-01,5.573661158373268698e-01
7.520099878309999264e-01,6.983615813969679120e-01
6.877393722529999698e-01,8.489286423863086073e-01
6.718119978899999012e-01,6.369160967877015578e-01
1.185933232310000029e+00,6.406652556889820271e-01
6.571980118750000432e-01,1.054798394093300784e+00
8.213180303569999063e-01,7.735210389350642979e-01
7.795739769939998842e-01,8.974667863422758352e-01
1.030122995379999962e+00,6.871152632128786353e-01
6.211889982220000217e-01,1.116404898608315266e+00
8.660820126530001106e-01,6.854932231216324112e-01
9.608931541439998947e-01,8.728742447506789848e-01
6.760399937630000577e-01,8.718378916171769522e-01
7.402380108830000083e-01,8.717369022610466089e-01
5.984709858890000511e-01,7.221632947405528524e-01
6.151059865950000427e-01,6.285259708053730909e-01
9.358735680580000382e-01,7.091582474700750538e-01
5.818247795100000008e-01,8.201984415938367023e-01
7.156659960750000327e-01,6.568097368510403822e-01
6.529520154000000298e-01,7.518891874902094985e-01
9.700022935870000751e-01,6.287664578924258008e-01
7.834500074390000623e-01,9.707859923071106012e-01
7.448130249979999506e-01,8.118781890970910853e-01
8.276180028919999376e-01,8.401741488363690946e-01
8.943400979040000420e-01,7.625157964346767070e-01
2.505017042159999985e+00,9.075435931052859839e-01
1.620712041850000062e+00,2.218948484833689783e+00
1.417585968970000110e+00,1.811933982773369145e+00
1.049872040749999957e+00,1.817221294929536768e+00
1.226507544519999993e+00,1.159375367469411167e+00
1.043179035189999881e+00,1.412843159694884054e+00
9.694439768789999690e-01,1.085820533176071745e+00
8.192250132559999454e-01,9.865688606745387501e-01
8.129550218580000598e-01,8.030213231066732904e-01
6.712080240250000163e-01,9.562858072185949077e-01
5.289899706839999993e-01,7.636500497048430702e-01
3.461930155749999849e-01,6.141874307527259713e-01
4.789490103719999947e-01,3.942311668328795649e-01
1.153810977940000093e+00,4.651283394913334757e-01
9.671270251270001062e-01,9.210202954456234714e-01
7.845839858059999727e-01,9.652960741110048204e-01
4.701859951020000428e-01,8.622699850799946386e-01
5.632782578470000301e-01,4.936903616175436493e-01
2.416239976880000528e-01,6.553773243291601824e-01
2.709859907630000064e-01,3.413819667978809091e-01
1.994680017229999991e-01,3.202615869310479479e-01
1.327169984580000017e-01,1.184068979890566947e-01
4.732620120049999546e-01,1.430581673831790579e-01
6.585559844969999244e-01,3.065187561844380792e-01
9.621880054470001165e-01,5.499268289817580424e-01
5.111979842189999790e-01,8.220191459753004581e-01
9.829789996150001263e-01,5.643440936279008335e-01
9.100099802019999684e-01,9.217050152463854840e-01
1.026576042179999870e+00,8.616743592882399883e-01
8.309389948840000262e-01,1.134955141041712912e+00
9.651920199390001676e-01,8.209503713631703947e-01
1.000543951989999902e+00,1.023975426015362178e+00
1.983185052870000131e+00,9.310927246637704657e-01
1.274855017659999978e+00,1.707083639367328098e+00
1.286525964740000028e+00,1.444031904770918473e+00
1.382244944570000245e+00,1.503348368101932619e+00
1.736924052240000016e+00,1.337726088104391753e+00
1.257668018339999971e+00,2.028115543375869745e+00
7.533379793170000838e-01,1.457460244501688873e+00
1.084908962249999886e+00,1.055100056400092079e+00
1.062494039539999990e+00,1.079091839367744443e+00
7.787629961969999570e-01,1.154946266029313939e+00
8.256469964979999965e-01,9.355345420954251923e-01
9.891830086709999525e-01,7.202736230877088142e-01
1.418092012410000047e+00,9.495710213384136456e-01
1.151677966120000063e+00,1.335099308238763216e+00
1.250364065170000094e+00,1.187297501362657215e+00
8.794019818310000458e-01,1.271820598335776653e+00
1.089423060420000144e+00,9.851021945269508029e-01
1.809062957759999701e+00,1.210450489688881470e+00
8.687390089040000207e-01,1.624311309834456596e+00
8.521729707719999380e-01,1.218752144723819208e+00
1.307837963100000112e+00,1.037701504384867635e+00
1.262575984000000151e+00,1.117490317220835916e+00
7.601559758189999627e-01,1.476223458285077950e+00
1.069887042049999959e+00,9.198602900851036157e-01
8.579840064049999437e-01,9.534302111094385968e-01
1.149323940279999956e+00,1.023861320077664949e+00
1.067142963410000034e+00,1.239251800901440825e+00
7.400619983670000401e-01,1.000377488989257824e+00
6.799880266190000411e-01,9.500487587626157415e-01
7.323921322820000634e-01,6.813394531577157132e-01
8.352749943730000126e-01,7.196876738049549083e-01
6.000829935070000065e-01,8.724837730091650201e-01
1.010563969610000168e+00,6.470395654911939021e-01
7.613970041280000434e-01,9.115055649776629965e-01
7.260069847110000030e-01,8.179132782094616916e-01
1.064324021340000037e+00,8.509763691774547834e-01
5.901079773899998715e-01,9.218638823979318220e-01
7.744659781460000447e-01,7.889529725177526487e-01
7.406870126719998781e-01,8.292131533805290333e-01
8.908360004430001533e-01,6.707376616733081720e-01
7.620100975040000613e-01,9.678904974311626219e-01
7.774500250820000069e-01,7.315357457803671748e-01
5.811070203779999943e-01,8.319353172698124022e-01
7.908779978749999051e-01,6.349398636927856554e-01
8.903719782829999652e-01,7.875049107424297867e-01
7.882059812549999656e-01,8.552941800101605541e-01
7.301949858670000459e-01,8.168653517740436243e-01
9.248933196070000529e-01,6.987305050006423768e-01
1.265586972239999941e+00,8.691161520258182671e-01
7.884140014650000694e-01,1.214920476320029641e+00
9.180610179899999501e-01,9.429728714667527933e-01
6.569269895549999516e-01,9.497682129680492524e-01
8.252680301670000107e-01,7.325809303229815495e-01
4.257229864599999525e-01,9.444871922928957941e-01
9.114630222319999309e-01,4.954795253042684755e-01
7.238519787790000937e-01,8.940183687068858909e-01
9.657319784160000031e-01,6.840660229081595434e-01
7.194200158119999911e-01,1.025633300319146013e+00
7.146480083470000411e-01,6.963768319842386090e-01
6.188799738879999790e-01,8.401844221053726969e-01
8.502969741820000094e-01,5.992814688439097592e-01
6.113014817240000065e-01,8.527590263770495893e-01
8.405809998509999881e-01,6.019041563998491773e-01
5.909900069240000553e-01,8.126939057969602143e-01
1.191807866100000002e+00,6.082997888279575438e-01
1.072478055950000009e+00,1.114095360905798859e+00
7.976800203319999172e-01,1.104140846672812870e+00
7.140370011329999489e-01,1.021494890490118879e+00
8.885610103609999921e-01,7.370651632599619640e-01
7.367290258409999737e-01,9.280588887121131725e-01
9.655410051350000744e-01,7.876372428102087486e-01
8.569459915160000385e-01,8.856692949123659009e-01
5.838339924809999859e-01,8.053907439795177092e-01
3.047562122340000457e+00,7.419976175649850569e-01
8.865389823909999301e-01,2.600694443826170321e+00
1.186460971829999878e+00,1.792868231283855751e+00
8.750730156899999557e-01,2.086163962635542379e+00
1.111973047260000014e+00,1.192240146474297990e+00
6.929270029070000447e-01,1.628438340929259986e+00
5.632749795910000357e-01,5.467995902390416774e-01
5.519689917560000048e-01,3.879545048428291176e-01
9.211350083349998386e-01,1.358388765391680963e-01
5.465030074119999748e-01,8.457011139838473968e-01
9.997850060459999577e-01,5.820960866262540057e-01
7.512239813800000166e-01,8.564572530552464480e-01
8.402569890019999654e-01,7.081493936652345500e-01
7.843149900439999600e-01,9.638837694358445285e-01
5.915480256080000165e-01,7.369943360705193403e-01
6.109840273859999948e-01,7.554001063710217290e-01
9.328789710999999540e-01,5.847361709838397870e-01
7.992020249369999885e-01,8.352906849576945403e-01
9.833549857140000405e-01,8.445362610315403362e-01
5.405290126799999761e-01,9.425773841646096773e-01
1.093670010570000128e+00,5.990974919725109427e-01
9.266330003740002041e-01,1.075718019972538242e+00
7.972419857979999858e-01,8.973087238302721591e-01
5.896059870719999596e-01,9.568819631012994709e-01
7.799540162090000672e-01,5.694191573391443884e-01
5.182790160179999717e-01,8.137298431033272994e-01
7.263879776000000676e-01,5.844414479659619799e-01
6.216366887090000182e-01,7.239388578308245670e-01
8.810679912569999717e-01,5.755403935466947285e-01
7.315016984940000411e-01,8.975920925844482756e-01
9.703850150110000516e-01,7.191956010171827174e-01
8.715350031849999901e-01,9.674546619407318193e-01
5.505740046500000595e-01,8.584700264701954353e-01
2.576299905780000121e-01,7.273682264422072219e-01
6.952109932899999123e-01,3.257707211774052425e-01
3.547430038449999601e-01,6.530125884763056110e-01
1.308350920679999918e+00,4.707444098149140554e-01
1.424710035319999957e+00,1.116639032498608852e+00
2.422243118290000385e+00,1.213764773722834089e+00
1.588093161580000023e+00,2.169939140377486364e+00
2.882889986040000352e+00,1.640095254503828093e+00
1.510810017590000109e+00,2.784622743427149771e+00
5.103110075000000245e-01,1.868824733690276796e+00
6.637499928469999810e-01,1.502380767761008817e+00
5.865659713749999948e-01,7.009790177004241452e-01
9.182999730109998593e-01,8.994824019854468222e-01
1.126363039020000123e+00,9.087320655909968403e-01
9.455379843710000065e-01,8.292059884891190835e-01
7.979699969290000583e-01,9.099809394563579401e-01
8.895260095600000527e-01,8.654643632287145616e-01
5.017459988589999531e-01,9.187398637985566552e-01
7.889080047609999813e-01,7.258045567963765654e-01
5.571460127830000220e-01,8.344243342449607637e-01
8.079270124439998924e-01,5.373071945870155908e-01
7.382910251620000697e-01,8.371824408240841064e-01
6.742079854009999096e-01,6.353073267906742538e-01
8.787713646889999675e-01,7.255746127570277260e-01
7.401880025859999268e-01,7.835481402949089347e-01
8.886500000949999478e-01,8.032314334482911766e-01
7.983270287510000340e-01,8.878986643982196281e-01
5.137799978260000344e-01,7.910219285396928868e-01
7.760372757910000141e-01,6.875239019544617802e-01
8.528280258179999906e-01,7.201191582510236833e-01
7.851629853249999513e-01,8.836508007305774459e-01
8.431609868999999646e-01,8.781023613719982635e-01
1.024798870089999925e+00,7.970626950609174255e-01
8.044279813770001120e-01,9.913712176220602634e-01
8.841310143469999216e-01,8.816120238141796905e-01
3.615649938579999501e-01,9.018468862623401083e-01
1.171491026879999842e+00,4.623907453722015393e-01
4.477910101410000343e-01,1.091758559340603618e+00
7.665730118750000432e-01,5.552741107076879512e-01
7.735599875449999940e-01,8.723254409449303637e-01
1.054823040959999902e+00,5.859744958530639369e-01
7.843300104139999673e-01,1.158816348462361701e+00
1.034250974660000155e+00,7.542278357462935956e-01
1.096979022029999973e+00,9.944249979034814890e-01
7.633029818529999400e-01,1.026337464080016471e+00
5.883730053899999257e-01,9.509359194867392784e-01
6.365630030629999547e-01,6.508643894755620218e-01
5.750700235369999858e-01,6.591244308563757315e-01
5.399640202519999654e-01,6.630596159343383755e-01
1.324671149250000068e+00,5.543122561630958733e-01
8.178460001949999780e-01,1.066407813389281589e+00
6.359609961509999909e-01,9.346974873023372599e-01
8.135920166969999867e-01,8.467379980492614200e-01
9.872140288350000903e-01,7.101022269388308494e-01
9.839289784429998686e-01,1.078805034773104632e+00
5.904790163040000150e-01,9.819741759367274225e-01
8.986790180209999201e-01,6.443271121185822903e-01
6.268000006680000125e-01,8.248377224753989934e-01
6.926850080490000172e-01,6.880309986044097492e-01
5.757049918169999669e-01,7.991348206543508192e-01
6.764680147170000213e-01,5.258116317266671169e-01
8.279470205309999997e-01,7.108806532633734632e-01
6.547859907149999881e-01,7.664319167564355162e-01
1.085815548900000094e+00,7.072573855449187930e-01
8.509550094600001335e-01,9.596291954449275297e-01
8.879359960559999321e-01,8.802373450350805539e-01
6.557850241659999302e-01,9.645156638320737663e-01
6.597809791559999804e-01,6.741795130471472941e-01
8.856279850010000398e-01,7.857739649457116116e-01
7.502999901769999980e-01,8.202323804085283054e-01
9.303160309790000637e-01,8.212704661072098844e-01
7.259460091590000941e-01,8.786107165423704402e-01
7.123904824259998936e-01,7.555246722344781674e-01
9.326570034029998402e-01,8.042951020362437697e-01
6.544970273969999974e-01,8.672326098707484610e-01
4.987269937989999846e-01,8.281625518050390600e-01
9.782410264020000579e-01,6.116581171850299370e-01
5.593240261080000275e-01,8.259118941762322308e-01
8.733990192409999409e-01,6.966754781418244002e-01
6.232500076290000690e-01,8.431444391944544758e-01
6.319249868390000024e-01,5.435923776193279933e-01
8.335350155830000274e-01,7.546002038558641267e-01
8.613430261610000027e-01,7.181221962283769189e-01
1.036013007159999999e+00,8.853728727067814441e-01
6.160370111469999355e-01,1.009595637276782920e+00
9.874529838560001105e-01,7.385196288396858044e-01
6.686739921569999634e-01,9.869280556466126786e-01
6.455339789389999972e-01,7.052000976469560145e-01
1.007030010220000049e+00,8.043374677442678422e-01
7.763000130650000719e-01,8.173385128785394249e-01
9.358490109440000815e-01,8.845692511036622463e-01
6.626719832419999401e-01,9.393834262743238073e-01
1.113351941109999910e+00,6.532647829334167211e-01
5.495319962500000432e-01,1.086236011858188855e+00
9.273632764820001206e-01,6.167547495565933735e-01
8.215330243109999486e-01,9.331507035434707387e-01
9.193540215490000334e-01,8.104502851558151866e-01
6.899859905239998925e-01,1.098653880522401982e+00
6.497738957409999738e-01,7.031644819865658924e-01
9.705049991610000815e-01,7.437140555309585954e-01
8.034440279009998909e-01,8.724235383918370612e-01
8.920990228650002019e-01,8.257569248942033813e-01
7.462270259859999921e-01,8.591706948761231866e-01
1.495407462120000197e+00,7.612919293935747067e-01
7.597569823270000633e-01,1.371162189163953160e+00
9.677280187610000084e-01,1.056120433046898066e+00
1.126011013979999920e+00,1.238991580402292181e+00
7.641419768330000029e-01,1.101772544816031374e+00
1.423818945879999909e+00,1.189864111237379563e+00
8.309190273280000483e-01,1.235315715788574131e+00
5.316870212550000030e-01,9.130963695021439008e-01
6.942920088770000442e-01,8.125784902131361065e-01
1.097100019450000019e+00,5.733068955959909063e-01
8.623710274700000511e-01,1.059730816823288624e+00
9.711959958080000899e-01,8.825630161164925713e-01
7.501904964450000213e-01,8.838295206451393105e-01
5.659890174870000346e-01,7.072801851430029485e-01
7.235890030859999378e-01,7.176681002086248151e-01
1.088876962660000114e+00,6.791913930144335421e-01
2.614549994470000138e-01,9.734286854335260086e-01
1.923168003559999895e-01,4.629322515344558298e-01
2.048390060660000012e-01,2.962724862503215428e-01
3.752999901769999980e-01,1.264457543095622860e-01
1.878910064700000104e-01,4.632735996782036403e-01
4.178839921949999980e-01,1.505039351778579004e-01
6.128349900249999704e-01,3.191495193387919316e-01
4.822100102900000462e-01,4.365811015082725621e-01
8.136649727820000066e-01,5.234632453220862125e-01
8.997989892959999958e-01,6.759009694170020621e-01
7.667459845540000041e-01,7.792712786106626988e-01
6.762999892229999421e-01,8.519993237947333098e-01
9.804093837739999984e-01,6.906178926661564743e-01
1.075533032420000090e+00,9.119813978442410374e-01
6.459739804270000496e-01,1.133954406261346248e+00
7.601699829100000416e-01,8.241912827858471902e-01
8.707180023190000950e-01,7.658634119921229333e-01
1.045557022089999899e+00,8.678382520677685452e-01
4.832339882850000268e-01,1.068454491410641971e+00
1.085988998409999962e+00,5.964926163390826819e-01
7.320979833600000930e-01,9.755770997628575580e-01
7.128990292550000385e-01,7.580734322332665087e-01
1.045389056210000112e+00,8.988165235139558007e-01
7.359200119969999676e-01,8.027076331407462240e-01
8.956930041310000590e-01,8.876167084559489773e-01
8.745509982110000191e-01,8.875689377872261199e-01
9.237470030779999508e-01,8.000117016007556314e-01
9.997780323029999971e-01,1.009516680124334931e+00
1.739534020420000049e+00,9.574231431354934818e-01
8.107889890670000321e-01,1.605383716273992567e+00
7.049050331119999235e-01,1.127933965720995690e+00
8.328269720080000438e-01,1.037767304046110617e+00
8.276600241660000412e-01,8.140113301054436867e-01
8.953109979629999549e-01,1.036464896323750606e+00
1.459501028060000039e+00,8.271368612997517245e-01
1.179519057270000060e+00,1.172545555716583365e+00
1.443411946299999915e+00,1.198552782269757255e+00
1.306735038760000078e+00,1.432690700495463876e+00
7.634999752040000365e-01,1.281744452243701371e+00
1.145148038860000161e+00,1.127880707861914189e+00
7.253450155259999477e-01,1.106935451049956720e+00
7.633590102199999672e-01,8.640779143423231723e-01
6.174820065499999622e-01,9.374572916935243194e-01
1.029322981830000039e+00,5.804375461362750732e-01
1.302055954929999926e+00,1.011475204193020616e+00
3.164124965670000122e+00,1.172659248089938711e+00
9.734439849849999549e-01,2.674745605355635103e+00
1.229671001429999855e+00,1.487860353631652366e+00
7.441530227660000385e-01,1.661711407092909321e+00
1.063034057620000139e+00,7.454835132236462547e-01
1.123872041700000102e+00,1.578876982551115749e+00
8.984770178789999173e-01,9.390551550599235409e-01
7.175139784810000698e-01,9.590804937002246344e-01
5.367509722709999931e-01,7.016116471065942939e-01
1.175443053249999981e+00,6.552201413069370650e-01
1.101048946379999949e+00,1.095017996436359775e+00
5.734490156170000130e-01,1.073337799290770223e+00
1.431144952770000200e+00,7.735038689383467725e-01
1.037794947620000130e+00,1.152066362602252036e+00
6.568620204930000206e-01,1.143251823983596260e+00
1.074908018110000141e+00,1.007539915230678540e+00
1.385972023009999887e+00,8.617989218870611978e-01
1.004804968829999812e+00,1.377938985668621497e+00
1.609539985660000116e+00,1.173527431488141648e+00
2.817575931549999524e+00,1.382649694155315911e+00
1.962562561039999931e+00,2.433021618250813756e+00
1.279752016069999998e+00,2.310669093447282663e+00
1.995329976079999845e+00,1.727909413180042764e+00
2.033385992049999924e+00,1.939113103997849530e+00
1.307443976400000096e+00,2.256403992553622118e+00
1.611258029939999892e+00,1.696018287212459175e+00
2.040218114850000042e+00,1.481193181377174595e+00
2.183244943620000100e+00,1.948905782678604481e+00
1.351415991779999937e+00,2.316722173351391856e+00
7.242180109020001089e-01,1.661668096363367431e+00
1.363389015200000109e+00,1.098995608693154491e+00
1.526808977129999967e+00,1.361937551044735129e+00
1.784019589419999940e+00,1.624502051617870091e+00
1.103597044940000105e+00,1.754277281064227312e+00
1.763007998470000004e+00,1.248412678230460093e+00
1.157549023629999896e+00,1.732961343385434283e+00
1.153326034550000045e+00,1.369943874909968828e+00
2.362811088559999551e+00,1.551522208063193187e+00
2.580787897110000007e+00,1.912788769549186085e+00
1.242146968839999976e+00,2.549800001611497446e+00
1.712821006770000265e+00,1.755339229130681078e+00
6.676509976389999323e-01,1.720723473418449334e+00
8.271329998970000652e-01,1.123159941141383289e+00
9.642647504810000214e-01,1.273061084082272032e+00
1.394161701200000048e+00,7.506263991281313386e-01
7.584049701689999923e-01,1.401103080378248267e+00
6.900759935379999765e-01,8.231703807518144789e-01
6.740249991419999809e-01,8.544215037023061843e-01
8.615220189090000424e-01,7.045501933139672879e-01
7.907469868659999790e-01,9.887792439185837390e-01
7.285000085830000138e-01,7.973772717211590200e-01
2.411980032920000017e-01,7.307226830647438609e-01
3.354600071909999981e-01,2.984242669437881523e-01
5.912460088730000507e-01,3.677050559201667235e-01
1.058426976200000036e+00,4.530925164248714165e-01
7.669919729230000316e-01,9.487736800705134366e-01
5.881239771840000019e-01,7.689609808286704817e-01
5.922303199769999305e-01,6.715912310950130637e-01
8.753510117530000079e-01,5.510453146282305870e-01
7.038279771799998974e-01,8.854922927136421595e-01
5.677499771120000371e-01,7.253305771753268960e-01
7.133870124819999825e-01,6.251883043966413034e-01
1.077505946160000061e+00,6.700135975699493818e-01
6.909419894220000247e-01,1.011217261177330240e+00
7.724580168719999973e-01,8.543284513331752539e-01
7.237120270730000859e-01,8.279560925438050889e-01
9.752489924429997847e-01,6.850948723195576795e-01
9.151769876480000399e-01,1.026815305134193723e+00
7.574009895319999686e-01,8.486374690015996425e-01
6.912069916730000374e-01,7.908723602080052206e-01
1.183527946470000147e+00,6.995280347214095640e-01
7.705749869349999281e-01,1.091640782563336298e+00
8.947700262070000798e-01,9.164567519959702091e-01
6.143350005150000070e-01,9.731261082803580598e-01
7.692319750789999855e-01,6.752208065879821142e-01
9.070749878880000061e-01,9.287412985899122786e-01
4.068099856379999713e-01,8.232803961396921721e-01
5.138880014419999753e-01,6.429163780998062849e-01
2.481469959019999838e-01,5.476571079237674278e-01
2.568759918210000159e-01,2.465275550848440300e-01
5.980659723279999618e-01,3.381441734524789355e-01
5.981699824330000137e-01,4.032110876200880045e-01
8.801140189170000294e-01,5.002363224352782689e-01
1.085649013520000095e+00,7.413223143754444910e-01
9.920129775999999566e-01,9.349602265026876191e-01
8.743849992749999078e-01,1.016382132263474514e+00
8.770260214810000621e-01,9.333173367522538122e-01
1.008928894999999937e+00,9.197118835380682089e-01
8.088759779930000393e-01,1.023796958015172232e+00
6.714209914210000907e-01,1.020735415223633646e+00
7.449629902840000373e-01,8.135524407783431000e-01
6.942679882050000195e-01,7.879964845616329594e-01
1.001886010170000008e+00,8.037977739925816767e-01
7.935580015180000446e-01,9.152589801951910298e-01
8.450049161910000439e-01,7.792644527950917110e-01
8.031240105629999793e-01,8.403539410071078075e-01
5.744469761850000689e-01,8.064849553426496342e-01
5.679720044139999757e-01,7.552065705329229495e-01
4.538080096239999195e-01,6.244762582563196940e-01
8.494881391529999215e-01,4.855814946461801673e-01
4.064599871639999473e-01,7.807916592570176562e-01
2.453519999980000310e-01,4.384253484511965171e-01
2.323218107220000217e+00,3.174185056541515282e-01
2.027115583420000089e+00,2.054901593402905569e+00
1.581117987629999888e+00,2.195186965028941728e+00
1.727049946780000012e+00,2.221501170979345297e+00
1.150642037389999928e+00,1.967312028578701355e+00
1.607933998109999818e+00,1.731158481243668890e+00
1.331233978270000007e+00,1.962800219379300160e+00
1.221642017359999999e+00,1.434585447235349420e+00
1.583541989330000010e+00,1.544422204366406870e+00
1.608662128450000006e+00,1.508849212537203499e+00
2.185653924939999992e+00,1.700149130916585705e+00
2.989559888840000124e+00,2.317633655366706513e+00
7.574499845500000106e-01,2.861965302187066573e+00
1.811344027520000122e+00,1.617952179061768581e+00
1.527951955800000094e+00,2.129874884022356696e+00
8.892235755919999374e-01,1.520383305437230437e+00
