7.274609804150000691e-01,9.248177409172058105e-01
7.892770171170000459e-01,7.147732973098754883e-01
6.237750053410000550e-01,7.922748327255249023e-01
6.914690136910000007e-01,6.572748422622680664e-01
8.557710051540000640e-01,7.366790175437927246e-01
7.093830108640000187e-01,8.514723181724548340e-01
1.014547944070000041e+00,7.348775863647460938e-01
1.115731000900000103e+00,9.792021512985229492e-01
4.182830154900000208e-01,1.006294250488281250e+00
1.002280950550000105e+00,4.921953380107879639e-01
1.218860983849999968e+00,1.007431626319885254e+00
1.143296003339999922e+00,1.061543345451354980e+00
6.528189778330000248e-01,1.001962900161743164e+00
6.746559739110000731e-01,6.624515056610107422e-01
6.009536385540000802e-01,7.435487508773803711e-01
6.694570183749999348e-01,6.718719005584716797e-01
6.538079977039999990e-01,7.424910068511962891e-01
7.814120054240000224e-01,7.194635868072509766e-01
1.206303954120000022e+00,8.130766749382019043e-01
8.469259738919999725e-01,1.105993151664733887e+00
8.286409974099999687e-01,7.872141599655151367e-01
6.482390165329999787e-01,8.256212472915649414e-01
5.623700022700000023e-01,6.727819442749023438e-01
7.183309793469999649e-01,6.389991641044616699e-01
1.099647998810000082e+00,7.597115039825439453e-01
9.541710019110000163e-01,1.019381523132324219e+00
7.290139794350000146e-01,8.733928203582763672e-01
6.694499850270000385e-01,7.471647858619689941e-01
8.631219863889999511e-01,7.248811125755310059e-01
6.464660167689999515e-01,8.623127937316894531e-01
8.223180174830000411e-01,6.796821355819702148e-01
9.235979914669999458e-01,8.426778912544250488e-01
8.300920128820000743e-01,8.849287629127502441e-01
1.067314028740000031e+00,8.152387142181396484e-01
1.546175003050000107e+00,1.000161051750183105e+00
6.827279925350000500e-01,1.304719567298889160e+00
6.385620236399999206e-01,6.258653402328491211e-01
6.464239954950000699e-01,7.284611463546752930e-01
6.881093978879999629e-01,7.153489589691162109e-01
7.273989915849999877e-01,7.522762417793273926e-01
6.500350236890000133e-01,7.797793745994567871e-01
8.693690299990000092e-01,7.199490666389465332e-01
4.408580064769999640e-01,8.851691484451293945e-01
4.518609941010000575e-01,5.384829044342041016e-01
7.575070261959999662e-01,6.057627797126770020e-01
4.952389895920000229e-01,7.974569797515869141e-01
6.850870251659999521e-01,5.708329081535339355e-01
7.243813276289999825e-01,7.565678358078002930e-01
8.653740286830000628e-01,7.453806996345520020e-01
7.400469779970000328e-01,8.494185805320739746e-01
8.070759773250000269e-01,7.332128286361694336e-01
8.204330205920000729e-01,8.023492097854614258e-01
1.114411950110000049e+00,7.925313115119934082e-01
1.108605027200000093e+00,1.009408235549926758e+00
4.751499891279999943e-01,9.683248400688171387e-01
1.039268016820000140e+00,5.221204161643981934e-01
9.457899928089998909e-01,1.019719719886779785e+00
7.877500057220000462e-01,8.607563972473144531e-01
3.504549860949999762e-01,7.856412529945373535e-01
9.367713332179998797e-01,4.842555522918701172e-01
9.868059754369999936e-01,9.671206474304199219e-01
6.470239758489999549e-01,9.153042435646057129e-01
1.029777050020000084e+00,6.853688359260559082e-01
1.187446951870000156e+00,9.996695518493652344e-01
9.328820109370000724e-01,1.046077370643615723e+00
7.528370022769999004e-01,8.646962046623229980e-01
6.420040130619999452e-01,7.692372798919677734e-01
2.307340055699999559e-01,7.053241133689880371e-01
4.714997112749998998e-01,4.160271286964416504e-01
8.772729635240000823e-01,6.491361260414123535e-01
7.876309752460000091e-01,8.949396610260009766e-01
2.742219865320000283e-01,7.865860462188720703e-01
3.992269933219999567e-01,4.362956285476684570e-01
9.923512339589999343e-01,5.858261585235595703e-01
7.627239823340000724e-01,9.734066724777221680e-01
7.200859785079999353e-01,7.296153903007507324e-01
6.264780163759999798e-01,7.481006383895874023e-01
7.269890308380000388e-01,6.717115044593811035e-01
9.301019906999998810e-01,7.630832791328430176e-01
6.872699856759999504e-01,8.936436176300048828e-01
8.662552833559999943e-01,6.878166198730468750e-01
8.352038264269999734e-01,8.538993597030639648e-01
9.402499794960000878e-01,8.020152449607849121e-01
1.023357987399999836e+00,8.978022336959838867e-01
7.322629690170000538e-01,9.379633665084838867e-01
9.300749897960000068e-01,7.203016877174377441e-01
8.702930212019999168e-01,9.054250121116638184e-01
5.104020237919999481e-01,8.329904079437255859e-01
1.025817990299999982e+00,5.945557355880737305e-01
4.551239907739999535e-01,1.010946512222290039e+00
7.345349788670000324e-01,5.185704231262207031e-01
7.012919783589999234e-01,8.164048790931701660e-01
1.014386057849999911e+00,7.292048335075378418e-01
1.123770236970000225e+00,9.722845554351806641e-01
4.825370013710000294e-01,9.977623224258422852e-01
4.689320027829999571e-01,5.270625352859497070e-01
8.755196928980000237e-01,6.034005284309387207e-01
1.145424962039999883e+00,8.789753913879394531e-01
1.943787455559999877e+00,1.030863642692565918e+00
1.557039022450000143e+00,1.576255202293395996e+00
2.104775905609999942e+00,1.203048229217529297e+00
1.062240004540000005e+00,1.669838190078735352e+00
7.867829799650000178e-01,8.429399132728576660e-01
2.247971057890000068e+00,7.981837391853332520e-01
5.664669871329999218e-01,1.845606565475463867e+00
8.389729857439999217e-01,5.010027885437011719e-01
3.188189864160000386e-01,9.826987981796264648e-01
6.386680006980000046e-01,5.346751213073730469e-01
7.540266513819999794e-01,8.479087352752685547e-01
1.085826039310000102e+00,8.482114076614379883e-01
6.014299988750000381e-01,1.073998689651489258e+00
6.923220157619999204e-01,6.540749073028564453e-01
8.782439827919999997e-01,7.849246859550476074e-01
1.279224038119999962e+00,8.800716400146484375e-01
7.251669764520000117e-01,1.124765396118164062e+00
4.283109903339999969e-01,6.731548309326171875e-01
7.012249827380000466e-01,5.437619686126708984e-01
8.846225738529999161e-01,7.675712704658508301e-01
7.809653878210001121e-01,8.629773259162902832e-01
9.259700179099999984e-01,7.764490246772766113e-01
9.178640246389999646e-01,8.986999988555908203e-01
9.073020219800000952e-01,8.740175962448120117e-01
4.099450111390000040e-01,8.741276264190673828e-01
8.741459846500000408e-01,5.073269605636596680e-01
1.231343984599999830e+00,9.032066464424133301e-01
7.683960199359999299e-01,1.082579255104064941e+00
9.357339143749998644e-01,7.238216400146484375e-01
7.523270249369999885e-01,9.129444956779479980e-01
6.247839927670000293e-01,7.374857664108276367e-01
1.977947235110000035e+00,6.809434890747070312e-01
2.476479291920000048e+00,1.665923357009887695e+00
6.822599768639999729e-01,1.859047174453735352e+00
1.294077992440000102e+00,5.716401338577270508e-01
2.116506099700000032e+00,1.271202564239501953e+00
2.030230045320000176e+00,1.737905740737915039e+00
1.727593064309999926e+00,1.618914842605590820e+00
1.321619033810000010e+00,1.452401280403137207e+00
1.114274978639999913e+00,1.208358287811279297e+00
1.618482947350000201e+00,1.106089591979980469e+00
1.102354049679999948e+00,1.480046629905700684e+00
8.501269817350000091e-01,1.027361035346984863e+00
6.531813144679999850e-01,9.001277089118957520e-01
6.168276071549999573e-01,7.778124213218688965e-01
1.023204803470000090e+00,7.687441706657409668e-01
1.176781058310000017e+00,1.038360714912414551e+00
1.108754038809999898e+00,1.081921577453613281e+00
9.838110208509999177e-01,1.015064477920532227e+00
1.829927563670000312e+00,9.292926192283630371e-01
1.342131018639999951e+00,1.540915131568908691e+00
1.265669584270000092e+00,1.074038863182067871e+00
7.930377125740000199e-01,1.118102550506591797e+00
1.030689358710000114e+00,7.816235423088073730e-01
8.210232257839999992e-01,1.025714516639709473e+00
1.099169254300000009e+00,8.426724076271057129e-01
5.255355238910000004e-01,1.080995798110961914e+00
7.758393883709999717e-01,6.218747496604919434e-01
7.209759950640000081e-01,8.831933140754699707e-01
8.666771054269999386e-01,7.833204865455627441e-01
8.462041020389999835e-01,8.865118026733398438e-01
7.614132165909999195e-01,8.346069455146789551e-01
6.587246060370000045e-01,7.722607254981994629e-01
1.078659296040000104e+00,7.061791419982910156e-01
1.281940340999999872e+00,1.016211509704589844e+00
6.600005030629999547e-01,1.106244564056396484e+00
1.112500548360000119e+00,6.484216451644897461e-01
6.280704736709999958e-01,1.074771523475646973e+00
6.864575743680000341e-01,6.512613892555236816e-01
9.000409841540001343e-01,7.774437069892883301e-01
7.342569231990000445e-01,9.029335975646972656e-01
1.011121273039999879e+00,7.614037394523620605e-01
8.827599883079999543e-01,9.873684048652648926e-01
7.521411776540001259e-01,8.488983511924743652e-01
9.489411115649999395e-01,7.714649438858032227e-01
6.799052953720000625e-01,9.131201505661010742e-01
7.211565971369999772e-01,6.923702359199523926e-01
6.504104733470000843e-01,7.618033289909362793e-01
7.167106270790000178e-01,7.025368809700012207e-01
9.056316018100001308e-01,7.707940936088562012e-01
6.526464819910000603e-01,8.948029279708862305e-01
7.056654095649999014e-01,6.886221170425415039e-01
6.581057906149999637e-01,7.600687146186828613e-01
6.592794060709999959e-01,7.046146988868713379e-01
6.634064316750000190e-01,7.150437831878662109e-01
7.808002829549999246e-01,7.104241251945495605e-01
7.565907239910000248e-01,7.954638004302978516e-01
9.280405640599999062e-01,7.598299980163574219e-01
7.073829770089999913e-01,8.916910290718078613e-01
3.888399899009999383e-01,7.072216868400573730e-01
3.422417938710000107e-01,5.102416276931762695e-01
2.337300032380000003e-01,5.131609439849853516e-01
1.459127068520000015e-01,4.306681752204895020e-01
3.949534893039999828e-01,3.821291923522949219e-01
9.678409695629999199e-01,5.740150809288024902e-01
7.839220166210000285e-01,9.542780518531799316e-01
8.333759903910000766e-01,7.435436844825744629e-01
9.723259806630000224e-01,8.156797885894775391e-01
6.905210018160000685e-01,8.873769640922546387e-01
1.345324039460000121e+00,6.627334356307983398e-01
7.227010130879999439e-01,1.188954114913940430e+00
6.804850101469999135e-01,6.512749195098876953e-01
7.610610127449999318e-01,7.450357079505920410e-01
8.075709938999999782e-01,7.940051555633544922e-01
5.886639952659999953e-01,8.305066823959350586e-01
9.960750937460000065e-01,6.655778288841247559e-01
1.045413970949999882e+00,9.887169599533081055e-01
4.713059961800000752e-01,9.596193432807922363e-01
1.047140955920000005e+00,5.477238297462463379e-01
1.126214265820000060e+00,1.038021683692932129e+00
2.560461759570000329e+00,9.877485036849975586e-01
7.747610211370000721e-01,2.052444219589233398e+00
7.172060012819999608e-01,6.164936423301696777e-01
8.005080223080000001e-01,8.806007504463195801e-01
5.680390000339999856e-01,9.118147492408752441e-01
1.195780038829999947e+00,7.560810446739196777e-01
7.970449924470000003e-01,1.232287168502807617e+00
4.899359941480000979e-01,8.501063585281372070e-01
9.918130040170001216e-01,6.954631209373474121e-01
7.445690035819999553e-01,1.056580543518066406e+00
6.096370220180000743e-01,7.783851027488708496e-01
8.565919995309999591e-01,6.903186440467834473e-01
8.144299983980000102e-01,8.675016760826110840e-01
7.605929970739999657e-01,7.997058629989624023e-01
9.157519936559999074e-01,7.737963795661926270e-01
7.421634793279999753e-01,8.908791542053222656e-01
7.329360246660000522e-01,7.340771555900573730e-01
8.745691180230000805e-01,7.576565146446228027e-01
9.644910097120000803e-01,8.590489029884338379e-01
1.477671980859999845e+00,9.042999148368835449e-01
6.752679944040000937e-01,1.281496644020080566e+00
5.030400156970000758e-01,6.548630595207214355e-01
7.066659927370000371e-01,6.648142337799072266e-01
2.968195915220000369e+00,8.105399608612060547e-01
1.255300998690000114e+00,2.409962177276611328e+00
4.084815025330000182e+00,9.003486633300781250e-01
1.692322969440000158e+00,3.183838844299316406e+00
4.121052026750000041e-01,1.089557766914367676e+00
1.035750985149999970e+00,5.756683945655822754e-01
6.408920288089999806e-01,1.103311657905578613e+00
7.065470218660000468e-01,7.387505173683166504e-01
1.060830354689999977e+00,8.728852868080139160e-01
1.880954027180000265e+00,1.114604711532592773e+00
1.886373996729999947e+00,1.664678454399108887e+00
1.328773975370000082e+00,1.532546997070312500e+00
3.931840062139999592e-01,1.144822239875793457e+00
6.382430195809999374e-01,4.785540401935577393e-01
1.045531988140000035e+00,7.527117729187011719e-01
6.588029861449999913e-01,1.004472494125366211e+00
8.046740293499999863e-01,6.990397572517395020e-01
8.740410208700001293e-01,8.750110268592834473e-01
8.532550334930000258e-01,8.933401107788085938e-01
8.952109813690000140e-01,8.710533976554870605e-01
7.301589846610000434e-01,8.841761350631713867e-01
4.149410128589999802e-01,7.399411797523498535e-01
2.700940072540000125e-01,5.258862972259521484e-01
4.911319911479999356e-01,4.612361788749694824e-01
5.079169869420000483e-01,6.362825632095336914e-01
1.224020004270000017e+00,6.130350828170776367e-01
1.267657995220000222e+00,1.147288680076599121e+00
2.633487939829999736e+00,1.078612804412841797e+00
3.999615430830000040e+00,2.080924272537231445e+00
6.651418209080000032e+00,2.863894701004028320e+00
2.102678060530000170e+00,4.591237545013427734e+00
1.283689975739999989e+00,1.307233452796936035e+00
1.291347503659999951e+00,1.442079305648803711e+00
1.353754043579999733e+00,1.596465706825256348e+00
2.390191078189999985e+00,1.752644658088684082e+00
1.461441040039999972e+00,2.464601278305053711e+00
1.599208951000000045e+00,1.696942925453186035e+00
1.471150994300000070e+00,1.842642307281494141e+00
1.298205018039999992e+00,1.596295952796936035e+00
1.579622030259999921e+00,1.362984180450439453e+00
1.360355019570000268e+00,1.424044489860534668e+00
8.036410212519999874e-01,1.202378153800964355e+00
4.276689887049999750e-01,8.481445312500000000e-01
2.694070041180000041e-01,6.490569710731506348e-01
3.897170126439999938e-01,5.722589492797851562e-01
4.179170131680000067e-01,6.441910266876220703e-01
1.546036005019999937e+00,6.359066963195800781e-01
1.017611026760000037e+00,1.438705444335937500e+00
8.653150200839999640e-01,8.879005908966064453e-01
6.194109916690000439e-01,8.676692843437194824e-01
8.454149961469999974e-01,6.631935238838195801e-01
8.048596382139999728e-01,8.477495908737182617e-01
1.435889005660000217e+00,7.789886593818664551e-01
2.565752029420000024e+00,1.256332993507385254e+00
6.206179142000000759e+00,1.984271287918090820e+00
9.309499859810000943e-01,4.433499813079833984e+00
9.077759981159999603e-01,3.814561963081359863e-01
4.609797894950000141e-01,1.114474654197692871e+00
5.264570117000000327e-01,7.224383950233459473e-01
7.942249774930000283e-01,8.866747617721557617e-01
9.704009890559999185e-01,1.064372181892395020e+00
6.695889830590000535e-01,1.157790541648864746e+00
6.997730135920000594e-01,9.075938463211059570e-01
6.903669834139999351e-01,9.252545833587646484e-01
6.361600160600000553e-01,8.385755419731140137e-01
9.726700186730000697e-01,6.961238384246826172e-01
6.393389701839999884e-01,9.374190568923950195e-01
5.123779773709999930e-01,6.448962092399597168e-01
5.699130296709999932e-01,6.184825897216796875e-01
8.318089842800000522e-01,6.681923866271972656e-01
4.694110155110000071e-01,8.505774736404418945e-01
9.054309725759999150e-01,5.503003001213073730e-01
8.482750058169999940e-01,9.265518784523010254e-01
6.566630005839999562e-01,8.100142478942871094e-01
6.324055790899999474e-01,6.939554214477539062e-01
3.268550038340000130e-01,6.922669410705566406e-01
3.047409951689999952e-01,4.618583917617797852e-01
2.159480005499999911e-01,4.895028769969940186e-01
2.148479968310000043e-01,4.187276065349578857e-01
1.512310057880000003e-01,4.336455166339874268e-01
4.153338372709999837e-01,3.803095519542694092e-01
7.344200015070000420e-01,5.849161148071289062e-01
9.913370013240000445e-01,7.725273966789245605e-01
7.910000085830000138e-01,9.180703163146972656e-01
7.429170012469999973e-01,7.354955673217773438e-01
7.426548600200000294e-01,7.279722690582275391e-01
8.799139857289999256e-01,7.254139780998229980e-01
7.376829981800000491e-01,8.303919434547424316e-01
1.240342974660000097e+00,7.167597413063049316e-01
8.343409895899999151e-01,1.115239620208740234e+00
3.054729998110000122e-01,7.599870562553405762e-01
8.929460048680001316e-01,4.565259814262390137e-01
1.285866022110000007e+00,9.371121525764465332e-01
4.146400094030000538e-01,1.127697348594665527e+00
1.090137004850000091e+00,4.728529453277587891e-01
5.923830270769999684e-01,1.092253684997558594e+00
3.773260116580000045e-01,6.130181550979614258e-01
2.693597316740000469e+00,5.485492348670959473e-01
2.288666009900000020e+00,2.222120523452758789e+00
8.955270051960001476e-01,1.629734158515930176e+00
8.070570230480000884e-01,7.808781862258911133e-01
1.194862961769999954e+00,9.019338488578796387e-01
8.929409980769997812e-01,1.171411514282226562e+00
9.776080250740000199e-01,9.141317605972290039e-01
1.832507014270000179e+00,1.036984562873840332e+00
1.403792977329999747e+00,1.619465112686157227e+00
7.223749756810000644e-01,1.213390946388244629e+00
6.599410176280000595e-01,8.032041788101196289e-01
7.407349944109999917e-01,7.785768508911132812e-01
5.553659796709999874e-01,7.970853447914123535e-01
1.236768960949999885e+00,6.562005877494812012e-01
6.214020252229999208e-01,1.180281639099121094e+00
7.108730077739999764e-01,6.394109725952148438e-01
3.064779937269999643e-01,8.085979819297790527e-01
6.473349928859999380e-01,4.723598361015319824e-01
5.458269715310000159e-01,7.641236782073974609e-01
1.024247765539999966e+00,6.190370917320251465e-01
8.176820278170000567e-01,9.953776001930236816e-01
7.440620064740001149e-01,7.774831056594848633e-01
7.367150187490000279e-01,7.722505927085876465e-01
5.768560171130000525e-01,7.683636546134948730e-01
9.152600169179998524e-01,6.407603621482849121e-01
1.137029051779999911e+00,9.105318188667297363e-01
4.960080087179999930e-01,1.019698977470397949e+00
4.941360056399998757e-01,5.407110452651977539e-01
8.834533095360000976e-01,6.256503462791442871e-01
1.271524906160000024e+00,8.844326734542846680e-01
8.864369988439999570e-01,1.110664367675781250e+00
8.988280296330001251e-01,7.939488887786865234e-01
9.049779772759999341e-01,8.696603775024414062e-01
8.299319744109999730e-01,8.618382811546325684e-01
8.756300210950000995e-01,8.139718770980834961e-01
5.502920150760000073e-01,8.570569753646850586e-01
1.073919415470000027e+00,6.100187897682189941e-01
8.491920232770000521e-01,1.040459275245666504e+00
6.393229961399998773e-01,8.044934868812561035e-01
7.995309829709998928e-01,7.016226053237915039e-01
9.646000266079999275e-01,8.241774439811706543e-01
8.413559794430000016e-01,9.178112745285034180e-01
7.011449933050000194e-01,8.141326904296875000e-01
7.240070104600000445e-01,7.334003448486328125e-01
1.010308027270000020e+00,7.614774107933044434e-01
6.538060307499999890e-01,9.604934453964233398e-01
7.932850122450000319e-01,6.683676242828369141e-01
6.538396477699999210e-01,8.207070231437683105e-01
1.160789966579999888e+00,6.836804151535034180e-01
8.085789680480000019e-01,1.079139709472656250e+00
3.743770122530000188e-01,7.486619353294372559e-01
2.556999921800000020e-01,4.964632093906402588e-01
4.893150031570000502e-01,4.510577023029327393e-01
1.151844024660000132e+00,6.291457414627075195e-01
7.372779846189999597e-01,1.081854224205017090e+00
1.088750958439999916e+00,6.954241394996643066e-01
1.975852966309999514e+00,1.025867700576782227e+00
8.547700047490001118e-01,1.596477150917053223e+00
7.977370023729999371e-01,6.908921599388122559e-01
1.052428960799999924e+00,8.268834352493286133e-01
3.179450988770000208e+00,9.840304255485534668e-01
1.797067999840000319e+00,2.493598937988281250e+00
1.056702017779999947e+00,1.269080758094787598e+00
8.751260042189999977e-01,9.916654825210571289e-01
6.645399928090000019e-01,9.059088230133056641e-01
7.571684122089999969e-01,7.747004628181457520e-01
1.368484020229999931e+00,8.639347553253173828e-01
9.052469730380000579e-01,1.271267414093017578e+00
1.032060980800000083e+00,8.796005845069885254e-01
6.141330003739999821e-01,1.055077433586120605e+00
9.733130335809998535e-01,7.174060344696044922e-01
6.452289819719999597e-01,9.913594126701354980e-01
4.894390106200000035e-01,6.730786561965942383e-01
8.408679962160000576e-01,6.149372458457946777e-01
7.771940231319999226e-01,8.754888772964477539e-01
6.755350232119999854e-01,7.802842855453491211e-01
6.592059731480000018e-01,7.251867055892944336e-01
1.084153056139999904e+00,7.092529535293579102e-01
9.314100146289999715e-01,1.013795971870422363e+00
1.359479665760000122e+00,8.405107259750366211e-01
7.633988261220000515e-01,1.187536120414733887e+00
5.357339978220000409e-01,6.894928216934204102e-01
6.781889796259998882e-01,6.267859935760498047e-01
7.839810252189999273e-01,7.444968819618225098e-01
1.169367671010000054e+00,8.016850948333740234e-01
1.015287995340000027e+00,1.072828292846679688e+00
9.259430170060000131e-01,9.211902618408203125e-01
1.319244027140000108e+00,8.955022096633911133e-01
9.717460274700000511e-01,1.180553793907165527e+00
1.176299691200000108e+00,8.773609995841979980e-01
1.714609026910000056e+00,1.073799371719360352e+00
1.307337045669999975e+00,1.423555135726928711e+00
6.186890006069999393e-01,1.083128333091735840e+00
2.298435926440000276e+00,6.651659607887268066e-01
1.808241009709999902e+00,1.952002882957458496e+00
8.794149756429999742e-01,1.389203429222106934e+00
1.570945024490000064e+00,8.580711483955383301e-01
1.578516006470000121e+00,1.442445397377014160e+00
6.200309991839999535e-01,1.338904023170471191e+00
9.928810000419999726e-01,6.888519525527954102e-01
4.551869928839999413e-01,1.066252350807189941e+00
1.017398953439999865e+00,5.912995338439941406e-01
8.378469943999999892e-01,1.071709990501403809e+00
4.884769916529999589e-01,8.522443175315856934e-01
1.246340990070000210e+00,6.188013553619384766e-01
1.209630966189999990e+00,1.185848116874694824e+00
1.252451062200000020e+00,1.048769831657409668e+00
1.519726991650000025e+00,1.096565127372741699e+00
1.063797950739999942e+00,1.259676456451416016e+00
1.571495056150000069e+00,9.013056755065917969e-01
1.278105020519999968e+00,1.335053086280822754e+00
1.192077994349999948e+00,1.059350013732910156e+00
8.304439187050000060e-01,1.062346816062927246e+00
1.402015686039999931e+00,8.097679018974304199e-01
1.156504034999999986e+00,1.279904246330261230e+00
1.162554860120000200e+00,1.029415130615234375e+00
6.007519960399999581e-01,1.091646194458007812e+00
1.253835797310000055e+00,6.770938634872436523e-01
1.791844010350000183e+00,1.210966825485229492e+00
1.734062552449999961e+00,1.498024821281433105e+00
4.939970970150000085e+00,1.405331969261169434e+00
2.394351005549999911e+00,3.695001363754272461e+00
2.212575912479999740e+00,1.573939919471740723e+00
1.886527061460000043e+00,1.891744256019592285e+00
9.343829751010001017e-01,1.668245792388916016e+00
9.099829792980000942e-01,1.077843666076660156e+00
8.112999796870000724e-01,1.150452136993408203e+00
1.049708962440000004e+00,1.070177316665649414e+00
1.351788043980000076e+00,1.233966350555419922e+00
1.277305960659999906e+00,1.379896044731140137e+00
7.854449748989998925e-01,1.263350486755371094e+00
4.846229851250000165e-01,8.364003300666809082e-01
6.676359772680000582e-01,6.479801535606384277e-01
8.322510123249999836e-01,7.821302413940429688e-01
5.959370136259999340e-01,8.584351539611816406e-01
3.410890102390000123e-01,6.730058789253234863e-01
6.860110163689999707e-01,5.195710062980651855e-01
8.153510093690000682e-01,7.933402061462402344e-01
3.985430002210000322e-01,8.272233009338378906e-01
6.998159885410000225e-01,5.063199996948242188e-01
4.263690114019999533e-01,7.733680009841918945e-01
6.866139769550000382e-01,5.166110396385192871e-01
1.826770007609999913e-01,7.640293240547180176e-01
7.018824815749999946e-01,3.450499475002288818e-01
1.796682000159999681e+00,8.025735020637512207e-01
7.204269766809999753e-01,1.520822286605834961e+00
4.680640101429999755e-01,6.376734375953674316e-01
6.408870220180000743e-01,6.474511027336120605e-01
7.520520091060001189e-01,7.751085162162780762e-01
1.001817584040000098e+00,8.349751830101013184e-01
1.660804033279999814e+00,9.988759160041809082e-01
1.450595021250000061e+00,1.440017580986022949e+00
1.085010051729999869e+00,1.195387840270996094e+00
1.099555015560000015e+00,9.739561080932617188e-01
7.694180011750000325e-01,1.009626269340515137e+00
1.254430413249999932e+00,7.428173422813415527e-01
1.496320962910000052e+00,1.143568873405456543e+00
7.186369895940000196e-01,1.260272026062011719e+00
8.902019858359999649e-01,7.100834250450134277e-01
9.891759753229999452e-01,9.501816034317016602e-01
2.849014520649999938e+00,9.755666255950927734e-01
4.281075000759999583e+00,2.291770219802856445e+00
1.248739004139999942e+00,3.073116064071655273e+00
7.096589803699999699e-01,8.320575356483459473e-01
7.497439980509998936e-01,8.599259257316589355e-01
8.907449841499999188e-01,8.933862447738647461e-01
1.469527959819999952e+00,9.970215559005737305e-01
1.608888030049999918e+00,1.390379309654235840e+00
1.043460965159999976e+00,1.464746475219726562e+00
1.184751033780000018e+00,1.092026829719543457e+00
5.063725113870000127e-01,1.273181796073913574e+00
6.946156024930000283e-01,7.113794684410095215e-01
9.299110174179998634e-01,8.599237799644470215e-01
7.754629850390000190e-01,9.686651825904846191e-01
8.564696311949999696e-01,8.351250290870666504e-01
9.269009828569999554e-01,9.122621417045593262e-01
7.506660223010001021e-01,9.356637001037597656e-01
9.248849749570000611e-01,7.818478941917419434e-01
1.070162653919999984e+00,9.176385998725891113e-01
8.752880096439998869e-01,9.899634718894958496e-01
7.511039972310000756e-01,8.383638858795166016e-01
8.627579808239999037e-01,7.907302975654602051e-01
5.096570253369999692e-01,8.858265280723571777e-01
8.495249748229999343e-01,6.121305227279663086e-01
6.711369752879999817e-01,9.076230525970458984e-01
6.132180094720000030e-01,7.170551419258117676e-01
3.810549974440000098e-01,7.121413946151733398e-01
8.710420131680000067e-01,5.403635501861572266e-01
6.540319919589999698e-01,9.222175478935241699e-01
9.089673757550000843e-01,6.815454363822937012e-01
9.709029793739999414e-01,9.095354080200195312e-01
9.856920242310001079e-01,9.063447713851928711e-01
1.356256246570000101e+00,9.184800386428833008e-01
1.309872984889999925e+00,1.188063859939575195e+00
6.344919800760000506e-01,1.108134865760803223e+00
5.933508276940000492e-01,6.481799483299255371e-01
8.796380162239999523e-01,7.153028249740600586e-01
1.131836414339999930e+00,9.169977307319641113e-01
1.841274023059999765e+00,1.065344810485839844e+00
2.261745929719999992e+00,1.553935527801513672e+00
2.597975969309999744e+00,1.763408064842224121e+00
2.399192094800000064e+00,1.957929611206054688e+00
1.982298016549999931e+00,1.777202010154724121e+00
2.269547939300000206e+00,1.513295650482177734e+00
2.017889976500000238e+00,1.765259027481079102e+00
1.452262043950000026e+00,1.589090943336486816e+00
1.342797994609999934e+00,1.293728470802307129e+00
1.311915040020000145e+00,1.322183012962341309e+00
1.276762008670000226e+00,1.331062555313110352e+00
1.275267004970000118e+00,1.305458188056945801e+00
1.210446000100000141e+00,1.286583542823791504e+00
8.153480291369999966e-01,1.205311894416809082e+00
7.271119952200000291e-01,9.031833410263061523e-01
6.043019890790000126e-01,8.644592165946960449e-01
9.830358624459999417e-01,7.450581789016723633e-01
1.101529002189999940e+00,1.011602997779846191e+00
1.183724999429999869e+00,1.039860725402832031e+00
4.356400072569999726e-01,1.091498136520385742e+00
3.270040154459999959e-01,5.333210825920104980e-01
8.039849996569999879e-01,5.417996644973754883e-01
4.216859936710000145e-01,8.683833479881286621e-01
5.734559893609999515e-01,5.226296186447143555e-01
3.959457874300000291e-01,6.986482143402099609e-01
4.163750112060000119e-01,5.286849737167358398e-01
5.603970289230000290e-01,5.763240456581115723e-01
7.749050259590000156e-01,6.631765961647033691e-01
6.370840072629999629e-01,7.946633696556091309e-01
3.839260041709999793e-01,6.590090394020080566e-01
5.648739933969999516e-01,5.002002716064453125e-01
1.054715037350000051e+00,6.644455790519714355e-01
6.537709832190000681e-01,9.856587648391723633e-01
5.931029915809999942e-01,6.364217996597290039e-01
1.022608995439999946e+00,6.628938317298889160e-01
8.359869718549999273e-01,9.690989851951599121e-01
6.375340223309999832e-01,7.795744538307189941e-01
9.755985140799999789e-01,6.758828759193420410e-01
4.898079931740000337e-01,9.365237951278686523e-01
1.098647952079999879e+00,5.368553996086120605e-01
1.151165962220000116e+00,1.063613176345825195e+00
8.061249852179999120e-01,1.003578543663024902e+00
4.744769930839999872e-01,7.669897079467773438e-01
7.896029949189999897e-01,5.697832107543945312e-01
4.762530028819999539e-01,8.344642519950866699e-01
5.455229878430000179e-01,5.559929013252258301e-01
6.212809681889999158e-01,6.637755036354064941e-01
7.707700133319999036e-01,6.985313892364501953e-01
9.337069988249999675e-01,7.994891405105590820e-01
8.110550045970000843e-01,9.029666185379028320e-01
6.005529761310000048e-01,7.926748394966125488e-01
1.002521038060000036e+00,6.542108058929443359e-01
8.921650052069998171e-01,9.668666720390319824e-01
9.160850048070000584e-01,8.304660320281982422e-01
7.413420081139999729e-01,8.765834569931030273e-01
9.283249974250000758e-01,7.416071891784667969e-01
6.429409980770000033e-01,9.043862819671630859e-01
9.950090050700001187e-01,6.710867285728454590e-01
6.271365880970000140e-01,9.732741713523864746e-01
1.038689017300000073e+00,6.477211117744445801e-01
6.888009905820000611e-01,1.011302828788757324e+00
5.214130282399999095e-01,6.914576292037963867e-01
6.510270237919999481e-01,6.296566128730773926e-01
1.159701943399999990e+00,7.310511469841003418e-01
6.456400156020000169e-01,1.080013036727905273e+00
1.195862650870000099e+00,6.455192565917968750e-01
1.304703950880000018e+00,1.127127647399902344e+00
8.844429850579998975e-01,1.114560604095458984e+00
7.697709798810000725e-01,8.212217092514038086e-01
7.702100276950000213e-01,8.010412454605102539e-01
6.418280005459999771e-01,8.049658536911010742e-01
8.937159776689999058e-01,7.132990360260009766e-01
5.247250199319999364e-01,9.192321896553039551e-01
5.142210125920000374e-01,6.180466413497924805e-01
7.172748446459999982e-01,6.612786054611206055e-01
6.410769820210000525e-01,7.932505011558532715e-01
4.689820110800000941e-01,7.090891599655151367e-01
1.203750014310000171e+00,5.939212441444396973e-01
7.911959886550000709e-01,1.147029995918273926e+00
1.136301159859999910e+00,7.432448267936706543e-01
8.642929792399999256e-01,1.074348330497741699e+00
8.814030289650001126e-01,8.141335844993591309e-01
5.817409753800000249e-01,8.791993260383605957e-01
8.651199936869999885e-01,6.525472998619079590e-01
9.078124761579999813e-01,9.001036286354064941e-01
7.377740144730000615e-01,8.795489072799682617e-01
1.120375037189999867e+00,7.634359002113342285e-01
9.422479867940000142e-01,1.061808824539184570e+00
1.060060024260000011e+00,8.643999099731445312e-01
7.158420085910000008e-01,9.827614426612854004e-01
4.040209949019999969e-01,7.013347744941711426e-01
2.920779883859999648e-01,5.261228680610656738e-01
6.317924261089999938e-01,4.739107191562652588e-01
1.124665260310000026e+00,7.355323433876037598e-01
1.115690946580000009e+00,1.047462344169616699e+00
1.247418999670000028e+00,9.856329560279846191e-01
6.976169943809999996e-01,1.095202565193176270e+00
3.693974971769999893e+00,6.676353216171264648e-01
8.204839825630000361e-01,2.895474672317504883e+00
8.573070168499999921e-01,4.619333148002624512e-01
6.902359724040000311e-01,9.870834946632385254e-01
8.385969996449998964e-01,8.085057139396667480e-01
1.287726998329999928e+00,9.903727769851684570e-01
9.632229804989999034e-01,1.286550998687744141e+00
1.343299984930000024e+00,1.003131985664367676e+00
7.316169738770000874e-01,1.314594149589538574e+00
6.809219717980000697e-01,7.966362237930297852e-01
7.014784216880000089e-01,8.335639834403991699e-01
6.698030233380000142e-01,7.650197744369506836e-01
1.365643024439999964e+00,7.374125719070434570e-01
9.781420230869999344e-01,1.242992281913757324e+00
6.786789894100000442e-01,8.748598694801330566e-01
5.976330041890000055e-01,7.345808148384094238e-01
8.193774819369999962e-01,6.898978948593139648e-01
7.911109924320000042e-01,8.549562692642211914e-01
1.044147372249999872e+00,7.999898791313171387e-01
1.400015950200000026e+00,1.000014543533325195e+00
8.748620152470000244e-01,1.225489020347595215e+00
6.228179931639999944e-01,8.101767897605895996e-01
7.164059877399998610e-01,7.086083292961120605e-01
6.523500084880000660e-01,7.774487733840942383e-01
9.379299879070001067e-01,7.114848494529724121e-01
5.936999917030000296e-01,9.333500862121582031e-01
5.393440127369999448e-01,6.461482644081115723e-01
9.370089769359999377e-01,6.606394648551940918e-01
8.087720274930000341e-01,9.406812191009521484e-01
5.654280185700000239e-01,7.904276847839355469e-01
6.020820140839999723e-01,6.334652304649353027e-01
1.146679997439999932e+00,6.815314292907714844e-01
9.824249744419999431e-01,1.067916631698608398e+00
5.671510100359999917e-01,8.801380991935729980e-01
7.866399884220000027e-01,6.208927631378173828e-01
7.388439774510000557e-01,8.216970562934875488e-01
6.810299754140000106e-01,7.475486993789672852e-01
7.086979746820000203e-01,7.266914248466491699e-01
6.642330288889999323e-01,7.480033040046691895e-01
5.124790072439999733e-01,7.094607949256896973e-01
6.040380001070000393e-01,6.097804903984069824e-01
6.728799939159999521e-01,6.979341506958007812e-01
8.265414834020000656e-01,7.242009043693542480e-01
4.546860158440000355e-01,8.272745609283447266e-01
5.594509840010000179e-01,5.387313961982727051e-01
1.332218050960000122e-01,6.705622673034667969e-01
1.633069962260000063e-01,3.277020454406738281e-01
1.797860413789999778e-01,4.136826097965240479e-01
5.747918486599999932e-01,4.019557833671569824e-01
8.508148789409999413e-01,6.949115991592407227e-01
8.527640104289999634e-01,8.396857976913452148e-01
1.687628030779999788e+00,8.100168108940124512e-01
2.149522066120000297e+00,1.411612033843994141e+00
8.122850060459999577e-01,1.617929100990295410e+00
1.239639997479999867e+00,6.210193037986755371e-01
2.128437280650000041e+00,1.126653194427490234e+00
2.139239072800000141e+00,1.677075743675231934e+00
9.779880046840000452e-01,1.622932553291320801e+00
6.937779784199998856e-01,8.532555699348449707e-01
7.218790054320000094e-01,8.146076202392578125e-01
7.631160020829999002e-01,8.475552797317504883e-01
8.565329909319999713e-01,8.786223530769348145e-01
1.109338045120000116e+00,9.281193017959594727e-01
6.476340293879999654e-01,1.077202439308166504e+00
9.241870045659998922e-01,7.141748070716857910e-01
7.877320051189998784e-01,9.710358977317810059e-01
1.305567026139999864e+00,7.941130995750427246e-01
9.107710123059999940e-01,1.177211642265319824e+00
8.699640035629999657e-01,8.144180178642272949e-01
5.743020176890000217e-01,8.617887496948242188e-01
8.599532246590000373e-01,6.389030814170837402e-01
4.775849878790000003e-01,8.882015347480773926e-01
1.108017444610000179e+00,5.650746822357177734e-01
1.290724992749999966e+00,1.080944180488586426e+00
8.591579794879999898e-01,1.122560501098632812e+00
3.058980107309999807e-01,8.127939105033874512e-01
9.039019942279999942e-01,4.702667593955993652e-01
6.352750062940000220e-01,9.526560902595520020e-01
1.023422956470000145e+00,6.610678434371948242e-01
6.730669736859999919e-01,1.000843763351440430e+00
8.504790067669999454e-01,6.834188103675842285e-01
5.141969919200000128e-01,8.719832897186279297e-01
1.527956604959999964e+00,5.904766917228698730e-01
4.094385623930000051e+00,1.369728207588195801e+00
9.952359795569999390e-01,3.062262058258056641e+00
8.670449852940000923e-01,5.887319445610046387e-01
1.141056060789999993e+00,1.003833293914794922e+00
1.622257947919999888e+00,1.152808547019958496e+00
1.980204939840000566e+00,1.504055976867675781e+00
1.375547051430000112e+00,1.706660032272338867e+00
1.851865053180000054e+00,1.252862930297851562e+00
1.420923948290000016e+00,1.664093494415283203e+00
1.589177966120000285e+00,1.284900188446044922e+00
1.673199415210000041e+00,1.445332169532775879e+00
2.123934030530000072e+00,1.398644566535949707e+00
1.648401975629999905e+00,1.733934640884399414e+00
1.204741954800000014e+00,1.375573635101318359e+00
7.920839786529999538e-01,1.155597448348999023e+00
1.227027416229999890e+00,9.016109108924865723e-01
1.226951003070000157e+00,1.229273080825805664e+00
1.131343960759999989e+00,1.162839293479919434e+00
1.252465009690000075e+00,1.093688130378723145e+00
1.116891980170000132e+00,1.175364375114440918e+00
1.122387051579999850e+00,1.044541358947753906e+00
1.040153026579999862e+00,1.051001787185668945e+00
8.091310262680000420e-01,9.647261500358581543e-01
7.681059837340000751e-01,8.027839064598083496e-01
7.982919812199998910e-01,8.017997741699218750e-01
7.666722536090000428e-01,8.287411928176879883e-01
1.057360053060000027e+00,8.005138635635375977e-01
8.607699871060000563e-01,1.012605667114257812e+00
1.070777058600000053e+00,8.277249336242675781e-01
5.301510095600000527e-01,1.006809353828430176e+00
6.604189872739999467e-01,5.732972025871276855e-01
9.909179806709998983e-01,7.451263070106506348e-01
3.561530113220000016e-01,9.462599754333496094e-01
9.618239998820000691e-01,4.543524682521820068e-01
1.244829058649999931e+00,9.910119175910949707e-01
8.381230235100001202e-01,1.089414358139038086e+00
9.245989918709998090e-01,7.837556004524230957e-01
8.131660223010001021e-01,8.992096185684204102e-01
1.003061056139999963e+00,7.895337343215942383e-01
8.752340078350000496e-01,9.444851875305175781e-01
7.991399765009998823e-01,8.271374106407165527e-01
8.812961578369999938e-01,7.995839118957519531e-01
1.063080191609999892e+00,8.601477146148681641e-01
9.057049751279999672e-01,9.859017133712768555e-01
6.909559965129999926e-01,8.504894375801086426e-01
1.355970025060000195e+00,7.158378362655639648e-01
7.572399973869999856e-01,1.218963384628295898e+00
2.043754577640000125e+00,6.951164603233337402e-01
8.576130270960000690e-01,1.724028348922729492e+00
2.364957094190000220e+00,6.870852112770080566e-01
4.179231166840000178e+00,1.969099760055541992e+00
2.233561992649999883e+00,3.010888576507568359e+00
8.013390302660000630e-01,1.475107789039611816e+00
8.372840285299999463e-01,7.541940808296203613e-01
8.851529955859999133e-01,9.124737977981567383e-01
9.040349721909999303e-01,9.393728971481323242e-01
1.302939534190000082e+00,9.678800106048583984e-01
7.228699922560000157e-01,1.268157601356506348e+00
8.009120225910000279e-01,7.973240613937377930e-01
1.032919287679999965e+00,9.428564310073852539e-01
1.321628212929999879e+00,1.049734950065612793e+00
9.367759823799999275e-01,1.176102638244628906e+00
7.007700204850000336e-01,8.456801772117614746e-01
7.624319791789999634e-01,7.404054999351501465e-01
1.144938945770000105e+00,8.073247671127319336e-01
7.721610069269999599e-01,1.070234894752502441e+00
8.772150278090000697e-01,7.554135322570800781e-01
1.243505001070000171e+00,8.853143453598022461e-01
6.381840109830000385e-01,1.120737910270690918e+00
7.468199729919999807e-01,6.497371792793273926e-01
6.839929819109999976e-01,8.224534392356872559e-01
1.419505119320000119e+00,7.368385791778564453e-01
6.141470074649999500e-01,1.283099532127380371e+00
7.347676754000000976e-01,6.060286164283752441e-01
6.770560145379999062e-01,8.299593925476074219e-01
1.074026942249999950e+00,7.352098226547241211e-01
6.156389713290000287e-01,1.040500760078430176e+00
9.692379832269999440e-01,6.480563879013061523e-01
9.916120171550001361e-01,9.681322574615478516e-01
8.089560270310000023e-01,9.164339303970336914e-01
2.435143947599999859e+00,7.948301434516906738e-01
8.223479986189999869e-01,1.994145750999450684e+00
5.938220024110000272e-01,6.178582906723022461e-01
5.762249827380000466e-01,7.315772771835327148e-01
4.224239885809999429e-01,7.009910345077514648e-01
6.765879988670000511e-01,6.034212708473205566e-01
5.520349740979999531e-01,8.038060665130615234e-01
9.015229940410001142e-01,6.789118051528930664e-01
7.489960193629999763e-01,9.505968689918518066e-01
8.627583980560000754e-01,7.763381004333496094e-01
9.480749964710000199e-01,8.826756477355957031e-01
1.055613875389999956e+00,8.912952542304992676e-01
1.970020055770000278e+00,9.594191312789916992e-01
9.391199946399999554e-01,1.611937642097473145e+00
1.009042978289999892e+00,7.629842162132263184e-01
7.824029922490001177e-01,9.916117191314697266e-01
1.016265034679999957e+00,7.855595946311950684e-01
8.782749772069999850e-01,1.000239253044128418e+00
7.353619933130000064e-01,8.629413247108459473e-01
1.109990954399999952e+00,7.901588678359985352e-01
7.727199792860000027e-01,1.070050358772277832e+00
1.164981961250000086e+00,7.703086137771606445e-01
7.157210111620000426e-01,1.101380348205566406e+00
1.475479006770000101e+00,6.928053498268127441e-01
8.354520201680000202e-01,1.317196011543273926e+00
7.344660162930000125e-01,7.405655384063720703e-01
7.861927747729999805e-01,7.868556380271911621e-01
1.143465042110000107e+00,8.081725835800170898e-01
9.246990084650000830e-01,1.066612482070922852e+00
2.958764553069999970e+00,8.686161637306213379e-01
2.138324022289999959e+00,2.361384630203247070e+00
2.038712024690000124e+00,1.515898823738098145e+00
1.480209946629999829e+00,1.615009784698486328e+00
9.367650747299998137e-01,1.217322349548339844e+00
1.715939760209999942e+00,9.096010327339172363e-01
1.001402020450000041e+00,1.527394533157348633e+00
8.896229863169999863e-01,9.471560716629028320e-01
7.492939829829999843e-01,9.946461319923400879e-01
1.115183949470000213e+00,8.803726434707641602e-01
9.457820057870001129e-01,1.156273007392883301e+00
6.452180147170000213e-01,9.464487433433532715e-01
1.164842009540000056e+00,7.447863817214965820e-01
1.244351029399999975e+00,1.127742290496826172e+00
9.045109748840000075e-01,1.097741007804870605e+00
5.575259923929999362e-01,8.580182194709777832e-01
5.778343677520000332e-01,6.359300017356872559e-01
7.199835777280000348e-01,6.866793036460876465e-01
7.607790231700000128e-01,7.847579121589660645e-01
5.404400229450000426e-01,8.065645694732666016e-01
8.009672760959999360e-01,6.441728472709655762e-01
7.710149884220000027e-01,8.617506623268127441e-01
6.709719896319999988e-01,8.018044233322143555e-01
2.768970489500000021e+00,7.379526495933532715e-01
3.086133003230000060e+00,2.255747556686401367e+00
1.116358041760000086e+00,2.207598924636840820e+00
1.018260955809999979e+00,8.510689139366149902e-01
7.442610263819999794e-01,1.054255843162536621e+00
1.114386796949999869e+00,8.487756252288818359e-01
1.380516409870000238e+00,1.176067471504211426e+00
1.229098439219999950e+00,1.333841323852539062e+00
1.573238968849999919e+00,1.218074083328247070e+00
1.245597958560000107e+00,1.488989949226379395e+00
8.298619985580000247e-01,1.208847522735595703e+00
5.376980304720000436e-01,9.201168417930603027e-01
8.593800067899999284e-01,7.025241851806640625e-01
7.949647903440000274e-01,9.513726830482482910e-01
8.122889995569999577e-01,8.524974584579467773e-01
1.209460973739999945e+00,8.876872658729553223e-01
1.043611049649999956e+00,1.156029224395751953e+00
9.914460182190000248e-01,9.688797593116760254e-01
1.377645969390000058e+00,9.511737823486328125e-01
7.495359778399999229e-01,1.208975315093994141e+00
7.549669742579999676e-01,6.977822184562683105e-01
8.522210121150000095e-01,8.003043532371520996e-01
1.312628030780000010e+00,8.541012406349182129e-01
9.499999880790001017e-01,1.181931495666503906e+00
8.433979749680000637e-01,8.681937456130981445e-01
6.329939961430000039e-01,8.564584851264953613e-01
6.848490238189999246e-01,6.983523964881896973e-01
8.296039700509999504e-01,7.632911205291748047e-01
1.117776036259999994e+00,8.541939258575439453e-01
1.060515046120000138e+00,1.043847560882568359e+00
9.966710209849999336e-01,9.755052924156188965e-01
6.726049780850000825e-01,9.486336708068847656e-01
8.499810099600000335e-01,7.141193151473999023e-01
7.929700016980000266e-01,8.747828602790832520e-01
7.509549856190000927e-01,7.981926202774047852e-01
9.556260704989999466e-01,7.837898731231689453e-01
6.085839867589999397e-01,9.340819716453552246e-01
7.782499790189999489e-01,6.547919511795043945e-01
5.098140239720000411e-01,8.290230631828308105e-01
6.364319920540000286e-01,5.931758880615234375e-01
6.015599966049999248e-01,7.279557585716247559e-01
6.556333899499999784e-01,6.719307303428649902e-01
6.385549902920000243e-01,7.248578071594238281e-01
8.762890100480000832e-01,7.023099660873413086e-01
7.967479825020000739e-01,8.800983428955078125e-01
6.824830174449999509e-01,7.879862189292907715e-01
8.025500178340000401e-01,7.196375727653503418e-01
7.950311899190000142e-01,8.172344565391540527e-01
1.584897041320000088e+00,7.907721996307373047e-01
1.017485976220000143e+00,1.373652815818786621e+00
9.177780151369999695e-01,8.597379922866821289e-01
1.230221033100000083e+00,8.923746347427368164e-01
1.027899026870000121e+00,1.110843420028686523e+00
9.125559926030000213e-01,9.342550635337829590e-01
7.935979962350000472e-01,8.914201259613037109e-01
1.030437946320000187e+00,8.180128931999206543e-01
5.325379967690000438e-01,1.008373379707336426e+00
6.127780079839999505e-01,6.193478107452392578e-01
8.741289973260000234e-01,7.525814175605773926e-01
3.667230010029999820e-01,8.994746208190917969e-01
7.391750216480000857e-01,5.001236796379089355e-01
5.604230165479999748e-01,8.429682850837707520e-01
7.758178114889999755e-01,6.355245113372802734e-01
8.102909922600001202e-01,8.278768658638000488e-01
6.437510252000000488e-01,8.104193210601806641e-01
7.236457467079999706e-01,6.928912997245788574e-01
9.113870263100001257e-01,7.683911323547363281e-01
6.627830266949999993e-01,8.941180706024169922e-01
1.002035975460000117e+00,6.985466480255126953e-01
8.224419951440000709e-01,9.861671328544616699e-01
1.030576944350000135e+00,8.144611716270446777e-01
6.781139969830000114e-01,1.007036209106445312e+00
5.333459973340000104e-01,7.208722829818725586e-01
3.209959864620000047e-01,6.665712594985961914e-01
7.608630061149999069e-01,5.134339332580566406e-01
7.439860105509998878e-01,8.589172363281250000e-01
5.468400120740000148e-01,7.768930196762084961e-01
7.004669904709999173e-01,6.441465616226196289e-01
8.356525897980000561e-01,7.726019024848937988e-01
1.274258971210000091e+00,8.341345191001892090e-01
8.934450149539999719e-01,1.141244649887084961e+00
6.211659908290000365e-01,8.081290125846862793e-01
7.900159955019999680e-01,6.813655495643615723e-01
1.067494988440000014e+00,8.295962214469909668e-01
6.698009967800000464e-01,1.014769911766052246e+00
1.265694975850000015e+00,7.033292055130004883e-01
6.380620002750000408e-01,1.196127295494079590e+00
9.348030090330000652e-01,6.524745225906372070e-01
8.006410002709999363e-01,9.726337790489196777e-01
1.085708975790000030e+00,8.051783442497253418e-01
3.527039885520000251e-01,1.036301016807556152e+00
5.883709788319999578e-01,4.581691324710845947e-01
4.875420033929999120e-01,7.423123717308044434e-01
4.636880159380000199e-01,6.079756617546081543e-01
3.637039959430000136e-01,6.136200428009033203e-01
8.750243186949999696e-01,5.367161631584167480e-01
6.435279846190000708e-01,9.130354523658752441e-01
4.834130108360000233e-01,6.713360548019409180e-01
2.120890021319999930e-01,5.998911261558532715e-01
4.560469985010000560e-01,4.058249592781066895e-01
4.367910027499999903e-01,6.122134923934936523e-01
7.238804101939999569e-01,5.586371421813964844e-01
5.560690164570000205e-01,7.828955054283142090e-01
4.748429954049999679e-01,6.182019710540771484e-01
2.674640119080000100e-01,5.931403040885925293e-01
9.588437080380001198e-01,4.421702325344085693e-01
7.868980169300000549e-01,9.698842167854309082e-01
1.794360995290000149e+00,7.396745085716247559e-01
1.337677955630000026e+00,1.520307660102844238e+00
1.210453987120000185e+00,1.040651798248291016e+00
5.654799938200000264e-01,1.045580863952636719e+00
4.008429944520000565e-01,5.791333317756652832e-01
2.727654874320000200e-01,5.489750504493713379e-01
5.836449861529999783e-01,4.643739163875579834e-01
8.533802628519999711e-01,7.199584245681762695e-01
8.660610318179999823e-01,8.820310235023498535e-01
1.158349990839999899e+00,8.629726767539978027e-01
7.764859795569999390e-01,1.074592471122741699e+00
1.068807005880000105e+00,7.361410260200500488e-01
5.888479948040000744e-01,9.965606331825256348e-01
1.588868498799999918e+00,5.868280529975891113e-01
4.327859878540000205e-01,1.398219585418701172e+00
3.996030092239999942e-01,4.304971992969512939e-01
5.545349717140000134e-01,6.200313568115234375e-01
6.221979856490000849e-01,7.056491971015930176e-01
1.149551987649999996e+00,7.436943650245666504e-01
1.121260046960000034e+00,1.118075132369995117e+00
9.776459932329999436e-01,1.015881776809692383e+00
1.732741951940000025e+00,9.216203093528747559e-01
2.302707910540000125e+00,1.465132951736450195e+00
1.053477048870000043e+00,1.760167479515075684e+00
7.962800264360000435e-01,7.985240817070007324e-01
5.203329920770000117e-01,8.012461066246032715e-01
6.104800105090000262e-01,6.150938868522644043e-01
4.453057944770000276e-01,7.328983545303344727e-01
6.522138714790000069e-01,6.068370938301086426e-01
1.175541162490000069e+00,7.849750518798828125e-01
1.032202124599999937e+00,1.130882501602172852e+00
7.193930149079998948e-01,9.670799970626831055e-01
8.200139999390000378e-01,7.606710791587829590e-01
9.497330188750000568e-01,8.426524996757507324e-01
1.039114952089999822e+00,9.141698479652404785e-01
5.883830189700000046e-01,9.711074233055114746e-01
9.508559703829998488e-01,6.429554820060729980e-01
5.277600288389999728e-01,9.688234925270080566e-01
7.736063003540000205e-01,6.031376719474792480e-01
9.703559875489998765e-01,8.526007533073425293e-01
1.383889913560000018e+00,9.377661347389221191e-01
7.795230150220000542e-01,1.215318083763122559e+00
6.069999933240000090e-01,7.315742969512939453e-01
4.660570025440000097e-01,7.058621048927307129e-01
9.455270171170000459e-01,6.079506874084472656e-01
6.238729953770000280e-01,9.720475673675537109e-01
3.923240005969999555e-01,6.731751561164855957e-01
5.156549811360000568e-01,5.611915588378906250e-01
9.679385423660000765e-01,6.670584082603454590e-01
1.356565952299999989e+00,9.675531983375549316e-01
9.072690010070000310e-01,1.185909032821655273e+00
8.162760138510000152e-01,8.050665855407714844e-01
2.479866981509999846e+00,8.042581677436828613e-01
1.133080005649999888e+00,1.998634219169616699e+00
1.045583963389999926e+00,8.293049931526184082e-01
8.474370241169999485e-01,1.004523634910583496e+00
1.536522984499999911e+00,8.379537463188171387e-01
9.008989930149998715e-01,1.384032368659973145e+00
4.812009930610000596e-01,8.557469248771667480e-01
8.572540283199999722e-01,6.640709638595581055e-01
8.617479801180000232e-01,9.549967646598815918e-01
1.008694052699999899e+00,9.018263220787048340e-01
1.127727031710000105e+00,1.017764925956726074e+00
7.795569896699999779e-01,1.046021461486816406e+00
9.895502924920001053e-01,7.739072442054748535e-01
8.363329768179998958e-01,9.659947156906127930e-01
9.099559783939998869e-01,8.146402239799499512e-01
5.511059761050000061e-01,8.868533968925476074e-01
1.239764332770000088e+00,6.097238063812255859e-01
1.211838960649999963e+00,1.165339589118957520e+00
1.379981994630000042e+00,1.043290495872497559e+00
1.148460984229999982e+00,1.193085670471191406e+00
7.663900256160000035e-01,9.979011416435241699e-01
9.660840034479999394e-01,7.608771920204162598e-01
8.156750202179999798e-01,9.509798884391784668e-01
1.142272949220000111e+00,8.077175617218017578e-01
1.299479961400000105e+00,1.075785279273986816e+00
8.583310246469999516e-01,1.141783475875854492e+00
7.149469852449999996e-01,8.226650953292846680e-01
8.764400482179999230e-01,7.728325724601745605e-01
8.305460214609999836e-01,8.851484060287475586e-01
8.535240292550000385e-01,8.229584097862243652e-01
9.092410206789999227e-01,8.492670059204101562e-01
5.202720165249999917e-01,8.859788775444030762e-01
7.411040067669999454e-01,5.967208147048950195e-01
5.853319764140000325e-01,8.115084171295166016e-01
5.047770142559999673e-01,6.518827676773071289e-01
5.519493222240000607e-01,6.185808181762695312e-01
9.697520136830000137e-01,6.550234556198120117e-01
1.116515994070000017e+00,9.530192613601684570e-01
1.049844980239999837e+00,1.001243710517883301e+00
6.342629790310000404e-01,9.418194293975830078e-01
5.644329786300000817e-01,6.466947197914123535e-01
9.184709787370000100e-01,6.465592384338378906e-01
9.593539834020000656e-01,9.027761816978454590e-01
5.984159708020000412e-01,8.891712427139282227e-01
9.383450150489999197e-01,6.395231485366821289e-01
4.542250037189999867e-01,9.377526044845581055e-01
7.079470157619999204e-01,5.333071351051330566e-01
3.876500129699999575e-01,7.950239777565002441e-01
4.484339952470000057e-01,5.016855597496032715e-01
8.405709862710000202e-01,5.986686944961547852e-01
5.337110161779999862e-01,8.635059595108032227e-01
7.211350202559999589e-01,5.932123064994812012e-01
5.215386152269999576e-01,7.788595557212829590e-01
7.050759792330000275e-01,5.858113169670104980e-01
6.405649781229999506e-01,7.579782009124755859e-01
5.168589949609999623e-01,6.715485453605651855e-01
1.660409450529999997e+00,6.021221876144409180e-01
2.465307950970000217e+00,1.444212675094604492e+00
1.622156023979999917e+00,1.865212202072143555e+00
1.866270065310000170e+00,1.188171029090881348e+00
3.623536109919999415e+00,1.483414649963378906e+00
7.948709726329999947e-01,2.669621467590332031e+00
9.065989851950000400e-01,5.080626010894775391e-01
8.571879863740000660e-01,1.021711587905883789e+00
7.756379842759999477e-01,9.381369352340698242e-01
7.006700038909999817e-01,9.425118565559387207e-01
6.443409919740000769e-01,9.117994904518127441e-01
7.579550147059999077e-01,8.624355196952819824e-01
5.499600172040000068e-01,9.098786711692810059e-01
4.964669942859999408e-01,7.187368273735046387e-01
1.367677569390000070e+00,6.803306341171264648e-01
1.397894024850000250e+00,1.255336999893188477e+00
8.148130178450000427e-01,1.163059353828430176e+00
1.278898954390000009e+00,7.753447294235229492e-01
8.623980283740000363e-01,1.195620656013488770e+00
1.093865990639999897e+00,8.265854716300964355e-01
8.134710192680000285e-01,1.066481709480285645e+00
1.466687083240000078e+00,8.193999528884887695e-01
9.060310125349999577e-01,1.335315585136413574e+00
7.652140259739999006e-01,8.462973237037658691e-01
1.311033964160000176e+00,8.496331572532653809e-01
7.892500162119999718e-01,1.225799202919006348e+00
1.474902033810000068e+00,7.715843319892883301e-01
9.167850017550001063e-01,1.349682807922363281e+00
1.186140060420000086e+00,8.382276296615600586e-01
1.411391973500000008e+00,1.133309960365295410e+00
2.092472076419999993e+00,1.229032635688781738e+00
7.189220190049999681e-01,1.697382330894470215e+00
1.301861047739999888e+00,6.220576167106628418e-01
1.268974781040000055e+00,1.237860083580017090e+00
1.221997022629999874e+00,1.100657820701599121e+00
9.061110019680000960e-01,1.103958845138549805e+00
1.078873991970000112e+00,8.914472460746765137e-01
1.028025031089999874e+00,1.053282380104064941e+00
7.863690257070000689e-01,9.894487857818603516e-01
1.276852965350000035e+00,8.292647600173950195e-01
7.093420028689999546e-01,1.199389934539794922e+00
5.201929807659999572e-01,7.011273503303527832e-01
5.645610094070000473e-01,6.583651900291442871e-01
9.855200052259999177e-01,6.851750016212463379e-01
1.092841982840000004e+00,9.750430583953857422e-01
4.786899983879999709e-01,9.950740933418273926e-01
3.955059945579999514e-01,5.510080456733703613e-01
1.850703001020000071e+00,5.717349052429199219e-01
1.195796012879999815e+00,1.614660501480102539e+00
1.702510833739999896e+00,9.565104246139526367e-01
2.998351097109999586e+00,1.447436332702636719e+00
2.407080888749999925e+00,2.272157430648803711e+00
2.585943937299999718e+00,1.713537812232971191e+00
2.233839035029999920e+00,1.951646924018859863e+00
1.655773043629999997e+00,1.674565672874450684e+00
1.430611014370000156e+00,1.349785566329956055e+00
8.921740055079999676e-01,1.294136047363281250e+00
1.231696963309999893e+00,9.672141671180725098e-01
8.955079913140001624e-01,1.260229229927062988e+00
1.602033019070000064e+00,9.821832776069641113e-01
1.585399031639999956e+00,1.528322696685791016e+00
1.232059955600000034e+00,1.386086106300354004e+00
1.210371017459999976e+00,1.135456442832946777e+00
1.242141008379999967e+00,1.125561118125915527e+00
9.857040047650000858e-01,1.120325207710266113e+00
7.289689779279999726e-01,9.292405247688293457e-01
6.761519908910000876e-01,7.777832150459289551e-01
1.071573019029999907e+00,7.724025249481201172e-01
9.457439780239998983e-01,1.058462858200073242e+00
4.376370012759999706e-01,9.231500625610351562e-01
5.141820311550000522e-01,5.774859786033630371e-01
3.387190103530000052e-01,6.841777563095092773e-01
7.144280076029999593e-01,5.254388451576232910e-01
4.996199905870000180e-01,8.238735198974609375e-01
7.917379736899999854e-01,6.041809916496276855e-01
8.646243214609999894e-01,8.564910292625427246e-01
6.024960279459999901e-01,8.522460460662841797e-01
1.260069966320000123e+00,6.592850089073181152e-01
1.012339949610000067e+00,1.162664532661437988e+00
1.004528999329999950e+00,8.776826858520507812e-01
6.310235261919999727e-01,9.313353300094604492e-01
1.141221046449999887e+00,6.499212980270385742e-01
5.426099896430000014e-01,1.082779884338378906e+00
8.547459840769999762e-01,5.775134563446044922e-01
7.744219899179999311e-01,9.136344194412231445e-01
3.084340095520000102e-01,7.928670048713684082e-01
8.376209735870000506e-01,4.827766120433807373e-01
7.293469905850000767e-01,9.267969727516174316e-01
7.503905892370000830e-01,7.541204690933227539e-01
1.134822010990000019e+00,7.992779016494750977e-01
1.614240050320000064e+00,1.061783432960510254e+00
1.244793057440000128e+00,1.357770323753356934e+00
7.141630053519999466e-01,1.032502174377441406e+00
7.293040156360000026e-01,7.178949713706970215e-01
6.486989855770000091e-01,7.835358977317810059e-01
3.427990078929999962e-01,7.168020606040954590e-01
3.861860036850000011e-01,5.250155925750732422e-01
6.366299986840000535e-01,5.976304411888122559e-01
3.990480005740000280e-01,7.657571434974670410e-01
4.178859889509999870e-01,5.618535876274108887e-01
1.103790521619999909e+00,6.052002906799316406e-01
6.956189870829999622e-01,1.072818160057067871e+00
8.070139884950000564e-01,6.717144250869750977e-01
5.947690010070000310e-01,8.281719088554382324e-01
1.107607960700000005e+00,6.325607299804687500e-01
9.713580012320000012e-01,1.043067097663879395e+00
7.170349955560000321e-01,8.707325458526611328e-01
6.764810085300000386e-01,7.301068305969238281e-01
1.687772989270000190e+00,7.254288196563720703e-01
9.907569885250000485e-01,1.461096644401550293e+00
8.082039952280000161e-01,8.322941660881042480e-01
1.087718963619999979e+00,8.218976855278015137e-01
1.564818024639999861e+00,1.019729852676391602e+00
6.673809885979999912e-01,1.330335259437561035e+00
1.256489992140000123e+00,6.421517133712768555e-01
1.091886043549999963e+00,1.196333885192871094e+00
7.375509738919999725e-01,9.762443304061889648e-01
6.224380135540000802e-01,7.771351337432861328e-01
8.364729881290000613e-01,7.315844893455505371e-01
5.774260163309999916e-01,8.801541924476623535e-01
1.015761017800000054e+00,6.637027263641357422e-01
1.106158971790000001e+00,1.025458812713623047e+00
6.945540308949998964e-01,1.017576217651367188e+00
1.130903959270000092e+00,7.096880674362182617e-01
9.518219828609999489e-01,1.080357551574707031e+00
7.524570226669999862e-01,8.738203048706054688e-01
5.585229992869999993e-01,7.695424556732177734e-01
1.415836334229999771e+00,6.470257043838500977e-01
1.855298042299999839e+00,1.290085315704345703e+00
7.845479845999999702e-01,1.500811219215393066e+00
8.210539817810000862e-01,7.245530486106872559e-01
5.835890173909999978e-01,9.090241193771362305e-01
8.359720110889999889e-01,7.034820318222045898e-01
2.184663057329999880e+00,9.288405179977416992e-01
6.805480122570000123e-01,1.851153612136840820e+00
1.238904953000000031e+00,6.124107241630554199e-01
1.030328035349999949e+00,1.247923374176025391e+00
7.914109826090000022e-01,9.789655208587646484e-01
8.423720002169999832e-01,8.577227592468261719e-01
4.464710056780000769e-01,9.006288647651672363e-01
5.589337944979999584e-01,6.026259064674377441e-01
7.099329829220000221e-01,7.339166998863220215e-01
7.334340214730000751e-01,8.149932622909545898e-01
7.833399772640000647e-01,8.103643059730529785e-01
8.426809906959999985e-01,8.177944421768188477e-01
1.099761009220000085e+00,8.487760424613952637e-01
8.706315755840000614e-01,1.013054370880126953e+00
5.862460136410000411e-01,8.027005195617675781e-01
8.863990306849999223e-01,6.331414580345153809e-01
1.019399046900000050e+00,8.797376751899719238e-01
8.493610024450000129e-01,9.371362924575805664e-01
1.010666966439999870e+00,8.174702525138854980e-01
1.331516027449999973e+00,9.634495973587036133e-01
1.215008974079999859e+00,1.167420864105224609e+00
1.645591020579999952e+00,1.046649694442749023e+00
9.708780050280000351e-01,1.379663228988647461e+00
1.411272048950000135e+00,8.329536318778991699e-01
7.953929901119999313e-01,1.252858757972717285e+00
1.046331048010000098e+00,7.443351745605468750e-01
8.879339694979999642e-01,1.032899618148803711e+00
8.349300026890000836e-01,8.719202280044555664e-01
9.847199916839999290e-01,8.743604421615600586e-01
1.090394020079999970e+00,9.828228354454040527e-01
4.901649951929999416e-01,1.032004356384277344e+00
6.141669750209999279e-01,5.860022306442260742e-01
6.314740180969999894e-01,7.454805970191955566e-01
8.252440094949999860e-01,7.203736305236816406e-01
1.051450967789999913e+00,8.591064810752868652e-01
1.047114968300000060e+00,9.967134594917297363e-01
3.921430110930000379e-01,9.661301970481872559e-01
4.695149958129999912e-01,4.955209791660308838e-01
7.720900177959999500e-01,6.370393633842468262e-01
7.520099878309999264e-01,8.215945959091186523e-01
6.877393722529999698e-01,7.714391350746154785e-01
6.718119978899999012e-01,7.387208938598632812e-01
1.185933232310000029e+00,7.343040108680725098e-01
6.571980118750000432e-01,1.105838179588317871e+00
8.213180303569999063e-01,6.486548781394958496e-01
7.795739769939998842e-01,8.502642512321472168e-01
1.030122995379999962e+00,7.695771455764770508e-01
6.211889982220000217e-01,9.727781414985656738e-01
8.660820126530001106e-01,6.447518467903137207e-01
9.608931541439998947e-01,8.867797255516052246e-01
6.760399937630000577e-01,9.068476557731628418e-01
7.402380108830000083e-01,7.023628950119018555e-01
5.984709858890000511e-01,7.901343107223510742e-01
6.151059865950000427e-01,6.628502607345581055e-01
9.358735680580000382e-01,7.013140320777893066e-01
5.818247795100000008e-01,9.262399673461914062e-01
7.156659960750000327e-01,6.270450353622436523e-01
6.529520154000000298e-01,7.792358398437500000e-01
9.700022935870000751e-01,7.036729454994201660e-01
7.834500074390000623e-01,9.477245211601257324e-01
7.448130249979999506e-01,7.622515559196472168e-01
8.276180028919999376e-01,7.737023830413818359e-01
8.943400979040000420e-01,8.299123644828796387e-01
2.505017042159999985e+00,8.669230937957763672e-01
1.620712041850000062e+00,2.032647609710693359e+00
1.417585968970000110e+00,1.194113373756408691e+00
1.049872040749999957e+00,1.224960327148437500e+00
1.226507544519999993e+00,9.573429822921752930e-01
1.043179035189999881e+00,1.133598208427429199e+00
9.694439768789999690e-01,9.733529090881347656e-01
8.192250132559999454e-01,9.595812559127807617e-01
8.129550218580000598e-01,8.616164922714233398e-01
6.712080240250000163e-01,8.779997229576110840e-01
5.289899706839999993e-01,7.706493139266967773e-01
3.461930155749999849e-01,6.586754918098449707e-01
4.789490103719999947e-01,5.284543037414550781e-01
1.153810977940000093e+00,6.387007236480712891e-01
9.671270251270001062e-01,1.102448582649230957e+00
7.845839858059999727e-01,8.723443746566772461e-01
4.701859951020000428e-01,7.789281606674194336e-01
5.632782578470000301e-01,5.562354922294616699e-01
2.416239976880000528e-01,6.595034003257751465e-01
2.709859907630000064e-01,4.024958908557891846e-01
1.994680017229999991e-01,4.781967997550964355e-01
1.327169984580000017e-01,4.136931896209716797e-01
4.732620120049999546e-01,3.823988437652587891e-01
6.585559844969999244e-01,6.382529139518737793e-01
9.621880054470001165e-01,7.161192893981933594e-01
5.111979842189999790e-01,9.148153662681579590e-01
9.829789996150001263e-01,5.356795787811279297e-01
9.100099802019999684e-01,9.498434066772460938e-01
1.026576042179999870e+00,8.102178573608398438e-01
8.309389948840000262e-01,9.305239319801330566e-01
9.651920199390001676e-01,7.713236212730407715e-01
1.000543951989999902e+00,9.085318446159362793e-01
1.983185052870000131e+00,9.154333472251892090e-01
1.274855017659999978e+00,1.625614523887634277e+00
1.286525964740000028e+00,9.940472245216369629e-01
1.382244944570000245e+00,1.129704952239990234e+00
1.736924052240000016e+00,1.179003357887268066e+00
1.257668018339999971e+00,1.437939286231994629e+00
7.533379793170000838e-01,1.069754123687744141e+00
1.084908962249999886e+00,7.934142947196960449e-01
1.062494039539999990e+00,1.086127638816833496e+00
7.787629961969999570e-01,1.024356245994567871e+00
8.256469964979999965e-01,8.395270705223083496e-01
9.891830086709999525e-01,8.845859169960021973e-01
1.418092012410000047e+00,9.795886278152465820e-01
1.151677966120000063e+00,1.261655688285827637e+00
1.250364065170000094e+00,1.008295893669128418e+00
8.794019818310000458e-01,1.109080910682678223e+00
1.089423060420000144e+00,8.114436268806457520e-01
1.809062957759999701e+00,1.021213769912719727e+00
8.687390089040000207e-01,1.499893069267272949e+00
8.521729707719999380e-01,7.488731145858764648e-01
1.307837963100000112e+00,8.881354928016662598e-01
1.262575984000000151e+00,1.187223672866821289e+00
7.601559758189999627e-01,1.108445167541503906e+00
1.069887042049999959e+00,7.632995843887329102e-01
8.579840064049999437e-01,1.043313860893249512e+00
1.149323940279999956e+00,8.373945951461791992e-01
1.067142963410000034e+00,1.093056201934814453e+00
7.400619983670000401e-01,9.844499230384826660e-01
6.799880266190000411e-01,7.558317780494689941e-01
7.323921322820000634e-01,7.507977485656738281e-01
8.352749943730000126e-01,7.868577837944030762e-01
6.000829935070000065e-01,8.485762476921081543e-01
1.010563969610000168e+00,6.602915525436401367e-01
7.613970041280000434e-01,9.927287101745605469e-01
7.260069847110000030e-01,7.450336217880249023e-01
1.064324021340000037e+00,7.687335610389709473e-01
5.901079773899998715e-01,1.000851750373840332e+00
7.744659781460000447e-01,6.098495125770568848e-01
7.406870126719998781e-01,8.222515583038330078e-01
8.908360004430001533e-01,7.576907873153686523e-01
7.620100975040000613e-01,8.827679157257080078e-01
7.774500250820000069e-01,7.638240456581115723e-01
5.811070203779999943e-01,8.022886514663696289e-01
7.908779978749999051e-01,6.496741175651550293e-01
8.903719782829999652e-01,8.293727040290832520e-01
7.882059812549999656e-01,8.657603263854980469e-01
7.301949858670000459e-01,7.804900407791137695e-01
9.248933196070000529e-01,7.541301846504211426e-01
1.265586972239999941e+00,8.966577053070068359e-01
7.884140014650000694e-01,1.116473793983459473e+00
9.180610179899999501e-01,7.309753894805908203e-01
6.569269895549999516e-01,8.982382416725158691e-01
8.252680301670000107e-01,6.760043501853942871e-01
4.257229864599999525e-01,8.484670519828796387e-01
9.114630222319999309e-01,5.311695933341979980e-01
7.238519787790000937e-01,9.470350146293640137e-01
9.657319784160000031e-01,7.329533696174621582e-01
7.194200158119999911e-01,9.552350640296936035e-01
7.146480083470000411e-01,7.313965559005737305e-01
6.188799738879999790e-01,7.643539905548095703e-01
8.502969741820000094e-01,6.822035908699035645e-01
6.113014817240000065e-01,8.618026971817016602e-01
8.405809998509999881e-01,6.524812579154968262e-01
5.909900069240000553e-01,8.588292002677917480e-01
1.191807866100000002e+00,6.407756209373474121e-01
1.072478055950000009e+00,1.116665601730346680e+00
7.976800203319999172e-01,9.417749643325805664e-01
7.140370011329999489e-01,7.810817360877990723e-01
8.885610103609999921e-01,7.516231536865234375e-01
7.367290258409999737e-01,8.824949264526367188e-01
9.655410051350000744e-01,7.514521479606628418e-01
8.569459915160000385e-01,9.423620700836181641e-01
5.838339924809999859e-01,8.293015956878662109e-01
3.047562122340000457e+00,6.535377502441406250e-01
8.865389823909999301e-01,2.473273754119873047e+00
1.186460971829999878e+00,6.351854205131530762e-01
8.750730156899999557e-01,1.245796442031860352e+00
1.111973047260000014e+00,9.551808834075927734e-01
6.929270029070000447e-01,1.195118665695190430e+00
5.632749795910000357e-01,8.499053120613098145e-01
5.519689917560000048e-01,8.132764101028442383e-01
9.211350083349998386e-01,7.864806056022644043e-01
5.465030074119999748e-01,1.028395891189575195e+00
9.997850060459999577e-01,6.858103275299072266e-01
7.512239813800000166e-01,1.019383192062377930e+00
8.402569890019999654e-01,7.503846287727355957e-01
7.843149900439999600e-01,8.573892116546630859e-01
5.915480256080000165e-01,7.900246977806091309e-01
6.109840273859999948e-01,6.565011143684387207e-01
9.328789710999999540e-01,6.928121447563171387e-01
7.992020249369999885e-01,9.201959967613220215e-01
9.833549857140000405e-01,7.858490943908691406e-01
5.405290126799999761e-01,9.443497657775878906e-01
1.093670010570000128e+00,5.913177132606506348e-01
9.266330003740002041e-01,1.054431557655334473e+00
7.972419857979999858e-01,8.429860472679138184e-01
5.896059870719999596e-01,7.932453751564025879e-01
7.799540162090000672e-01,6.483547687530517578e-01
5.182790160179999717e-01,8.151274323463439941e-01
7.263879776000000676e-01,5.975288152694702148e-01
6.216366887090000182e-01,7.908052206039428711e-01
8.810679912569999717e-01,6.754117608070373535e-01
7.315016984940000411e-01,8.849850296974182129e-01
9.703850150110000516e-01,7.387035489082336426e-01
8.715350031849999901e-01,9.364442229270935059e-01
5.505740046500000595e-01,8.207527399063110352e-01
2.576299905780000121e-01,6.101428270339965820e-01
6.952109932899999123e-01,4.373470246791839600e-01
3.547430038449999601e-01,7.882478237152099609e-01
1.308350920679999918e+00,4.816765189170837402e-01
1.424710035319999957e+00,1.241186499595642090e+00
2.422243118290000385e+00,1.179358482360839844e+00
1.588093161580000023e+00,1.905247569084167480e+00
2.882889986040000352e+00,1.162744522094726562e+00
1.510810017590000109e+00,2.221436977386474609e+00
5.103110075000000245e-01,1.068045377731323242e+00
6.637499928469999810e-01,6.023143529891967773e-01
5.865659713749999948e-01,8.184556365013122559e-01
9.182999730109998593e-01,7.459211945533752441e-01
1.126363039020000123e+00,1.023932456970214844e+00
9.455379843710000065e-01,1.124902963638305664e+00
7.979699969290000583e-01,9.686321616172790527e-01
8.895260095600000527e-01,8.563924431800842285e-01
5.017459988589999531e-01,9.165880084037780762e-01
7.889080047609999813e-01,5.864669680595397949e-01
5.571460127830000220e-01,8.424768447875976562e-01
8.079270124439998924e-01,6.277319788932800293e-01
7.382910251620000697e-01,8.572436571121215820e-01
6.742079854009999096e-01,7.645029425621032715e-01
8.787713646889999675e-01,7.338773608207702637e-01
7.401880025859999268e-01,8.767870664596557617e-01
8.886500000949999478e-01,7.421540617942810059e-01
7.983270287510000340e-01,8.733081817626953125e-01
5.137799978260000344e-01,7.781078219413757324e-01
7.760372757910000141e-01,5.951839089393615723e-01
8.528280258179999906e-01,8.203607797622680664e-01
7.851629853249999513e-01,8.393378853797912598e-01
8.431609868999999646e-01,7.931891083717346191e-01
1.024798870089999925e+00,8.451722860336303711e-01
8.044279813770001120e-01,9.661263823509216309e-01
8.841310143469999216e-01,7.822241783142089844e-01
3.615649938579999501e-01,8.754600882530212402e-01
1.171491026879999842e+00,4.735983312129974365e-01
4.477910101410000343e-01,1.135533452033996582e+00
7.665730118750000432e-01,4.906753599643707275e-01
7.735599875449999940e-01,8.523446321487426758e-01
1.054823040959999902e+00,7.810910940170288086e-01
7.843300104139999673e-01,1.001670837402343750e+00
1.034250974660000155e+00,7.618727087974548340e-01
1.096979022029999973e+00,9.820668697357177734e-01
7.633029818529999400e-01,9.786607623100280762e-01
5.883730053899999257e-01,7.378205657005310059e-01
6.365630030629999547e-01,6.623952388763427734e-01
5.750700235369999858e-01,7.044149041175842285e-01
5.399640202519999654e-01,6.578742265701293945e-01
1.324671149250000068e+00,6.456208229064941406e-01
8.178460001949999780e-01,1.217237710952758789e+00
6.359609961509999909e-01,7.413854002952575684e-01
8.135920166969999867e-01,7.068813443183898926e-01
9.872140288350000903e-01,8.329913020133972168e-01
9.839289784429998686e-01,9.284168481826782227e-01
5.904790163040000150e-01,9.090715050697326660e-01
8.986790180209999201e-01,6.323207020759582520e-01
6.268000006680000125e-01,9.084522724151611328e-01
6.926850080490000172e-01,6.597561240196228027e-01
5.757049918169999669e-01,7.607874274253845215e-01
6.764680147170000213e-01,6.462693214416503906e-01
8.279470205309999997e-01,7.393578886985778809e-01
6.547859907149999881e-01,8.333408832550048828e-01
1.085815548900000094e+00,6.904773712158203125e-01
8.509550094600001335e-01,1.025410532951354980e+00
8.879359960559999321e-01,7.845284938812255859e-01
6.557850241659999302e-01,8.602272868156433105e-01
6.597809791559999804e-01,6.730579137802124023e-01
8.856279850010000398e-01,7.147301435470581055e-01
7.502999901769999980e-01,8.726229071617126465e-01
9.303160309790000637e-01,7.516853809356689453e-01
7.259460091590000941e-01,9.086723923683166504e-01
7.123904824259998936e-01,7.302922010421752930e-01
9.326570034029998402e-01,7.578778862953186035e-01
6.544970273969999974e-01,9.069551229476928711e-01
4.987269937989999846e-01,6.798294782638549805e-01
9.782410264020000579e-01,6.130875349044799805e-01
5.593240261080000275e-01,9.731248021125793457e-01
8.733990192409999409e-01,6.042643785476684570e-01
6.232500076290000690e-01,9.035875797271728516e-01
6.319249868390000024e-01,6.599372625350952148e-01
8.335350155830000274e-01,7.095145583152770996e-01
8.613430261610000027e-01,8.417589664459228516e-01
1.036013007159999999e+00,8.366225361824035645e-01
6.160370111469999355e-01,9.628417491912841797e-01
9.874529838560001105e-01,6.361708045005798340e-01
6.686739921569999634e-01,9.725330471992492676e-01
6.455339789389999972e-01,6.720157861709594727e-01
1.007030010220000049e+00,7.191630601882934570e-01
7.763000130650000719e-01,9.691383838653564453e-01
9.358490109440000815e-01,7.602795362472534180e-01
6.626719832419999401e-01,9.198865890502929688e-01
1.113351941109999910e+00,6.867614388465881348e-01
5.495319962500000432e-01,1.053397893905639648e+00
9.273632764820001206e-01,5.686157941818237305e-01
8.215330243109999486e-01,9.368370175361633301e-01
9.193540215490000334e-01,7.885288596153259277e-01
6.899859905239998925e-01,8.987690210342407227e-01
6.497738957409999738e-01,7.171584367752075195e-01
9.705049991610000815e-01,7.180227637290954590e-01
8.034440279009998909e-01,9.484114646911621094e-01
8.920990228650002019e-01,7.838986515998840332e-01
7.462270259859999921e-01,8.811844587326049805e-01
1.495407462120000197e+00,7.479630708694458008e-01
7.597569823270000633e-01,1.316536188125610352e+00
9.677280187610000084e-01,6.883211731910705566e-01
1.126011013979999920e+00,9.751501679420471191e-01
7.641419768330000029e-01,1.041200876235961914e+00
1.423818945879999909e+00,7.852107882499694824e-01
8.309190273280000483e-01,1.316388368606567383e+00
5.316870212550000030e-01,7.964800596237182617e-01
6.942920088770000442e-01,6.856452226638793945e-01
1.097100019450000019e+00,8.153907060623168945e-01
8.623710274700000511e-01,1.075084328651428223e+00
9.711959958080000899e-01,8.418267369270324707e-01
7.501904964450000213e-01,9.585683941841125488e-01
5.659890174870000346e-01,7.658227086067199707e-01
7.235890030859999378e-01,6.566776037216186523e-01
1.088876962660000114e+00,7.836167812347412109e-01
2.614549994470000138e-01,1.010189652442932129e+00
1.923168003559999895e-01,3.652748465538024902e-01
2.048390060660000012e-01,4.428178668022155762e-01
3.752999901769999980e-01,4.325551390647888184e-01
1.878910064700000104e-01,5.567806363105773926e-01
4.178839921949999980e-01,3.942970633506774902e-01
6.128349900249999704e-01,5.916927456855773926e-01
4.822100102900000462e-01,6.891034245491027832e-01
8.136649727820000066e-01,5.725099444389343262e-01
8.997989892959999958e-01,8.313168287277221680e-01
7.667459845540000041e-01,8.276093602180480957e-01
6.762999892229999421e-01,7.306575179100036621e-01
9.804093837739999984e-01,6.871241927146911621e-01
1.075533032420000090e+00,9.206870198249816895e-01
6.459739804270000496e-01,9.534399509429931641e-01
7.601699829100000416e-01,6.506721973419189453e-01
8.707180023190000950e-01,7.996258139610290527e-01
1.045557022089999899e+00,8.535146117210388184e-01
4.832339882850000268e-01,9.790548682212829590e-01
1.085988998409999962e+00,5.518727898597717285e-01
7.320979833600000930e-01,1.066672682762145996e+00
7.128990292550000385e-01,7.100232839584350586e-01
1.045389056210000112e+00,7.702480554580688477e-01
7.359200119969999676e-01,9.897175431251525879e-01
8.956930041310000590e-01,7.192828655242919922e-01
8.745509982110000191e-01,8.882375359535217285e-01
9.237470030779999508e-01,8.381916284561157227e-01
9.997780323029999971e-01,8.825384974479675293e-01
1.739534020420000049e+00,9.245095849037170410e-01
8.107889890670000321e-01,1.457904696464538574e+00
7.049050331119999235e-01,6.974287629127502441e-01
8.328269720080000438e-01,7.792138457298278809e-01
8.276600241660000412e-01,8.603809475898742676e-01
8.953109979629999549e-01,8.452209234237670898e-01
1.459501028060000039e+00,9.020629525184631348e-01
1.179519057270000060e+00,1.296892404556274414e+00
1.443411946299999915e+00,1.022657990455627441e+00
1.306735038760000078e+00,1.259369611740112305e+00
7.634999752040000365e-01,1.104789733886718750e+00
1.145148038860000161e+00,7.287743687629699707e-01
7.253450155259999477e-01,1.072016000747680664e+00
7.633590102199999672e-01,7.146192193031311035e-01
6.174820065499999622e-01,8.186105489730834961e-01
1.029322981830000039e+00,6.985784173011779785e-01
1.302055954929999926e+00,1.023249745368957520e+00
3.164124965670000122e+00,1.152160048484802246e+00
9.734439849849999549e-01,2.460171699523925781e+00
1.229671001429999855e+00,6.555563807487487793e-01
7.441530227660000385e-01,1.174315929412841797e+00
1.063034057620000139e+00,7.304623723030090332e-01
1.123872041700000102e+00,1.049010634422302246e+00
8.984770178789999173e-01,1.046890497207641602e+00
7.175139784810000698e-01,9.027389287948608398e-01
5.367509722709999931e-01,8.092840909957885742e-01
1.175443053249999981e+00,6.920997500419616699e-01
1.101048946379999949e+00,1.160918474197387695e+00
5.734490156170000130e-01,9.787619709968566895e-01
1.431144952770000200e+00,6.263809204101562500e-01
1.037794947620000130e+00,1.300522804260253906e+00
6.568620204930000206e-01,8.911369442939758301e-01
1.074908018110000141e+00,6.998126506805419922e-01
1.385972023009999887e+00,1.027430415153503418e+00
1.004804968829999812e+00,1.187622904777526855e+00
1.609539985660000116e+00,8.926802277565002441e-01
2.817575931549999524e+00,1.387782096862792969e+00
1.962562561039999931e+00,2.154610872268676758e+00
1.279752016069999998e+00,1.417285203933715820e+00
1.995329976079999845e+00,1.090670228004455566e+00
2.033385992049999924e+00,1.652574539184570312e+00
1.307443976400000096e+00,1.594686627388000488e+00
1.611258029939999892e+00,1.125563621520996094e+00
2.040218114850000042e+00,1.432893037796020508e+00
2.183244943620000100e+00,1.687297344207763672e+00
1.351415991779999937e+00,1.764726161956787109e+00
7.242180109020001089e-01,1.173868536949157715e+00
1.363389015200000109e+00,8.021269440650939941e-01
1.526808977129999967e+00,1.297160744667053223e+00
1.784019589419999940e+00,1.334245085716247559e+00
1.103597044940000105e+00,1.508739113807678223e+00
1.763007998470000004e+00,9.888409376144409180e-01
1.157549023629999896e+00,1.547376394271850586e+00
1.153326034550000045e+00,1.014774084091186523e+00
2.362811088559999551e+00,1.100993871688842773e+00
2.580787897110000007e+00,1.922065138816833496e+00
1.242146968839999976e+00,1.933963418006896973e+00
1.712821006770000265e+00,1.016913414001464844e+00
6.676509976389999323e-01,1.514342784881591797e+00
8.271329998970000652e-01,6.899800300598144531e-01
9.642647504810000214e-01,9.410156011581420898e-01
1.394161701200000048e+00,9.901755452156066895e-01
7.584049701689999923e-01,1.286874294281005859e+00
6.900759935379999765e-01,7.874448299407958984e-01
6.740249991419999809e-01,8.308063149452209473e-01
8.615220189090000424e-01,7.792150974273681641e-01
7.907469868659999790e-01,8.913244605064392090e-01
7.285000085830000138e-01,8.116443157196044922e-01
2.411980032920000017e-01,7.703373432159423828e-01
3.354600071909999981e-01,4.209489524364471436e-01
5.912460088730000507e-01,5.500247478485107422e-01
1.058426976200000036e+00,7.016327381134033203e-01
7.669919729230000316e-01,1.004546523094177246e+00
5.881239771840000019e-01,7.324153780937194824e-01
5.922303199769999305e-01,6.534488797187805176e-01
8.753510117530000079e-01,6.628218889236450195e-01
7.038279771799998974e-01,8.620749115943908691e-01
5.677499771120000371e-01,6.981055736541748047e-01
7.133870124819999825e-01,6.335473656654357910e-01
1.077505946160000061e+00,7.576979994773864746e-01
6.909419894220000247e-01,1.005664467811584473e+00
7.724580168719999973e-01,6.866111755371093750e-01
7.237120270730000859e-01,8.071220517158508301e-01
9.752489924429997847e-01,7.441362738609313965e-01
9.151769876480000399e-01,9.417957067489624023e-01
7.574009895319999686e-01,8.622522354125976562e-01
6.912069916730000374e-01,7.615061998367309570e-01
1.183527946470000147e+00,7.297910451889038086e-01
7.705749869349999281e-01,1.092839479446411133e+00
8.947700262070000798e-01,7.299489378929138184e-01
6.143350005150000070e-01,8.888563513755798340e-01
7.692319750789999855e-01,6.578484177589416504e-01
9.070749878880000061e-01,8.212517499923706055e-01
4.068099856379999713e-01,8.930412530899047852e-01
5.138880014419999753e-01,5.218368172645568848e-01
2.481469959019999838e-01,6.725457310676574707e-01
2.568759918210000159e-01,4.475652873516082764e-01
5.980659723279999618e-01,4.952306151390075684e-01
5.981699824330000137e-01,7.227973341941833496e-01
8.801140189170000294e-01,6.736877560615539551e-01
1.085649013520000095e+00,8.818908929824829102e-01
9.920129775999999566e-01,9.815682768821716309e-01
8.743849992749999078e-01,8.846320509910583496e-01
8.770260214810000621e-01,8.082555532455444336e-01
1.008928894999999937e+00,8.246129751205444336e-01
8.088759779930000393e-01,9.196990728378295898e-01
6.714209914210000907e-01,7.751999497413635254e-01
7.449629902840000373e-01,7.248112559318542480e-01
6.942679882050000195e-01,7.996855378150939941e-01
1.001886010170000008e+00,7.566266655921936035e-01
7.935580015180000446e-01,9.885480403900146484e-01
8.450049161910000439e-01,7.902647256851196289e-01
8.031240105629999793e-01,8.602713346481323242e-01
5.744469761850000689e-01,8.109776377677917480e-01
5.679720044139999757e-01,6.535322666168212891e-01
4.538080096239999195e-01,6.748657226562500000e-01
8.494881391529999215e-01,5.843942165374755859e-01
4.064599871639999473e-01,8.903687000274658203e-01
2.453519999980000310e-01,5.096202492713928223e-01
2.323218107220000217e+00,4.659235179424285889e-01
2.027115583420000089e+00,1.992615699768066406e+00
1.581117987629999888e+00,1.515090346336364746e+00
1.727049946780000012e+00,1.319841980934143066e+00
1.150642037389999928e+00,1.478515148162841797e+00
1.607933998109999818e+00,1.078437924385070801e+00
1.331233978270000007e+00,1.518082857131958008e+00
1.221642017359999999e+00,1.283120751380920410e+00
1.583541989330000010e+00,1.270841956138610840e+00
1.608662128450000006e+00,1.545141100883483887e+00
2.185653924939999992e+00,1.531911253929138184e+00
2.989559888840000124e+00,1.931064844131469727e+00
7.574499845500000106e-01,2.414922952651977539e+00
1.811344027520000122e+00,7.731097936630249023e-01
1.527951955800000094e+00,1.792061924934387207e+00
8.892235755919999374e-01,1.423617362976074219e+00
