9.717460274700000511e-01,1.275982881273060698e+00
1.176299691200000108e+00,1.046545859555365166e+00
1.714609026910000056e+00,1.129253721903816343e+00
1.307337045669999975e+00,1.511322255229985423e+00
6.186890006069999393e-01,1.223943892694634661e+00
2.298435926440000276e+00,7.764031046231514299e-01
1.808241009709999902e+00,2.014636270196285661e+00
8.794149756429999742e-01,1.663216419842802329e+00
1.570945024490000064e+00,1.025562349625911862e+00
1.578516006470000121e+00,1.561751385661692693e+00
6.200309991839999535e-01,1.555872607283703246e+00
9.928810000419999726e-01,7.758289714435199214e-01
4.551869928839999413e-01,1.025951626568939234e+00
1.017398953439999865e+00,6.952074230455551618e-01
8.378469943999999892e-01,1.029104746229480227e+00
4.884769916529999589e-01,8.410769737533588808e-01
1.246340990070000210e+00,5.866917204363226723e-01
1.209630966189999990e+00,1.139515375853147106e+00
1.252451062200000020e+00,1.118400317064467187e+00
1.519726991650000025e+00,1.127263133879299994e+00
1.063797950739999942e+00,1.338139508660321830e+00
1.571495056150000069e+00,1.056011983385061193e+00
1.278105020519999968e+00,1.414650794777247311e+00
1.192077994349999948e+00,1.239027914973818145e+00
8.304439187050000060e-01,1.189740533378239373e+00
1.402015686039999931e+00,9.495420807067809221e-01
1.156504034999999986e+00,1.343061262619916540e+00
1.162554860120000200e+00,1.136809781148973020e+00
6.007519960399999581e-01,1.133706837620209296e+00
1.253835797310000055e+00,7.950116469516058659e-01
1.791844010350000183e+00,1.249807231038981392e+00
1.734062552449999961e+00,1.566025111051273289e+00
4.939970970150000085e+00,1.474904102593709077e+00
2.394351005549999911e+00,3.679913124236990019e+00
2.212575912479999740e+00,2.153929136135411149e+00
1.886527061460000043e+00,2.227247696057596649e+00
9.343829751010001017e-01,2.292631199667180208e+00
9.099829792980000942e-01,1.509172798206720678e+00
8.112999796870000724e-01,1.201347116079805266e+00
1.049708962440000004e+00,9.354853841112754642e-01
1.351788043980000076e+00,9.762870745012807161e-01
1.277305960659999906e+00,1.214845198481590227e+00
7.854449748989998925e-01,1.200583465993060317e+00
4.846229851250000165e-01,8.761510214328565027e-01
6.676359772680000582e-01,7.258454256805257909e-01
8.322510123249999836e-01,8.473593626426383363e-01
5.959370136259999340e-01,8.856167565797720131e-01
3.410890102390000123e-01,6.590299227824573114e-01
6.860110163689999707e-01,4.871938265415166058e-01
8.153510093690000682e-01,7.560734397613155799e-01
3.985430002210000322e-01,8.302339237961604557e-01
6.998159885410000225e-01,5.275412469010241079e-01
4.263690114019999533e-01,7.473200870466583101e-01
6.866139769550000382e-01,5.834151048350436630e-01
1.826770007609999913e-01,7.489804337915308974e-01
7.018824815749999946e-01,4.025255687176172437e-01
1.796682000159999681e+00,7.616755386510435377e-01
7.204269766809999753e-01,1.516866233702140354e+00
4.680640101429999755e-01,8.173198057932389293e-01
6.408870220180000743e-01,8.027368030298507318e-01
7.520520091060001189e-01,1.046768465711095608e+00
1.001817584040000098e+00,9.564209209198170081e-01
1.660804033279999814e+00,9.856281048878910989e-01
1.450595021250000061e+00,1.337481853091933237e+00
1.085010051729999869e+00,1.188965779965318603e+00
1.099555015560000015e+00,1.053193733396123877e+00
7.694180011750000325e-01,1.130053071768002404e+00
1.254430413249999932e+00,9.222593845888776842e-01
1.496320962910000052e+00,1.215104286655625865e+00
7.186369895940000196e-01,1.353834834797695397e+00
8.902019858359999649e-01,8.232923983070958851e-01
9.891759753229999452e-01,9.908435820095448099e-01
2.849014520649999938e+00,1.094951848218643997e+00
4.281075000759999583e+00,2.282659214067033204e+00
1.248739004139999942e+00,3.181883812552554591e+00
7.096589803699999699e-01,1.184816918873709657e+00
7.497439980509998936e-01,1.123411479288850767e+00
8.907449841499999188e-01,1.342273878248550156e+00
1.469527959819999952e+00,1.183938903750491267e+00
1.608888030049999918e+00,1.336212499868980608e+00
1.043460965159999976e+00,1.399914744213698103e+00
1.184751033780000018e+00,1.062874406574691788e+00
5.063725113870000127e-01,1.398840713797909752e+00
6.946156024930000283e-01,9.512905957616953900e-01
9.299110174179998634e-01,9.161262785343140536e-01
7.754629850390000190e-01,9.758525601711818265e-01
8.564696311949999696e-01,7.491030925268394869e-01
9.269009828569999554e-01,8.185705592225603899e-01
7.506660223010001021e-01,9.473162336245521953e-01
9.248849749570000611e-01,8.274597508059468032e-01
1.070162653919999984e+00,9.687269347892555338e-01
8.752880096439998869e-01,1.070722179331922819e+00
7.511039972310000756e-01,9.411217223467390758e-01
8.627579808239999037e-01,8.681359533421222352e-01
5.096570253369999692e-01,9.666689672021949731e-01
8.495249748229999343e-01,7.124050223598273890e-01
6.711369752879999817e-01,8.922136375939880848e-01
6.132180094720000030e-01,7.485185291941126584e-01
3.810549974440000098e-01,7.084032896258897205e-01
8.710420131680000067e-01,5.604277747809930377e-01
6.540319919589999698e-01,9.145560995472069576e-01
9.089673757550000843e-01,7.344202866772764349e-01
9.709029793739999414e-01,8.733272131890370549e-01
9.856920242310001079e-01,9.482676382311086005e-01
1.356256246570000101e+00,9.818608956392351761e-01
1.309872984889999925e+00,1.253510025898277203e+00
6.344919800760000506e-01,1.261773747515761546e+00
5.933508276940000492e-01,8.151860899068411603e-01
8.796380162239999523e-01,8.347230752979457602e-01
1.131836414339999930e+00,1.017888765464902479e+00
1.841274023059999765e+00,1.108385114830813478e+00
2.261745929719999992e+00,1.512610347015123091e+00
2.597975969309999744e+00,1.797528106398502690e+00
2.399192094800000064e+00,2.084520391831131469e+00
1.982298016549999931e+00,2.036533448673719882e+00
2.269547939300000206e+00,1.820353594986929169e+00
2.017889976500000238e+00,2.061416448367321408e+00
1.452262043950000026e+00,1.921370253595249489e+00
1.342797994609999934e+00,1.522444773018313269e+00
1.311915040020000145e+00,1.487628164635983463e+00
1.276762008670000226e+00,1.500644168097685194e+00
1.275267004970000118e+00,1.379207030027210790e+00
1.210446000100000141e+00,1.284831196035618017e+00
8.153480291369999966e-01,1.175920881695657227e+00
7.271119952200000291e-01,9.110714076433565900e-01
6.043019890790000126e-01,8.682008430752092831e-01
9.830358624459999417e-01,7.760674560321898507e-01
1.101529002189999940e+00,1.009271595361151519e+00
1.183724999429999869e+00,1.054001160205794596e+00
4.356400072569999726e-01,1.099028209791577559e+00
3.270040154459999959e-01,6.414417676256712886e-01
8.039849996569999879e-01,5.758116310526056880e-01
4.216859936710000145e-01,8.803865484491210092e-01
5.734559893609999515e-01,5.414702180616026705e-01
3.959457874300000291e-01,6.248569220508480848e-01
4.163750112060000119e-01,5.415408187400104767e-01
5.603970289230000290e-01,5.469084733525279018e-01
7.749050259590000156e-01,6.325932659065971464e-01
6.370840072629999629e-01,7.834572379816515664e-01
3.839260041709999793e-01,6.848804777475169248e-01
5.648739933969999516e-01,5.274168686074470758e-01
1.054715037350000051e+00,6.766697912028274420e-01
6.537709832190000681e-01,9.891068903598635442e-01
5.931029915809999942e-01,7.048796041754672448e-01
1.022608995439999946e+00,6.709652292109201666e-01
8.359869718549999273e-01,1.002216933570836188e+00
6.375340223309999832e-01,8.662228763669764797e-01
9.755985140799999789e-01,7.081479858322703436e-01
4.898079931740000337e-01,9.584386953868250236e-01
1.098647952079999879e+00,6.372829569117642867e-01
1.151165962220000116e+00,1.031785376144496835e+00
8.061249852179999120e-01,1.078522248198857225e+00
4.744769930839999872e-01,8.377878461020570322e-01
7.896029949189999897e-01,6.225040759550536373e-01
4.762530028819999539e-01,8.710870074456840140e-01
5.455229878430000179e-01,6.284307080036970472e-01
6.212809681889999158e-01,6.387496102042433677e-01
7.707700133319999036e-01,7.005319751821632579e-01
9.337069988249999675e-01,7.989290340375291288e-01
8.110550045970000843e-01,8.939761778826578187e-01
6.005529761310000048e-01,8.397573515947770462e-01
1.002521038060000036e+00,7.230798033063837726e-01
8.921650052069998171e-01,1.015464751667936705e+00
9.160850048070000584e-01,9.223427020891914463e-01
7.413420081139999729e-01,8.974200422977446356e-01
9.283249974250000758e-01,7.996211481336326088e-01
6.429409980770000033e-01,9.425825765246959032e-01
9.950090050700001187e-01,7.428698005543075134e-01
6.271365880970000140e-01,9.720503217162629328e-01
1.038689017300000073e+00,7.463701401699880389e-01
6.888009905820000611e-01,1.018624363471892336e+00
5.214130282399999095e-01,7.691254080262039938e-01
6.510270237919999481e-01,6.554649642279454236e-01
1.159701943399999990e+00,7.580816766430263920e-01
6.456400156020000169e-01,1.079295667313821427e+00
1.195862650870000099e+00,7.204250617735479256e-01
1.304703950880000018e+00,1.111538561359176613e+00
8.844429850579998975e-01,1.217586268242783376e+00
7.697709798810000725e-01,9.524129785324566555e-01
7.702100276950000213e-01,9.004884651793592099e-01
6.418280005459999771e-01,9.414346045914435690e-01
8.937159776689999058e-01,7.919640744336217120e-01
5.247250199319999364e-01,9.233524733617454183e-01
5.142210125920000374e-01,6.294282650365279341e-01
7.172748446459999982e-01,6.355372875547093958e-01
6.410769820210000525e-01,7.961458006499194662e-01
4.689820110800000941e-01,7.412417408055340662e-01
1.203750014310000171e+00,6.041085233497599516e-01
7.911959886550000709e-01,1.147570086445680149e+00
1.136301159859999910e+00,8.718430889057712241e-01
8.642929792399999256e-01,1.080340092983688827e+00
8.814030289650001126e-01,9.427425729653968745e-01
5.817409753800000249e-01,9.660390829097889043e-01
8.651199936869999885e-01,7.664441909924318841e-01
9.078124761579999813e-01,9.331564151829957465e-01
7.377740144730000615e-01,9.159484145446460390e-01
1.120375037189999867e+00,7.598360176649197051e-01
9.422479867940000142e-01,1.026810155712826189e+00
1.060060024260000011e+00,9.443996820649201984e-01
7.158420085910000008e-01,1.009103526056830624e+00
4.040209949019999969e-01,7.823979430260352697e-01
2.920779883859999648e-01,5.872799481244999065e-01
6.317924261089999938e-01,5.121484037590777749e-01
1.124665260310000026e+00,7.167989157212131257e-01
1.115690946580000009e+00,9.970821413212348494e-01
1.247418999670000028e+00,9.885480741665707560e-01
6.976169943809999996e-01,1.117683161588772567e+00
3.693974971769999893e+00,8.036314092321374947e-01
8.204839825630000361e-01,2.839483948179682304e+00
8.573070168499999921e-01,9.787381903777228054e-01
6.902359724040000311e-01,1.102941504444374887e+00
8.385969996449998964e-01,1.266219318406440975e+00
1.287726998329999928e+00,1.287333285180614295e+00
9.632229804989999034e-01,1.281207083908669553e+00
1.343299984930000024e+00,9.680482812493365063e-01
7.316169738770000874e-01,1.155600338755829348e+00
6.809219717980000697e-01,8.576085246846277821e-01
7.014784216880000089e-01,8.484598653055652751e-01
6.698030233380000142e-01,8.258774485916742236e-01
1.365643024439999964e+00,7.617839740923275649e-01
9.781420230869999344e-01,1.176886598669408368e+00
6.786789894100000442e-01,9.474825405148409319e-01
5.976330041890000055e-01,7.787874488329941114e-01
8.193774819369999962e-01,7.780568686136186685e-01
7.911109924320000042e-01,9.348533178076300354e-01
1.044147372249999872e+00,8.601306598391253999e-01
1.400015950200000026e+00,1.001166880678272975e+00
8.748620152470000244e-01,1.261568192829100710e+00
6.228179931639999944e-01,9.231626514349449142e-01
7.164059877399998610e-01,7.851770102386168571e-01
6.523500084880000660e-01,8.608384548881575782e-01
9.379299879070001067e-01,7.806013277886989510e-01
5.936999917030000296e-01,9.066410651777444540e-01
5.393440127369999448e-01,6.662511077915660440e-01
9.370089769359999377e-01,6.517156663113135018e-01
8.087720274930000341e-01,9.409302811542760159e-01
5.654280185700000239e-01,8.405602248179802061e-01
6.020820140839999723e-01,6.611973352319850949e-01
1.146679997439999932e+00,7.100916717881138318e-01
9.824249744419999431e-01,1.083090022361726135e+00
5.671510100359999917e-01,9.396890588542261558e-01
7.866399884220000027e-01,6.726814042696417362e-01
7.388439774510000557e-01,8.701138785494816341e-01
6.810299754140000106e-01,8.345605937504990690e-01
7.086979746820000203e-01,7.422250654166301365e-01
6.642330288889999323e-01,7.516890712847883460e-01
5.124790072439999733e-01,7.385262583314775586e-01
6.040380001070000393e-01,6.345802033931873254e-01
6.728799939159999521e-01,6.956088177068880940e-01
8.265414834020000656e-01,7.423786279417575740e-01
4.546860158440000355e-01,8.415553521625859235e-01
5.594509840010000179e-01,5.816780022650858140e-01
1.332218050960000122e-01,6.724926942842558431e-01
1.633069962260000063e-01,3.828226898495189490e-01
1.797860413789999778e-01,3.890100196292198276e-01
5.747918486599999932e-01,3.623724310300733276e-01
8.508148789409999413e-01,6.036161758673215250e-01
8.527640104289999634e-01,7.759149312707812607e-01
1.687628030779999788e+00,8.034165145380193218e-01
2.149522066120000297e+00,1.373501587440955962e+00
8.122850060459999577e-01,1.727578052233367911e+00
1.239639997479999867e+00,8.589962263392202368e-01
2.128437280650000041e+00,1.281931099547477082e+00
2.139239072800000141e+00,1.934763270031170102e+00
9.779880046840000452e-01,1.873360268400249273e+00
6.937779784199998856e-01,1.007600546924863005e+00
7.218790054320000094e-01,9.550788460570063254e-01
7.631160020829999002e-01,1.035356147380739333e+00
8.565329909319999713e-01,9.338423126239467909e-01
1.109338045120000116e+00,8.611673846916331199e-01
6.476340293879999654e-01,9.972552778668620777e-01
9.241870045659998922e-01,7.118541221231202698e-01
7.877320051189998784e-01,9.375696821496756206e-01
1.305567026139999864e+00,8.650111105934285005e-01
9.107710123059999940e-01,1.197332172592240784e+00
8.699640035629999657e-01,9.270065627589452184e-01
5.743020176890000217e-01,9.149667216021982741e-01
8.599532246590000373e-01,7.341551799399855804e-01
4.775849878790000003e-01,9.281885098803639433e-01
1.108017444610000179e+00,6.245173459645101399e-01
1.290724992749999966e+00,1.019267023052137677e+00
8.591579794879999898e-01,1.182863767234226371e+00
3.058980107309999807e-01,8.912832468435094579e-01
9.039019942279999942e-01,5.705687525831508733e-01
6.352750062940000220e-01,1.010044286433250837e+00
1.023422956470000145e+00,7.413423648298671509e-01
6.730669736859999919e-01,9.377241106533662496e-01
8.504790067669999454e-01,7.214567662723341268e-01
5.141969919200000128e-01,8.679814579692894938e-01
1.527956604959999964e+00,6.625811625049459197e-01
4.094385623930000051e+00,1.333230600028516788e+00
9.952359795569999390e-01,3.047047981348796952e+00
8.670449852940000923e-01,1.048164164509496787e+00
1.141056060789999993e+00,1.211041660576496426e+00
1.622257947919999888e+00,1.704784265494042828e+00
1.980204939840000566e+00,1.833007568699061229e+00
1.375547051430000112e+00,1.761084147046989123e+00
1.851865053180000054e+00,1.230345982297973428e+00
1.420923948290000016e+00,1.580275555290100886e+00
1.589177966120000285e+00,1.397318274835594565e+00
1.673199415210000041e+00,1.534865358101266342e+00
2.123934030530000072e+00,1.567527081139272527e+00
1.648401975629999905e+00,1.892768547777017973e+00
1.204741954800000014e+00,1.548797555275210236e+00
7.920839786529999538e-01,1.342376840922364423e+00
1.227027416229999890e+00,1.098796774803087795e+00
1.226951003070000157e+00,1.302744529210778435e+00
1.131343960759999989e+00,1.202322823405787444e+00
1.252465009690000075e+00,1.037666982235218915e+00
1.116891980170000132e+00,1.140999353085508705e+00
1.122387051579999850e+00,1.101327092917565809e+00
1.040153026579999862e+00,1.086851656438800884e+00
8.091310262680000420e-01,1.040572665105482075e+00
7.681059837340000751e-01,8.937782225056484231e-01
7.982919812199998910e-01,8.579377961788694495e-01
7.666722536090000428e-01,8.706121601658373121e-01
1.057360053060000027e+00,8.292214971382600996e-01
8.607699871060000563e-01,9.986570430927649289e-01
1.070777058600000053e+00,8.681224224219304952e-01
5.301510095600000527e-01,1.017413035939684907e+00
6.604189872739999467e-01,6.660521078351206992e-01
9.909179806709998983e-01,7.613086545077272227e-01
3.561530113220000016e-01,9.840276730215632428e-01
9.618239998820000691e-01,5.387878524108288270e-01
1.244829058649999931e+00,9.410144442399968057e-01
8.381230235100001202e-01,1.134012833924828323e+00
9.245989918709998090e-01,8.492844939079186029e-01
8.131660223010001021e-01,9.139667330287323255e-01
1.003061056139999963e+00,8.934864117953522644e-01
8.752340078350000496e-01,1.013594229694511739e+00
7.991399765009998823e-01,8.862573398140649594e-01
8.812961578369999938e-01,8.382521400974382031e-01
1.063080191609999892e+00,8.995670277562541894e-01
9.057049751279999672e-01,1.013264866395346075e+00
6.909559965129999926e-01,8.990050939182602230e-01
1.355970025060000195e+00,7.629103625732328586e-01
7.572399973869999856e-01,1.240878186553354023e+00
2.043754577640000125e+00,8.353729387880349799e-01
8.576130270960000690e-01,1.671124306179645025e+00
2.364957094190000220e+00,9.365193228546252469e-01
4.179231166840000178e+00,1.953547387458895557e+00
2.233561992649999883e+00,3.184341007391905620e+00
8.013390302660000630e-01,1.872164946915527706e+00
8.372840285299999463e-01,9.442738813684325994e-01
8.851529955859999133e-01,1.217944804791942559e+00
9.040349721909999303e-01,1.207839402949984375e+00
1.302939534190000082e+00,1.002826879143289274e+00
7.228699922560000157e-01,1.116053656483304790e+00
8.009120225910000279e-01,7.506789919100441688e-01
1.032919287679999965e+00,8.743349000409664784e-01
1.321628212929999879e+00,1.049981682968179841e+00
9.367759823799999275e-01,1.228414012616557693e+00
7.007700204850000336e-01,9.254275818974682100e-01
7.624319791789999634e-01,8.039398886353387175e-01
1.144938945770000105e+00,8.892975362125618011e-01
7.721610069269999599e-01,1.123658112199980463e+00
8.772150278090000697e-01,8.272409575459939157e-01
1.243505001070000171e+00,8.694345388854961554e-01
6.381840109830000385e-01,1.147520690598609949e+00
7.468199729919999807e-01,7.758041725894707641e-01
6.839929819109999976e-01,8.420603045061981762e-01
1.419505119320000119e+00,8.516874572950843270e-01
6.141470074649999500e-01,1.318131516703143769e+00
7.347676754000000976e-01,7.181934657975285186e-01
6.770560145379999062e-01,8.003115418419941562e-01
1.074026942249999950e+00,8.195205415720653308e-01
6.156389713290000287e-01,1.087548814965105581e+00
9.692379832269999440e-01,7.083267101836326907e-01
9.916120171550001361e-01,9.323698346736357667e-01
8.089560270310000023e-01,9.642645869502490807e-01
2.435143947599999859e+00,8.369372965858705715e-01
8.223479986189999869e-01,1.955639097822988948e+00
5.938220024110000272e-01,9.114004124994612432e-01
5.762249827380000466e-01,8.404389257289863746e-01
4.224239885809999429e-01,9.475618461252328650e-01
6.765879988670000511e-01,7.227985975453409262e-01
5.520349740979999531e-01,7.646390738326902525e-01
9.015229940410001142e-01,5.990782890006697281e-01
7.489960193629999763e-01,8.305189275807300930e-01
8.627583980560000754e-01,7.884131152123501352e-01
9.480749964710000199e-01,8.703977222873682251e-01
1.055613875389999956e+00,9.571014180313343056e-01
1.970020055770000278e+00,1.032918367625461409e+00
9.391199946399999554e-01,1.667880994250855009e+00
1.009042978289999892e+00,9.870937608780786521e-01
7.824029922490001177e-01,1.092207342079695165e+00
1.016265034679999957e+00,9.884799819001610643e-01
8.782749772069999850e-01,1.100573326894014548e+00
7.353619933130000064e-01,8.952392738325217758e-01
1.109990954399999952e+00,7.701342424053556623e-01
7.727199792860000027e-01,1.052110709422314772e+00
1.164981961250000086e+00,8.305409762785928018e-01
7.157210111620000426e-01,1.075813872843562446e+00
1.475479006770000101e+00,7.955827649336789653e-01
8.354520201680000202e-01,1.311398711669911732e+00
7.344660162930000125e-01,9.028674689630846739e-01
7.861927747729999805e-01,8.504676330901382864e-01
1.143465042110000107e+00,8.884177840911209323e-01
9.246990084650000830e-01,1.130605623159183448e+00
2.958764553069999970e+00,9.067749934205718843e-01
2.138324022289999959e+00,2.273357278210101473e+00
2.038712024690000124e+00,1.795839608914852947e+00
1.480209946629999829e+00,1.766738098030130377e+00
9.367650747299998137e-01,1.586955075879412647e+00
1.715939760209999942e+00,1.257301567517506991e+00
1.001402020450000041e+00,1.678314458444193802e+00
8.896229863169999863e-01,1.098619236795881138e+00
7.492939829829999843e-01,9.513040463317127271e-01
1.115183949470000213e+00,8.997570538597893242e-01
9.457820057870001129e-01,1.134877391025703064e+00
6.452180147170000213e-01,9.484004902399063575e-01
1.164842009540000056e+00,7.372972746539465660e-01
1.244351029399999975e+00,1.127225302736280188e+00
9.045109748840000075e-01,1.183853982562700358e+00
5.575259923929999362e-01,8.994968798981982649e-01
5.778343677520000332e-01,6.873097177348479470e-01
7.199835777280000348e-01,7.572071252280945242e-01
7.607790231700000128e-01,8.475455784146770366e-01
5.404400229450000426e-01,8.368824690680382039e-01
8.009672760959999360e-01,6.777814369456461874e-01
7.710149884220000027e-01,8.631956815055135124e-01
6.709719896319999988e-01,8.449623148850352594e-01
2.768970489500000021e+00,7.621427326991123685e-01
3.086133003230000060e+00,2.186802298527067201e+00
1.116358041760000086e+00,2.440745437390443140e+00
1.018260955809999979e+00,1.179174046277085219e+00
7.442610263819999794e-01,1.371329293279381911e+00
1.114386796949999869e+00,1.304889496097935808e+00
1.380516409870000238e+00,1.373704218006683853e+00
1.229098439219999950e+00,1.373265796625440904e+00
1.573238968849999919e+00,1.184870744719290103e+00
1.245597958560000107e+00,1.445877228663010383e+00
8.298619985580000247e-01,1.298627869002595192e+00
5.376980304720000436e-01,1.036821655863872316e+00
8.593800067899999284e-01,8.274284262680772217e-01
7.949647903440000274e-01,1.016853779718598361e+00
8.122889995569999577e-01,8.749622152351038684e-01
1.209460973739999945e+00,8.322979837884338927e-01
1.043611049649999956e+00,1.105121374819565183e+00
9.914460182190000248e-01,1.028288553826377072e+00
1.377645969390000058e+00,9.879005407035380548e-01
7.495359778399999229e-01,1.253212882800701200e+00
7.549669742579999676e-01,8.483878038258880760e-01
8.522210121150000095e-01,8.482280236993506861e-01
1.312628030780000010e+00,9.347399494355518312e-01
9.499999880790001017e-01,1.226583227167901580e+00
8.433979749680000637e-01,9.377297030902638220e-01
6.329939961430000039e-01,8.836823394019190925e-01
6.848490238189999246e-01,7.879180591815165835e-01
8.296039700509999504e-01,8.237834700675099597e-01
1.117776036259999994e+00,8.707998666136498311e-01
1.060515046120000138e+00,1.068107196143127213e+00
9.966710209849999336e-01,1.031746550679778718e+00
6.726049780850000825e-01,1.020129997037991565e+00
8.499810099600000335e-01,8.205038397784930604e-01
7.929700016980000266e-01,9.360474008554324765e-01
7.509549856190000927e-01,8.450124059248238506e-01
9.556260704989999466e-01,8.028337119373705200e-01
6.085839867589999397e-01,9.446809535475791941e-01
7.782499790189999489e-01,7.078774605958443322e-01
5.098140239720000411e-01,8.190070400747099244e-01
6.364319920540000286e-01,6.517281466511644084e-01
6.015599966049999248e-01,7.426549264546992157e-01
6.556333899499999784e-01,7.026817265391204215e-01
6.385549902920000243e-01,7.334070746349433678e-01
8.762890100480000832e-01,7.164903492523431172e-01
7.967479825020000739e-01,8.848331143382006658e-01
6.824830174449999509e-01,8.430619976716747788e-01
8.025500178340000401e-01,7.719391819229262097e-01
7.950311899190000142e-01,8.556933594280567990e-01
1.584897041320000088e+00,8.519025716281803939e-01
1.017485976220000143e+00,1.374593627762454640e+00
9.177780151369999695e-01,9.941596559405533329e-01
1.230221033100000083e+00,9.687553976840722614e-01
1.027899026870000121e+00,1.236594491123725437e+00
9.125559926030000213e-01,1.081587589367257962e+00
7.935979962350000472e-01,9.690236243267209559e-01
1.030437946320000187e+00,9.061234791547925216e-01
5.325379967690000438e-01,1.055891342004551925e+00
6.127780079839999505e-01,6.977778156932931131e-01
8.741289973260000234e-01,7.429242685345579522e-01
3.667230010029999820e-01,9.141597356873516489e-01
7.391750216480000857e-01,5.513064022234692718e-01
5.604230165479999748e-01,7.830018534093124982e-01
7.758178114889999755e-01,6.751887300794827684e-01
8.102909922600001202e-01,8.147332798140642929e-01
6.437510252000000488e-01,8.397865766307101021e-01
7.236457467079999706e-01,7.354617130157641292e-01
9.113870263100001257e-01,8.107772160413030393e-01
6.627830266949999993e-01,9.598192541644009479e-01
1.002035975460000117e+00,7.845200595055185078e-01
8.224419951440000709e-01,1.029594939452371127e+00
1.030576944350000135e+00,9.417021496206009479e-01
6.781139969830000114e-01,1.070758865395257109e+00
5.333459973340000104e-01,8.464373015016348756e-01
3.209959864620000047e-01,7.187340687769439018e-01
7.608630061149999069e-01,5.532361009581554523e-01
7.439860105509998878e-01,8.128020490503984341e-01
5.468400120740000148e-01,7.629206294072252703e-01
7.004669904709999173e-01,6.363589711096031554e-01
8.356525897980000561e-01,7.562446529010157237e-01
1.274258971210000091e+00,8.585583770861812125e-01
8.934450149539999719e-01,1.163957199004242771e+00
6.211659908290000365e-01,9.216827583744016117e-01
7.900159955019999680e-01,7.986239359603670707e-01
1.067494988440000014e+00,9.482664568031633490e-01
6.698009967800000464e-01,1.106269566017811901e+00
1.265694975850000015e+00,7.744639832005019153e-01
6.380620002750000408e-01,1.187620930663616070e+00
9.348030090330000652e-01,7.883558101500848236e-01
8.006410002709999363e-01,9.755815473868911791e-01
1.085708975790000030e+00,8.748831908202342467e-01
3.527039885520000251e-01,1.075229267456402349e+00
5.883709788319999578e-01,5.452331533819220200e-01
4.875420033929999120e-01,7.382654409469813217e-01
4.636880159380000199e-01,6.586410702083715929e-01
3.637039959430000136e-01,6.134207297750396970e-01
8.750243186949999696e-01,5.050439259402149661e-01
6.435279846190000708e-01,8.473524387549421499e-01
4.834130108360000233e-01,7.087727908151982836e-01
2.120890021319999930e-01,5.975562426906778635e-01
4.560469985010000560e-01,4.628613920853748009e-01
4.367910027499999903e-01,6.329711013952814547e-01
7.238804101939999569e-01,5.610972169506494023e-01
5.560690164570000205e-01,7.363132178700216857e-01
4.748429954049999679e-01,6.378763992062689292e-01
2.674640119080000100e-01,6.013244811987381588e-01
9.588437080380001198e-01,4.765900871566275399e-01
7.868980169300000549e-01,9.451310475087866259e-01
1.794360995290000149e+00,7.879257262836215636e-01
1.337677955630000026e+00,1.459986391042662923e+00
1.210453987120000185e+00,1.206097075758264747e+00
5.654799938200000264e-01,1.150752692136698396e+00
4.008429944520000565e-01,7.718259249495953433e-01
2.727654874320000200e-01,6.755492445521280587e-01
5.836449861529999783e-01,5.307807749026531852e-01
8.533802628519999711e-01,6.841644370106194639e-01
8.660610318179999823e-01,8.006920463485533990e-01
1.158349990839999899e+00,8.248200851840631342e-01
7.764859795569999390e-01,1.045121844049701654e+00
1.068807005880000105e+00,8.144625965087621822e-01
5.888479948040000744e-01,1.032470005094096477e+00
1.588868498799999918e+00,7.344881296622484124e-01
4.327859878540000205e-01,1.412810985347422221e+00
3.996030092239999942e-01,6.466831287607197609e-01
5.545349717140000134e-01,6.751291537760892858e-01
6.221979856490000849e-01,8.297920219206947889e-01
1.149551987649999996e+00,8.056228711098711859e-01
1.121260046960000034e+00,1.067279281963455340e+00
9.776459932329999436e-01,9.858425744568060090e-01
1.732741951940000025e+00,9.110616833724969332e-01
2.302707910540000125e+00,1.481660801609549161e+00
1.053477048870000043e+00,1.859417115656500030e+00
7.962800264360000435e-01,1.041082501536733096e+00
5.203329920770000117e-01,9.420973273959428740e-01
6.104800105090000262e-01,8.440654088972282532e-01
4.453057944770000276e-01,8.411826457550721781e-01
6.522138714790000069e-01,6.069847810070552185e-01
1.175541162490000069e+00,6.935918038974359101e-01
1.032202124599999937e+00,1.047713258728039998e+00
7.193930149079998948e-01,9.820952410913685870e-01
8.200139999390000378e-01,8.165732259492093359e-01
9.497330188750000568e-01,9.386120112506394220e-01
1.039114952089999822e+00,1.039375630757252811e+00
5.883830189700000046e-01,1.053954806478679451e+00
9.508559703829998488e-01,7.303226778844628120e-01
5.277600288389999728e-01,9.814713813868143344e-01
7.736063003540000205e-01,6.840008938896081636e-01
9.703559875489998765e-01,8.241136546907696925e-01
1.383889913560000018e+00,9.626850072621589982e-01
7.795230150220000542e-01,1.223900817075321168e+00
6.069999933240000090e-01,8.497533251225317663e-01
4.660570025440000097e-01,7.789261661268350734e-01
9.455270171170000459e-01,7.419054293985222204e-01
6.238729953770000280e-01,1.044138489437498318e+00
3.923240005969999555e-01,7.248261076560847949e-01
5.156549811360000568e-01,5.278822742211998209e-01
9.679385423660000765e-01,6.223760322338313111e-01
1.356565952299999989e+00,9.356056640672349989e-01
9.072690010070000310e-01,1.178595883637034714e+00
8.162760138510000152e-01,8.644947133496222458e-01
2.479866981509999846e+00,8.714835105466915977e-01
1.133080005649999888e+00,2.038345048753713140e+00
1.045583963389999926e+00,1.130483175174040289e+00
8.474370241169999485e-01,1.093718512287183309e+00
1.536522984499999911e+00,1.101500394878353051e+00
9.008989930149998715e-01,1.551878962722751609e+00
4.812009930610000596e-01,9.874358968068253084e-01
8.572540283199999722e-01,6.730877279475249164e-01
8.617479801180000232e-01,9.637594078922648855e-01
1.008694052699999899e+00,9.608809767294638204e-01
1.127727031710000105e+00,9.722769030762934417e-01
7.795569896699999779e-01,1.038405091124531499e+00
9.895502924920001053e-01,8.347779624282818389e-01
8.363329768179998958e-01,9.790641205625475463e-01
9.099559783939998869e-01,8.992779273325448575e-01
5.511059761050000061e-01,9.361678067308557560e-01
1.239764332770000088e+00,6.897008147262632116e-01
1.211838960649999963e+00,1.155278851453435340e+00
1.379981994630000042e+00,1.115909949804395840e+00
1.148460984229999982e+00,1.213856329400558876e+00
7.663900256160000035e-01,1.117379496291747376e+00
9.660840034479999394e-01,9.069859920701349720e-01
8.156750202179999798e-01,1.050089593058923354e+00
1.142272949220000111e+00,9.297875388880612046e-01
1.299479961400000105e+00,1.087758750168848154e+00
8.583310246469999516e-01,1.162509848079237074e+00
7.149469852449999996e-01,8.828764311147365706e-01
8.764400482179999230e-01,8.225990324473674287e-01
8.305460214609999836e-01,9.449805020890450491e-01
8.535240292550000385e-01,8.936747063876685493e-01
9.092410206789999227e-01,8.584766350627949238e-01
5.202720165249999917e-01,9.035005067610298868e-01
7.411040067669999454e-01,6.581369201695002058e-01
5.853319764140000325e-01,8.064651190424957372e-01
5.047770142559999673e-01,6.992478332895728510e-01
5.519493222240000607e-01,6.361385156426515586e-01
9.697520136830000137e-01,6.598755838604610791e-01
1.116515994070000017e+00,9.351390538505220951e-01
1.049844980239999837e+00,1.011170440008742677e+00
6.342629790310000404e-01,9.785846139740325134e-01
5.644329786300000817e-01,7.406184691951404053e-01
9.184709787370000100e-01,7.219702882849607928e-01
9.593539834020000656e-01,9.515282414772975317e-01
5.984159708020000412e-01,9.478912839063998730e-01
9.383450150489999197e-01,6.725127720987938984e-01
4.542250037189999867e-01,9.352497212512187463e-01
7.079470157619999204e-01,6.315652174492232263e-01
3.876500129699999575e-01,7.819961902886100047e-01
4.484339952470000057e-01,5.516097517966493946e-01
8.405709862710000202e-01,5.895892546190765193e-01
5.337110161779999862e-01,8.286495003871645615e-01
7.211350202559999589e-01,6.141663027103324568e-01
5.215386152269999576e-01,7.486625925469916343e-01
7.050759792330000275e-01,6.342243078875328122e-01
6.405649781229999506e-01,7.680192283892123273e-01
5.168589949609999623e-01,7.032544048647645374e-01
1.660409450529999997e+00,6.375077417823545867e-01
2.465307950970000217e+00,1.393228286416827943e+00
1.622156023979999917e+00,1.916150114603536680e+00
1.866270065310000170e+00,1.358849710609309147e+00
3.623536109919999415e+00,1.620751490897154312e+00
7.948709726329999947e-01,2.905688964222477910e+00
9.065989851950000400e-01,1.018194026069134006e+00
8.571879863740000660e-01,1.139815412214390866e+00
7.756379842759999477e-01,1.313279383261411137e+00
7.006700038909999817e-01,1.153086323685838410e+00
6.443409919740000769e-01,8.713081423924341484e-01
7.579550147059999077e-01,7.427482923642512169e-01
5.499600172040000068e-01,7.621503759011823975e-01
4.964669942859999408e-01,6.405825162558913544e-01
1.367677569390000070e+00,6.158895186035397984e-01
1.397894024850000250e+00,1.198090447772851785e+00
8.148130178450000427e-01,1.268431361154881643e+00
1.278898954390000009e+00,8.966198600608928926e-01
8.623980283740000363e-01,1.359392037202483916e+00
1.093865990639999897e+00,1.110619025205564325e+00
8.134710192680000285e-01,1.159417072315594988e+00
1.466687083240000078e+00,9.028834135642681558e-01
9.060310125349999577e-01,1.286221608133717664e+00
7.652140259739999006e-01,9.444716531739125731e-01
1.311033964160000176e+00,8.955130249222705840e-01
7.892500162119999718e-01,1.313997256740819131e+00
1.474902033810000068e+00,9.472860317496570870e-01
9.167850017550001063e-01,1.330760379447772257e+00
1.186140060420000086e+00,9.670367011864050566e-01
1.411391973500000008e+00,1.158741256129854680e+00
2.092472076419999993e+00,1.321138537065543517e+00
7.189220190049999681e-01,1.773551191923996795e+00
1.301861047739999888e+00,7.998647999153711829e-01
1.268974781040000055e+00,1.262281515423836931e+00
1.221997022629999874e+00,1.290631448453211538e+00
9.061110019680000960e-01,1.234342065738617489e+00
1.078873991970000112e+00,9.589616754251067965e-01
1.028025031089999874e+00,1.122941903586084589e+00
7.863690257070000689e-01,1.079875356860006796e+00
1.276852965350000035e+00,8.768302785964686707e-01
7.093420028689999546e-01,1.171577000709108640e+00
5.201929807659999572e-01,7.960017045502311150e-01
5.645610094070000473e-01,6.648751550026387180e-01
9.855200052259999177e-01,7.112816573859662705e-01
1.092841982840000004e+00,9.742200253596612347e-01
4.786899983879999709e-01,1.005309668817490065e+00
3.955059945579999514e-01,5.979481630647813795e-01
1.850703001020000071e+00,6.063010870996697887e-01
1.195796012879999815e+00,1.616847786828051303e+00
1.702510833739999896e+00,1.131488733711463190e+00
2.998351097109999586e+00,1.451509232898238189e+00
2.407080888749999925e+00,2.402969869216235121e+00
2.585943937299999718e+00,2.024306258397218894e+00
2.233839035029999920e+00,2.132635672743838473e+00
1.655773043629999997e+00,2.034265606193877307e+00
1.430611014370000156e+00,1.695827534026186356e+00
8.921740055079999676e-01,1.537481198516701175e+00
1.231696963309999893e+00,1.140850347447372348e+00
8.955079913140001624e-01,1.298550182742974402e+00
1.602033019070000064e+00,9.678387109329645854e-01
1.585399031639999956e+00,1.407709093618931595e+00
1.232059955600000034e+00,1.406194244724116471e+00
1.210371017459999976e+00,1.192958134474227272e+00
1.242141008379999967e+00,1.202909998262574831e+00
9.857040047650000858e-01,1.254125836146102291e+00
7.289689779279999726e-01,1.043212074273502710e+00
6.761519908910000876e-01,8.454793364881066919e-01
1.071573019029999907e+00,8.261431668534102712e-01
9.457439780239998983e-01,1.074304591767091033e+00
4.376370012759999706e-01,9.579222986491936487e-01
5.141820311550000522e-01,6.153116979803053832e-01
3.387190103530000052e-01,7.066532292240395030e-01
7.144280076029999593e-01,5.772529910632109296e-01
4.996199905870000180e-01,8.008406076151198816e-01
7.917379736899999854e-01,6.155461969265064726e-01
8.646243214609999894e-01,8.115713676573019786e-01
6.024960279459999901e-01,8.761482147896804129e-01
1.260069966320000123e+00,7.056697444621085058e-01
1.012339949610000067e+00,1.136959137907803674e+00
1.004528999329999950e+00,9.952997642409008305e-01
6.310235261919999727e-01,9.948823310422608701e-01
1.141221046449999887e+00,7.672725927060720652e-01
5.426099896430000014e-01,1.144043068825498555e+00
8.547459840769999762e-01,7.068989347918220867e-01
7.744219899179999311e-01,9.341093666229700609e-01
3.084340095520000102e-01,8.774888471908506293e-01
8.376209735870000506e-01,5.391733599424128887e-01
7.293469905850000767e-01,8.782657630372392443e-01
7.503905892370000830e-01,7.965077713632344736e-01
1.134822010990000019e+00,7.967044836418715192e-01
1.614240050320000064e+00,1.063248362189906482e+00
1.244793057440000128e+00,1.397825654884597979e+00
7.141630053519999466e-01,1.177239216078052930e+00
7.293040156360000026e-01,8.643210538753124395e-01
6.486989855770000091e-01,9.137145062855458466e-01
3.427990078929999962e-01,8.629285190543507511e-01
3.861860036850000011e-01,5.614222469916685387e-01
6.366299986840000535e-01,5.705587356747853223e-01
3.990480005740000280e-01,7.348058394600138765e-01
4.178859889509999870e-01,5.429359093567456274e-01
1.103790521619999909e+00,5.452270489186856750e-01
6.956189870829999622e-01,1.016525112835898970e+00
8.070139884950000564e-01,7.477326764000017389e-01
5.947690010070000310e-01,8.160092911315923736e-01
1.107607960700000005e+00,7.269613282798595977e-01
9.713580012320000012e-01,1.089597817867305807e+00
7.170349955560000321e-01,9.541739390604712101e-01
6.764810085300000386e-01,7.948349870207752632e-01
1.687772989270000190e+00,7.870660443069834589e-01
9.907569885250000485e-01,1.478141209316775839e+00
8.082039952280000161e-01,9.646765110919495179e-01
1.087718963619999979e+00,8.579846302698408422e-01
1.564818024639999861e+00,1.126264911181293238e+00
6.673809885979999912e-01,1.441449575197659705e+00
1.256489992140000123e+00,7.713480152301630532e-01
1.091886043549999963e+00,1.202265159794904337e+00
7.375509738919999725e-01,1.142314883321113195e+00
6.224380135540000802e-01,8.719581710884093395e-01
8.364729881290000613e-01,7.669294881158691402e-01
5.774260163309999916e-01,9.253640551111375068e-01
1.015761017800000054e+00,6.866696592226082529e-01
1.106158971790000001e+00,9.834237620939993985e-01
6.945540308949998964e-01,1.053084305696492473e+00
1.130903959270000092e+00,7.746551327731779901e-01
9.518219828609999489e-01,1.094979362176199622e+00
7.524570226669999862e-01,9.879190479830107785e-01
5.585229992869999993e-01,8.499972747685033969e-01
1.415836334229999771e+00,7.211313186852178481e-01
1.855298042299999839e+00,1.296249306227696074e+00
7.845479845999999702e-01,1.585660067511112992e+00
8.210539817810000862e-01,8.761470894641290030e-01
5.835890173909999978e-01,1.064920203891690065e+00
8.359720110889999889e-01,9.724402871869629594e-01
2.184663057329999880e+00,1.016021659491491924e+00
6.805480122570000123e-01,1.800316743708683331e+00
1.238904953000000031e+00,7.382421367340106233e-01
1.030328035349999949e+00,1.184537055504072400e+00
7.914109826090000022e-01,1.195883918786256217e+00
8.423720002169999832e-01,1.019513973987883571e+00
4.464710056780000769e-01,9.937170992053662166e-01
5.589337944979999584e-01,6.946737622956205005e-01
7.099329829220000221e-01,7.173002681815269233e-01
7.334340214730000751e-01,7.556856648931326026e-01
7.833399772640000647e-01,7.298969397999304221e-01
8.426809906959999985e-01,8.004051197509929327e-01
1.099761009220000085e+00,8.624917661664963653e-01
8.706315755840000614e-01,1.032703258273471425e+00
5.862460136410000411e-01,8.843451936762123378e-01
8.863990306849999223e-01,6.898113728125900845e-01
1.019399046900000050e+00,9.106430499757431907e-01
8.493610024450000129e-01,1.015400377437727597e+00
1.010666966439999870e+00,8.849831845534658070e-01
1.331516027449999973e+00,1.007460734294360893e+00
1.215008974079999859e+00,1.241569293852614830e+00
1.645591020579999952e+00,1.140877125732667530e+00
9.708780050280000351e-01,1.416487359076668007e+00
1.411272048950000135e+00,1.000310202128587900e+00
7.953929901119999313e-01,1.331047711814433931e+00
1.046331048010000098e+00,9.524272686750615557e-01
8.879339694979999642e-01,1.102067828124845716e+00
8.349300026890000836e-01,9.776943440058070145e-01
9.847199916839999290e-01,9.335361347476347493e-01
1.090394020079999970e+00,9.987489341960127387e-01
4.901649951929999416e-01,1.046622811833678446e+00
6.141669750209999279e-01,6.427403981680382961e-01
6.314740180969999894e-01,7.522356732707741189e-01
8.252440094949999860e-01,7.769862404718124171e-01
1.051450967789999913e+00,8.810042064768449643e-01
1.047114968300000060e+00,9.942223800945401146e-01
3.921430110930000379e-01,9.971684395653348520e-01
4.695149958129999912e-01,5.832600911370555696e-01
7.720900177959999500e-01,6.758966490969383623e-01
7.520099878309999264e-01,8.705288461166554859e-01
6.877393722529999698e-01,8.111027733330077316e-01
6.718119978899999012e-01,7.288837869144726422e-01
1.185933232310000029e+00,7.566190311515419431e-01
6.571980118750000432e-01,1.097840178977302683e+00
8.213180303569999063e-01,7.413660150906061785e-01
7.795739769939998842e-01,8.614804339682016199e-01
1.030122995379999962e+00,8.552115359075814771e-01
6.211889982220000217e-01,1.022519572663866949e+00
8.660820126530001106e-01,7.179930011726236572e-01
9.608931541439998947e-01,8.945062228123302761e-01
6.760399937630000577e-01,9.676489949743691810e-01
7.402380108830000083e-01,7.673057935697779053e-01
5.984709858890000511e-01,8.023727025710700733e-01
6.151059865950000427e-01,7.274295209405129414e-01
9.358735680580000382e-01,7.291839159655120195e-01
5.818247795100000008e-01,9.223328614171344420e-01
7.156659960750000327e-01,6.742471184069817047e-01
6.529520154000000298e-01,7.784718095019406148e-01
9.700022935870000751e-01,7.543839935573386501e-01
7.834500074390000623e-01,9.627234874550413268e-01
7.448130249979999506e-01,8.339352300603228851e-01
8.276180028919999376e-01,8.095764087539707443e-01
8.943400979040000420e-01,8.808634611613023191e-01
2.505017042159999985e+00,9.252296378812834288e-01
1.620712041850000062e+00,2.020311508453259020e+00
1.417585968970000110e+00,1.413006411713201294e+00
1.049872040749999957e+00,1.400526484379736925e+00
1.226507544519999993e+00,1.256108833684685733e+00
1.043179035189999881e+00,1.315132532417981892e+00
9.694439768789999690e-01,1.083057766293071822e+00
8.192250132559999454e-01,9.461205890696481324e-01
8.129550218580000598e-01,8.727962369691741884e-01
6.712080240250000163e-01,9.018704676448352497e-01
5.289899706839999993e-01,7.860091561971381813e-01
3.461930155749999849e-01,6.696684810337892868e-01
4.789490103719999947e-01,5.366414588844341527e-01
1.153810977940000093e+00,6.110170094144331543e-01
9.671270251270001062e-01,1.036016055692069893e+00
7.845839858059999727e-01,8.992782941865566926e-01
4.701859951020000428e-01,7.919071476038389568e-01
5.632782578470000301e-01,6.369495846851399579e-01
2.416239976880000528e-01,7.184502009720984406e-01
2.709859907630000064e-01,4.638866833529176614e-01
1.994680017229999991e-01,4.524026683001609039e-01
1.327169984580000017e-01,3.946345457005263069e-01
4.732620120049999546e-01,3.369122729435096164e-01
6.585559844969999244e-01,5.480680627367046087e-01
9.621880054470001165e-01,6.664989092984953123e-01
5.111979842189999790e-01,8.645543643115058963e-01
9.829789996150001263e-01,6.113373473193816077e-01
9.100099802019999684e-01,9.501644733570400181e-01
1.026576042179999870e+00,9.182528505278685360e-01
8.309389948840000262e-01,9.885140576370106125e-01
9.651920199390001676e-01,8.748958242128119789e-01
1.000543951989999902e+00,9.815521794066762729e-01
1.983185052870000131e+00,9.819306164448938778e-01
1.274855017659999978e+00,1.621183963478284529e+00
1.286525964740000028e+00,1.156033810447551158e+00
1.382244944570000245e+00,1.203265312423223543e+00
1.736924052240000016e+00,1.374963690906758851e+00
1.257668018339999971e+00,1.645332916925541955e+00
7.533379793170000838e-01,1.239037636838288270e+00
1.084908962249999886e+00,9.307435493943903015e-01
1.062494039539999990e+00,1.180203349855089234e+00
7.787629961969999570e-01,1.121743733133677479e+00
8.256469964979999965e-01,8.443805212071037181e-01
9.891830086709999525e-01,8.638105948033799608e-01
1.418092012410000047e+00,9.964628302400145854e-01
1.151677966120000063e+00,1.255481708233023852e+00
1.250364065170000094e+00,1.063791312316702875e+00
8.794019818310000458e-01,1.156655025912129986e+00
1.089423060420000144e+00,9.514111504052775725e-01
1.809062957759999701e+00,1.095161875818619235e+00
8.687390089040000207e-01,1.568481887792821494e+00
8.521729707719999380e-01,9.183797887299025575e-01
1.307837963100000112e+00,9.370884384859784477e-01
1.262575984000000151e+00,1.288662084811695197e+00
7.601559758189999627e-01,1.224712997315313689e+00
1.069887042049999959e+00,8.123772724132721779e-01
8.579840064049999437e-01,1.057378462096125959e+00
1.149323940279999956e+00,9.602937119326527826e-01
1.067142963410000034e+00,1.108022052511768107e+00
7.400619983670000401e-01,1.050700308284635787e+00
6.799880266190000411e-01,8.375150378492175474e-01
7.323921322820000634e-01,7.811412312097729682e-01
8.352749943730000126e-01,8.138210593101866674e-01
6.000829935070000065e-01,8.664559107472540322e-01
1.010563969610000168e+00,6.789612049486325462e-01
7.613970041280000434e-01,9.681334958757649156e-01
7.260069847110000030e-01,8.165399154483318211e-01
1.064324021340000037e+00,7.878049089627382484e-01
5.901079773899998715e-01,1.034102393970748102e+00
7.744659781460000447e-01,7.191764118933439143e-01
7.406870126719998781e-01,8.323485728066875033e-01
8.908360004430001533e-01,8.203881225934357424e-01
7.620100975040000613e-01,9.167860444604100101e-01
7.774500250820000069e-01,8.023738794092255544e-01
5.811070203779999943e-01,8.266248264533315737e-01
7.908779978749999051e-01,7.019873716482396553e-01
8.903719782829999652e-01,8.524292133958011330e-01
7.882059812549999656e-01,9.098171815795195183e-01
7.301949858670000459e-01,8.036692359978185873e-01
9.248933196070000529e-01,7.712896536835444072e-01
1.265586972239999941e+00,9.213496887319461148e-01
7.884140014650000694e-01,1.155460483414987305e+00
9.180610179899999501e-01,8.244395608411039245e-01
6.569269895549999516e-01,9.408464902070156066e-01
8.252680301670000107e-01,7.988524948240853796e-01
4.257229864599999525e-01,8.877008980932628024e-01
9.114630222319999309e-01,5.985482724698710788e-01
7.238519787790000937e-01,9.264746929633179695e-01
9.657319784160000031e-01,7.895647628009050401e-01
7.194200158119999911e-01,9.445637551525505327e-01
7.146480083470000411e-01,7.888000344423051757e-01
6.188799738879999790e-01,8.097680280716462731e-01
8.502969741820000094e-01,7.413564779896261170e-01
6.113014817240000065e-01,8.884941777245982664e-01
8.405809998509999881e-01,6.845625811763145219e-01
5.909900069240000553e-01,8.449113261826600718e-01
1.191807866100000002e+00,6.907612798416068456e-01
1.072478055950000009e+00,1.100482281659689088e+00
7.976800203319999172e-01,1.042260981429137257e+00
7.140370011329999489e-01,8.532808035972793137e-01
8.885610103609999921e-01,8.510566007817341738e-01
7.367290258409999737e-01,9.728015270664734926e-01
9.655410051350000744e-01,8.139954145295842380e-01
8.569459915160000385e-01,9.259646957732983186e-01
5.838339924809999859e-01,8.639480475475643795e-01
3.047562122340000457e+00,6.972053985372236307e-01
8.865389823909999301e-01,2.409604514767535122e+00
1.186460971829999878e+00,1.058486930975861329e+00
8.750730156899999557e-01,1.431231553321768102e+00
1.111973047260000014e+00,1.464610986707443274e+00
6.929270029070000447e-01,1.481048464593466285e+00
5.632749795910000357e-01,9.629235118563853613e-01
5.519689917560000048e-01,6.815644478728754008e-01
9.211350083349998386e-01,6.470119816183056427e-01
5.465030074119999748e-01,9.597024565080931602e-01
9.997850060459999577e-01,6.604121474147286452e-01
7.512239813800000166e-01,9.416816592780403727e-01
8.402569890019999654e-01,8.077935370734767861e-01
7.843149900439999600e-01,8.769006779788403039e-01
5.915480256080000165e-01,8.575344996970288847e-01
6.109840273859999948e-01,7.308794568832307492e-01
9.328789710999999540e-01,7.188569186697122415e-01
7.992020249369999885e-01,9.313104473218718482e-01
9.833549857140000405e-01,8.228067313811685546e-01
5.405290126799999761e-01,9.413348653691088197e-01
1.093670010570000128e+00,6.736800578179974464e-01
9.266330003740002041e-01,1.061433365197358203e+00
7.972419857979999858e-01,9.317300067496234739e-01
5.896059870719999596e-01,8.342133412067366249e-01
7.799540162090000672e-01,7.140291113129946243e-01
5.182790160179999717e-01,8.515474600360536384e-01
7.263879776000000676e-01,6.428425683441536531e-01
6.216366887090000182e-01,7.697676839486973233e-01
8.810679912569999717e-01,7.048923647951244043e-01
7.315016984940000411e-01,8.807874922218609237e-01
9.703850150110000516e-01,7.756905334601652546e-01
8.715350031849999901e-01,9.491873974435389716e-01
5.505740046500000595e-01,8.969850587193225477e-01
2.576299905780000121e-01,6.831363609313338969e-01
6.952109932899999123e-01,4.847137074896048503e-01
3.547430038449999601e-01,7.939360454017199142e-01
1.308350920679999918e+00,5.337266958826824004e-01
1.424710035319999957e+00,1.148748459268472022e+00
2.422243118290000385e+00,1.239868752020012677e+00
1.588093161580000023e+00,1.892266187609735528e+00
2.882889986040000352e+00,1.383776627050705921e+00
1.510810017590000109e+00,2.332301748126804686e+00
5.103110075000000245e-01,1.508531795855220237e+00
6.637499928469999810e-01,8.875816937256931771e-01
5.865659713749999948e-01,1.034825715315790040e+00
9.182999730109998593e-01,9.017603615961269359e-01
1.126363039020000123e+00,9.492505790772839402e-01
9.455379843710000065e-01,9.968484343786895296e-01
7.979699969290000583e-01,8.942580968662897645e-01
8.895260095600000527e-01,8.508372211718199241e-01
5.017459988589999531e-01,9.474881183208890834e-01
7.889080047609999813e-01,6.956464244398656849e-01
5.571460127830000220e-01,8.724440374048996194e-01
8.079270124439998924e-01,6.937836198840754420e-01
7.382910251620000697e-01,8.468100968497808134e-01
6.742079854009999096e-01,7.734987373911718089e-01
8.787713646889999675e-01,7.347030839319710349e-01
7.401880025859999268e-01,8.850330143316110787e-01
8.886500000949999478e-01,8.008694369023046100e-01
7.983270287510000340e-01,8.884655327475332598e-01
5.137799978260000344e-01,8.439378045293054464e-01
7.760372757910000141e-01,6.613757136352876875e-01
8.528280258179999906e-01,8.367325907066999191e-01
7.851629853249999513e-01,9.015630322301266819e-01
8.431609868999999646e-01,8.283310320158268070e-01
1.024798870089999925e+00,8.811238394801391705e-01
8.044279813770001120e-01,1.015357713600659073e+00
8.841310143469999216e-01,8.516416877046162348e-01
3.615649938579999501e-01,9.066807097104191415e-01
1.171491026879999842e+00,5.654943499611614355e-01
4.477910101410000343e-01,1.120411067944929062e+00
7.665730118750000432e-01,6.023021605589280458e-01
7.735599875449999940e-01,8.074601197972324229e-01
1.054823040959999902e+00,8.420141780005555576e-01
7.843300104139999673e-01,1.024041928272593438e+00
1.034250974660000155e+00,8.079185974882432397e-01
1.096979022029999973e+00,9.956658699125754408e-01
7.633029818529999400e-01,1.055549649599206719e+00
5.883730053899999257e-01,8.223561294664045729e-01
6.365630030629999547e-01,7.092180728661261480e-01
5.750700235369999858e-01,7.641719117715078946e-01
5.399640202519999654e-01,6.995915619926486029e-01
1.324671149250000068e+00,6.366386434646515990e-01
8.178460001949999780e-01,1.155882222364846834e+00
6.359609961509999909e-01,8.288776439060656642e-01
8.135920166969999867e-01,7.293668912283732819e-01
9.872140288350000903e-01,9.103938136186089380e-01
9.839289784429998686e-01,1.026556847439165310e+00
5.904790163040000150e-01,9.557945377733600978e-01
8.986790180209999201e-01,6.796732433891472525e-01
6.268000006680000125e-01,9.142628326428883234e-01
6.926850080490000172e-01,7.410464447024902590e-01
5.757049918169999669e-01,7.616804848703798703e-01
6.764680147170000213e-01,6.770866225354000845e-01
8.279470205309999997e-01,7.461950490701677596e-01
6.547859907149999881e-01,8.423985417464634473e-01
1.085815548900000094e+00,7.154633922817397185e-01
8.509550094600001335e-01,1.010251241149501933e+00
8.879359960559999321e-01,8.698488353591515843e-01
6.557850241659999302e-01,8.886639740985029512e-01
6.597809791559999804e-01,7.598899898030105904e-01
8.856279850010000398e-01,7.705035278893518358e-01
7.502999901769999980e-01,9.066333247721608535e-01
9.303160309790000637e-01,8.016692627108344960e-01
7.259460091590000941e-01,9.064915361643655078e-01
7.123904824259998936e-01,7.926803109222171351e-01
9.326570034029998402e-01,7.848556045612812282e-01
6.544970273969999974e-01,9.458030082544925943e-01
4.987269937989999846e-01,7.661225418264027143e-01
9.782410264020000579e-01,6.509465623919092891e-01
5.593240261080000275e-01,9.874571841441842635e-01
8.733990192409999409e-01,6.899344540271350468e-01
6.232500076290000690e-01,8.648254335944847160e-01
6.319249868390000024e-01,7.161276307241779548e-01
8.335350155830000274e-01,7.264086094909072422e-01
8.613430261610000027e-01,8.586048064550189096e-01
1.036013007159999999e+00,8.679180068276347582e-01
6.160370111469999355e-01,9.872311309011775338e-01
9.874529838560001105e-01,7.273719033798679012e-01
6.686739921569999634e-01,9.995903145352704744e-01
6.455339789389999972e-01,7.822982671685291267e-01
1.007030010220000049e+00,7.510277525586290803e-01
7.763000130650000719e-01,9.772063772587169517e-01
9.358490109440000815e-01,8.295470759767239466e-01
6.626719832419999401e-01,9.235770394739752920e-01
1.113351941109999910e+00,7.568906807631747835e-01
5.495319962500000432e-01,1.060174358525338700e+00
9.273632764820001206e-01,6.609739328325426877e-01
8.215330243109999486e-01,9.116730724312065437e-01
9.193540215490000334e-01,8.793418773234191743e-01
6.899859905239998925e-01,9.357297715719695708e-01
6.497738957409999738e-01,7.967934120254798191e-01
9.705049991610000815e-01,7.765706441187006925e-01
8.034440279009998909e-01,9.685826959303706074e-01
8.920990228650002019e-01,8.160856998938865736e-01
7.462270259859999921e-01,8.798251513426975645e-01
1.495407462120000197e+00,8.154624428919751145e-01
7.597569823270000633e-01,1.312224422459604911e+00
9.677280187610000084e-01,8.557643344653237394e-01
1.126011013979999920e+00,1.037428084265335837e+00
7.641419768330000029e-01,1.228272663852990609e+00
1.423818945879999909e+00,9.755973359312756221e-01
8.309190273280000483e-01,1.333219715547516282e+00
5.316870212550000030e-01,9.329061510501278631e-01
6.942920088770000442e-01,7.274212208771189125e-01
1.097100019450000019e+00,8.640219362988289520e-01
8.623710274700000511e-01,1.106307552964920005e+00
9.711959958080000899e-01,8.714932423428262132e-01
7.501904964450000213e-01,9.218931612484096982e-01
5.659890174870000346e-01,8.135184372184084411e-01
7.235890030859999378e-01,7.045392362437451483e-01
1.088876962660000114e+00,7.981735512184868764e-01
2.614549994470000138e-01,1.012319667485339192e+00
1.923168003559999895e-01,4.376601395472611844e-01
2.048390060660000012e-01,4.148339920108010670e-01
3.752999901769999980e-01,4.519645136610432878e-01
1.878910064700000104e-01,5.319283087234527585e-01
4.178839921949999980e-01,3.590282295412688951e-01
6.128349900249999704e-01,5.146585828565483078e-01
4.822100102900000462e-01,6.502992289413546123e-01
8.136649727820000066e-01,5.723162555996387235e-01
8.997989892959999958e-01,7.936938897613944333e-01
7.667459845540000041e-01,8.679739021136189114e-01
6.762999892229999421e-01,7.886110904159658874e-01
9.804093837739999984e-01,7.431943328983776631e-01
1.075533032420000090e+00,9.684555261354983458e-01
6.459739804270000496e-01,1.049091673558137483e+00
7.601699829100000416e-01,7.370732555172991862e-01
8.707180023190000950e-01,8.502350247318866128e-01
1.045557022089999899e+00,9.374672461189291761e-01
4.832339882850000268e-01,1.013380032144705734e+00
1.085988998409999962e+00,6.161412668617503030e-01
7.320979833600000930e-01,1.044604658358553317e+00
7.128990292550000385e-01,8.169795121010444694e-01
1.045389056210000112e+00,7.813902070051700344e-01
7.359200119969999676e-01,9.998219843551640063e-01
8.956930041310000590e-01,8.042547856309973930e-01
8.745509982110000191e-01,8.825654642653500970e-01
9.237470030779999508e-01,8.912383039091896775e-01
9.997780323029999971e-01,9.262297585709542425e-01
1.739534020420000049e+00,9.678182556572941797e-01
8.107889890670000321e-01,1.483435997331264300e+00
7.049050331119999235e-01,8.816696697807879790e-01
8.328269720080000438e-01,8.734780112380177153e-01
8.276600241660000412e-01,1.016422520822434228e+00
8.953109979629999549e-01,9.623930897084912450e-01
1.459501028060000039e+00,9.072823476912184049e-01
1.179519057270000060e+00,1.251034312571031704e+00
1.443411946299999915e+00,1.081284866299008662e+00
1.306735038760000078e+00,1.281400558187338445e+00
7.634999752040000365e-01,1.236849411482380034e+00
1.145148038860000161e+00,8.849367782613755118e-01
7.253450155259999477e-01,1.134172512161550017e+00
7.633590102199999672e-01,8.526006016901980233e-01
6.174820065499999622e-01,8.427721722631391632e-01
1.029322981830000039e+00,7.265031853111889593e-01
1.302055954929999926e+00,9.943718604981977016e-01
3.164124965670000122e+00,1.166709517433842658e+00
9.734439849849999549e-01,2.407401512456535553e+00
1.229671001429999855e+00,9.729214207573256834e-01
7.441530227660000385e-01,1.269227398323095057e+00
1.063034057620000139e+00,1.075181319475628339e+00
1.123872041700000102e+00,1.222706792992553249e+00
8.984770178789999173e-01,1.097951039672589335e+00
7.175139784810000698e-01,8.863242625083697090e-01
5.367509722709999931e-01,7.859167257633250525e-01
1.175443053249999981e+00,7.088032602494385159e-01
1.101048946379999949e+00,1.128789124020643131e+00
5.734490156170000130e-01,1.034060855111600619e+00
1.431144952770000200e+00,6.662150468708468720e-01
1.037794947620000130e+00,1.276444327269541823e+00
6.568620204930000206e-01,1.037979939624741110e+00
1.074908018110000141e+00,7.618279497854091309e-01
1.385972023009999887e+00,1.072950664456624237e+00
1.004804968829999812e+00,1.295628609285934818e+00
1.609539985660000116e+00,9.708925806006981629e-01
2.817575931549999524e+00,1.374018913917567142e+00
1.962562561039999931e+00,2.243878903701534977e+00
1.279752016069999998e+00,1.673398679550774260e+00
1.995329976079999845e+00,1.289283727591844064e+00
2.033385992049999924e+00,1.904412777846447025e+00
1.307443976400000096e+00,1.904891644997970479e+00
1.611258029939999892e+00,1.283011790008627084e+00
2.040218114850000042e+00,1.466239873713981900e+00
2.183244943620000100e+00,1.797955089146243468e+00
1.351415991779999937e+00,1.863567889567619318e+00
7.242180109020001089e-01,1.304152125447006538e+00
1.363389015200000109e+00,9.324737151742226171e-01
1.526808977129999967e+00,1.400899995842947554e+00
1.784019589419999940e+00,1.438248558000962296e+00
1.103597044940000105e+00,1.501266669670359155e+00
1.763007998470000004e+00,1.079555683864160232e+00
1.157549023629999896e+00,1.569602379192708952e+00
1.153326034550000045e+00,1.218285793946646045e+00
2.362811088559999551e+00,1.199172074157801804e+00
2.580787897110000007e+00,1.985210233551914838e+00
1.242146968839999976e+00,2.117738115667875398e+00
1.712821006770000265e+00,1.190457788838235720e+00
6.676509976389999323e-01,1.618125422173081640e+00
8.271329998970000652e-01,1.003157272658522059e+00
9.642647504810000214e-01,1.030298139058588802e+00
1.394161701200000048e+00,1.028788679858609223e+00
7.584049701689999923e-01,1.241510703603244892e+00
6.900759935379999765e-01,7.772927980634106726e-01
6.740249991419999809e-01,8.040650798166327773e-01
8.615220189090000424e-01,8.432643094920158067e-01
7.907469868659999790e-01,9.383463858641551969e-01
7.285000085830000138e-01,8.354122210773142765e-01
2.411980032920000017e-01,7.796034727869608494e-01
3.354600071909999981e-01,4.604146657529943898e-01
5.912460088730000507e-01,5.310078160229050326e-01
1.058426976200000036e+00,6.645361963204722278e-01
7.669919729230000316e-01,9.510571634018353260e-01
5.881239771840000019e-01,7.563259775555897235e-01
5.922303199769999305e-01,6.833108116061510362e-01
8.753510117530000079e-01,7.167843182053046380e-01
7.038279771799998974e-01,9.040249250586199770e-01
5.677499771120000371e-01,7.412604850965296421e-01
7.133870124819999825e-01,6.620546097052079082e-01
1.077505946160000061e+00,7.846195652583030089e-01
6.909419894220000247e-01,1.027496537773219476e+00
7.724580168719999973e-01,7.655693600998235704e-01
7.237120270730000859e-01,8.337400469209791387e-01
9.752489924429997847e-01,8.317231981482281489e-01
9.151769876480000399e-01,9.908995707770648087e-01
7.574009895319999686e-01,8.973430912021738148e-01
6.912069916730000374e-01,7.914085184391894678e-01
1.183527946470000147e+00,7.711302612565756887e-01
7.705749869349999281e-01,1.109780329234443919e+00
8.947700262070000798e-01,8.247410253883663556e-01
6.143350005150000070e-01,9.095382610239812760e-01
7.692319750789999855e-01,7.680378979170247034e-01
9.070749878880000061e-01,8.737412249525395858e-01
4.068099856379999713e-01,9.386904931362968219e-01
5.138880014419999753e-01,6.003267899955366804e-01
2.481469959019999838e-01,6.683060699652509928e-01
2.568759918210000159e-01,4.971213129085871874e-01
5.980659723279999618e-01,4.797852513811823871e-01
5.981699824330000137e-01,6.635837475130932361e-01
8.801140189170000294e-01,6.247110451365590622e-01
1.085649013520000095e+00,8.232680219193453386e-01
9.920129775999999566e-01,9.901129692220812517e-01
8.743849992749999078e-01,9.392897745455957015e-01
8.770260214810000621e-01,8.881927529201119054e-01
1.008928894999999937e+00,9.190615929466720013e-01
8.088759779930000393e-01,1.012811399802690415e+00
6.714209914210000907e-01,8.941066478978743071e-01
7.449629902840000373e-01,7.844595553685492773e-01
6.942679882050000195e-01,8.797519587550955977e-01
1.001886010170000008e+00,8.341026675224696429e-01
7.935580015180000446e-01,9.863479890916230231e-01
8.450049161910000439e-01,8.235114702803066900e-01
8.031240105629999793e-01,8.601637498377632252e-01
5.744469761850000689e-01,8.731348074981823970e-01
5.679720044139999757e-01,7.204593979785772762e-01
4.538080096239999195e-01,7.163045599396864471e-01
8.494881391529999215e-01,6.309959896530452639e-01
4.064599871639999473e-01,8.773723722880903964e-01
2.453519999980000310e-01,5.415386907316955822e-01
2.323218107220000217e+00,4.326671178471072077e-01
2.027115583420000089e+00,1.935129119527099650e+00
1.581117987629999888e+00,1.727658412698365620e+00
1.727049946780000012e+00,1.598979448471343323e+00
1.150642037389999928e+00,1.836242940895476128e+00
1.607933998109999818e+00,1.490041189405437727e+00
1.331233978270000007e+00,1.762426968594384080e+00
1.221642017359999999e+00,1.504765520658207789e+00
1.583541989330000010e+00,1.409101248863975808e+00
1.608662128450000006e+00,1.612179557875123903e+00
2.185653924939999992e+00,1.617380209699335269e+00
2.989559888840000124e+00,2.035673662585687715e+00
7.574499845500000106e-01,2.576875122825279529e+00
1.811344027520000122e+00,1.120849955118147223e+00
1.527951955800000094e+00,1.931758531654273137e+00
8.892235755919999374e-01,1.730223187005895502e+00
