9.717460274700000511e-01,1.274950828767177358e+00
1.176299691200000108e+00,1.039690541855637251e+00
1.714609026910000056e+00,1.139289160367239928e+00
1.307337045669999975e+00,1.470821748399399054e+00
6.186890006069999393e-01,1.147250143446145509e+00
2.298435926440000276e+00,7.273417867061380271e-01
1.808241009709999902e+00,1.865734487195174207e+00
8.794149756429999742e-01,1.514438803758062502e+00
1.570945024490000064e+00,1.005810886420716477e+00
1.578516006470000121e+00,1.510579966533946328e+00
6.200309991839999535e-01,1.439062947494955447e+00
9.928810000419999726e-01,6.971725658601370945e-01
4.551869928839999413e-01,9.172506942095187688e-01
1.017398953439999865e+00,6.139836763903777639e-01
8.378469943999999892e-01,1.040724999271856355e+00
4.884769916529999589e-01,8.500632920214074018e-01
1.246340990070000210e+00,6.162835597326948855e-01
1.209630966189999990e+00,1.155235928415317304e+00
1.252451062200000020e+00,1.111519953644618974e+00
1.519726991650000025e+00,1.181641110461189026e+00
1.063797950739999942e+00,1.353117664260590436e+00
1.571495056150000069e+00,1.002674658094492299e+00
1.278105020519999968e+00,1.329996977304662042e+00
1.192077994349999948e+00,1.124728807327507019e+00
8.304439187050000060e-01,1.109318093383953263e+00
1.402015686039999931e+00,9.033161816565771218e-01
1.156504034999999986e+00,1.264901233092056598e+00
1.162554860120000200e+00,1.038404735531371470e+00
6.007519960399999581e-01,1.071028720171944615e+00
1.253835797310000055e+00,7.728266487928565631e-01
1.791844010350000183e+00,1.222398107938800882e+00
1.734062552449999961e+00,1.513055489456381242e+00
4.939970970150000085e+00,1.447280332195670205e+00
2.394351005549999911e+00,3.610587145676223297e+00
2.212575912479999740e+00,1.839199552996240383e+00
1.886527061460000043e+00,1.835179447925280982e+00
9.343829751010001017e-01,1.939750499151727592e+00
9.099829792980000942e-01,1.382445963777015674e+00
8.112999796870000724e-01,1.178718517058838344e+00
1.049708962440000004e+00,7.255776427936458939e-01
1.351788043980000076e+00,8.091117448595123163e-01
1.277305960659999906e+00,1.202517237579323606e+00
7.854449748989998925e-01,1.189389666394122136e+00
4.846229851250000165e-01,8.407427877354689549e-01
6.676359772680000582e-01,6.803943558826149873e-01
8.322510123249999836e-01,8.160218237633438676e-01
5.959370136259999340e-01,8.987841894411047194e-01
3.410890102390000123e-01,7.132446215055092686e-01
6.860110163689999707e-01,5.410095349366358386e-01
8.153510093690000682e-01,7.727387453714149590e-01
3.985430002210000322e-01,8.625248664223007511e-01
6.998159885410000225e-01,6.235065650993197872e-01
4.263690114019999533e-01,8.233789144974112961e-01
6.866139769550000382e-01,5.901639429766605272e-01
1.826770007609999913e-01,7.787438589596652472e-01
7.018824815749999946e-01,5.021295223586785816e-01
1.796682000159999681e+00,8.613532285867421256e-01
7.204269766809999753e-01,1.443007236955312633e+00
4.680640101429999755e-01,7.225836121388355959e-01
6.408870220180000743e-01,8.497251542721340201e-01
7.520520091060001189e-01,1.033087389621274221e+00
1.001817584040000098e+00,1.051130148002617615e+00
1.660804033279999814e+00,1.160258956386230444e+00
1.450595021250000061e+00,1.369187951390690827e+00
1.085010051729999869e+00,1.183579243962343153e+00
1.099555015560000015e+00,1.045750197760034528e+00
7.694180011750000325e-01,1.038452015031761322e+00
1.254430413249999932e+00,8.087308239793208342e-01
1.496320962910000052e+00,1.163505693230613813e+00
7.186369895940000196e-01,1.310913063519489663e+00
8.902019858359999649e-01,7.674585889083653800e-01
9.891759753229999452e-01,9.240145459207562695e-01
2.849014520649999938e+00,1.056790869015715950e+00
4.281075000759999583e+00,2.313770879004869219e+00
1.248739004139999942e+00,3.131536154467636113e+00
7.096589803699999699e-01,1.051351941629406594e+00
7.497439980509998936e-01,8.722363540740153409e-01
8.907449841499999188e-01,9.508347839377303545e-01
1.469527959819999952e+00,1.040984822923088693e+00
1.608888030049999918e+00,1.423956893522694056e+00
1.043460965159999976e+00,1.235957454086363150e+00
1.184751033780000018e+00,8.694016024626690653e-01
5.063725113870000127e-01,1.329273701013613973e+00
6.946156024930000283e-01,9.513574688689431236e-01
9.299110174179998634e-01,9.991453901858305953e-01
7.754629850390000190e-01,9.944007999043867896e-01
8.564696311949999696e-01,7.221875681410060421e-01
9.269009828569999554e-01,8.510896523941601233e-01
7.506660223010001021e-01,9.392872408785548632e-01
9.248849749570000611e-01,8.172153814399636396e-01
1.070162653919999984e+00,9.785430856268184652e-01
8.752880096439998869e-01,1.073796766235775024e+00
7.511039972310000756e-01,9.282981959500989921e-01
8.627579808239999037e-01,8.470335133026829499e-01
5.096570253369999692e-01,9.623414625050624727e-01
8.495249748229999343e-01,7.437087849175916254e-01
6.711369752879999817e-01,9.351630265285637567e-01
6.132180094720000030e-01,7.668252159565958070e-01
3.810549974440000098e-01,7.123446431450692895e-01
8.710420131680000067e-01,5.892873137609313527e-01
6.540319919589999698e-01,9.698246073840915971e-01
9.089673757550000843e-01,7.956717545730650487e-01
9.709029793739999414e-01,9.455057213657537263e-01
9.856920242310001079e-01,9.735110010255778601e-01
1.356256246570000101e+00,9.771062258087698238e-01
1.309872984889999925e+00,1.260890037862989921e+00
6.344919800760000506e-01,1.233220653348887197e+00
5.933508276940000492e-01,7.703082934828999750e-01
8.796380162239999523e-01,7.724035592776476999e-01
1.131836414339999930e+00,9.915303195419273852e-01
1.841274023059999765e+00,1.154532180063456481e+00
2.261745929719999992e+00,1.553280914256605527e+00
2.597975969309999744e+00,1.791735637282452220e+00
2.399192094800000064e+00,2.059840627332732321e+00
1.982298016549999931e+00,1.917297495877893887e+00
2.269547939300000206e+00,1.586487907778433959e+00
2.017889976500000238e+00,1.799471604602403518e+00
1.452262043950000026e+00,1.630351982537326494e+00
1.342797994609999934e+00,1.201332794754617295e+00
1.311915040020000145e+00,1.205935713175154023e+00
1.276762008670000226e+00,1.319331549178067720e+00
1.275267004970000118e+00,1.321854513375820384e+00
1.210446000100000141e+00,1.242443621402381737e+00
8.153480291369999966e-01,1.101700079510487207e+00
7.271119952200000291e-01,8.212134454452467702e-01
6.043019890790000126e-01,7.818308707266335977e-01
9.830358624459999417e-01,7.380153175088829398e-01
1.101529002189999940e+00,1.009081120953906563e+00
1.183724999429999869e+00,1.033967214603920715e+00
4.356400072569999726e-01,1.114008139238053863e+00
3.270040154459999959e-01,6.939184457902740633e-01
8.039849996569999879e-01,6.104602942543164712e-01
4.216859936710000145e-01,8.441880823258274269e-01
5.734559893609999515e-01,5.474851779841100052e-01
3.959457874300000291e-01,7.313811210845484467e-01
4.163750112060000119e-01,6.137500663595917283e-01
5.603970289230000290e-01,5.937944651752696812e-01
7.749050259590000156e-01,6.964743291780836065e-01
6.370840072629999629e-01,8.604002278418092509e-01
3.839260041709999793e-01,7.737600520248435476e-01
5.648739933969999516e-01,6.089951872208893002e-01
1.054715037350000051e+00,7.159057281915850446e-01
6.537709832190000681e-01,1.029009160177208893e+00
5.931029915809999942e-01,7.760560887187311074e-01
1.022608995439999946e+00,7.419383019833816206e-01
8.359869718549999273e-01,1.017660347691961009e+00
6.375340223309999832e-01,8.879727686480274329e-01
9.755985140799999789e-01,7.716892898121011646e-01
4.898079931740000337e-01,9.791551749094087320e-01
1.098647952079999879e+00,6.230669011833122051e-01
1.151165962220000116e+00,1.053507249689119352e+00
8.061249852179999120e-01,1.105174975269229032e+00
4.744769930839999872e-01,8.753731356063307878e-01
7.896029949189999897e-01,6.484938133132237548e-01
4.762530028819999539e-01,8.464933021270381053e-01
5.455229878430000179e-01,6.125454998008607044e-01
6.212809681889999158e-01,6.796975283629755893e-01
7.707700133319999036e-01,7.589069056326067653e-01
9.337069988249999675e-01,8.545292638418887643e-01
8.110550045970000843e-01,9.443739407304608813e-01
6.005529761310000048e-01,8.627524961354834376e-01
1.002521038060000036e+00,7.591568091954082886e-01
8.921650052069998171e-01,1.058739368857381402e+00
9.160850048070000584e-01,9.380558950370434523e-01
7.413420081139999729e-01,9.255481781917633821e-01
9.283249974250000758e-01,8.334859882144038945e-01
6.429409980770000033e-01,9.508492375392658680e-01
9.950090050700001187e-01,7.154140676544885613e-01
6.271365880970000140e-01,9.692299424325474533e-01
1.038689017300000073e+00,7.722657394412822951e-01
6.888009905820000611e-01,1.042513604121380943e+00
5.214130282399999095e-01,7.849767552429106621e-01
6.510270237919999481e-01,6.967880500870849980e-01
1.159701943399999990e+00,7.595317011643318850e-01
6.456400156020000169e-01,1.073162845703923951e+00
1.195862650870000099e+00,7.741355974673930218e-01
1.304703950880000018e+00,1.156585646772234410e+00
8.844429850579998975e-01,1.197912641952614266e+00
7.697709798810000725e-01,9.227283207991978653e-01
7.702100276950000213e-01,8.720045770012910813e-01
6.418280005459999771e-01,8.950317487987142773e-01
8.937159776689999058e-01,8.272083160158719695e-01
5.247250199319999364e-01,9.533452282457547389e-01
5.142210125920000374e-01,6.235578369084318062e-01
7.172748446459999982e-01,6.720160933144188053e-01
6.410769820210000525e-01,8.422504955979086549e-01
4.689820110800000941e-01,7.405868864295053200e-01
1.203750014310000171e+00,6.299559353239937431e-01
7.911959886550000709e-01,1.198152890949718996e+00
1.136301159859999910e+00,9.222888904172465985e-01
8.642929792399999256e-01,1.143927935085812919e+00
8.814030289650001126e-01,9.281883725242503491e-01
5.817409753800000249e-01,9.281062647298798929e-01
8.651199936869999885e-01,7.757981734376098171e-01
9.078124761579999813e-01,9.832292276629402972e-01
7.377740144730000615e-01,9.499742066222934822e-01
1.120375037189999867e+00,7.602982932219684020e-01
9.422479867940000142e-01,1.049468977793117874e+00
1.060060024260000011e+00,9.751536294051309506e-01
7.158420085910000008e-01,1.029698135144035742e+00
4.040209949019999969e-01,7.666719274296989184e-01
2.920779883859999648e-01,5.769180568721055113e-01
6.317924261089999938e-01,5.197116786730946458e-01
1.124665260310000026e+00,7.237286929433366378e-01
1.115690946580000009e+00,1.043555742949624277e+00
1.247418999670000028e+00,1.067505147982193980e+00
6.976169943809999996e-01,1.177992788059641915e+00
3.693974971769999893e+00,8.148078407228720454e-01
8.204839825630000361e-01,2.805523714670713264e+00
8.573070168499999921e-01,7.573948314704482820e-01
6.902359724040000311e-01,8.687518716960039855e-01
8.385969996449998964e-01,1.029350635834489269e+00
1.287726998329999928e+00,1.245701485698057498e+00
9.632229804989999034e-01,1.477800629974461932e+00
1.343299984930000024e+00,9.865805328277742481e-01
7.316169738770000874e-01,1.087524244053320821e+00
6.809219717980000697e-01,8.171040220620816585e-01
7.014784216880000089e-01,8.570951213670557900e-01
6.698030233380000142e-01,8.306896154446332670e-01
1.365643024439999964e+00,7.409883753323239786e-01
9.781420230869999344e-01,1.185231384373596430e+00
6.786789894100000442e-01,9.621094027174883490e-01
5.976330041890000055e-01,7.916012698054882835e-01
8.193774819369999962e-01,7.519125565166798753e-01
7.911109924320000042e-01,9.109891805065822856e-01
1.044147372249999872e+00,8.790333744847700359e-01
1.400015950200000026e+00,1.036049858961624048e+00
8.748620152470000244e-01,1.275990431567261663e+00
6.228179931639999944e-01,9.336449834829186889e-01
7.164059877399998610e-01,7.852982137798959483e-01
6.523500084880000660e-01,8.390216133033330248e-01
9.379299879070001067e-01,7.752130654002774568e-01
5.936999917030000296e-01,9.319578329560201935e-01
5.393440127369999448e-01,6.943385704563671545e-01
9.370089769359999377e-01,6.920554439109835032e-01
8.087720274930000341e-01,9.585531985264637012e-01
5.654280185700000239e-01,8.607809145259039951e-01
6.020820140839999723e-01,7.258147553181757416e-01
1.146679997439999932e+00,7.605659194740638229e-01
9.824249744419999431e-01,1.088234413501794728e+00
5.671510100359999917e-01,9.499984389748091784e-01
7.866399884220000027e-01,7.219628054831462860e-01
7.388439774510000557e-01,9.004319056546195021e-01
6.810299754140000106e-01,8.322858645672557287e-01
7.086979746820000203e-01,7.628676189238172700e-01
6.642330288889999323e-01,7.890594269862118981e-01
5.124790072439999733e-01,7.765718424869001435e-01
6.040380001070000393e-01,6.655647787094095547e-01
6.728799939159999521e-01,7.170609525232412018e-01
8.265414834020000656e-01,7.883963419222304037e-01
4.546860158440000355e-01,9.077988264112810679e-01
5.594509840010000179e-01,6.404968901734121589e-01
1.332218050960000122e-01,7.084911211151697641e-01
1.633069962260000063e-01,4.381642656956570292e-01
1.797860413789999778e-01,4.822151739720527130e-01
5.747918486599999932e-01,4.411183556385254168e-01
8.508148789409999413e-01,6.744665577884652041e-01
8.527640104289999634e-01,8.886143881899455366e-01
1.687628030779999788e+00,9.495191032110263940e-01
2.149522066120000297e+00,1.504660968322516945e+00
8.122850060459999577e-01,1.726153570921330482e+00
1.239639997479999867e+00,7.795364196048306660e-01
2.128437280650000041e+00,1.163507039896336304e+00
2.139239072800000141e+00,1.846260066631442376e+00
9.779880046840000452e-01,1.789770425112884977e+00
6.937779784199998856e-01,8.915481723662831426e-01
7.218790054320000094e-01,7.660907973326744891e-01
7.631160020829999002e-01,8.885320701219340256e-01
8.565329909319999713e-01,9.043637602974904377e-01
1.109338045120000116e+00,8.921287404669472343e-01
6.476340293879999654e-01,1.008521909999746224e+00
9.241870045659998922e-01,7.277175066834591366e-01
7.877320051189998784e-01,9.458000357932072610e-01
1.305567026139999864e+00,8.460765748339770242e-01
9.107710123059999940e-01,1.207486862576891529e+00
8.699640035629999657e-01,9.416742192595031202e-01
5.743020176890000217e-01,9.062899550778719115e-01
8.599532246590000373e-01,7.257681180503482432e-01
4.775849878790000003e-01,9.283942398818830766e-01
1.108017444610000179e+00,6.248627515421335543e-01
1.290724992749999966e+00,1.042111324365642799e+00
8.591579794879999898e-01,1.164563396053308830e+00
3.058980107309999807e-01,8.950694299418376909e-01
9.039019942279999942e-01,6.248575168728188745e-01
6.352750062940000220e-01,1.005818497562811276e+00
1.023422956470000145e+00,7.393243022126395614e-01
6.730669736859999919e-01,9.998850841433535308e-01
8.504790067669999454e-01,7.499280189371784200e-01
5.141969919200000128e-01,8.805288227552084956e-01
1.527956604959999964e+00,6.864755813187379818e-01
4.094385623930000051e+00,1.369292693619954981e+00
9.952359795569999390e-01,3.007161463754315811e+00
8.670449852940000923e-01,8.500917014069483413e-01
1.141056060789999993e+00,9.926487840334017321e-01
1.622257947919999888e+00,1.421834578908463431e+00
1.980204939840000566e+00,1.794567648105870772e+00
1.375547051430000112e+00,1.936928765687201626e+00
1.851865053180000054e+00,1.214915150980796277e+00
1.420923948290000016e+00,1.395076086580527397e+00
1.589177966120000285e+00,1.200620994587954904e+00
1.673199415210000041e+00,1.412059618142440742e+00
2.123934030530000072e+00,1.478045979899607731e+00
1.648401975629999905e+00,1.694628341401605232e+00
1.204741954800000014e+00,1.347384234847334161e+00
7.920839786529999538e-01,1.199832090230732895e+00
1.227027416229999890e+00,9.761861127214549461e-01
1.226951003070000157e+00,1.225152666178047189e+00
1.131343960759999989e+00,1.150287439512436505e+00
1.252465009690000075e+00,9.957119550209330150e-01
1.116891980170000132e+00,1.118534830696910287e+00
1.122387051579999850e+00,1.050111729553202755e+00
1.040153026579999862e+00,1.029390299619812543e+00
8.091310262680000420e-01,9.878558069669691744e-01
7.681059837340000751e-01,8.381063773766733727e-01
7.982919812199998910e-01,8.150290660053188807e-01
7.666722536090000428e-01,8.593595053247687909e-01
1.057360053060000027e+00,8.368684897347068441e-01
8.607699871060000563e-01,1.010468091934259238e+00
1.070777058600000053e+00,8.889081592991855407e-01
5.301510095600000527e-01,1.051703248458147222e+00
6.604189872739999467e-01,6.732735185315784632e-01
9.909179806709998983e-01,7.423245305979101483e-01
3.561530113220000016e-01,9.611389496569150426e-01
9.618239998820000691e-01,5.656974837630682762e-01
1.244829058649999931e+00,9.984894045386643047e-01
8.381230235100001202e-01,1.165796760353010386e+00
9.245989918709998090e-01,8.843604939930715947e-01
8.131660223010001021e-01,9.347821050870086523e-01
1.003061056139999963e+00,8.783290974937926210e-01
8.752340078350000496e-01,1.004300177618274503e+00
7.991399765009998823e-01,8.864945684015840266e-01
8.812961578369999938e-01,8.519808165993185689e-01
1.063080191609999892e+00,9.139964453302342751e-01
9.057049751279999672e-01,1.018703684910372775e+00
6.909559965129999926e-01,8.946208204395963426e-01
1.355970025060000195e+00,7.593330884792525159e-01
7.572399973869999856e-01,1.237321732311399414e+00
2.043754577640000125e+00,8.222756557195540772e-01
8.576130270960000690e-01,1.686960868763899501e+00
2.364957094190000220e+00,8.613259030054294385e-01
4.179231166840000178e+00,1.893266061531913902e+00
2.233561992649999883e+00,3.210277918607890690e+00
8.013390302660000630e-01,1.807747405471091362e+00
8.372840285299999463e-01,6.856543973911470857e-01
8.851529955859999133e-01,7.545318337578603707e-01
9.040349721909999303e-01,9.544801239319069541e-01
1.302939534190000082e+00,9.745747052169068114e-01
7.228699922560000157e-01,1.094300608732591495e+00
8.009120225910000279e-01,7.162188894769487835e-01
1.032919287679999965e+00,8.517149564804152861e-01
1.321628212929999879e+00,1.032204692414605773e+00
9.367759823799999275e-01,1.235237826654637994e+00
7.007700204850000336e-01,9.357078419414881498e-01
7.624319791789999634e-01,7.677247578729134991e-01
1.144938945770000105e+00,8.370370630046208849e-01
7.721610069269999599e-01,1.131701914788959984e+00
8.772150278090000697e-01,8.576023800821990228e-01
1.243505001070000171e+00,8.787709294942970262e-01
6.381840109830000385e-01,1.147179440060589917e+00
7.468199729919999807e-01,7.293314766490186507e-01
6.839929819109999976e-01,7.909345311980751081e-01
1.419505119320000119e+00,8.410419559444545223e-01
6.141470074649999500e-01,1.382210296072922562e+00
7.347676754000000976e-01,7.522728764496229292e-01
6.770560145379999062e-01,7.726748547360746677e-01
1.074026942249999950e+00,7.907207298794974859e-01
6.156389713290000287e-01,1.118437273258808151e+00
9.692379832269999440e-01,7.684975389096996290e-01
9.916120171550001361e-01,9.668233819645447591e-01
8.089560270310000023e-01,9.749805019772090908e-01
2.435143947599999859e+00,8.566818575399636204e-01
8.223479986189999869e-01,1.910069401215013452e+00
5.938220024110000272e-01,8.045363751112655226e-01
5.762249827380000466e-01,8.029334260652726263e-01
4.224239885809999429e-01,8.422877130720350936e-01
6.765879988670000511e-01,7.256946755634522406e-01
5.520349740979999531e-01,8.676348151191101143e-01
9.015229940410001142e-01,6.199493611757221911e-01
7.489960193629999763e-01,8.806334529116189858e-01
8.627583980560000754e-01,8.460591208437302502e-01
9.480749964710000199e-01,9.138637118290175998e-01
1.055613875389999956e+00,9.686849612804848686e-01
1.970020055770000278e+00,1.049617231605895373e+00
9.391199946399999554e-01,1.665872597678717648e+00
1.009042978289999892e+00,9.360085149944422644e-01
7.824029922490001177e-01,1.031874860021694262e+00
1.016265034679999957e+00,9.377808025538599823e-01
8.782749772069999850e-01,1.083794575608598931e+00
7.353619933130000064e-01,8.881928857435985591e-01
1.109990954399999952e+00,7.513443196813174296e-01
7.727199792860000027e-01,1.049698151773780008e+00
1.164981961250000086e+00,8.358926782787886589e-01
7.157210111620000426e-01,1.105167522384910228e+00
1.475479006770000101e+00,7.742178390767300300e-01
8.354520201680000202e-01,1.277095459034686131e+00
7.344660162930000125e-01,8.782344502723158364e-01
7.861927747729999805e-01,8.413069834614286258e-01
1.143465042110000107e+00,8.854969059319979241e-01
9.246990084650000830e-01,1.098165695894619764e+00
2.958764553069999970e+00,9.102859334068410524e-01
2.138324022289999959e+00,2.316595925199939732e+00
2.038712024690000124e+00,1.710863158766104730e+00
1.480209946629999829e+00,1.619961944622114958e+00
9.367650747299998137e-01,1.380573230095853976e+00
1.715939760209999942e+00,1.058804071038291994e+00
1.001402020450000041e+00,1.533660205623002426e+00
8.896229863169999863e-01,9.403668039064814188e-01
7.492939829829999843e-01,8.592278153141971186e-01
1.115183949470000213e+00,8.546508104346435264e-01
9.457820057870001129e-01,1.101025281519759647e+00
6.452180147170000213e-01,9.140832056523878757e-01
1.164842009540000056e+00,7.086655153305442267e-01
1.244351029399999975e+00,1.141862716152535207e+00
9.045109748840000075e-01,1.206179103623757909e+00
5.575259923929999362e-01,9.167935566364244782e-01
5.778343677520000332e-01,6.597064136378023580e-01
7.199835777280000348e-01,6.885088383160015146e-01
7.607790231700000128e-01,8.035909287221448816e-01
5.404400229450000426e-01,8.577994843883715026e-01
8.009672760959999360e-01,7.457905150775493430e-01
7.710149884220000027e-01,9.207129571908001520e-01
6.709719896319999988e-01,8.599645582013890621e-01
2.768970489500000021e+00,7.915484407470539940e-01
3.086133003230000060e+00,2.217602788305090833e+00
1.116358041760000086e+00,2.376178986725263620e+00
1.018260955809999979e+00,1.069224955797714705e+00
7.442610263819999794e-01,1.127385246432700106e+00
1.114386796949999869e+00,1.018585175851895563e+00
1.380516409870000238e+00,1.292281534875166393e+00
1.229098439219999950e+00,1.397628036202143598e+00
1.573238968849999919e+00,1.147793272218054161e+00
1.245597958560000107e+00,1.386472606011237785e+00
8.298619985580000247e-01,1.216643331373026049e+00
5.376980304720000436e-01,9.488849474590980160e-01
8.593800067899999284e-01,7.682349334945990371e-01
7.949647903440000274e-01,9.918886252294590866e-01
8.122889995569999577e-01,8.836025988070709269e-01
1.209460973739999945e+00,8.381536437114752713e-01
1.043611049649999956e+00,1.126417748521353346e+00
9.914460182190000248e-01,1.065279591464260545e+00
1.377645969390000058e+00,1.010873365242177746e+00
7.495359778399999229e-01,1.236168504487669129e+00
7.549669742579999676e-01,8.048244075121083752e-01
8.522210121150000095e-01,8.079386017481383631e-01
1.312628030780000010e+00,8.957072168400187495e-01
9.499999880790001017e-01,1.216055808285596562e+00
8.433979749680000637e-01,9.446831194991126557e-01
6.329939961430000039e-01,8.855047836688263452e-01
6.848490238189999246e-01,7.720116677166865005e-01
8.296039700509999504e-01,7.906185425316972770e-01
1.117776036259999994e+00,8.712724937949694048e-01
1.060515046120000138e+00,1.071616248534626337e+00
9.966710209849999336e-01,1.031455713375765360e+00
6.726049780850000825e-01,1.044207806600557786e+00
8.499810099600000335e-01,8.666575851435661670e-01
7.929700016980000266e-01,9.232746590019468291e-01
7.509549856190000927e-01,8.062991619506457708e-01
9.556260704989999466e-01,8.175317238848728296e-01
6.085839867589999397e-01,9.890815315330002688e-01
7.782499790189999489e-01,7.303782949793001800e-01
5.098140239720000411e-01,8.271796729701069717e-01
6.364319920540000286e-01,6.523922844291217826e-01
6.015599966049999248e-01,7.658600462254756547e-01
6.556333899499999784e-01,7.490999157601967440e-01
6.385549902920000243e-01,7.868339242830898472e-01
8.762890100480000832e-01,7.570524984953068692e-01
7.967479825020000739e-01,9.209552887718561731e-01
6.824830174449999509e-01,8.943810931025876210e-01
8.025500178340000401e-01,8.232385221559080923e-01
7.950311899190000142e-01,8.911006273564244795e-01
1.584897041320000088e+00,8.717347349583219884e-01
1.017485976220000143e+00,1.377705609074293847e+00
9.177780151369999695e-01,9.957318900877917267e-01
1.230221033100000083e+00,9.865133853202879832e-01
1.027899026870000121e+00,1.182114378233958485e+00
9.125559926030000213e-01,1.011598244531897395e+00
7.935979962350000472e-01,9.601532900730371800e-01
1.030437946320000187e+00,8.754564422753791098e-01
5.325379967690000438e-01,1.020735037838616854e+00
6.127780079839999505e-01,6.918167826495271733e-01
8.741289973260000234e-01,7.474597690339537248e-01
3.667230010029999820e-01,9.257459942187364899e-01
7.391750216480000857e-01,5.931427672316611499e-01
5.604230165479999748e-01,8.289789581808977292e-01
7.758178114889999755e-01,6.967605335298516778e-01
8.102909922600001202e-01,8.749825462400293574e-01
6.437510252000000488e-01,8.870032828429168514e-01
7.236457467079999706e-01,7.663171372822773497e-01
9.113870263100001257e-01,8.461476003942910440e-01
6.627830266949999993e-01,9.622853257926253789e-01
1.002035975460000117e+00,7.927143585308972229e-01
8.224419951440000709e-01,1.050754917722961146e+00
1.030576944350000135e+00,9.242215595858448429e-01
6.781139969830000114e-01,1.081680763738481099e+00
5.333459973340000104e-01,8.817726807476119477e-01
3.209959864620000047e-01,7.715501467861312079e-01
7.608630061149999069e-01,5.789738561598952726e-01
7.439860105509998878e-01,8.076984184124104127e-01
5.468400120740000148e-01,8.091578049878339618e-01
7.004669904709999173e-01,7.340452326200248567e-01
8.356525897980000561e-01,8.229668290388002516e-01
1.274258971210000091e+00,8.862186938361062971e-01
8.934450149539999719e-01,1.160904546738150911e+00
6.211659908290000365e-01,9.125274068501567637e-01
7.900159955019999680e-01,8.211181332503119101e-01
1.067494988440000014e+00,9.568521700629457616e-01
6.698009967800000464e-01,1.078685771307680730e+00
1.265694975850000015e+00,7.787924945707502822e-01
6.380620002750000408e-01,1.222524874174869991e+00
9.348030090330000652e-01,8.034100536493065103e-01
8.006410002709999363e-01,9.760865544545871408e-01
1.085708975790000030e+00,8.745129623201034486e-01
3.527039885520000251e-01,1.070627965994316755e+00
5.883709788319999578e-01,5.586220421693335325e-01
4.875420033929999120e-01,7.341557171055937969e-01
4.636880159380000199e-01,6.749231196827012447e-01
3.637039959430000136e-01,6.761597858533068273e-01
8.750243186949999696e-01,5.796417653971283057e-01
6.435279846190000708e-01,9.143156892438893957e-01
4.834130108360000233e-01,7.523473249293095577e-01
2.120890021319999930e-01,6.640203665417505619e-01
4.560469985010000560e-01,5.409340926786387893e-01
4.367910027499999903e-01,6.796944559583095735e-01
7.238804101939999569e-01,6.221341629651703231e-01
5.560690164570000205e-01,8.324167326025460056e-01
4.748429954049999679e-01,7.170535450783165343e-01
2.674640119080000100e-01,6.768181453651221924e-01
9.588437080380001198e-01,5.698468186724556794e-01
7.868980169300000549e-01,9.994544015947707249e-01
1.794360995290000149e+00,8.242894069956796521e-01
1.337677955630000026e+00,1.553459758860536777e+00
1.210453987120000185e+00,1.259454712790377906e+00
5.654799938200000264e-01,1.141402286155240864e+00
4.008429944520000565e-01,6.969704032740517974e-01
2.727654874320000200e-01,5.946702911393210167e-01
5.836449861529999783e-01,5.117035459681353871e-01
8.533802628519999711e-01,6.758836925043799626e-01
8.660610318179999823e-01,8.520985829538098022e-01
1.158349990839999899e+00,9.373635163124360847e-01
7.764859795569999390e-01,1.131920101203820916e+00
1.068807005880000105e+00,8.350878957332535935e-01
5.888479948040000744e-01,1.042960581435533163e+00
1.588868498799999918e+00,7.175436365416322237e-01
4.327859878540000205e-01,1.362355591799387922e+00
3.996030092239999942e-01,5.793058751546716900e-01
5.545349717140000134e-01,6.383790499855636069e-01
6.221979856490000849e-01,7.987674938920328316e-01
1.149551987649999996e+00,8.891075776527708197e-01
1.121260046960000034e+00,1.201919433421913208e+00
9.776459932329999436e-01,1.049413606253733144e+00
1.732741951940000025e+00,9.722575077476260930e-01
2.302707910540000125e+00,1.483482933036278872e+00
1.053477048870000043e+00,1.828322846880143349e+00
7.962800264360000435e-01,9.845010033396559557e-01
5.203329920770000117e-01,7.965345910711068012e-01
6.104800105090000262e-01,6.537573825753635326e-01
4.453057944770000276e-01,7.783570118043082742e-01
6.522138714790000069e-01,6.454641584952346411e-01
1.175541162490000069e+00,7.177039641587336094e-01
1.032202124599999937e+00,1.060984395054044072e+00
7.193930149079998948e-01,1.016323088846457390e+00
8.200139999390000378e-01,8.589398385484954268e-01
9.497330188750000568e-01,9.306207227470377763e-01
1.039114952089999822e+00,1.004078889098546368e+00
5.883830189700000046e-01,1.064283100868417709e+00
9.508559703829998488e-01,7.753327838170108732e-01
5.277600288389999728e-01,1.003472293298267592e+00
7.736063003540000205e-01,6.744224488357494218e-01
9.703559875489998765e-01,8.397878832577528874e-01
1.383889913560000018e+00,9.720531022776869312e-01
7.795230150220000542e-01,1.261147327019328301e+00
6.069999933240000090e-01,8.536196319278402944e-01
4.660570025440000097e-01,7.133439241187643498e-01
9.455270171170000459e-01,6.915998430583889522e-01
6.238729953770000280e-01,1.080638339418994676e+00
3.923240005969999555e-01,8.213804948498630853e-01
5.156549811360000568e-01,5.925262033889509006e-01
9.679385423660000765e-01,6.366114159208632328e-01
1.356565952299999989e+00,9.785164748759795916e-01
9.072690010070000310e-01,1.240164538417751761e+00
8.162760138510000152e-01,9.160613711559482120e-01
2.479866981509999846e+00,9.002440473611436067e-01
1.133080005649999888e+00,2.003907406284668902e+00
1.045583963389999926e+00,1.027321312480029780e+00
8.474370241169999485e-01,1.011112655368162194e+00
1.536522984499999911e+00,9.747526404290279833e-01
9.008989930149998715e-01,1.466638134112032255e+00
4.812009930610000596e-01,9.692165580994022145e-01
8.572540283199999722e-01,6.361892949902137051e-01
8.617479801180000232e-01,9.176188744020966626e-01
1.008694052699999899e+00,9.407238911991963048e-01
1.127727031710000105e+00,1.016514309085910561e+00
7.795569896699999779e-01,1.090015685798451317e+00
9.895502924920001053e-01,8.488530829589246984e-01
8.363329768179998958e-01,9.682704273794724426e-01
9.099559783939998869e-01,8.589039643333281626e-01
5.511059761050000061e-01,9.217996225356053230e-01
1.239764332770000088e+00,7.102520860146304127e-01
1.211838960649999963e+00,1.170940252068138454e+00
1.379981994630000042e+00,1.106927276786698222e+00
1.148460984229999982e+00,1.230828905055377787e+00
7.663900256160000035e-01,1.094436681345560824e+00
9.660840034479999394e-01,8.214308955477341856e-01
8.156750202179999798e-01,9.921693501084601907e-01
1.142272949220000111e+00,9.161586447797158694e-01
1.299479961400000105e+00,1.091706333321867506e+00
8.583310246469999516e-01,1.153900685876789289e+00
7.149469852449999996e-01,8.744186829984027520e-01
8.764400482179999230e-01,8.003811437114062288e-01
8.305460214609999836e-01,9.149049313291098828e-01
8.535240292550000385e-01,8.767828512141156994e-01
9.092410206789999227e-01,8.656427852567020187e-01
5.202720165249999917e-01,9.286373663309653859e-01
7.411040067669999454e-01,6.829644299559692877e-01
5.853319764140000325e-01,8.045694634486147967e-01
5.047770142559999673e-01,6.945251248334473049e-01
5.519493222240000607e-01,6.832859408606064555e-01
9.697520136830000137e-01,7.221239129141857616e-01
1.116515994070000017e+00,9.745017496453121097e-01
1.049844980239999837e+00,1.065856726533605192e+00
6.342629790310000404e-01,1.048603969906676481e+00
5.644329786300000817e-01,7.649139666486521882e-01
9.184709787370000100e-01,6.947566466714710787e-01
9.593539834020000656e-01,9.393923634002464551e-01
5.984159708020000412e-01,9.642786233266308349e-01
9.383450150489999197e-01,7.128000170205479602e-01
4.542250037189999867e-01,9.631598104718125386e-01
7.079470157619999204e-01,6.363325477303372057e-01
3.876500129699999575e-01,8.024612059220873617e-01
4.484339952470000057e-01,5.940198043726347965e-01
8.405709862710000202e-01,6.474392288510635307e-01
5.337110161779999862e-01,8.737061424736475290e-01
7.211350202559999589e-01,6.727827843882304704e-01
5.215386152269999576e-01,8.383333362298709401e-01
7.050759792330000275e-01,6.953264375232193206e-01
6.405649781229999506e-01,7.979840936436706222e-01
5.168589949609999623e-01,7.433991088514261270e-01
1.660409450529999997e+00,6.993835691284463474e-01
2.465307950970000217e+00,1.457134984128714450e+00
1.622156023979999917e+00,1.964716131139095046e+00
1.866270065310000170e+00,1.386871207278547624e+00
3.623536109919999415e+00,1.555448472521816949e+00
7.948709726329999947e-01,2.751658780815337657e+00
9.065989851950000400e-01,7.418359696610886678e-01
8.571879863740000660e-01,7.996245297340425218e-01
7.756379842759999477e-01,9.692126223912321814e-01
7.006700038909999817e-01,1.074084128406465055e+00
6.443409919740000769e-01,1.001498564888132270e+00
7.579550147059999077e-01,7.716143633232187549e-01
5.499600172040000068e-01,7.650371367844360782e-01
4.964669942859999408e-01,6.733724776483391850e-01
1.367677569390000070e+00,6.489672349989683564e-01
1.397894024850000250e+00,1.233458034296578854e+00
8.148130178450000427e-01,1.219015362628204535e+00
1.278898954390000009e+00,8.405239907919529463e-01
8.623980283740000363e-01,1.307755739655058091e+00
1.093865990639999897e+00,1.096740325470084709e+00
8.134710192680000285e-01,1.237241764898559415e+00
1.466687083240000078e+00,9.156891497831289861e-01
9.060310125349999577e-01,1.225414619511606462e+00
7.652140259739999006e-01,8.586275282767866779e-01
1.311033964160000176e+00,8.246970571679798079e-01
7.892500162119999718e-01,1.287921920342858018e+00
1.474902033810000068e+00,9.538358041739590787e-01
9.167850017550001063e-01,1.353942301525498326e+00
1.186140060420000086e+00,9.135004900281740170e-01
1.411391973500000008e+00,1.105437661511309066e+00
2.092472076419999993e+00,1.318270795683765595e+00
7.189220190049999681e-01,1.761875380163107963e+00
1.301861047739999888e+00,7.466706213355621680e-01
1.268974781040000055e+00,1.133652333739717077e+00
1.221997022629999874e+00,1.169581460123981120e+00
9.061110019680000960e-01,1.154481995321230414e+00
1.078873991970000112e+00,8.941919360714796206e-01
1.028025031089999874e+00,1.047545650115941029e+00
7.863690257070000689e-01,1.065399711742137878e+00
1.276852965350000035e+00,8.683731489342034759e-01
7.093420028689999546e-01,1.150864698883252490e+00
5.201929807659999572e-01,7.710136053332785622e-01
5.645610094070000473e-01,6.656083615284303923e-01
9.855200052259999177e-01,6.952330608526571254e-01
1.092841982840000004e+00,9.788497218447297366e-01
4.786899983879999709e-01,1.038434608443927765e+00
3.955059945579999514e-01,6.283735169955397826e-01
1.850703001020000071e+00,6.167376197777106883e-01
1.195796012879999815e+00,1.597022964313944415e+00
1.702510833739999896e+00,1.130963838164618540e+00
2.998351097109999586e+00,1.517561125465276328e+00
2.407080888749999925e+00,2.403250628816723466e+00
2.585943937299999718e+00,1.932532875546380424e+00
2.233839035029999920e+00,1.996502719898729961e+00
1.655773043629999997e+00,1.750772802197316347e+00
1.430611014370000156e+00,1.349385445093388203e+00
8.921740055079999676e-01,1.244913121074054274e+00
1.231696963309999893e+00,9.504181938981564048e-01
8.955079913140001624e-01,1.169794422557962843e+00
1.602033019070000064e+00,8.490817534901577979e-01
1.585399031639999956e+00,1.323899067819934494e+00
1.232059955600000034e+00,1.363364820299308056e+00
1.210371017459999976e+00,1.158431661036321891e+00
1.242141008379999967e+00,1.145402631581429187e+00
9.857040047650000858e-01,1.146280553519668954e+00
7.289689779279999726e-01,9.487870510663810597e-01
6.761519908910000876e-01,7.843729772156537994e-01
1.071573019029999907e+00,7.680839344748232600e-01
9.457439780239998983e-01,1.029158488766253932e+00
4.376370012759999706e-01,9.570795212612928093e-01
5.141820311550000522e-01,6.446981661434884048e-01
3.387190103530000052e-01,6.954323076454239638e-01
7.144280076029999593e-01,5.842445614976158330e-01
4.996199905870000180e-01,8.547486281969129962e-01
7.917379736899999854e-01,6.667610163969465153e-01
8.646243214609999894e-01,8.881549748271245770e-01
6.024960279459999901e-01,9.736452717772128285e-01
1.260069966320000123e+00,7.700452422330968938e-01
1.012339949610000067e+00,1.160232458664581578e+00
1.004528999329999950e+00,9.963543758683295337e-01
6.310235261919999727e-01,1.030264161573936521e+00
1.141221046449999887e+00,7.764051180550493036e-01
5.426099896430000014e-01,1.074542924331857829e+00
8.547459840769999762e-01,6.582963825126522117e-01
7.744219899179999311e-01,9.492796469483024691e-01
3.084340095520000102e-01,9.072707550681811117e-01
8.376209735870000506e-01,5.715141424514219581e-01
7.293469905850000767e-01,8.937936337540480780e-01
7.503905892370000830e-01,8.208096449014126161e-01
1.134822010990000019e+00,8.801383848369628282e-01
1.614240050320000064e+00,1.093467147995861311e+00
1.244793057440000128e+00,1.398768307866331329e+00
7.141630053519999466e-01,1.190223198657953452e+00
7.293040156360000026e-01,8.305190687297877572e-01
6.486989855770000091e-01,8.518855095634322305e-01
3.427990078929999962e-01,7.934664535318696199e-01
3.861860036850000011e-01,5.465676774491818879e-01
6.366299986840000535e-01,6.054540437736720682e-01
3.990480005740000280e-01,7.853829592599772536e-01
4.178859889509999870e-01,6.201891679312885319e-01
1.103790521619999909e+00,6.402504515747222680e-01
6.956189870829999622e-01,1.095330562798283003e+00
8.070139884950000564e-01,8.013005231182191990e-01
5.947690010070000310e-01,8.840561826950235069e-01
1.107607960700000005e+00,7.695225380322767705e-01
9.713580012320000012e-01,1.093816029650108934e+00
7.170349955560000321e-01,9.645867576069742100e-01
6.764810085300000386e-01,8.315271122990528507e-01
1.687772989270000190e+00,8.207196078329783706e-01
9.907569885250000485e-01,1.462482346516685183e+00
8.082039952280000161e-01,9.472840883583371063e-01
1.087718963619999979e+00,8.716225406605998538e-01
1.564818024639999861e+00,1.088158302900839702e+00
6.673809885979999912e-01,1.384685932985658674e+00
1.256489992140000123e+00,7.554012309553220783e-01
1.091886043549999963e+00,1.159790294859025517e+00
7.375509738919999725e-01,1.061103469479031336e+00
6.224380135540000802e-01,8.502545325239370122e-01
8.364729881290000613e-01,7.919284648246422975e-01
5.774260163309999916e-01,8.873759777039607055e-01
1.015761017800000054e+00,6.715104942987317749e-01
1.106158971790000001e+00,1.005635926115274970e+00
6.945540308949998964e-01,1.082762905008571197e+00
1.130903959270000092e+00,8.277450149766439891e-01
9.518219828609999489e-01,1.099533466426773076e+00
7.524570226669999862e-01,9.383750232503204058e-01
5.585229992869999993e-01,8.483263630588683268e-01
1.415836334229999771e+00,7.499967529226369001e-01
1.855298042299999839e+00,1.299845287114029135e+00
7.845479845999999702e-01,1.496643483076637526e+00
8.210539817810000862e-01,7.852290350129417229e-01
5.835890173909999978e-01,1.003285908961161432e+00
8.359720110889999889e-01,9.115596340776520590e-01
2.184663057329999880e+00,1.048022607076607438e+00
6.805480122570000123e-01,1.855093096073946901e+00
1.238904953000000031e+00,7.091334493392666971e-01
1.030328035349999949e+00,1.137347183872778222e+00
7.914109826090000022e-01,1.068206184270195092e+00
8.423720002169999832e-01,9.230473583948758387e-01
4.464710056780000769e-01,9.788547565658186622e-01
5.589337944979999584e-01,7.396929303453245730e-01
7.099329829220000221e-01,7.914041627970880288e-01
7.334340214730000751e-01,7.550130219815163191e-01
7.833399772640000647e-01,7.554890988265403617e-01
8.426809906959999985e-01,8.645926718317152870e-01
1.099761009220000085e+00,8.991957210349931229e-01
8.706315755840000614e-01,1.086805517472409610e+00
5.862460136410000411e-01,9.367024975755602334e-01
8.863990306849999223e-01,6.960226697262151818e-01
1.019399046900000050e+00,8.826959048963767263e-01
8.493610024450000129e-01,9.903650284822227423e-01
1.010666966439999870e+00,8.904902699126547860e-01
1.331516027449999973e+00,1.029094766515849857e+00
1.215008974079999859e+00,1.270494960616345814e+00
1.645591020579999952e+00,1.163145046224685286e+00
9.708780050280000351e-01,1.391334793460438091e+00
1.411272048950000135e+00,9.148251220643542903e-01
7.953929901119999313e-01,1.259269287134216819e+00
1.046331048010000098e+00,8.595985172020611520e-01
8.879339694979999642e-01,1.002146177492829970e+00
8.349300026890000836e-01,9.234388188613504855e-01
9.847199916839999290e-01,9.336498449294476920e-01
1.090394020079999970e+00,1.008998375357553767e+00
4.901649951929999416e-01,1.040563423334571969e+00
6.141669750209999279e-01,6.366288357581099122e-01
6.314740180969999894e-01,7.211389539603694221e-01
8.252440094949999860e-01,7.607729965094935931e-01
1.051450967789999913e+00,9.252237655495908486e-01
1.047114968300000060e+00,1.049955786623045562e+00
3.921430110930000379e-01,1.030689437797898123e+00
4.695149958129999912e-01,6.136958686425052489e-01
7.720900177959999500e-01,6.696650050366841356e-01
7.520099878309999264e-01,8.544095491934521336e-01
6.877393722529999698e-01,8.474534465969617569e-01
6.718119978899999012e-01,8.220715472879949193e-01
1.185933232310000029e+00,8.059517030653042813e-01
6.571980118750000432e-01,1.123698105768277333e+00
8.213180303569999063e-01,7.752424273223742501e-01
7.795739769939998842e-01,8.892089755048614430e-01
1.030122995379999962e+00,8.561037713281344219e-01
6.211889982220000217e-01,1.034320713520024082e+00
8.660820126530001106e-01,7.411648013368249410e-01
9.608931541439998947e-01,9.079897229620820243e-01
6.760399937630000577e-01,9.794418959185313689e-01
7.402380108830000083e-01,7.821932689628718904e-01
5.984709858890000511e-01,8.176967797537046945e-01
6.151059865950000427e-01,7.359656345018720236e-01
9.358735680580000382e-01,7.562199311181370120e-01
5.818247795100000008e-01,9.536741151314014342e-01
7.156659960750000327e-01,7.202899548749955860e-01
6.529520154000000298e-01,8.208474718203575549e-01
9.700022935870000751e-01,7.613625558817693761e-01
7.834500074390000623e-01,1.002173953144299912e+00
7.448130249979999506e-01,8.814387776971445154e-01
8.276180028919999376e-01,8.264784849125162980e-01
8.943400979040000420e-01,8.982086313437841474e-01
2.505017042159999985e+00,9.732249152488849919e-01
1.620712041850000062e+00,1.977108123366974279e+00
1.417585968970000110e+00,1.334544355235542046e+00
1.049872040749999957e+00,1.375721959734816036e+00
1.226507544519999993e+00,1.170298338508489300e+00
1.043179035189999881e+00,1.230867933223017907e+00
9.694439768789999690e-01,1.005449980141914779e+00
8.192250132559999454e-01,8.422708791492068414e-01
8.129550218580000598e-01,8.081224852532731262e-01
6.712080240250000163e-01,8.662622274814785195e-01
5.289899706839999993e-01,7.712695148720966065e-01
3.461930155749999849e-01,6.857634512917046843e-01
4.789490103719999947e-01,5.678117761104753969e-01
1.153810977940000093e+00,6.415126129398420751e-01
9.671270251270001062e-01,1.091184976881273805e+00
7.845839858059999727e-01,9.768335303155883942e-01
4.701859951020000428e-01,8.661507967706760791e-01
5.632782578470000301e-01,6.575614590614151656e-01
2.416239976880000528e-01,7.176851099711827331e-01
2.709859907630000064e-01,4.810257178717107229e-01
1.994680017229999991e-01,4.934371441731247865e-01
1.327169984580000017e-01,4.657880361967309257e-01
4.732620120049999546e-01,4.563280178749600235e-01
6.585559844969999244e-01,6.685314974918828979e-01
9.621880054470001165e-01,7.471725399509488996e-01
5.111979842189999790e-01,9.865578812683584164e-01
9.829789996150001263e-01,7.356741461047980879e-01
9.100099802019999684e-01,1.015718413332807657e+00
1.026576042179999870e+00,9.166802784412177996e-01
8.309389948840000262e-01,1.010915654221722360e+00
9.651920199390001676e-01,9.096252733510485911e-01
1.000543951989999902e+00,9.893092936968692630e-01
1.983185052870000131e+00,9.977392736191644795e-01
1.274855017659999978e+00,1.644555686356782287e+00
1.286525964740000028e+00,1.098975028592297676e+00
1.382244944570000245e+00,1.108245720018289360e+00
1.736924052240000016e+00,1.281340466615416229e+00
1.257668018339999971e+00,1.527304557624763914e+00
7.533379793170000838e-01,1.141250070873795597e+00
1.084908962249999886e+00,8.422728516511528429e-01
1.062494039539999990e+00,1.095190650766576068e+00
7.787629961969999570e-01,1.053803080619716059e+00
8.256469964979999965e-01,8.279307202248765707e-01
9.891830086709999525e-01,8.612174589109129474e-01
1.418092012410000047e+00,9.815549511940613314e-01
1.151677966120000063e+00,1.254596514848867139e+00
1.250364065170000094e+00,1.067454553152165753e+00
8.794019818310000458e-01,1.152204190425023089e+00
1.089423060420000144e+00,9.039851374642666748e-01
1.809062957759999701e+00,1.028185795238965472e+00
8.687390089040000207e-01,1.502214015064497588e+00
8.521729707719999380e-01,8.720318588348062727e-01
1.307837963100000112e+00,9.017337567058377745e-01
1.262575984000000151e+00,1.223030066163756091e+00
7.601559758189999627e-01,1.174297202975559173e+00
1.069887042049999959e+00,8.009377482278996485e-01
8.579840064049999437e-01,1.024842237030734626e+00
1.149323940279999956e+00,8.804952756796488034e-01
1.067142963410000034e+00,1.067717065148286126e+00
7.400619983670000401e-01,1.071169174505041344e+00
6.799880266190000411e-01,8.539585288930950924e-01
7.323921322820000634e-01,7.611342541115903026e-01
8.352749943730000126e-01,7.906672349175668524e-01
6.000829935070000065e-01,8.699342206954621126e-01
1.010563969610000168e+00,7.072499948441060003e-01
7.613970041280000434e-01,1.004080943580081264e+00
7.260069847110000030e-01,8.281595567924359136e-01
1.064324021340000037e+00,8.097037692632599315e-01
5.901079773899998715e-01,1.059372838800082262e+00
7.744659781460000447e-01,7.343406757824910702e-01
7.406870126719998781e-01,8.421923881058653860e-01
8.908360004430001533e-01,8.206867986582915275e-01
7.620100975040000613e-01,9.534260744417755173e-01
7.774500250820000069e-01,8.551748165320414152e-01
5.811070203779999943e-01,8.312888018012104530e-01
7.908779978749999051e-01,6.961852720697998542e-01
8.903719782829999652e-01,8.910490162811576242e-01
7.882059812549999656e-01,9.581345893788985046e-01
7.301949858670000459e-01,8.469726255406601068e-01
9.248933196070000529e-01,8.065627584920239679e-01
1.265586972239999941e+00,9.395344758984812694e-01
7.884140014650000694e-01,1.156414281509644093e+00
9.180610179899999501e-01,8.321204083135556040e-01
6.569269895549999516e-01,9.586349587869761324e-01
8.252680301670000107e-01,7.772907250424690995e-01
4.257229864599999525e-01,8.657351746894054179e-01
9.114630222319999309e-01,6.014329077160457393e-01
7.238519787790000937e-01,9.459933358674891268e-01
9.657319784160000031e-01,8.241582160446784266e-01
7.194200158119999911e-01,9.917276954795524180e-01
7.146480083470000411e-01,8.126881388004284501e-01
6.188799738879999790e-01,8.205772871859398077e-01
8.502969741820000094e-01,7.797380792721751996e-01
6.113014817240000065e-01,9.237376792287737004e-01
8.405809998509999881e-01,7.239523812022947702e-01
5.909900069240000553e-01,8.747803765037867052e-01
1.191807866100000002e+00,7.056110679593645685e-01
1.072478055950000009e+00,1.138890295895300886e+00
7.976800203319999172e-01,1.042564974447368176e+00
7.140370011329999489e-01,8.527991858355660204e-01
8.885610103609999921e-01,8.613544168450152361e-01
7.367290258409999737e-01,9.838576001095298285e-01
9.655410051350000744e-01,8.372511424622685050e-01
8.569459915160000385e-01,9.447634708933818626e-01
5.838339924809999859e-01,8.679648686662699841e-01
3.047562122340000457e+00,7.118207996548874261e-01
8.865389823909999301e-01,2.319156442938897555e+00
1.186460971829999878e+00,8.010724920128325932e-01
8.750730156899999557e-01,1.227313789898147656e+00
1.111973047260000014e+00,1.320012233716653549e+00
6.929270029070000447e-01,1.602598942444562580e+00
5.632749795910000357e-01,1.127694075338496305e+00
5.519689917560000048e-01,6.056331941661050600e-01
9.211350083349998386e-01,5.783634270263393606e-01
5.465030074119999748e-01,1.001162912671057503e+00
9.997850060459999577e-01,7.314898155968725391e-01
7.512239813800000166e-01,9.930676633805234355e-01
8.402569890019999654e-01,8.118689070699750543e-01
7.843149900439999600e-01,8.990084793725502399e-01
5.915480256080000165e-01,8.899304107977203948e-01
6.109840273859999948e-01,7.480892174898019498e-01
9.328789710999999540e-01,7.506068730400574651e-01
7.992020249369999885e-01,9.606929952955768348e-01
9.833549857140000405e-01,8.476307196672779876e-01
5.405290126799999761e-01,9.814136845251580921e-01
1.093670010570000128e+00,7.155047103795452168e-01
9.266330003740002041e-01,1.075836033342448594e+00
7.972419857979999858e-01,9.196297739765659784e-01
5.896059870719999596e-01,8.610873813801894761e-01
7.799540162090000672e-01,7.490006051489597194e-01
5.182790160179999717e-01,8.488321783068377702e-01
7.263879776000000676e-01,6.447978369273905663e-01
6.216366887090000182e-01,8.005118410906162385e-01
8.810679912569999717e-01,7.521692715871136636e-01
7.315016984940000411e-01,9.267835724218629334e-01
9.703850150110000516e-01,8.085893480318429027e-01
8.715350031849999901e-01,9.883546598264500993e-01
5.505740046500000595e-01,9.350066961417894396e-01
2.576299905780000121e-01,7.061696078312128533e-01
6.952109932899999123e-01,5.022153575130515746e-01
3.547430038449999601e-01,7.873884373995629904e-01
1.308350920679999918e+00,5.456834995034877123e-01
1.424710035319999957e+00,1.232147670480970847e+00
2.422243118290000385e+00,1.328385720022641436e+00
1.588093161580000023e+00,1.991789945937343154e+00
2.882889986040000352e+00,1.372684794286896048e+00
1.510810017590000109e+00,2.176618677886709818e+00
5.103110075000000245e-01,1.278176190912054588e+00
6.637499928469999810e-01,6.697346670645745181e-01
5.865659713749999948e-01,8.177531815576061236e-01
9.182999730109998593e-01,7.771747019110197829e-01
1.126363039020000123e+00,9.736952367163596023e-01
9.455379843710000065e-01,1.035491609175339001e+00
7.979699969290000583e-01,9.280042086179602911e-01
8.895260095600000527e-01,8.582872013288184165e-01
5.017459988589999531e-01,9.160176691274406480e-01
7.889080047609999813e-01,6.705120593599304124e-01
5.571460127830000220e-01,8.732253465919953550e-01
8.079270124439998924e-01,7.339855171777849296e-01
7.382910251620000697e-01,9.061852191325975303e-01
6.742079854009999096e-01,8.088698121789978934e-01
8.787713646889999675e-01,7.731044038512923100e-01
7.401880025859999268e-01,9.328963938919789811e-01
8.886500000949999478e-01,8.233817851634308571e-01
7.983270287510000340e-01,9.179575527067885821e-01
5.137799978260000344e-01,8.675001919231793979e-01
7.760372757910000141e-01,6.757702369590575797e-01
8.528280258179999906e-01,8.527036633246729558e-01
7.851629853249999513e-01,8.971353370706232067e-01
8.431609868999999646e-01,8.585793429227625007e-01
1.024798870089999925e+00,9.407776956564484205e-01
8.044279813770001120e-01,1.053146780853967179e+00
8.841310143469999216e-01,8.626104807620078585e-01
3.615649938579999501e-01,9.064130931605807184e-01
1.171491026879999842e+00,5.822207971146576844e-01
4.477910101410000343e-01,1.130565559402496145e+00
7.665730118750000432e-01,5.917605620881561945e-01
7.735599875449999940e-01,8.459284200026689904e-01
1.054823040959999902e+00,8.817899697685193106e-01
7.843300104139999673e-01,1.056149074070722005e+00
1.034250974660000155e+00,8.504317822596311194e-01
1.096979022029999973e+00,1.028926596701932095e+00
7.633029818529999400e-01,1.069206928928522871e+00
5.883730053899999257e-01,8.141126264682000402e-01
6.365630030629999547e-01,6.976019646261154561e-01
5.750700235369999858e-01,7.509472437354968166e-01
5.399640202519999654e-01,7.119616495281997359e-01
1.324671149250000068e+00,6.798510036817787539e-01
8.178460001949999780e-01,1.206342419421839063e+00
6.359609961509999909e-01,8.541871502058205889e-01
8.135920166969999867e-01,7.514177085479185614e-01
9.872140288350000903e-01,9.106547586858784182e-01
9.839289784429998686e-01,1.044641924934407440e+00
5.904790163040000150e-01,1.006160740787010122e+00
8.986790180209999201e-01,7.000427459913532990e-01
6.268000006680000125e-01,9.123395756232555165e-01
6.926850080490000172e-01,7.417931118207522490e-01
5.757049918169999669e-01,7.860681062890952919e-01
6.764680147170000213e-01,6.990063664199405169e-01
8.279470205309999997e-01,7.822211425025389353e-01
6.547859907149999881e-01,8.861470331893744889e-01
1.085815548900000094e+00,7.603666535939195281e-01
8.509550094600001335e-01,1.066612988551236096e+00
8.879359960559999321e-01,8.959160092856244262e-01
6.557850241659999302e-01,9.150794408025976212e-01
6.597809791559999804e-01,7.650435818725712656e-01
8.856279850010000398e-01,7.621996952440435180e-01
7.502999901769999980e-01,9.171071158491544972e-01
9.303160309790000637e-01,8.293599460830205494e-01
7.259460091590000941e-01,9.582529357038266360e-01
7.123904824259998936e-01,8.101110085431838526e-01
9.326570034029998402e-01,7.895257744797395949e-01
6.544970273969999974e-01,9.554624107171146852e-01
4.987269937989999846e-01,7.674391459994311937e-01
9.782410264020000579e-01,6.722567807841253185e-01
5.593240261080000275e-01,1.024414627813163170e+00
8.733990192409999409e-01,7.299667806580144580e-01
6.232500076290000690e-01,9.160103495566186416e-01
6.319249868390000024e-01,7.429220993190326361e-01
8.335350155830000274e-01,7.677264953350584342e-01
8.613430261610000027e-01,8.907779307151155734e-01
1.036013007159999999e+00,8.907053346109170544e-01
6.160370111469999355e-01,1.022666729953426890e+00
9.874529838560001105e-01,7.452388572065640204e-01
6.686739921569999634e-01,1.010600498041716477e+00
6.455339789389999972e-01,7.997191776312227995e-01
1.007030010220000049e+00,7.716295952147368409e-01
7.763000130650000719e-01,9.871656391189330693e-01
9.358490109440000815e-01,8.400246502949382243e-01
6.626719832419999401e-01,9.686264582519207300e-01
1.113351941109999910e+00,7.894137597296224662e-01
5.495319962500000432e-01,1.077860553517986153e+00
9.273632764820001206e-01,6.680076680930477906e-01
8.215330243109999486e-01,9.361763913990687191e-01
9.193540215490000334e-01,8.455046954823635108e-01
6.899859905239998925e-01,9.096320255795248277e-01
6.497738957409999738e-01,8.419010520332547154e-01
9.705049991610000815e-01,8.419542230608945133e-01
8.034440279009998909e-01,9.793056949484609808e-01
8.920990228650002019e-01,8.097546362429373090e-01
7.462270259859999921e-01,9.307298587503088916e-01
1.495407462120000197e+00,8.481526920533286606e-01
7.597569823270000633e-01,1.304919731111316983e+00
9.677280187610000084e-01,7.672850325526255899e-01
1.126011013979999920e+00,9.559377732250187165e-01
7.641419768330000029e-01,1.208315877292310381e+00
1.423818945879999909e+00,9.906440726938813279e-01
8.309190273280000483e-01,1.349636655120917128e+00
5.316870212550000030e-01,8.945250332051581932e-01
6.942920088770000442e-01,6.986253064575592697e-01
1.097100019450000019e+00,8.380537516069025417e-01
8.623710274700000511e-01,1.124660859385870904e+00
9.711959958080000899e-01,9.335183438088295871e-01
7.501904964450000213e-01,9.530602583495491054e-01
5.659890174870000346e-01,8.111470281808985661e-01
7.235890030859999378e-01,7.179727498629624449e-01
1.088876962660000114e+00,8.079293863626080263e-01
2.614549994470000138e-01,1.027779246871077357e+00
1.923168003559999895e-01,4.854910205456267058e-01
2.048390060660000012e-01,4.497572364605305073e-01
3.752999901769999980e-01,4.497803716087822035e-01
1.878910064700000104e-01,5.923338492119034626e-01
4.178839921949999980e-01,4.827217806527998034e-01
6.128349900249999704e-01,6.292171398899837342e-01
4.822100102900000462e-01,7.614124775512970400e-01
8.136649727820000066e-01,6.877353458967199185e-01
8.997989892959999958e-01,8.959647627217419696e-01
7.667459845540000041e-01,9.489639779831305910e-01
6.762999892229999421e-01,8.558346078058427508e-01
9.804093837739999984e-01,7.682886092635926589e-01
1.075533032420000090e+00,9.821364953395538278e-01
6.459739804270000496e-01,1.049418696623287461e+00
7.601699829100000416e-01,7.512490909245489457e-01
8.707180023190000950e-01,8.708547914688858915e-01
1.045557022089999899e+00,9.374293761319341112e-01
4.832339882850000268e-01,1.028066807117224535e+00
1.085988998409999962e+00,6.448820838248783271e-01
7.320979833600000930e-01,1.058847203816298377e+00
7.128990292550000385e-01,8.165165932891196299e-01
1.045389056210000112e+00,8.083228631045141777e-01
7.359200119969999676e-01,1.035429160726662356e+00
8.956930041310000590e-01,8.161040413104841962e-01
8.745509982110000191e-01,9.069896365294546348e-01
9.237470030779999508e-01,8.977802148999839416e-01
9.997780323029999971e-01,9.397846922195192132e-01
1.739534020420000049e+00,9.818707309015315410e-01
8.107889890670000321e-01,1.458076215791213714e+00
7.049050331119999235e-01,8.264441747815071126e-01
8.328269720080000438e-01,8.112657044244404592e-01
8.276600241660000412e-01,9.537037322164108044e-01
8.953109979629999549e-01,9.754582883670300797e-01
1.459501028060000039e+00,9.681857207786943587e-01
1.179519057270000060e+00,1.266659646661191907e+00
1.443411946299999915e+00,1.066410666896674853e+00
1.306735038760000078e+00,1.280301564968203909e+00
7.634999752040000365e-01,1.210888986468965367e+00
1.145148038860000161e+00,8.061278565118038530e-01
7.253450155259999477e-01,1.037475786835322822e+00
7.633590102199999672e-01,7.946491432877302863e-01
6.174820065499999622e-01,8.465999333626303969e-01
1.029322981830000039e+00,7.041622586222411329e-01
1.302055954929999926e+00,9.762674978209089360e-01
3.164124965670000122e+00,1.199250988532586826e+00
9.734439849849999549e-01,2.443941692539246535e+00
1.229671001429999855e+00,9.270918504566756368e-01
7.441530227660000385e-01,1.132723143003296240e+00
1.063034057620000139e+00,8.729640884673154355e-01
1.123872041700000102e+00,1.128331895121345241e+00
8.984770178789999173e-01,1.095270599260900424e+00
7.175139784810000698e-01,8.486022094203639066e-01
5.367509722709999931e-01,7.604956512102132304e-01
1.175443053249999981e+00,6.789397009554848372e-01
1.101048946379999949e+00,1.118900160077201056e+00
5.734490156170000130e-01,1.062913271169027674e+00
1.431144952770000200e+00,7.188424010647999074e-01
1.037794947620000130e+00,1.281885678125228800e+00
6.568620204930000206e-01,9.899134047952853344e-01
1.074908018110000141e+00,7.467367333141451402e-01
1.385972023009999887e+00,1.064606857559846631e+00
1.004804968829999812e+00,1.285026566453333574e+00
1.609539985660000116e+00,9.785678178491677981e-01
2.817575931549999524e+00,1.363252086922570605e+00
1.962562561039999931e+00,2.183632139172577258e+00
1.279752016069999998e+00,1.580374116489184244e+00
1.995329976079999845e+00,1.135514359180032518e+00
2.033385992049999924e+00,1.673355215862719847e+00
1.307443976400000096e+00,1.746046937215057104e+00
1.611258029939999892e+00,1.203586030525257922e+00
2.040218114850000042e+00,1.306548454652507463e+00
2.183244943620000100e+00,1.583925935117649120e+00
1.351415991779999937e+00,1.728258568014806595e+00
7.242180109020001089e-01,1.188747909544015435e+00
1.363389015200000109e+00,7.558485264051331143e-01
1.526808977129999967e+00,1.202388630722832197e+00
1.784019589419999940e+00,1.317254096521053075e+00
1.103597044940000105e+00,1.497141578691220110e+00
1.763007998470000004e+00,1.007794724944628184e+00
1.157549023629999896e+00,1.435436504640708488e+00
1.153326034550000045e+00,1.089892030462900285e+00
2.362811088559999551e+00,1.089956984423656738e+00
2.580787897110000007e+00,1.910133402652093304e+00
1.242146968839999976e+00,2.063963195943559814e+00
1.712821006770000265e+00,1.090021791975474663e+00
6.676509976389999323e-01,1.384890157689450119e+00
8.271329998970000652e-01,7.569649187999464290e-01
9.642647504810000214e-01,9.303222143922321719e-01
1.394161701200000048e+00,9.759158509946797011e-01
7.584049701689999923e-01,1.177725779472021062e+00
6.900759935379999765e-01,7.507018262540386955e-01
6.740249991419999809e-01,7.751909677019891420e-01
8.615220189090000424e-01,8.094264681030632902e-01
7.907469868659999790e-01,9.392156603910714052e-01
7.285000085830000138e-01,8.620901099477503715e-01
2.411980032920000017e-01,8.136127654109194252e-01
3.354600071909999981e-01,5.249697601220414400e-01
5.912460088730000507e-01,5.735691664752945451e-01
1.058426976200000036e+00,6.802194214400922867e-01
7.669919729230000316e-01,1.001021180990424142e+00
5.881239771840000019e-01,8.517712932667600434e-01
5.922303199769999305e-01,7.686456856533441240e-01
8.753510117530000079e-01,7.548711207717385685e-01
7.038279771799998974e-01,9.078942926328309460e-01
5.677499771120000371e-01,7.756660715285577101e-01
7.133870124819999825e-01,7.158013706372305940e-01
1.077505946160000061e+00,8.106207568983668788e-01
6.909419894220000247e-01,1.048835631899509124e+00
7.724580168719999973e-01,7.889372810363625144e-01
7.237120270730000859e-01,8.548835474061806661e-01
9.752489924429997847e-01,8.630641537369639904e-01
9.151769876480000399e-01,1.028775961158678642e+00
7.574009895319999686e-01,9.311988189345955513e-01
6.912069916730000374e-01,8.194206300771931240e-01
1.183527946470000147e+00,7.806506569918654215e-01
7.705749869349999281e-01,1.102093956558286791e+00
8.947700262070000798e-01,8.197423727780813740e-01
6.143350005150000070e-01,9.245555200164427001e-01
7.692319750789999855e-01,7.515803392073386879e-01
9.070749878880000061e-01,8.581393490928510559e-01
4.068099856379999713e-01,9.684030005166097688e-01
5.138880014419999753e-01,6.255115301705980180e-01
2.481469959019999838e-01,6.705981630852809738e-01
2.568759918210000159e-01,5.305806384412394827e-01
5.980659723279999618e-01,5.872896117061977561e-01
5.981699824330000137e-01,7.468168893610525050e-01
8.801140189170000294e-01,6.976916457727134757e-01
1.085649013520000095e+00,9.385388551236180099e-01
9.920129775999999566e-01,1.085059560263085476e+00
8.743849992749999078e-01,1.000861301252496949e+00
8.770260214810000621e-01,8.975022307412459099e-01
1.008928894999999937e+00,8.914316918137096257e-01
8.088759779930000393e-01,1.016292627967907425e+00
6.714209914210000907e-01,8.528154044066524886e-01
7.449629902840000373e-01,7.305306972265167564e-01
6.942679882050000195e-01,8.803171115876788910e-01
1.001886010170000008e+00,8.845507475495250072e-01
7.935580015180000446e-01,1.039471977086905419e+00
8.450049161910000439e-01,8.416974928056303318e-01
8.031240105629999793e-01,8.860530238059702857e-01
5.744469761850000689e-01,8.799960863904644492e-01
5.679720044139999757e-01,7.092094349802134934e-01
4.538080096239999195e-01,7.194217873369560534e-01
8.494881391529999215e-01,6.739220920867363684e-01
4.064599871639999473e-01,9.410486772041177783e-01
2.453519999980000310e-01,5.973411374759911574e-01
2.323218107220000217e+00,5.007159155207843160e-01
2.027115583420000089e+00,1.812711106371891034e+00
1.581117987629999888e+00,1.639480909140140774e+00
1.727049946780000012e+00,1.646385044892316962e+00
1.150642037389999928e+00,1.741198872645278506e+00
1.607933998109999818e+00,1.267027739827395250e+00
1.331233978270000007e+00,1.586966523302377308e+00
1.221642017359999999e+00,1.399688677438347018e+00
1.583541989330000010e+00,1.337803154560836649e+00
1.608662128450000006e+00,1.506564698101090949e+00
2.185653924939999992e+00,1.498662249228390086e+00
2.989559888840000124e+00,1.892125663851174311e+00
7.574499845500000106e-01,2.450304549566347134e+00
1.811344027520000122e+00,1.012220918028711170e+00
1.527951955800000094e+00,1.686893610437612212e+00
8.892235755919999374e-01,1.485694221532909198e+00
