1.069700956339999953e+00,1.047177910804748535e+00
7.274609804150000691e-01,9.108607172966003418e-01
7.892770171170000459e-01,7.984954714775085449e-01
6.237750053410000550e-01,8.851228356361389160e-01
6.914690136910000007e-01,7.709848284721374512e-01
8.557710051540000640e-01,7.901126146316528320e-01
7.093830108640000187e-01,8.476008176803588867e-01
1.014547944070000041e+00,7.430766224861145020e-01
1.115731000900000103e+00,9.444049596786499023e-01
4.182830154900000208e-01,9.788051247596740723e-01
1.002280950550000105e+00,5.980983376502990723e-01
1.218860983849999968e+00,1.037709236145019531e+00
1.143296003339999922e+00,1.053295969963073730e+00
6.528189778330000248e-01,9.911667108535766602e-01
6.746559739110000731e-01,7.399488091468811035e-01
6.009536385540000802e-01,8.594614863395690918e-01
6.694570183749999348e-01,7.664203643798828125e-01
6.538079977039999990e-01,7.738341093063354492e-01
7.814120054240000224e-01,7.185562252998352051e-01
1.206303954120000022e+00,7.914636135101318359e-01
8.469259738919999725e-01,1.019106149673461914e+00
8.286409974099999687e-01,7.859061956405639648e-01
6.482390165329999787e-01,8.672428131103515625e-01
5.623700022700000023e-01,7.685508131980895996e-01
7.183309793469999649e-01,7.320301532745361328e-01
1.099647998810000082e+00,7.822379469871520996e-01
9.541710019110000163e-01,9.690488576889038086e-01
7.290139794350000146e-01,8.524375557899475098e-01
6.694499850270000385e-01,7.936561703681945801e-01
8.631219863889999511e-01,8.009809851646423340e-01
6.464660167689999515e-01,9.100160598754882812e-01
8.223180174830000411e-01,7.262795567512512207e-01
9.235979914669999458e-01,8.426719903945922852e-01
8.300920128820000743e-01,8.722468614578247070e-01
1.067314028740000031e+00,8.275164365768432617e-01
1.546175003050000107e+00,9.851502180099487305e-01
6.827279925350000500e-01,1.255825757980346680e+00
6.385620236399999206e-01,7.378190159797668457e-01
6.464239954950000699e-01,8.683362007141113281e-01
6.881093978879999629e-01,8.444141149520874023e-01
7.273989915849999877e-01,8.096315264701843262e-01
6.500350236890000133e-01,7.562995553016662598e-01
8.693690299990000092e-01,7.065746784210205078e-01
4.408580064769999640e-01,8.461164832115173340e-01
4.518609941010000575e-01,5.776028633117675781e-01
7.575070261959999662e-01,6.486440300941467285e-01
4.952389895920000229e-01,7.940416932106018066e-01
6.850870251659999521e-01,5.965167284011840820e-01
7.243813276289999825e-01,7.333467006683349609e-01
8.653740286830000628e-01,7.271283864974975586e-01
7.400469779970000328e-01,8.243285417556762695e-01
8.070759773250000269e-01,7.350568175315856934e-01
8.204330205920000729e-01,8.220382928848266602e-01
1.114411950110000049e+00,8.254503011703491211e-01
1.108605027200000093e+00,9.988939166069030762e-01
4.751499891279999943e-01,9.674760699272155762e-01
1.039268016820000140e+00,6.439858078956604004e-01
9.457899928089998909e-01,1.062456607818603516e+00
7.877500057220000462e-01,9.045625925064086914e-01
3.504549860949999762e-01,8.218472003936767578e-01
9.367713332179998797e-01,5.810773372650146484e-01
9.868059754369999936e-01,9.803171753883361816e-01
6.470239758489999549e-01,8.904862999916076660e-01
1.029777050020000084e+00,6.971244215965270996e-01
1.187446951870000156e+00,9.799051880836486816e-01
9.328820109370000724e-01,1.045704841613769531e+00
7.528370022769999004e-01,9.073836207389831543e-01
6.420040130619999452e-01,8.570029735565185547e-01
2.307340055699999559e-01,8.251556158065795898e-01
4.714997112749998998e-01,5.461346507072448730e-01
8.772729635240000823e-01,6.691855788230895996e-01
7.876309752460000091e-01,8.100093603134155273e-01
2.742219865320000283e-01,7.195001840591430664e-01
3.992269933219999567e-01,4.702320396900177002e-01
9.923512339589999343e-01,6.402896046638488770e-01
7.627239823340000724e-01,9.265833497047424316e-01
7.200859785079999353e-01,7.016350626945495605e-01
6.264780163759999798e-01,7.393842935562133789e-01
7.269890308380000388e-01,7.210956215858459473e-01
9.301019906999998810e-01,8.038877844810485840e-01
6.872699856759999504e-01,8.760458827018737793e-01
8.662552833559999943e-01,7.115991711616516113e-01
8.352038264269999734e-01,8.619725704193115234e-01
9.402499794960000878e-01,8.257637023925781250e-01
1.023357987399999836e+00,9.132663607597351074e-01
7.322629690170000538e-01,9.491391181945800781e-01
9.300749897960000068e-01,7.895134091377258301e-01
8.702930212019999168e-01,9.438784122467041016e-01
5.104020237919999481e-01,8.836297988891601562e-01
1.025817990299999982e+00,6.848263144493103027e-01
4.551239907739999535e-01,1.003534793853759766e+00
7.345349788670000324e-01,5.836877822875976562e-01
7.012919783589999234e-01,8.188991546630859375e-01
1.014386057849999911e+00,7.310364842414855957e-01
1.123770236970000225e+00,9.338294863700866699e-01
4.825370013710000294e-01,9.428768754005432129e-01
4.689320027829999571e-01,6.111076474189758301e-01
8.755196928980000237e-01,7.129021286964416504e-01
1.145424962039999883e+00,9.150828719139099121e-01
1.943787455559999877e+00,9.811476469039916992e-01
1.557039022450000143e+00,1.399622321128845215e+00
2.104775905609999942e+00,1.180453658103942871e+00
1.062240004540000005e+00,1.680895566940307617e+00
7.867829799650000178e-01,1.072509646415710449e+00
2.247971057890000068e+00,1.076539754867553711e+00
5.664669871329999218e-01,1.872525095939636230e+00
8.389729857439999217e-01,6.985724568367004395e-01
3.188189864160000386e-01,1.098760366439819336e+00
6.386680006980000046e-01,7.003024816513061523e-01
7.540266513819999794e-01,8.982753753662109375e-01
1.085826039310000102e+00,7.543554306030273438e-01
6.014299988750000381e-01,9.363204240798950195e-01
6.923220157619999204e-01,6.243882179260253906e-01
8.782439827919999997e-01,7.968858480453491211e-01
1.279224038119999962e+00,8.812489509582519531e-01
7.251669764520000117e-01,1.086137056350708008e+00
4.283109903339999969e-01,7.177414298057556152e-01
7.012249827380000466e-01,6.641095876693725586e-01
8.846225738529999161e-01,8.381218910217285156e-01
7.809653878210001121e-01,8.672396540641784668e-01
9.259700179099999984e-01,7.553878426551818848e-01
9.178640246389999646e-01,8.835462927818298340e-01
9.073020219800000952e-01,8.955810070037841797e-01
4.099450111390000040e-01,9.040791988372802734e-01
8.741459846500000408e-01,6.033979654312133789e-01
1.231343984599999830e+00,9.296801090240478516e-01
7.683960199359999299e-01,1.034396648406982422e+00
9.357339143749998644e-01,7.378891706466674805e-01
7.523270249369999885e-01,9.215959906578063965e-01
6.247839927670000293e-01,8.170040249824523926e-01
1.977947235110000035e+00,7.692577838897705078e-01
2.476479291920000048e+00,1.524884700775146484e+00
6.822599768639999729e-01,1.732437610626220703e+00
1.294077992440000102e+00,7.727023363113403320e-01
2.116506099700000032e+00,1.487322092056274414e+00
2.030230045320000176e+00,1.845553398132324219e+00
1.727593064309999926e+00,1.647971630096435547e+00
1.321619033810000010e+00,1.475627660751342773e+00
1.114274978639999913e+00,1.373921990394592285e+00
1.618482947350000201e+00,1.291107296943664551e+00
1.102354049679999948e+00,1.512551307678222656e+00
8.501269817350000091e-01,1.074347257614135742e+00
6.531813144679999850e-01,9.830154180526733398e-01
6.168276071549999573e-01,8.664670586585998535e-01
1.023204803470000090e+00,8.294041156768798828e-01
1.176781058310000017e+00,9.822207093238830566e-01
1.108754038809999898e+00,9.997878670692443848e-01
9.838110208509999177e-01,9.762472510337829590e-01
1.829927563670000312e+00,9.593834877014160156e-01
1.342131018639999951e+00,1.484387755393981934e+00
1.265669584270000092e+00,1.141359686851501465e+00
7.930377125740000199e-01,1.236507058143615723e+00
1.030689358710000114e+00,9.886899590492248535e-01
8.210232257839999992e-01,1.169201493263244629e+00
1.099169254300000009e+00,9.166738390922546387e-01
5.255355238910000004e-01,1.067797064781188965e+00
7.758393883709999717e-01,6.689277291297912598e-01
7.209759950640000081e-01,9.003115296363830566e-01
8.666771054269999386e-01,7.827223539352416992e-01
8.462041020389999835e-01,8.631424903869628906e-01
7.614132165909999195e-01,8.063139319419860840e-01
6.587246060370000045e-01,7.898950576782226562e-01
1.078659296040000104e+00,7.493522763252258301e-01
1.281940340999999872e+00,1.000678300857543945e+00
6.600005030629999547e-01,1.071672320365905762e+00
1.112500548360000119e+00,7.444409728050231934e-01
6.280704736709999958e-01,1.132815957069396973e+00
6.864575743680000341e-01,7.827849388122558594e-01
9.000409841540001343e-01,8.454201221466064453e-01
7.342569231990000445e-01,8.955486416816711426e-01
1.011121273039999879e+00,7.764203548431396484e-01
8.827599883079999543e-01,9.432768225669860840e-01
7.521411776540001259e-01,8.470554351806640625e-01
9.489411115649999395e-01,8.096066117286682129e-01
6.799052953720000625e-01,9.344626665115356445e-01
7.211565971369999772e-01,7.614449262619018555e-01
6.504104733470000843e-01,8.093207478523254395e-01
7.167106270790000178e-01,7.539292573928833008e-01
9.056316018100001308e-01,8.021228909492492676e-01
6.526464819910000603e-01,8.740751147270202637e-01
7.056654095649999014e-01,7.048506736755371094e-01
6.581057906149999637e-01,7.727059125900268555e-01
6.592794060709999959e-01,7.343724966049194336e-01
6.634064316750000190e-01,7.404653429985046387e-01
7.808002829549999246e-01,7.221378684043884277e-01
7.565907239910000248e-01,7.895132303237915039e-01
9.280405640599999062e-01,7.594907283782958984e-01
7.073829770089999913e-01,8.756972551345825195e-01
3.888399899009999383e-01,7.445106506347656250e-01
3.422417938710000107e-01,6.084044575691223145e-01
2.337300032380000003e-01,6.013311147689819336e-01
1.459127068520000015e-01,4.903793036937713623e-01
3.949534893039999828e-01,3.943944275379180908e-01
9.678409695629999199e-01,5.110548734664916992e-01
7.839220166210000285e-01,7.968609929084777832e-01
8.333759903910000766e-01,6.541513800621032715e-01
9.723259806630000224e-01,7.796050906181335449e-01
6.905210018160000685e-01,8.997503519058227539e-01
1.345324039460000121e+00,7.558299899101257324e-01
7.227010130879999439e-01,1.185367822647094727e+00
6.804850101469999135e-01,7.605346441268920898e-01
7.610610127449999318e-01,8.589451909065246582e-01
8.075709938999999782e-01,8.644855618476867676e-01
5.886639952659999953e-01,8.655848503112792969e-01
9.960750937460000065e-01,6.871095299720764160e-01
1.045413970949999882e+00,9.457772374153137207e-01
4.713059961800000752e-01,9.239234924316406250e-01
1.047140955920000005e+00,6.189502477645874023e-01
1.126214265820000060e+00,1.033852338790893555e+00
2.560461759570000329e+00,9.924182295799255371e-01
7.747610211370000721e-01,1.895508646965026855e+00
7.172060012819999608e-01,7.925770878791809082e-01
8.005080223080000001e-01,1.157616138458251953e+00
5.680390000339999856e-01,1.159888029098510742e+00
1.195780038829999947e+00,8.956926465034484863e-01
7.970449924470000003e-01,1.118259549140930176e+00
4.899359941480000979e-01,7.851816415786743164e-01
9.918130040170001216e-01,6.908472180366516113e-01
7.445690035819999553e-01,9.992974996566772461e-01
6.096370220180000743e-01,7.719065546989440918e-01
8.565919995309999591e-01,7.094475030899047852e-01
8.144299983980000102e-01,8.613001108169555664e-01
7.605929970739999657e-01,8.155431747436523438e-01
9.157519936559999074e-01,7.840864658355712891e-01
7.421634793279999753e-01,8.872271180152893066e-01
7.329360246660000522e-01,7.768529057502746582e-01
8.745691180230000805e-01,8.038722276687622070e-01
9.644910097120000803e-01,8.760430812835693359e-01
1.477671980859999845e+00,9.099756479263305664e-01
6.752679944040000937e-01,1.242354750633239746e+00
5.030400156970000758e-01,7.741211056709289551e-01
7.066659927370000371e-01,8.352753520011901855e-01
2.968195915220000369e+00,9.185690283775329590e-01
1.255300998690000114e+00,2.126543760299682617e+00
4.084815025330000182e+00,8.767949938774108887e-01
1.692322969440000158e+00,2.879315137863159180e+00
4.121052026750000041e-01,1.310928702354431152e+00
1.035750985149999970e+00,1.057015299797058105e+00
6.408920288089999806e-01,1.476600408554077148e+00
7.065470218660000468e-01,1.023117303848266602e+00
1.060830354689999977e+00,8.561776280403137207e-01
1.880954027180000265e+00,9.546549916267395020e-01
1.886373996729999947e+00,1.413461804389953613e+00
1.328773975370000082e+00,1.359168291091918945e+00
3.931840062139999592e-01,1.161095976829528809e+00
6.382430195809999374e-01,7.770181298255920410e-01
1.045531988140000035e+00,1.024793744087219238e+00
6.588029861449999913e-01,1.077128171920776367e+00
8.046740293499999863e-01,7.124441266059875488e-01
8.740410208700001293e-01,8.277627825736999512e-01
8.532550334930000258e-01,8.596303462982177734e-01
8.952109813690000140e-01,8.519643545150756836e-01
7.301589846610000434e-01,8.704986572265625000e-01
4.149410128589999802e-01,7.900712490081787109e-01
2.700940072540000125e-01,6.292726993560791016e-01
4.911319911479999356e-01,5.511376261711120605e-01
5.079169869420000483e-01,6.491842865943908691e-01
1.224020004270000017e+00,5.844752192497253418e-01
1.267657995220000222e+00,1.006214618682861328e+00
2.633487939829999736e+00,9.796127080917358398e-01
3.999615430830000040e+00,1.880623579025268555e+00
6.651418209080000032e+00,2.646032571792602539e+00
2.102678060530000170e+00,4.354793548583984375e+00
1.283689975739999989e+00,1.811663389205932617e+00
1.291347503659999951e+00,2.198028564453125000e+00
1.353754043579999733e+00,2.255025863647460938e+00
2.390191078189999985e+00,1.979790210723876953e+00
1.461441040039999972e+00,2.065272092819213867e+00
1.599208951000000045e+00,1.294114708900451660e+00
1.471150994300000070e+00,1.536726474761962891e+00
1.298205018039999992e+00,1.429661750793457031e+00
1.579622030259999921e+00,1.341079950332641602e+00
1.360355019570000268e+00,1.444770216941833496e+00
8.036410212519999874e-01,1.266013145446777344e+00
4.276689887049999750e-01,9.846109747886657715e-01
2.694070041180000041e-01,8.199357986450195312e-01
3.897170126439999938e-01,7.084936499595642090e-01
4.179170131680000067e-01,6.693963408470153809e-01
1.546036005019999937e+00,5.674871802330017090e-01
1.017611026760000037e+00,1.179425477981567383e+00
8.653150200839999640e-01,7.658986449241638184e-01
6.194109916690000439e-01,8.597150444984436035e-01
8.454149961469999974e-01,7.856883406639099121e-01
8.048596382139999728e-01,9.597836136817932129e-01
1.435889005660000217e+00,8.314005136489868164e-01
2.565752029420000024e+00,1.186391115188598633e+00
6.206179142000000759e+00,1.770139813423156738e+00
9.309499859810000943e-01,3.904517889022827148e+00
9.077759981159999603e-01,7.675500512123107910e-01
4.609797894950000141e-01,1.729441404342651367e+00
5.264570117000000327e-01,1.404702663421630859e+00
7.942249774930000283e-01,1.245904088020324707e+00
9.704009890559999185e-01,8.993845582008361816e-01
6.695889830590000535e-01,8.878495693206787109e-01
6.997730135920000594e-01,6.754513382911682129e-01
6.903669834139999351e-01,7.672733664512634277e-01
6.361600160600000553e-01,7.663062214851379395e-01
9.726700186730000697e-01,7.298156023025512695e-01
6.393389701839999884e-01,9.171055555343627930e-01
5.123779773709999930e-01,6.890705823898315430e-01
5.699130296709999932e-01,6.812584400177001953e-01
8.318089842800000522e-01,7.117376923561096191e-01
4.694110155110000071e-01,8.398898243904113770e-01
9.054309725759999150e-01,5.724638104438781738e-01
8.482750058169999940e-01,8.870806097984313965e-01
6.566630005839999562e-01,8.006331920623779297e-01
6.324055790899999474e-01,7.240079045295715332e-01
3.268550038340000130e-01,7.252876162528991699e-01
3.047409951689999952e-01,5.558236837387084961e-01
2.159480005499999911e-01,5.519216656684875488e-01
2.148479968310000043e-01,4.481708705425262451e-01
1.512310057880000003e-01,4.257850944995880127e-01
4.153338372709999837e-01,3.543421030044555664e-01
7.344200015070000420e-01,5.061375498771667480e-01
9.913370013240000445e-01,6.538008451461791992e-01
7.910000085830000138e-01,7.991660237312316895e-01
7.429170012469999973e-01,7.084859013557434082e-01
7.426548600200000294e-01,7.730895876884460449e-01
8.799139857289999256e-01,8.017642498016357422e-01
7.376829981800000491e-01,8.806686401367187500e-01
1.240342974660000097e+00,7.700553536415100098e-01
8.343409895899999151e-01,1.090252041816711426e+00
3.054729998110000122e-01,8.087515234947204590e-01
8.929460048680001316e-01,5.904063582420349121e-01
1.285866022110000007e+00,9.703342318534851074e-01
4.146400094030000538e-01,1.082208633422851562e+00
1.090137004850000091e+00,5.358175039291381836e-01
5.923830270769999684e-01,1.080673694610595703e+00
3.773260116580000045e-01,7.059105038642883301e-01
2.693597316740000469e+00,6.363608837127685547e-01
2.288666009900000020e+00,1.922642469406127930e+00
8.955270051960001476e-01,1.527490854263305664e+00
8.070570230480000884e-01,9.691672921180725098e-01
1.194862961769999954e+00,1.238976836204528809e+00
8.929409980769997812e-01,1.447406888008117676e+00
9.776080250740000199e-01,1.021307468414306641e+00
1.832507014270000179e+00,1.003215193748474121e+00
1.403792977329999747e+00,1.469263911247253418e+00
7.223749756810000644e-01,1.149060368537902832e+00
6.599410176280000595e-01,8.685893416404724121e-01
7.407349944109999917e-01,9.368125200271606445e-01
5.553659796709999874e-01,9.306559562683105469e-01
1.236768960949999885e+00,7.111902832984924316e-01
6.214020252229999208e-01,1.079838871955871582e+00
7.108730077739999764e-01,6.452066898345947266e-01
3.064779937269999643e-01,8.226820230484008789e-01
6.473349928859999380e-01,5.543160438537597656e-01
5.458269715310000159e-01,7.896667718887329102e-01
1.024247765539999966e+00,6.169433593750000000e-01
8.176820278170000567e-01,9.070218205451965332e-01
7.440620064740001149e-01,7.501535415649414062e-01
7.367150187490000279e-01,8.080018162727355957e-01
5.768560171130000525e-01,8.236354589462280273e-01
9.152600169179998524e-01,7.190760970115661621e-01
1.137029051779999911e+00,9.073367118835449219e-01
4.960080087179999930e-01,9.760931134223937988e-01
4.941360056399998757e-01,5.975413322448730469e-01
8.834533095360000976e-01,6.910344958305358887e-01
1.271524906160000024e+00,8.899846076965332031e-01
8.864369988439999570e-01,1.037107110023498535e+00
8.988280296330001251e-01,7.915545701980590820e-01
9.049779772759999341e-01,9.261369705200195312e-01
8.299319744109999730e-01,9.529085755348205566e-01
8.756300210950000995e-01,8.900535702705383301e-01
5.502920150760000073e-01,8.912811875343322754e-01
1.073919415470000027e+00,6.870507597923278809e-01
8.491920232770000521e-01,1.019967436790466309e+00
6.393229961399998773e-01,8.110541105270385742e-01
7.995309829709998928e-01,7.441121339797973633e-01
9.646000266079999275e-01,8.524463176727294922e-01
8.413559794430000016e-01,9.313437938690185547e-01
7.011449933050000194e-01,8.295474052429199219e-01
7.240070104600000445e-01,7.771425843238830566e-01
1.010308027270000020e+00,8.090645670890808105e-01
6.538060307499999890e-01,9.562568664550781250e-01
7.932850122450000319e-01,7.012654542922973633e-01
6.538396477699999210e-01,8.380352258682250977e-01
1.160789966579999888e+00,7.290765047073364258e-01
8.085789680480000019e-01,1.041636228561401367e+00
3.743770122530000188e-01,7.626071572303771973e-01
2.556999921800000020e-01,5.979006290435791016e-01
4.893150031570000502e-01,5.650230646133422852e-01
1.151844024660000132e+00,6.708844900131225586e-01
7.372779846189999597e-01,9.603900313377380371e-01
1.088750958439999916e+00,6.416324377059936523e-01
1.975852966309999514e+00,9.645097851753234863e-01
8.547700047490001118e-01,1.484765291213989258e+00
7.977370023729999371e-01,8.221514225006103516e-01
1.052428960799999924e+00,1.008779883384704590e+00
3.179450988770000208e+00,1.146448493003845215e+00
1.797067999840000319e+00,2.304984807968139648e+00
1.056702017779999947e+00,1.250145912170410156e+00
8.751260042189999977e-01,1.168049693107604980e+00
6.645399928090000019e-01,1.216563344001770020e+00
7.571684122089999969e-01,1.045213103294372559e+00
1.368484020229999931e+00,9.195683002471923828e-01
9.052469730380000579e-01,1.170887947082519531e+00
1.032060980800000083e+00,8.385549783706665039e-01
6.141330003739999821e-01,1.026777505874633789e+00
9.733130335809998535e-01,7.820214629173278809e-01
6.452289819719999597e-01,1.027682423591613770e+00
4.894390106200000035e-01,7.208803892135620117e-01
8.408679962160000576e-01,6.692379117012023926e-01
7.771940231319999226e-01,8.556293249130249023e-01
6.755350232119999854e-01,7.649521231651306152e-01
6.592059731480000018e-01,7.145906686782836914e-01
1.084153056139999904e+00,7.268536090850830078e-01
9.314100146289999715e-01,9.853621721267700195e-01
1.359479665760000122e+00,8.407028317451477051e-01
7.633988261220000515e-01,1.143456816673278809e+00
5.357339978220000409e-01,7.847947478294372559e-01
6.781889796259998882e-01,7.797169089317321777e-01
7.839810252189999273e-01,8.433821201324462891e-01
1.169367671010000054e+00,8.353399634361267090e-01
1.015287995340000027e+00,9.914411306381225586e-01
9.259430170060000131e-01,8.938937187194824219e-01
1.319244027140000108e+00,9.302149415016174316e-01
9.717460274700000511e-01,1.196446776390075684e+00
1.176299691200000108e+00,9.581132531166076660e-01
1.714609026910000056e+00,1.119129300117492676e+00
1.307337045669999975e+00,1.405761480331420898e+00
6.186890006069999393e-01,1.143329262733459473e+00
2.298435926440000276e+00,8.319389224052429199e-01
1.808241009709999902e+00,1.923483371734619141e+00
8.794149756429999742e-01,1.433432459831237793e+00
1.570945024490000064e+00,1.011904954910278320e+00
1.578516006470000121e+00,1.535486221313476562e+00
6.200309991839999535e-01,1.435213685035705566e+00
9.928810000419999726e-01,8.218807578086853027e-01
4.551869928839999413e-01,1.129912853240966797e+00
1.017398953439999865e+00,7.185804247856140137e-01
8.378469943999999892e-01,1.045396924018859863e+00
4.884769916529999589e-01,7.887954115867614746e-01
1.246340990070000210e+00,6.410914659500122070e-01
1.209630966189999990e+00,1.112520694732666016e+00
1.252451062200000020e+00,1.008019685745239258e+00
1.519726991650000025e+00,1.069373726844787598e+00
1.063797950739999942e+00,1.255192279815673828e+00
1.571495056150000069e+00,1.018943309783935547e+00
1.278105020519999968e+00,1.396651625633239746e+00
1.192077994349999948e+00,1.166568875312805176e+00
8.304439187050000060e-01,1.181467413902282715e+00
1.402015686039999931e+00,9.515567421913146973e-01
1.156504034999999986e+00,1.321077585220336914e+00
1.162554860120000200e+00,1.067448019981384277e+00
6.007519960399999581e-01,1.125791549682617188e+00
1.253835797310000055e+00,7.929355502128601074e-01
1.791844010350000183e+00,1.238329887390136719e+00
1.734062552449999961e+00,1.416211962699890137e+00
4.939970970150000085e+00,1.352480411529541016e+00
2.394351005549999911e+00,3.329210996627807617e+00
2.212575912479999740e+00,1.758184790611267090e+00
1.886527061460000043e+00,2.227653264999389648e+00
9.343829751010001017e-01,2.113679170608520508e+00
9.099829792980000942e-01,1.495232582092285156e+00
8.112999796870000724e-01,1.277110338211059570e+00
1.049708962440000004e+00,1.055783152580261230e+00
1.351788043980000076e+00,1.088203072547912598e+00
1.277305960659999906e+00,1.156344175338745117e+00
7.854449748989998925e-01,1.106899738311767578e+00
4.846229851250000165e-01,8.775495886802673340e-01
6.676359772680000582e-01,7.867278456687927246e-01
8.322510123249999836e-01,8.750738501548767090e-01
5.959370136259999340e-01,8.604362010955810547e-01
3.410890102390000123e-01,6.582059860229492188e-01
6.860110163689999707e-01,5.432412624359130859e-01
8.153510093690000682e-01,7.745575308799743652e-01
3.985430002210000322e-01,7.807323336601257324e-01
6.998159885410000225e-01,5.208700299263000488e-01
4.263690114019999533e-01,7.601662874221801758e-01
6.866139769550000382e-01,5.715624094009399414e-01
1.826770007609999913e-01,7.633612751960754395e-01
7.018824815749999946e-01,4.010458588600158691e-01
1.796682000159999681e+00,7.711251974105834961e-01
7.204269766809999753e-01,1.356659650802612305e+00
4.680640101429999755e-01,7.070866823196411133e-01
6.408870220180000743e-01,8.087856769561767578e-01
7.520520091060001189e-01,9.525681138038635254e-01
1.001817584040000098e+00,8.990147113800048828e-01
1.660804033279999814e+00,9.077315330505371094e-01
1.450595021250000061e+00,1.262560367584228516e+00
1.085010051729999869e+00,1.120808005332946777e+00
1.099555015560000015e+00,1.032417654991149902e+00
7.694180011750000325e-01,1.137437105178833008e+00
1.254430413249999932e+00,9.385917186737060547e-01
1.496320962910000052e+00,1.204744935035705566e+00
7.186369895940000196e-01,1.243793606758117676e+00
8.902019858359999649e-01,8.050526380538940430e-01
9.891759753229999452e-01,1.037576436996459961e+00
2.849014520649999938e+00,1.040478110313415527e+00
4.281075000759999583e+00,2.064087390899658203e+00
1.248739004139999942e+00,2.748669862747192383e+00
7.096589803699999699e-01,1.055869221687316895e+00
7.497439980509998936e-01,1.342554688453674316e+00
8.907449841499999188e-01,1.390185832977294922e+00
1.469527959819999952e+00,1.206509709358215332e+00
1.608888030049999918e+00,1.238981962203979492e+00
1.043460965159999976e+00,1.296931624412536621e+00
1.184751033780000018e+00,1.068839907646179199e+00
5.063725113870000127e-01,1.304298520088195801e+00
6.946156024930000283e-01,8.622292876243591309e-01
9.299110174179998634e-01,9.537199735641479492e-01
7.754629850390000190e-01,9.433810710906982422e-01
8.564696311949999696e-01,7.906183600425720215e-01
9.269009828569999554e-01,8.427706360816955566e-01
7.506660223010001021e-01,9.056957960128784180e-01
9.248849749570000611e-01,8.142334818840026855e-01
1.070162653919999984e+00,9.418016076087951660e-01
8.752880096439998869e-01,1.003123879432678223e+00
7.511039972310000756e-01,8.935924768447875977e-01
8.627579808239999037e-01,8.660517930984497070e-01
5.096570253369999692e-01,9.434686899185180664e-01
8.495249748229999343e-01,6.963692307472229004e-01
6.711369752879999817e-01,9.020117521286010742e-01
6.132180094720000030e-01,7.232514619827270508e-01
3.810549974440000098e-01,7.308449149131774902e-01
8.710420131680000067e-01,5.869849324226379395e-01
6.540319919589999698e-01,8.916940689086914062e-01
9.089673757550000843e-01,6.702120304107666016e-01
9.709029793739999414e-01,8.632171154022216797e-01
9.856920242310001079e-01,8.844911456108093262e-01
1.356256246570000101e+00,9.406998157501220703e-01
1.309872984889999925e+00,1.173375248908996582e+00
6.344919800760000506e-01,1.147518515586853027e+00
5.933508276940000492e-01,8.114737868309020996e-01
8.796380162239999523e-01,8.881713151931762695e-01
1.131836414339999930e+00,9.931185841560363770e-01
1.841274023059999765e+00,1.026840209960937500e+00
2.261745929719999992e+00,1.388270139694213867e+00
2.597975969309999744e+00,1.618415832519531250e+00
2.399192094800000064e+00,1.890128493309020996e+00
1.982298016549999931e+00,1.871835350990295410e+00
2.269547939300000206e+00,1.772766232490539551e+00
2.017889976500000238e+00,2.021395683288574219e+00
1.452262043950000026e+00,1.830220580101013184e+00
1.342797994609999934e+00,1.528949022293090820e+00
1.311915040020000145e+00,1.510288715362548828e+00
1.276762008670000226e+00,1.441594719886779785e+00
1.275267004970000118e+00,1.315082788467407227e+00
1.210446000100000141e+00,1.241014957427978516e+00
8.153480291369999966e-01,1.172867178916931152e+00
7.271119952200000291e-01,9.430341124534606934e-01
6.043019890790000126e-01,9.240478277206420898e-01
9.830358624459999417e-01,8.061124682426452637e-01
1.101529002189999940e+00,9.866725206375122070e-01
1.183724999429999869e+00,9.811184406280517578e-01
4.356400072569999726e-01,1.042261004447937012e+00
3.270040154459999959e-01,6.291785240173339844e-01
8.039849996569999879e-01,6.684145927429199219e-01
4.216859936710000145e-01,8.900658488273620605e-01
5.734559893609999515e-01,5.489429235458374023e-01
3.959457874300000291e-01,6.574884653091430664e-01
4.163750112060000119e-01,5.292742848396301270e-01
5.603970289230000290e-01,5.799261927604675293e-01
7.749050259590000156e-01,6.285778880119323730e-01
6.370840072629999629e-01,7.385521531105041504e-01
3.839260041709999793e-01,6.425497531890869141e-01
5.648739933969999516e-01,5.453087091445922852e-01
1.054715037350000051e+00,6.926167011260986328e-01
6.537709832190000681e-01,9.330394268035888672e-01
5.931029915809999942e-01,6.426943540573120117e-01
1.022608995439999946e+00,6.966254115104675293e-01
8.359869718549999273e-01,9.666607379913330078e-01
6.375340223309999832e-01,8.088153004646301270e-01
9.755985140799999789e-01,7.190946936607360840e-01
4.898079931740000337e-01,9.463713169097900391e-01
1.098647952079999879e+00,6.308282613754272461e-01
1.151165962220000116e+00,1.038182616233825684e+00
8.061249852179999120e-01,9.718769788742065430e-01
4.744769930839999872e-01,8.124732971191406250e-01
7.896029949189999897e-01,6.734079122543334961e-01
4.762530028819999539e-01,8.991574645042419434e-01
5.455229878430000179e-01,6.284093260765075684e-01
6.212809681889999158e-01,6.805739402770996094e-01
7.707700133319999036e-01,6.845248937606811523e-01
9.337069988249999675e-01,7.674200534820556641e-01
8.110550045970000843e-01,8.439943790435791016e-01
6.005529761310000048e-01,7.965751886367797852e-01
1.002521038060000036e+00,7.230873107910156250e-01
8.921650052069998171e-01,9.815246462821960449e-01
9.160850048070000584e-01,8.556864261627197266e-01
7.413420081139999729e-01,8.924924135208129883e-01
9.283249974250000758e-01,7.906033992767333984e-01
6.429409980770000033e-01,9.356112480163574219e-01
9.950090050700001187e-01,7.370197772979736328e-01
6.271365880970000140e-01,9.781321287155151367e-01
1.038689017300000073e+00,7.037211656570434570e-01
6.888009905820000611e-01,1.005593061447143555e+00
5.214130282399999095e-01,7.304868102073669434e-01
6.510270237919999481e-01,6.985197663307189941e-01
1.159701943399999990e+00,7.678211927413940430e-01
6.456400156020000169e-01,1.033636450767517090e+00
1.195862650870000099e+00,6.617197394371032715e-01
1.304703950880000018e+00,1.087932109832763672e+00
8.844429850579998975e-01,1.104576826095581055e+00
7.697709798810000725e-01,9.114474654197692871e-01
7.702100276950000213e-01,9.148461222648620605e-01
6.418280005459999771e-01,9.295347332954406738e-01
8.937159776689999058e-01,7.906167507171630859e-01
5.247250199319999364e-01,9.047155976295471191e-01
5.142210125920000374e-01,6.431354880332946777e-01
7.172748446459999982e-01,6.876444220542907715e-01
6.410769820210000525e-01,7.744492888450622559e-01
4.689820110800000941e-01,7.114429473876953125e-01
1.203750014310000171e+00,6.215801239013671875e-01
7.911959886550000709e-01,1.077669858932495117e+00
1.136301159859999910e+00,7.556957602500915527e-01
8.642929792399999256e-01,1.049222946166992188e+00
8.814030289650001126e-01,8.739617466926574707e-01
5.817409753800000249e-01,9.683669805526733398e-01
8.651199936869999885e-01,7.576652765274047852e-01
9.078124761579999813e-01,9.315294027328491211e-01
7.377740144730000615e-01,8.679260015487670898e-01
1.120375037189999867e+00,7.726031541824340820e-01
9.422479867940000142e-01,1.016127228736877441e+00
1.060060024260000011e+00,8.773624897003173828e-01
7.158420085910000008e-01,9.906611442565917969e-01
4.040209949019999969e-01,7.834644317626953125e-01
2.920779883859999648e-01,6.596509218215942383e-01
6.317924261089999938e-01,5.824549794197082520e-01
1.124665260310000026e+00,7.366118431091308594e-01
1.115690946580000009e+00,9.278997182846069336e-01
1.247418999670000028e+00,8.859086632728576660e-01
6.976169943809999996e-01,1.043330669403076172e+00
3.693974971769999893e+00,7.777648568153381348e-01
8.204839825630000361e-01,2.623628139495849609e+00
8.573070168499999921e-01,7.145167589187622070e-01
6.902359724040000311e-01,1.299050807952880859e+00
8.385969996449998964e-01,1.159059166908264160e+00
1.287726998329999928e+00,1.198617815971374512e+00
9.632229804989999034e-01,1.153192400932312012e+00
1.343299984930000024e+00,9.080463647842407227e-01
7.316169738770000874e-01,1.202308654785156250e+00
6.809219717980000697e-01,8.281351923942565918e-01
7.014784216880000089e-01,8.885820508003234863e-01
6.698030233380000142e-01,8.332931995391845703e-01
1.365643024439999964e+00,7.799220681190490723e-01
9.781420230869999344e-01,1.140887260437011719e+00
6.786789894100000442e-01,8.522866964340209961e-01
5.976330041890000055e-01,7.971769571304321289e-01
8.193774819369999962e-01,8.012118339538574219e-01
7.911109924320000042e-01,9.200787544250488281e-01
1.044147372249999872e+00,8.182092905044555664e-01
1.400015950200000026e+00,9.622432589530944824e-01
8.748620152470000244e-01,1.160542249679565430e+00
6.228179931639999944e-01,8.611801862716674805e-01
7.164059877399998610e-01,8.229914307594299316e-01
6.523500084880000660e-01,8.835009336471557617e-01
9.379299879070001067e-01,7.816838026046752930e-01
5.936999917030000296e-01,8.995275497436523438e-01
5.393440127369999448e-01,6.556962728500366211e-01
9.370089769359999377e-01,6.899550557136535645e-01
8.087720274930000341e-01,9.120587706565856934e-01
5.654280185700000239e-01,7.866851687431335449e-01
6.020820140839999723e-01,6.693041324615478516e-01
1.146679997439999932e+00,7.253009676933288574e-01
9.824249744419999431e-01,1.032650351524353027e+00
5.671510100359999917e-01,8.649560213088989258e-01
7.866399884220000027e-01,6.851903796195983887e-01
7.388439774510000557e-01,8.802105784416198730e-01
6.810299754140000106e-01,8.071076273918151855e-01
7.086979746820000203e-01,7.531399726867675781e-01
6.642330288889999323e-01,7.565860748291015625e-01
5.124790072439999733e-01,7.314696907997131348e-01
6.040380001070000393e-01,6.458214521408081055e-01
6.728799939159999521e-01,7.120428681373596191e-01
8.265414834020000656e-01,7.233640551567077637e-01
4.546860158440000355e-01,7.990696430206298828e-01
5.594509840010000179e-01,5.729230046272277832e-01
1.332218050960000122e-01,7.039976119995117188e-01
1.633069962260000063e-01,4.162163436412811279e-01
1.797860413789999778e-01,4.573045670986175537e-01
5.747918486599999932e-01,3.935095667839050293e-01
8.508148789409999413e-01,6.020115017890930176e-01
8.527640104289999634e-01,6.992360949516296387e-01
1.687628030779999788e+00,7.182582616806030273e-01
2.149522066120000297e+00,1.255617499351501465e+00
8.122850060459999577e-01,1.520033717155456543e+00
1.239639997479999867e+00,8.244462013244628906e-01
2.128437280650000041e+00,1.341853141784667969e+00
2.139239072800000141e+00,1.763784766197204590e+00
9.779880046840000452e-01,1.657266020774841309e+00
6.937779784199998856e-01,1.015198826789855957e+00
7.218790054320000094e-01,1.085301756858825684e+00
7.631160020829999002e-01,1.061794281005859375e+00
8.565329909319999713e-01,9.296233057975769043e-01
1.109338045120000116e+00,8.592739701271057129e-01
6.476340293879999654e-01,9.793146252632141113e-01
9.241870045659998922e-01,7.033227086067199707e-01
7.877320051189998784e-01,9.515492916107177734e-01
1.305567026139999864e+00,8.286062479019165039e-01
9.107710123059999940e-01,1.149928927421569824e+00
8.699640035629999657e-01,8.492575287818908691e-01
5.743020176890000217e-01,9.308564662933349609e-01
8.599532246590000373e-01,7.507301568984985352e-01
4.775849878790000003e-01,9.368966221809387207e-01
1.108017444610000179e+00,6.236231923103332520e-01
1.290724992749999966e+00,1.026593804359436035e+00
8.591579794879999898e-01,1.056776642799377441e+00
3.058980107309999807e-01,8.502284884452819824e-01
9.039019942279999942e-01,6.120412945747375488e-01
6.352750062940000220e-01,1.018180131912231445e+00
1.023422956470000145e+00,7.081666588783264160e-01
6.730669736859999919e-01,9.378189444541931152e-01
8.504790067669999454e-01,6.847229599952697754e-01
5.141969919200000128e-01,8.863418698310852051e-01
1.527956604959999964e+00,6.507022380828857422e-01
4.094385623930000051e+00,1.280895233154296875e+00
9.952359795569999390e-01,2.676062583923339844e+00
8.670449852940000923e-01,8.063859939575195312e-01
1.141056060789999993e+00,1.370135307312011719e+00
1.622257947919999888e+00,1.554255843162536621e+00
1.980204939840000566e+00,1.656163692474365234e+00
1.375547051430000112e+00,1.545003533363342285e+00
1.851865053180000054e+00,1.188005328178405762e+00
1.420923948290000016e+00,1.626729130744934082e+00
1.589177966120000285e+00,1.344199895858764648e+00
1.673199415210000041e+00,1.503264904022216797e+00
2.123934030530000072e+00,1.478051662445068359e+00
1.648401975629999905e+00,1.777318239212036133e+00
1.204741954800000014e+00,1.467412233352661133e+00
7.920839786529999538e-01,1.323314905166625977e+00
1.227027416229999890e+00,1.110385179519653320e+00
1.226951003070000157e+00,1.313524007797241211e+00
1.131343960759999989e+00,1.138709664344787598e+00
1.252465009690000075e+00,1.051319599151611328e+00
1.116891980170000132e+00,1.132383227348327637e+00
1.122387051579999850e+00,1.064962625503540039e+00
1.040153026579999862e+00,1.086193084716796875e+00
8.091310262680000420e-01,1.028452277183532715e+00
7.681059837340000751e-01,9.044507145881652832e-01
7.982919812199998910e-01,8.869073390960693359e-01
7.666722536090000428e-01,8.722877502441406250e-01
1.057360053060000027e+00,8.196172714233398438e-01
8.607699871060000563e-01,9.746251702308654785e-01
1.070777058600000053e+00,8.280290961265563965e-01
5.301510095600000527e-01,9.957799911499023438e-01
6.604189872739999467e-01,6.627103686332702637e-01
9.909179806709998983e-01,8.219885230064392090e-01
3.561530113220000016e-01,9.517894387245178223e-01
9.618239998820000691e-01,5.349276065826416016e-01
1.244829058649999931e+00,9.550567865371704102e-01
8.381230235100001202e-01,1.024163842201232910e+00
9.245989918709998090e-01,7.989972829818725586e-01
8.131660223010001021e-01,9.274407625198364258e-01
1.003061056139999963e+00,8.762912154197692871e-01
8.752340078350000496e-01,9.919417500495910645e-01
7.991399765009998823e-01,8.633043766021728516e-01
8.812961578369999938e-01,8.457605242729187012e-01
1.063080191609999892e+00,8.914144039154052734e-01
9.057049751279999672e-01,9.806575775146484375e-01
6.909559965129999926e-01,8.703594207763671875e-01
1.355970025060000195e+00,7.856547832489013672e-01
7.572399973869999856e-01,1.198282837867736816e+00
2.043754577640000125e+00,7.668132185935974121e-01
8.576130270960000690e-01,1.607394576072692871e+00
2.364957094190000220e+00,8.012718558311462402e-01
4.179231166840000178e+00,1.917472243309020996e+00
2.233561992649999883e+00,2.770135402679443359e+00
8.013390302660000630e-01,1.604545235633850098e+00
8.372840285299999463e-01,1.163439869880676270e+00
8.851529955859999133e-01,1.433930397033691406e+00
9.040349721909999303e-01,1.247789859771728516e+00
1.302939534190000082e+00,9.851782321929931641e-01
7.228699922560000157e-01,1.112958192825317383e+00
8.009120225910000279e-01,7.526942491531372070e-01
1.032919287679999965e+00,9.127430915832519531e-01
1.321628212929999879e+00,1.010545372962951660e+00
9.367759823799999275e-01,1.140336632728576660e+00
7.007700204850000336e-01,8.786793351173400879e-01
7.624319791789999634e-01,8.446257710456848145e-01
1.144938945770000105e+00,9.076638221740722656e-01
7.721610069269999599e-01,1.073282957077026367e+00
8.772150278090000697e-01,7.751533389091491699e-01
1.243505001070000171e+00,9.000626206398010254e-01
6.381840109830000385e-01,1.097067117691040039e+00
7.468199729919999807e-01,7.368102073669433594e-01
6.839929819109999976e-01,8.958595395088195801e-01
1.419505119320000119e+00,8.224056363105773926e-01
6.141470074649999500e-01,1.223156809806823730e+00
7.347676754000000976e-01,6.431292891502380371e-01
6.770560145379999062e-01,8.812327980995178223e-01
1.074026942249999950e+00,8.094988465309143066e-01
6.156389713290000287e-01,1.032934546470642090e+00
9.692379832269999440e-01,6.652114391326904297e-01
9.916120171550001361e-01,9.546174407005310059e-01
8.089560270310000023e-01,9.109988808631896973e-01
2.435143947599999859e+00,8.275935649871826172e-01
8.223479986189999869e-01,1.816153168678283691e+00
5.938220024110000272e-01,7.658027410507202148e-01
5.762249827380000466e-01,9.495242834091186523e-01
4.224239885809999429e-01,9.277881979942321777e-01
6.765879988670000511e-01,7.530214786529541016e-01
5.520349740979999531e-01,7.575698494911193848e-01
9.015229940410001142e-01,6.184594035148620605e-01
7.489960193629999763e-01,8.436492681503295898e-01
8.627583980560000754e-01,7.239230275154113770e-01
9.480749964710000199e-01,8.526797294616699219e-01
1.055613875389999956e+00,9.052312374114990234e-01
1.970020055770000278e+00,9.822790622711181641e-01
9.391199946399999554e-01,1.523135542869567871e+00
1.009042978289999892e+00,8.775211572647094727e-01
7.824029922490001177e-01,1.137335419654846191e+00
1.016265034679999957e+00,9.617211222648620605e-01
8.782749772069999850e-01,1.083972573280334473e+00
7.353619933130000064e-01,8.783447146415710449e-01
1.109990954399999952e+00,8.160121440887451172e-01
7.727199792860000027e-01,1.036607623100280762e+00
1.164981961250000086e+00,7.918247580528259277e-01
7.157210111620000426e-01,1.064978718757629395e+00
1.475479006770000101e+00,7.604314088821411133e-01
8.354520201680000202e-01,1.292113661766052246e+00
7.344660162930000125e-01,8.167779445648193359e-01
7.861927747729999805e-01,8.922324776649475098e-01
1.143465042110000107e+00,8.871497511863708496e-01
9.246990084650000830e-01,1.081283569335937500e+00
2.958764553069999970e+00,8.676593303680419922e-01
2.138324022289999959e+00,2.094946146011352539e+00
2.038712024690000124e+00,1.488645434379577637e+00
1.480209946629999829e+00,1.726078629493713379e+00
9.367650747299998137e-01,1.508171319961547852e+00
1.715939760209999942e+00,1.292291522026062012e+00
1.001402020450000041e+00,1.657509922981262207e+00
8.896229863169999863e-01,1.051169157028198242e+00
7.492939829829999843e-01,1.044808268547058105e+00
1.115183949470000213e+00,9.162893891334533691e-01
9.457820057870001129e-01,1.113774180412292480e+00
6.452180147170000213e-01,9.082168340682983398e-01
1.164842009540000056e+00,7.757423520088195801e-01
1.244351029399999975e+00,1.103731393814086914e+00
9.045109748840000075e-01,1.070667624473571777e+00
5.575259923929999362e-01,8.781839609146118164e-01
5.778343677520000332e-01,7.467523217201232910e-01
7.199835777280000348e-01,8.097068667411804199e-01
7.607790231700000128e-01,8.390265703201293945e-01
5.404400229450000426e-01,8.002738356590270996e-01
8.009672760959999360e-01,6.576397418975830078e-01
7.710149884220000027e-01,8.440894484519958496e-01
6.709719896319999988e-01,7.955858707427978516e-01
2.768970489500000021e+00,7.539178729057312012e-01
3.086133003230000060e+00,1.988841056823730469e+00
1.116358041760000086e+00,2.041912794113159180e+00
1.018260955809999979e+00,1.074840903282165527e+00
7.442610263819999794e-01,1.448262333869934082e+00
1.114386796949999869e+00,1.278938651084899902e+00
1.380516409870000238e+00,1.331163406372070312e+00
1.229098439219999950e+00,1.244838356971740723e+00
1.573238968849999919e+00,1.128545999526977539e+00
1.245597958560000107e+00,1.385926246643066406e+00
8.298619985580000247e-01,1.199982285499572754e+00
5.376980304720000436e-01,1.033312797546386719e+00
8.593800067899999284e-01,8.739806413650512695e-01
7.949647903440000274e-01,1.020053148269653320e+00
8.122889995569999577e-01,8.431932330131530762e-01
1.209460973739999945e+00,8.398172259330749512e-01
1.043611049649999956e+00,1.063895344734191895e+00
9.914460182190000248e-01,9.434345364570617676e-01
1.377645969390000058e+00,9.646296501159667969e-01
7.495359778399999229e-01,1.207941293716430664e+00
7.549669742579999676e-01,8.179527521133422852e-01
8.522210121150000095e-01,9.107071757316589355e-01
1.312628030780000010e+00,9.274349808692932129e-01
9.499999880790001017e-01,1.158457398414611816e+00
8.433979749680000637e-01,8.720041513442993164e-01
6.329939961430000039e-01,9.038631319999694824e-01
6.848490238189999246e-01,7.985924482345581055e-01
8.296039700509999504e-01,8.421413898468017578e-01
1.117776036259999994e+00,8.600637912750244141e-01
1.060515046120000138e+00,1.003901839256286621e+00
9.966710209849999336e-01,9.585462808609008789e-01
6.726049780850000825e-01,9.735558629035949707e-01
8.499810099600000335e-01,8.035168051719665527e-01
7.929700016980000266e-01,9.433944225311279297e-01
7.509549856190000927e-01,8.465060591697692871e-01
9.556260704989999466e-01,8.116201758384704590e-01
6.085839867589999397e-01,9.141137599945068359e-01
7.782499790189999489e-01,6.946407556533813477e-01
5.098140239720000411e-01,8.447998166084289551e-01
6.364319920540000286e-01,6.533317565917968750e-01
6.015599966049999248e-01,7.595575451850891113e-01
6.556333899499999784e-01,6.844176054000854492e-01
6.385549902920000243e-01,7.218394279479980469e-01
8.762890100480000832e-01,6.993413567543029785e-01
7.967479825020000739e-01,8.547440171241760254e-01
6.824830174449999509e-01,7.864279150962829590e-01
8.025500178340000401e-01,7.551044821739196777e-01
7.950311899190000142e-01,8.424187898635864258e-01
1.584897041320000088e+00,8.228141665458679199e-01
1.017485976220000143e+00,1.288021922111511230e+00
9.177780151369999695e-01,8.894581198692321777e-01
1.230221033100000083e+00,9.769709706306457520e-01
1.027899026870000121e+00,1.182228207588195801e+00
9.125559926030000213e-01,1.031421303749084473e+00
7.935979962350000472e-01,9.636652469635009766e-01
1.030437946320000187e+00,9.038397669792175293e-01
5.325379967690000438e-01,1.042194128036499023e+00
6.127780079839999505e-01,6.908416152000427246e-01
8.741289973260000234e-01,7.924188375473022461e-01
3.667230010029999820e-01,8.881518244743347168e-01
7.391750216480000857e-01,5.475605130195617676e-01
5.604230165479999748e-01,8.132784366607666016e-01
7.758178114889999755e-01,6.470177173614501953e-01
8.102909922600001202e-01,8.038592338562011719e-01
6.437510252000000488e-01,7.841264009475708008e-01
7.236457467079999706e-01,7.224926948547363281e-01
9.113870263100001257e-01,7.982960939407348633e-01
6.627830266949999993e-01,9.084881544113159180e-01
1.002035975460000117e+00,7.496315836906433105e-01
8.224419951440000709e-01,9.917250275611877441e-01
1.030576944350000135e+00,8.629149794578552246e-01
6.781139969830000114e-01,1.028095364570617676e+00
5.333459973340000104e-01,7.887315750122070312e-01
3.209959864620000047e-01,7.481514215469360352e-01
7.608630061149999069e-01,5.959605574607849121e-01
7.439860105509998878e-01,8.385182023048400879e-01
5.468400120740000148e-01,7.210089564323425293e-01
7.004669904709999173e-01,6.237562894821166992e-01
8.356525897980000561e-01,7.509290575981140137e-01
1.274258971210000091e+00,8.233357667922973633e-01
8.934450149539999719e-01,1.082966089248657227e+00
6.211659908290000365e-01,8.483995199203491211e-01
7.900159955019999680e-01,8.008471131324768066e-01
1.067494988440000014e+00,9.258661866188049316e-01
6.698009967800000464e-01,1.040733814239501953e+00
1.265694975850000015e+00,7.491597533226013184e-01
6.380620002750000408e-01,1.153427481651306152e+00
9.348030090330000652e-01,7.195714712142944336e-01
8.006410002709999363e-01,1.000787973403930664e+00
1.085708975790000030e+00,8.412360548973083496e-01
3.527039885520000251e-01,1.042379617691040039e+00
5.883709788319999578e-01,5.524650216102600098e-01
4.875420033929999120e-01,8.066948056221008301e-01
4.636880159380000199e-01,6.513276100158691406e-01
3.637039959430000136e-01,6.262065172195434570e-01
8.750243186949999696e-01,5.225574374198913574e-01
6.435279846190000708e-01,8.309150338172912598e-01
4.834130108360000233e-01,6.396005749702453613e-01
2.120890021319999930e-01,6.177392005920410156e-01
4.560469985010000560e-01,4.849892854690551758e-01
4.367910027499999903e-01,6.505542397499084473e-01
7.238804101939999569e-01,5.512134432792663574e-01
5.560690164570000205e-01,7.106519937515258789e-01
4.748429954049999679e-01,5.906865596771240234e-01
2.674640119080000100e-01,6.086921691894531250e-01
9.588437080380001198e-01,4.924046993255615234e-01
7.868980169300000549e-01,9.123549461364746094e-01
1.794360995290000149e+00,7.089704871177673340e-01
1.337677955630000026e+00,1.357664465904235840e+00
1.210453987120000185e+00,1.027440667152404785e+00
5.654799938200000264e-01,1.136740088462829590e+00
4.008429944520000565e-01,8.051334619522094727e-01
2.727654874320000200e-01,7.849764823913574219e-01
5.836449861529999783e-01,6.027396917343139648e-01
8.533802628519999711e-01,7.172343134880065918e-01
8.660610318179999823e-01,7.669464945793151855e-01
1.158349990839999899e+00,7.566288709640502930e-01
7.764859795569999390e-01,9.718601107597351074e-01
1.068807005880000105e+00,7.730043530464172363e-01
5.888479948040000744e-01,1.030873298645019531e+00
1.588868498799999918e+00,7.134454846382141113e-01
4.327859878540000205e-01,1.375005125999450684e+00
3.996030092239999942e-01,5.764673352241516113e-01
5.545349717140000134e-01,7.748453617095947266e-01
6.221979856490000849e-01,8.002206683158874512e-01
1.149551987649999996e+00,7.625998854637145996e-01
1.121260046960000034e+00,9.749858975410461426e-01
9.776459932329999436e-01,9.120495915412902832e-01
1.732741951940000025e+00,8.957851529121398926e-01
2.302707910540000125e+00,1.398841857910156250e+00
1.053477048870000043e+00,1.678086638450622559e+00
7.962800264360000435e-01,9.682987928390502930e-01
5.203329920770000117e-01,1.067598104476928711e+00
6.104800105090000262e-01,9.130938649177551270e-01
4.453057944770000276e-01,8.837175369262695312e-01
6.522138714790000069e-01,6.245709657669067383e-01
1.175541162490000069e+00,7.270373106002807617e-01
1.032202124599999937e+00,9.910387992858886719e-01
7.193930149079998948e-01,8.833358287811279297e-01
8.200139999390000378e-01,7.869563102722167969e-01
9.497330188750000568e-01,9.257572293281555176e-01
1.039114952089999822e+00,9.870700836181640625e-01
5.883830189700000046e-01,9.951974749565124512e-01
9.508559703829998488e-01,7.148691415786743164e-01
5.277600288389999728e-01,9.883146286010742188e-01
7.736063003540000205e-01,6.722748875617980957e-01
9.703559875489998765e-01,8.597985506057739258e-01
1.383889913560000018e+00,9.075936675071716309e-01
7.795230150220000542e-01,1.139750957489013672e+00
6.069999933240000090e-01,7.777671813964843750e-01
4.660570025440000097e-01,8.345321416854858398e-01
9.455270171170000459e-01,7.603762745857238770e-01
6.238729953770000280e-01,9.953004121780395508e-01
3.923240005969999555e-01,6.655367612838745117e-01
5.156549811360000568e-01,5.830458998680114746e-01
9.679385423660000765e-01,6.723001599311828613e-01
1.356565952299999989e+00,8.974927663803100586e-01
9.072690010070000310e-01,1.056018114089965820e+00
8.162760138510000152e-01,8.022232651710510254e-01
2.479866981509999846e+00,8.842067122459411621e-01
1.133080005649999888e+00,1.882108211517333984e+00
1.045583963389999926e+00,9.506632089614868164e-01
8.474370241169999485e-01,1.170558333396911621e+00
1.536522984499999911e+00,1.070294737815856934e+00
9.008989930149998715e-01,1.473395466804504395e+00
4.812009930610000596e-01,9.016984701156616211e-01
8.572540283199999722e-01,7.658507823944091797e-01
8.617479801180000232e-01,9.963265657424926758e-01
1.008694052699999899e+00,9.049111604690551758e-01
1.127727031710000105e+00,9.396935105323791504e-01
7.795569896699999779e-01,9.866138100624084473e-01
9.895502924920001053e-01,8.143066763877868652e-01
8.363329768179998958e-01,9.943641424179077148e-01
9.099559783939998869e-01,8.751640319824218750e-01
5.511059761050000061e-01,9.353964328765869141e-01
1.239764332770000088e+00,6.924359202384948730e-01
1.211838960649999963e+00,1.132778286933898926e+00
1.379981994630000042e+00,1.011794686317443848e+00
1.148460984229999982e+00,1.159214973449707031e+00
7.663900256160000035e-01,1.050143837928771973e+00
9.660840034479999394e-01,9.257983565330505371e-01
8.156750202179999798e-01,1.064095139503479004e+00
1.142272949220000111e+00,8.965228199958801270e-01
1.299479961400000105e+00,1.065775036811828613e+00
8.583310246469999516e-01,1.097702741622924805e+00
7.149469852449999996e-01,8.636286854743957520e-01
8.764400482179999230e-01,8.613472580909729004e-01
8.305460214609999836e-01,9.520719647407531738e-01
8.535240292550000385e-01,8.684828281402587891e-01
9.092410206789999227e-01,8.589955568313598633e-01
5.202720165249999917e-01,8.847192525863647461e-01
7.411040067669999454e-01,6.621987223625183105e-01
5.853319764140000325e-01,8.380323052406311035e-01
5.047770142559999673e-01,6.933299899101257324e-01
5.519493222240000607e-01,6.554011702537536621e-01
9.697520136830000137e-01,6.610387563705444336e-01
1.116515994070000017e+00,8.943539261817932129e-01
1.049844980239999837e+00,9.261882901191711426e-01
6.342629790310000404e-01,9.147419333457946777e-01
5.644329786300000817e-01,7.374082207679748535e-01
9.184709787370000100e-01,7.759802341461181641e-01
9.593539834020000656e-01,9.436837434768676758e-01
5.984159708020000412e-01,8.863576650619506836e-01
9.383450150489999197e-01,6.753585934638977051e-01
4.542250037189999867e-01,9.380204081535339355e-01
7.079470157619999204e-01,6.150210499763488770e-01
3.876500129699999575e-01,8.194649815559387207e-01
4.484339952470000057e-01,5.525967478752136230e-01
8.405709862710000202e-01,6.276327967643737793e-01
5.337110161779999862e-01,8.017104864120483398e-01
7.211350202559999589e-01,5.844316482543945312e-01
5.215386152269999576e-01,7.473515868186950684e-01
7.050759792330000275e-01,6.145237088203430176e-01
6.405649781229999506e-01,7.699050307273864746e-01
5.168589949609999623e-01,6.862439513206481934e-01
1.660409450529999997e+00,6.383611559867858887e-01
2.465307950970000217e+00,1.302956938743591309e+00
1.622156023979999917e+00,1.660694360733032227e+00
1.866270065310000170e+00,1.201202988624572754e+00
3.623536109919999415e+00,1.597324728965759277e+00
7.948709726329999947e-01,2.670275211334228516e+00
9.065989851950000400e-01,9.044796228408813477e-01
8.571879863740000660e-01,1.405022382736206055e+00
7.756379842759999477e-01,1.279292941093444824e+00
7.006700038909999817e-01,1.105647802352905273e+00
6.443409919740000769e-01,8.302165865898132324e-01
7.579550147059999077e-01,7.734603881835937500e-01
5.499600172040000068e-01,8.109032511711120605e-01
4.964669942859999408e-01,6.557438373565673828e-01
1.367677569390000070e+00,6.491695046424865723e-01
1.397894024850000250e+00,1.140719890594482422e+00
8.148130178450000427e-01,1.101198554039001465e+00
1.278898954390000009e+00,8.625440597534179688e-01
8.623980283740000363e-01,1.288134574890136719e+00
1.093865990639999897e+00,9.879103899002075195e-01
8.134710192680000285e-01,1.121817827224731445e+00
1.466687083240000078e+00,8.702300190925598145e-01
9.060310125349999577e-01,1.292029619216918945e+00
7.652140259739999006e-01,8.850043416023254395e-01
1.311033964160000176e+00,9.355864524841308594e-01
7.892500162119999718e-01,1.241969704627990723e+00
1.474902033810000068e+00,8.570321202278137207e-01
9.167850017550001063e-01,1.298522472381591797e+00
1.186140060420000086e+00,8.953276872634887695e-01
1.411391973500000008e+00,1.174430489540100098e+00
2.092472076419999993e+00,1.228806138038635254e+00
7.189220190049999681e-01,1.624729871749877930e+00
1.301861047739999888e+00,7.666997313499450684e-01
1.268974781040000055e+00,1.358866095542907715e+00
1.221997022629999874e+00,1.210629105567932129e+00
9.061110019680000960e-01,1.185396790504455566e+00
1.078873991970000112e+00,9.603213667869567871e-01
1.028025031089999874e+00,1.127267599105834961e+00
7.863690257070000689e-01,1.027841687202453613e+00
1.276852965350000035e+00,8.736811876296997070e-01
7.093420028689999546e-01,1.162487149238586426e+00
5.201929807659999572e-01,7.670175433158874512e-01
5.645610094070000473e-01,7.391895055770874023e-01
9.855200052259999177e-01,7.468383908271789551e-01
1.092841982840000004e+00,9.485360383987426758e-01
4.786899983879999709e-01,9.238724708557128906e-01
3.955059945579999514e-01,6.000586152076721191e-01
1.850703001020000071e+00,6.710922122001647949e-01
1.195796012879999815e+00,1.501528620719909668e+00
1.702510833739999896e+00,9.400272369384765625e-01
2.998351097109999586e+00,1.390151977539062500e+00
2.407080888749999925e+00,2.144769906997680664e+00
2.585943937299999718e+00,1.783756852149963379e+00
2.233839035029999920e+00,2.055853366851806641e+00
1.655773043629999997e+00,1.943397164344787598e+00
1.430611014370000156e+00,1.711506724357604980e+00
8.921740055079999676e-01,1.580667614936828613e+00
1.231696963309999893e+00,1.190919876098632812e+00
8.955079913140001624e-01,1.328379631042480469e+00
1.602033019070000064e+00,9.751405119895935059e-01
1.585399031639999956e+00,1.396096944808959961e+00
1.232059955600000034e+00,1.277219772338867188e+00
1.210371017459999976e+00,1.142108917236328125e+00
1.242141008379999967e+00,1.194932341575622559e+00
9.857040047650000858e-01,1.226771354675292969e+00
7.289689779279999726e-01,1.040454626083374023e+00
6.761519908910000876e-01,8.903835415840148926e-01
1.071573019029999907e+00,8.615952134132385254e-01
9.457439780239998983e-01,1.052249312400817871e+00
4.376370012759999706e-01,8.964679837226867676e-01
5.141820311550000522e-01,6.347599029541015625e-01
3.387190103530000052e-01,7.529740333557128906e-01
7.144280076029999593e-01,5.983188748359680176e-01
4.996199905870000180e-01,7.879106402397155762e-01
7.917379736899999854e-01,5.796468853950500488e-01
8.646243214609999894e-01,8.001655340194702148e-01
6.024960279459999901e-01,7.995438575744628906e-01
1.260069966320000123e+00,6.795822381973266602e-01
1.012339949610000067e+00,1.105838298797607422e+00
1.004528999329999950e+00,9.023730754852294922e-01
6.310235261919999727e-01,9.718794226646423340e-01
1.141221046449999887e+00,7.639665603637695312e-01
5.426099896430000014e-01,1.135594248771667480e+00
8.547459840769999762e-01,6.859202980995178223e-01
7.744219899179999311e-01,9.501474499702453613e-01
3.084340095520000102e-01,8.172304630279541016e-01
8.376209735870000506e-01,5.694207549095153809e-01
7.293469905850000767e-01,8.988940715789794922e-01
7.503905892370000830e-01,7.433310747146606445e-01
1.134822010990000019e+00,7.732674479484558105e-01
1.614240050320000064e+00,1.001977443695068359e+00
1.244793057440000128e+00,1.278805851936340332e+00
7.141630053519999466e-01,1.059199571609497070e+00
7.293040156360000026e-01,8.779150247573852539e-01
6.486989855770000091e-01,9.613479971885681152e-01
3.427990078929999962e-01,8.597419261932373047e-01
3.861860036850000011e-01,6.149852871894836426e-01
6.366299986840000535e-01,6.217123270034790039e-01
3.990480005740000280e-01,7.177388072013854980e-01
4.178859889509999870e-01,5.258373022079467773e-01
1.103790521619999909e+00,5.659372806549072266e-01
6.956189870829999622e-01,9.552329778671264648e-01
8.070139884950000564e-01,6.587582230567932129e-01
5.947690010070000310e-01,8.226826786994934082e-01
1.107607960700000005e+00,7.025399208068847656e-01
9.713580012320000012e-01,1.051734328269958496e+00
7.170349955560000321e-01,8.810762166976928711e-01
6.764810085300000386e-01,7.908091545104980469e-01
1.687772989270000190e+00,7.983490228652954102e-01
9.907569885250000485e-01,1.388521909713745117e+00
8.082039952280000161e-01,8.567328453063964844e-01
1.087718963619999979e+00,9.043644070625305176e-01
1.564818024639999861e+00,1.096410632133483887e+00
6.673809885979999912e-01,1.339905500411987305e+00
1.256489992140000123e+00,7.367401123046875000e-01
1.091886043549999963e+00,1.233398079872131348e+00
7.375509738919999725e-01,1.053334593772888184e+00
6.224380135540000802e-01,8.780530095100402832e-01
8.364729881290000613e-01,8.005756139755249023e-01
5.774260163309999916e-01,9.260280728340148926e-01
1.015761017800000054e+00,6.983869075775146484e-01
1.106158971790000001e+00,9.707334041595458984e-01
6.945540308949998964e-01,9.622359275817871094e-01
1.130903959270000092e+00,7.493063211441040039e-01
9.518219828609999489e-01,1.077058434486389160e+00
7.524570226669999862e-01,9.322691559791564941e-01
5.585229992869999993e-01,8.528243899345397949e-01
1.415836334229999771e+00,7.389181256294250488e-01
1.855298042299999839e+00,1.242861032485961914e+00
7.845479845999999702e-01,1.404845714569091797e+00
8.210539817810000862e-01,8.289605379104614258e-01
5.835890173909999978e-01,1.081845283508300781e+00
8.359720110889999889e-01,9.156613945960998535e-01
2.184663057329999880e+00,9.936389923095703125e-01
6.805480122570000123e-01,1.631929874420166016e+00
1.238904953000000031e+00,6.463670730590820312e-01
1.030328035349999949e+00,1.268992543220520020e+00
7.914109826090000022e-01,1.088550925254821777e+00
8.423720002169999832e-01,1.004447937011718750e+00
4.464710056780000769e-01,9.721611738204956055e-01
5.589337944979999584e-01,7.011254429817199707e-01
7.099329829220000221e-01,7.499039769172668457e-01
7.334340214730000751e-01,7.649167180061340332e-01
7.833399772640000647e-01,7.413511276245117188e-01
8.426809906959999985e-01,7.696439623832702637e-01
1.099761009220000085e+00,8.266221284866333008e-01
8.706315755840000614e-01,9.804713129997253418e-01
5.862460136410000411e-01,8.291332721710205078e-01
8.863990306849999223e-01,7.245909571647644043e-01
1.019399046900000050e+00,9.327691793441772461e-01
8.493610024450000129e-01,9.575514793395996094e-01
1.010666966439999870e+00,8.465108275413513184e-01
1.331516027449999973e+00,9.778415560722351074e-01
1.215008974079999859e+00,1.153347253799438477e+00
1.645591020579999952e+00,1.057966947555541992e+00
9.708780050280000351e-01,1.356707692146301270e+00
1.411272048950000135e+00,9.603806138038635254e-01
7.953929901119999313e-01,1.340067863464355469e+00
1.046331048010000098e+00,9.047090411186218262e-01
8.879339694979999642e-01,1.137965798377990723e+00
8.349300026890000836e-01,9.448456168174743652e-01
9.847199916839999290e-01,9.255244135856628418e-01
1.090394020079999970e+00,9.717084765434265137e-01
4.901649951929999416e-01,1.010541796684265137e+00
6.141669750209999279e-01,6.560999751091003418e-01
6.314740180969999894e-01,8.159171342849731445e-01
8.252440094949999860e-01,7.684010863304138184e-01
1.051450967789999913e+00,8.450192809104919434e-01
1.047114968300000060e+00,9.256527423858642578e-01
3.921430110930000379e-01,9.341738820075988770e-01
4.695149958129999912e-01,5.969876050949096680e-01
7.720900177959999500e-01,7.424226999282836914e-01
7.520099878309999264e-01,8.529977798461914062e-01
6.877393722529999698e-01,7.639902234077453613e-01
6.718119978899999012e-01,7.119740843772888184e-01
1.185933232310000029e+00,7.406617999076843262e-01
6.571980118750000432e-01,1.050305247306823730e+00
8.213180303569999063e-01,6.861457228660583496e-01
7.795739769939998842e-01,8.841555714607238770e-01
1.030122995379999962e+00,8.287800550460815430e-01
6.211889982220000217e-01,9.862727522850036621e-01
8.660820126530001106e-01,6.961497068405151367e-01
9.608931541439998947e-01,9.132564067840576172e-01
6.760399937630000577e-01,9.160808324813842773e-01
7.402380108830000083e-01,7.527946829795837402e-01
5.984709858890000511e-01,8.210831880569458008e-01
6.151059865950000427e-01,7.262793183326721191e-01
9.358735680580000382e-01,7.380783557891845703e-01
5.818247795100000008e-01,8.916488885879516602e-01
7.156659960750000327e-01,6.471084356307983398e-01
6.529520154000000298e-01,7.898308634757995605e-01
9.700022935870000751e-01,7.358781695365905762e-01
7.834500074390000623e-01,9.298118352890014648e-01
7.448130249979999506e-01,7.714619040489196777e-01
8.276180028919999376e-01,8.106378316879272461e-01
8.943400979040000420e-01,8.635695576667785645e-01
2.505017042159999985e+00,8.849081993103027344e-01
1.620712041850000062e+00,1.838136792182922363e+00
1.417585968970000110e+00,1.210055112838745117e+00
1.049872040749999957e+00,1.355119824409484863e+00
1.226507544519999993e+00,1.204021573066711426e+00
1.043179035189999881e+00,1.323150396347045898e+00
9.694439768789999690e-01,1.067179203033447266e+00
8.192250132559999454e-01,1.011487245559692383e+00
8.129550218580000598e-01,9.049930572509765625e-01
6.712080240250000163e-01,9.078203439712524414e-01
5.289899706839999993e-01,7.912308573722839355e-01
3.461930155749999849e-01,6.991012096405029297e-01
4.789490103719999947e-01,5.774323344230651855e-01
1.153810977940000093e+00,6.435503959655761719e-01
9.671270251270001062e-01,9.767867326736450195e-01
7.845839858059999727e-01,7.934699654579162598e-01
4.701859951020000428e-01,7.783705592155456543e-01
5.632782578470000301e-01,6.624927520751953125e-01
2.416239976880000528e-01,7.566348910331726074e-01
2.709859907630000064e-01,4.970789551734924316e-01
1.994680017229999991e-01,5.181007981300354004e-01
1.327169984580000017e-01,4.222392737865447998e-01
4.732620120049999546e-01,3.660374283790588379e-01
6.585559844969999244e-01,5.386226177215576172e-01
9.621880054470001165e-01,6.111531853675842285e-01
5.111979842189999790e-01,7.946602702140808105e-01
9.829789996150001263e-01,5.486863255500793457e-01
9.100099802019999684e-01,9.384642243385314941e-01
1.026576042179999870e+00,8.492200374603271484e-01
8.309389948840000262e-01,9.593490958213806152e-01
9.651920199390001676e-01,8.345330953598022461e-01
1.000543951989999902e+00,9.681302309036254883e-01
1.983185052870000131e+00,9.491566419601440430e-01
1.274855017659999978e+00,1.513157844543457031e+00
1.286525964740000028e+00,1.030646443367004395e+00
1.382244944570000245e+00,1.235455989837646484e+00
1.736924052240000016e+00,1.308879375457763672e+00
1.257668018339999971e+00,1.529093146324157715e+00
7.533379793170000838e-01,1.176383137702941895e+00
1.084908962249999886e+00,9.755529761314392090e-01
1.062494039539999990e+00,1.195455551147460938e+00
7.787629961969999570e-01,1.070731043815612793e+00
8.256469964979999965e-01,8.577299118041992188e-01
9.891830086709999525e-01,8.956446051597595215e-01
1.418092012410000047e+00,9.737930297851562500e-01
1.151677966120000063e+00,1.184639930725097656e+00
1.250364065170000094e+00,9.912496209144592285e-01
8.794019818310000458e-01,1.135748863220214844e+00
1.089423060420000144e+00,9.330424666404724121e-01
1.809062957759999701e+00,1.110510587692260742e+00
8.687390089040000207e-01,1.466090083122253418e+00
8.521729707719999380e-01,8.518273234367370605e-01
1.307837963100000112e+00,1.004147171974182129e+00
1.262575984000000151e+00,1.241729140281677246e+00
7.601559758189999627e-01,1.138042926788330078e+00
1.069887042049999959e+00,8.270062208175659180e-01
8.579840064049999437e-01,1.086011409759521484e+00
1.149323940279999956e+00,9.201937913894653320e-01
1.067142963410000034e+00,1.099094986915588379e+00
7.400619983670000401e-01,9.836539626121520996e-01
6.799880266190000411e-01,8.301510810852050781e-01
7.323921322820000634e-01,8.259379267692565918e-01
8.352749943730000126e-01,8.358819484710693359e-01
6.000829935070000065e-01,8.516479134559631348e-01
1.010563969610000168e+00,6.813896298408508301e-01
7.613970041280000434e-01,9.541833400726318359e-01
7.260069847110000030e-01,7.627560496330261230e-01
1.064324021340000037e+00,8.010786771774291992e-01
5.901079773899998715e-01,9.914139509201049805e-01
7.744659781460000447e-01,6.875412464141845703e-01
7.406870126719998781e-01,8.611661791801452637e-01
8.908360004430001533e-01,7.983690500259399414e-01
7.620100975040000613e-01,8.881530761718750000e-01
7.774500250820000069e-01,7.707575559616088867e-01
5.811070203779999943e-01,8.261917233467102051e-01
7.908779978749999051e-01,7.123680114746093750e-01
8.903719782829999652e-01,8.488463759422302246e-01
7.882059812549999656e-01,8.522374629974365234e-01
7.301949858670000459e-01,7.852887511253356934e-01
9.248933196070000529e-01,7.756924033164978027e-01
1.265586972239999941e+00,9.052813053131103516e-01
7.884140014650000694e-01,1.083273410797119141e+00
9.180610179899999501e-01,7.852973937988281250e-01
6.569269895549999516e-01,9.551808834075927734e-01
8.252680301670000107e-01,7.845437526702880859e-01
4.257229864599999525e-01,9.060437083244323730e-01
9.114630222319999309e-01,6.086868047714233398e-01
7.238519787790000937e-01,9.351544380187988281e-01
9.657319784160000031e-01,7.297058105468750000e-01
7.194200158119999911e-01,9.196376204490661621e-01
7.146480083470000411e-01,7.503392696380615234e-01
6.188799738879999790e-01,8.189947009086608887e-01
8.502969741820000094e-01,7.360371351242065430e-01
6.113014817240000065e-01,8.702450394630432129e-01
8.405809998509999881e-01,6.741014122962951660e-01
5.909900069240000553e-01,8.504916429519653320e-01
1.191807866100000002e+00,6.747809052467346191e-01
1.072478055950000009e+00,1.067417025566101074e+00
7.976800203319999172e-01,9.312345981597900391e-01
7.140370011329999489e-01,8.484124541282653809e-01
8.885610103609999921e-01,8.492062091827392578e-01
7.367290258409999737e-01,9.482738971710205078e-01
9.655410051350000744e-01,7.926722764968872070e-01
8.569459915160000385e-01,9.274581074714660645e-01
5.838339924809999859e-01,8.373087644577026367e-01
3.047562122340000457e+00,7.151154279708862305e-01
8.865389823909999301e-01,2.214903831481933594e+00
1.186460971829999878e+00,8.067165017127990723e-01
8.750730156899999557e-01,1.463500976562500000e+00
1.111973047260000014e+00,1.245695948600769043e+00
6.929270029070000447e-01,1.346559882164001465e+00
5.632749795910000357e-01,8.535030484199523926e-01
5.519689917560000048e-01,8.130050301551818848e-01
9.211350083349998386e-01,7.594511508941650391e-01
5.465030074119999748e-01,9.281308054924011230e-01
9.997850060459999577e-01,6.225588917732238770e-01
7.512239813800000166e-01,9.463448524475097656e-01
8.402569890019999654e-01,7.560395002365112305e-01
7.843149900439999600e-01,8.765046000480651855e-01
5.915480256080000165e-01,8.199874162673950195e-01
6.109840273859999948e-01,7.325451970100402832e-01
9.328789710999999540e-01,7.402445077896118164e-01
7.992020249369999885e-01,9.018181562423706055e-01
9.833549857140000405e-01,7.780494093894958496e-01
5.405290126799999761e-01,9.210225343704223633e-01
1.093670010570000128e+00,6.570854187011718750e-01
9.266330003740002041e-01,1.053256154060363770e+00
7.972419857979999858e-01,8.647462725639343262e-01
5.896059870719999596e-01,8.383895754814147949e-01
7.799540162090000672e-01,7.238067388534545898e-01
5.182790160179999717e-01,8.635958433151245117e-01
7.263879776000000676e-01,6.491481065750122070e-01
6.216366887090000182e-01,7.899075746536254883e-01
8.810679912569999717e-01,6.801627874374389648e-01
7.315016984940000411e-01,8.569615483283996582e-01
9.703850150110000516e-01,7.370598316192626953e-01
8.715350031849999901e-01,9.249877929687500000e-01
5.505740046500000595e-01,8.415610194206237793e-01
2.576299905780000121e-01,6.962392926216125488e-01
6.952109932899999123e-01,5.548279881477355957e-01
3.547430038449999601e-01,8.158264756202697754e-01
1.308350920679999918e+00,5.168074369430541992e-01
1.424710035319999957e+00,1.100954413414001465e+00
2.422243118290000385e+00,1.054686307907104492e+00
1.588093161580000023e+00,1.711549043655395508e+00
2.882889986040000352e+00,1.213047742843627930e+00
1.510810017590000109e+00,2.242553234100341797e+00
5.103110075000000245e-01,1.359512448310852051e+00
6.637499928469999810e-01,1.037333011627197266e+00
5.865659713749999948e-01,1.141757011413574219e+00
9.182999730109998593e-01,9.244008064270019531e-01
1.126363039020000123e+00,9.411910772323608398e-01
9.455379843710000065e-01,9.514088034629821777e-01
7.979699969290000583e-01,8.644248843193054199e-01
8.895260095600000527e-01,8.483865261077880859e-01
5.017459988589999531e-01,9.432477355003356934e-01
7.889080047609999813e-01,6.983712315559387207e-01
5.571460127830000220e-01,8.888102173805236816e-01
8.079270124439998924e-01,6.710491776466369629e-01
7.382910251620000697e-01,8.381870388984680176e-01
6.742079854009999096e-01,7.432442903518676758e-01
8.787713646889999675e-01,7.402207851409912109e-01
7.401880025859999268e-01,8.600621223449707031e-01
8.886500000949999478e-01,7.675618529319763184e-01
7.983270287510000340e-01,8.786544203758239746e-01
5.137799978260000344e-01,8.111770749092102051e-01
7.760372757910000141e-01,6.768296957015991211e-01
8.528280258179999906e-01,8.494906425476074219e-01
7.851629853249999513e-01,8.497716784477233887e-01
8.431609868999999646e-01,8.020151257514953613e-01
1.024798870089999925e+00,8.487745523452758789e-01
8.044279813770001120e-01,9.610016942024230957e-01
8.841310143469999216e-01,8.214859366416931152e-01
3.615649938579999501e-01,9.109752178192138672e-01
1.171491026879999842e+00,5.899699926376342773e-01
4.477910101410000343e-01,1.113340616226196289e+00
7.665730118750000432e-01,5.548675656318664551e-01
7.735599875449999940e-01,8.596506118774414062e-01
1.054823040959999902e+00,7.833761572837829590e-01
7.843300104139999673e-01,9.753214716911315918e-01
1.034250974660000155e+00,7.659907341003417969e-01
1.096979022029999973e+00,9.859332442283630371e-01
7.633029818529999400e-01,9.912573099136352539e-01
5.883730053899999257e-01,8.167302608489990234e-01
6.365630030629999547e-01,7.588018178939819336e-01
5.750700235369999858e-01,7.897291183471679688e-01
5.399640202519999654e-01,7.045002579689025879e-01
1.324671149250000068e+00,6.542300581932067871e-01
8.178460001949999780e-01,1.096647620201110840e+00
6.359609961509999909e-01,7.323307394981384277e-01
8.135920166969999867e-01,7.636181116104125977e-01
9.872140288350000903e-01,8.969480991363525391e-01
9.839289784429998686e-01,9.647728204727172852e-01
5.904790163040000150e-01,9.043561220169067383e-01
8.986790180209999201e-01,6.959276795387268066e-01
6.268000006680000125e-01,9.395405054092407227e-01
6.926850080490000172e-01,7.201279401779174805e-01
5.757049918169999669e-01,7.840670347213745117e-01
6.764680147170000213e-01,6.798752546310424805e-01
8.279470205309999997e-01,7.535142302513122559e-01
6.547859907149999881e-01,8.066607713699340820e-01
1.085815548900000094e+00,6.970527172088623047e-01
8.509550094600001335e-01,9.782608747482299805e-01
8.879359960559999321e-01,8.045131564140319824e-01
6.557850241659999302e-01,8.902327418327331543e-01
6.597809791559999804e-01,7.544251680374145508e-01
8.856279850010000398e-01,7.956300377845764160e-01
7.502999901769999980e-01,8.870495557785034180e-01
9.303160309790000637e-01,7.693434953689575195e-01
7.259460091590000941e-01,8.902062773704528809e-01
7.123904824259998936e-01,7.635950446128845215e-01
9.326570034029998402e-01,8.022400736808776855e-01
6.544970273969999974e-01,9.178019762039184570e-01
4.987269937989999846e-01,7.363200783729553223e-01
9.782410264020000579e-01,6.836854219436645508e-01
5.593240261080000275e-01,9.586152434349060059e-01
8.733990192409999409e-01,6.406634449958801270e-01
6.232500076290000690e-01,8.791563510894775391e-01
6.319249868390000024e-01,6.878696680068969727e-01
8.335350155830000274e-01,7.458597421646118164e-01
8.613430261610000027e-01,8.330402970314025879e-01
1.036013007159999999e+00,8.321684598922729492e-01
6.160370111469999355e-01,9.403210282325744629e-01
9.874529838560001105e-01,7.050516605377197266e-01
6.686739921569999634e-01,9.981781840324401855e-01
6.455339789389999972e-01,7.422390580177307129e-01
1.007030010220000049e+00,7.762388586997985840e-01
7.763000130650000719e-01,9.541481137275695801e-01
9.358490109440000815e-01,7.850426435470581055e-01
6.626719832419999401e-01,9.112123250961303711e-01
1.113351941109999910e+00,7.368299961090087891e-01
5.495319962500000432e-01,1.044318914413452148e+00
9.273632764820001206e-01,6.406199932098388672e-01
8.215330243109999486e-01,9.473181366920471191e-01
9.193540215490000334e-01,8.255627751350402832e-01
6.899859905239998925e-01,9.279595017433166504e-01
6.497738957409999738e-01,7.636187076568603516e-01
9.705049991610000815e-01,7.754227519035339355e-01
8.034440279009998909e-01,9.411339163780212402e-01
8.920990228650002019e-01,7.965558171272277832e-01
7.462270259859999921e-01,8.742427825927734375e-01
1.495407462120000197e+00,7.865217924118041992e-01
7.597569823270000633e-01,1.257500052452087402e+00
9.677280187610000084e-01,7.751011848449707031e-01
1.126011013979999920e+00,1.066643238067626953e+00
7.641419768330000029e-01,1.116752386093139648e+00
1.423818945879999909e+00,8.942139744758605957e-01
8.309190273280000483e-01,1.280967354774475098e+00
5.316870212550000030e-01,8.614171147346496582e-01
6.942920088770000442e-01,7.952933907508850098e-01
1.097100019450000019e+00,8.823178410530090332e-01
8.623710274700000511e-01,1.045569777488708496e+00
9.711959958080000899e-01,8.084931969642639160e-01
7.501904964450000213e-01,9.261217713356018066e-01
5.659890174870000346e-01,8.076842427253723145e-01
7.235890030859999378e-01,7.369321584701538086e-01
1.088876962660000114e+00,8.129045963287353516e-01
2.614549994470000138e-01,9.737676382064819336e-01
1.923168003559999895e-01,4.439579248428344727e-01
2.048390060660000012e-01,5.299643278121948242e-01
3.752999901769999980e-01,5.000126957893371582e-01
1.878910064700000104e-01,5.440366268157958984e-01
4.178839921949999980e-01,3.537850975990295410e-01
6.128349900249999704e-01,5.215640068054199219e-01
4.822100102900000462e-01,6.036640405654907227e-01
8.136649727820000066e-01,5.324382185935974121e-01
8.997989892959999958e-01,7.637993097305297852e-01
7.667459845540000041e-01,7.973236441612243652e-01
6.762999892229999421e-01,7.517795562744140625e-01
9.804093837739999984e-01,7.470472455024719238e-01
1.075533032420000090e+00,9.483782649040222168e-01
6.459739804270000496e-01,9.699321389198303223e-01
7.601699829100000416e-01,7.286232113838195801e-01
8.707180023190000950e-01,8.669872879981994629e-01
1.045557022089999899e+00,8.999442458152770996e-01
4.832339882850000268e-01,9.700982570648193359e-01
1.085988998409999962e+00,6.169965863227844238e-01
7.320979833600000930e-01,1.056854963302612305e+00
7.128990292550000385e-01,7.550221085548400879e-01
1.045389056210000112e+00,8.067318797111511230e-01
7.359200119969999676e-01,9.676198959350585938e-01
8.956930041310000590e-01,7.668367028236389160e-01
8.745509982110000191e-01,8.967053294181823730e-01
9.237470030779999508e-01,8.632785081863403320e-01
9.997780323029999971e-01,9.069269895553588867e-01
1.739534020420000049e+00,9.363314509391784668e-01
8.107889890670000321e-01,1.386006593704223633e+00
7.049050331119999235e-01,8.048358559608459473e-01
8.328269720080000438e-01,9.384056925773620605e-01
8.276600241660000412e-01,9.929329752922058105e-01
8.953109979629999549e-01,9.191968441009521484e-01
1.459501028060000039e+00,8.803495764732360840e-01
1.179519057270000060e+00,1.196648955345153809e+00
1.443411946299999915e+00,1.001561999320983887e+00
1.306735038760000078e+00,1.245032310485839844e+00
7.634999752040000365e-01,1.160477876663208008e+00
1.145148038860000161e+00,9.061328172683715820e-01
7.253450155259999477e-01,1.173627734184265137e+00
7.633590102199999672e-01,8.368292450904846191e-01
6.174820065499999622e-01,8.778464198112487793e-01
1.029322981830000039e+00,7.416549324989318848e-01
1.302055954929999926e+00,9.927797317504882812e-01
3.164124965670000122e+00,1.068446993827819824e+00
9.734439849849999549e-01,2.162571907043457031e+00
1.229671001429999855e+00,7.920051217079162598e-01
7.441530227660000385e-01,1.400160670280456543e+00
1.063034057620000139e+00,1.052471399307250977e+00
1.123872041700000102e+00,1.236268997192382812e+00
8.984770178789999173e-01,1.040132284164428711e+00
7.175139784810000698e-01,9.075276255607604980e-01
5.367509722709999931e-01,8.269343972206115723e-01
1.175443053249999981e+00,7.455922365188598633e-01
1.101048946379999949e+00,1.099390745162963867e+00
5.734490156170000130e-01,9.379269480705261230e-01
1.431144952770000200e+00,6.759078502655029297e-01
1.037794947620000130e+00,1.258089184761047363e+00
6.568620204930000206e-01,9.377324581146240234e-01
1.074908018110000141e+00,8.015615344047546387e-01
1.385972023009999887e+00,1.071822524070739746e+00
1.004804968829999812e+00,1.190995097160339355e+00
1.609539985660000116e+00,9.202231168746948242e-01
2.817575931549999524e+00,1.347387790679931641e+00
1.962562561039999931e+00,2.022016286849975586e+00
1.279752016069999998e+00,1.478305220603942871e+00
1.995329976079999845e+00,1.317856669425964355e+00
2.033385992049999924e+00,1.873491287231445312e+00
1.307443976400000096e+00,1.753343343734741211e+00
1.611258029939999892e+00,1.254118323326110840e+00
2.040218114850000042e+00,1.515349149703979492e+00
2.183244943620000100e+00,1.725889801979064941e+00
1.351415991779999937e+00,1.741045713424682617e+00
7.242180109020001089e-01,1.259387969970703125e+00
1.363389015200000109e+00,1.048792719841003418e+00
1.526808977129999967e+00,1.441129446029663086e+00
1.784019589419999940e+00,1.342274785041809082e+00
1.103597044940000105e+00,1.414788126945495605e+00
1.763007998470000004e+00,1.034459114074707031e+00
1.157549023629999896e+00,1.576239705085754395e+00
1.153326034550000045e+00,1.131400942802429199e+00
2.362811088559999551e+00,1.219722509384155273e+00
2.580787897110000007e+00,1.860969543457031250e+00
1.242146968839999976e+00,1.866879224777221680e+00
1.712821006770000265e+00,1.143717169761657715e+00
6.676509976389999323e-01,1.691124200820922852e+00
8.271329998970000652e-01,1.008305311203002930e+00
9.642647504810000214e-01,1.131649613380432129e+00
1.394161701200000048e+00,1.013561129570007324e+00
7.584049701689999923e-01,1.209604978561401367e+00
6.900759935379999765e-01,7.609541416168212891e-01
6.740249991419999809e-01,8.621113896369934082e-01
8.615220189090000424e-01,8.400995135307312012e-01
7.907469868659999790e-01,9.139192700386047363e-01
7.285000085830000138e-01,8.008787035942077637e-01
2.411980032920000017e-01,7.818771600723266602e-01
3.354600071909999981e-01,5.009200572967529297e-01
5.912460088730000507e-01,5.988485217094421387e-01
1.058426976200000036e+00,6.735883355140686035e-01
7.669919729230000316e-01,8.905624747276306152e-01
5.881239771840000019e-01,6.795827746391296387e-01
5.922303199769999305e-01,6.844035983085632324e-01
8.753510117530000079e-01,7.261115312576293945e-01
7.038279771799998974e-01,8.820003271102905273e-01
5.677499771120000371e-01,7.170739769935607910e-01
7.133870124819999825e-01,6.754885911941528320e-01
1.077505946160000061e+00,7.818247079849243164e-01
6.909419894220000247e-01,9.715213179588317871e-01
7.724580168719999973e-01,7.134563922882080078e-01
7.237120270730000859e-01,8.462356328964233398e-01
9.752489924429997847e-01,8.029063940048217773e-01
9.151769876480000399e-01,9.487878680229187012e-01
7.574009895319999686e-01,8.566724061965942383e-01
6.912069916730000374e-01,7.966102957725524902e-01
1.183527946470000147e+00,7.859675288200378418e-01
7.705749869349999281e-01,1.075844407081604004e+00
8.947700262070000798e-01,7.708672881126403809e-01
6.143350005150000070e-01,9.222509264945983887e-01
7.692319750789999855e-01,7.491486072540283203e-01
9.070749878880000061e-01,8.828139901161193848e-01
4.068099856379999713e-01,8.922557830810546875e-01
5.138880014419999753e-01,5.939180254936218262e-01
2.481469959019999838e-01,7.208596467971801758e-01
2.568759918210000159e-01,5.177513360977172852e-01
5.980659723279999618e-01,5.125744342803955078e-01
5.981699824330000137e-01,6.483042240142822266e-01
8.801140189170000294e-01,5.992408394813537598e-01
1.085649013520000095e+00,7.798044085502624512e-01
9.920129775999999566e-01,8.991312384605407715e-01
8.743849992749999078e-01,8.781724572181701660e-01
8.770260214810000621e-01,8.729141950607299805e-01
1.008928894999999937e+00,9.189233183860778809e-01
8.088759779930000393e-01,9.834914803504943848e-01
6.714209914210000907e-01,8.573936820030212402e-01
7.449629902840000373e-01,8.155490756034851074e-01
6.942679882050000195e-01,8.644267320632934570e-01
1.001886010170000008e+00,7.928150892257690430e-01
7.935580015180000446e-01,9.475936889648437500e-01
8.450049161910000439e-01,7.873438000679016113e-01
8.031240105629999793e-01,8.684234023094177246e-01
5.744469761850000689e-01,8.441221117973327637e-01
5.679720044139999757e-01,7.301408052444458008e-01
4.538080096239999195e-01,7.384126782417297363e-01
8.494881391529999215e-01,6.393299102783203125e-01
4.064599871639999473e-01,8.505412340164184570e-01
2.453519999980000310e-01,5.224599838256835938e-01
2.323218107220000217e+00,5.047723650932312012e-01
2.027115583420000089e+00,1.775418162345886230e+00
1.581117987629999888e+00,1.426734089851379395e+00
1.727049946780000012e+00,1.382452607154846191e+00
1.150642037389999928e+00,1.664538621902465820e+00
1.607933998109999818e+00,1.396628618240356445e+00
1.331233978270000007e+00,1.680421710014343262e+00
1.221642017359999999e+00,1.376146674156188965e+00
1.583541989330000010e+00,1.332587003707885742e+00
1.608662128450000006e+00,1.517791748046875000e+00
2.185653924939999992e+00,1.490804076194763184e+00
2.989559888840000124e+00,1.856419682502746582e+00
7.574499845500000106e-01,2.305099487304687500e+00
1.811344027520000122e+00,9.968941807746887207e-01
1.527951955800000094e+00,1.972558617591857910e+00
8.892235755919999374e-01,1.579872250556945801e+00
