9.717460274700000511e-01,9.627971821789282902e-01
1.176299691200000108e+00,8.939181821814697892e-01
1.714609026910000056e+00,1.093787009768202312e+00
1.307337045669999975e+00,9.413083792223142510e-01
6.186890006069999393e-01,1.262931512877643492e+00
2.298435926440000276e+00,1.035646921906361317e+00
1.808241009709999902e+00,1.175565501066246243e+00
8.794149756429999742e-01,1.477228679444072323e+00
1.570945024490000064e+00,1.710735763727452063e+00
1.578516006470000121e+00,3.921051157568968271e-01
6.200309991839999535e-01,9.943879511292834650e-01
9.928810000419999726e-01,1.355245151406988313e+00
4.551869928839999413e-01,9.947860484802112380e-01
1.017398953439999865e+00,7.467460646287248371e-01
8.378469943999999892e-01,1.248284060429853293e+00
4.884769916529999589e-01,7.403346370316128411e-01
1.246340990070000210e+00,1.203577790046545415e+00
1.209630966189999990e+00,8.340533398583416247e-01
1.252451062200000020e+00,1.008263042160060685e+00
1.519726991650000025e+00,1.232291049101147840e+00
1.063797950739999942e+00,6.824408634454366407e-01
1.571495056150000069e+00,8.907425773570118999e-01
1.278105020519999968e+00,1.092000755406710821e+00
1.192077994349999948e+00,9.153213808456236444e-01
8.304439187050000060e-01,1.273840661105808403e+00
1.402015686039999931e+00,6.477731795444133800e-01
1.156504034999999986e+00,1.063777659608272863e+00
1.162554860120000200e+00,1.104270938400752300e+00
6.007519960399999581e-01,1.444925680940584156e+00
1.253835797310000055e+00,7.205688464680644056e-01
1.791844010350000183e+00,1.016149464141838044e+00
1.734062552449999961e+00,1.112044435992985081e+00
4.939970970150000085e+00,1.563077148047612219e+00
2.394351005549999911e+00,1.937390400887543995e+00
2.212575912479999740e+00,1.721090391082123583e+00
1.886527061460000043e+00,2.737787325761471102e+00
9.343829751010001017e-01,3.131653105630116118e-01
9.099829792980000942e-01,1.543823340560781077e+00
8.112999796870000724e-01,7.396685380506824448e-01
1.049708962440000004e+00,1.145594359392883899e+00
1.351788043980000076e+00,1.947463385288493054e+00
1.277305960659999906e+00,1.291969372020867590e+00
7.854449748989998925e-01,1.146135244751057991e+00
4.846229851250000165e-01,1.034952535234706428e+00
6.676359772680000582e-01,8.341804692258268927e-01
8.322510123249999836e-01,7.994958371962914701e-01
5.959370136259999340e-01,1.040506554878731782e+00
3.410890102390000123e-01,1.053068220831314905e+00
6.860110163689999707e-01,8.566011540890495768e-01
8.153510093690000682e-01,8.531851144037879697e-01
3.985430002210000322e-01,1.008611122177822006e+00
6.998159885410000225e-01,9.811158811718546646e-01
4.263690114019999533e-01,7.651493252249339516e-01
6.866139769550000382e-01,7.908172327016431691e-01
1.826770007609999913e-01,1.227201698364298377e+00
7.018824815749999946e-01,6.497330455110529313e-01
1.796682000159999681e+00,9.265610758978157779e-01
7.204269766809999753e-01,1.360343319818579477e+00
4.680640101429999755e-01,1.992147594173885539e+00
6.408870220180000743e-01,1.448234542794769597e+00
7.520520091060001189e-01,5.085191684717358385e-01
1.001817584040000098e+00,1.236438706391779885e+00
1.660804033279999814e+00,9.985257505038418469e-01
1.450595021250000061e+00,1.144520013152294791e+00
1.085010051729999869e+00,1.355517578494527919e+00
1.099555015560000015e+00,9.730845085018907659e-01
7.694180011750000325e-01,6.477478598888227745e-01
1.254430413249999932e+00,9.382575375937047824e-01
1.496320962910000052e+00,1.116535469962744109e+00
7.186369895940000196e-01,1.065843049367221074e+00
8.902019858359999649e-01,1.268243261367114849e+00
9.891759753229999452e-01,1.073187191586936429e+00
2.849014520649999938e+00,7.837788474482608736e-01
4.281075000759999583e+00,1.509788300498211555e+00
1.248739004139999942e+00,1.806786822414504501e+00
7.096589803699999699e-01,1.694922898132426026e+00
7.497439980509998936e-01,8.038378666340043610e-01
8.907449841499999188e-01,4.645725733919028183e-02
1.469527959819999952e+00,1.871039999766376916e+00
1.608888030049999918e+00,1.192340236873733028e+00
1.043460965159999976e+00,1.710370785430226581e+00
1.184751033780000018e+00,2.106941300319228105e+00
5.063725113870000127e-01,1.410018687199203313e+00
6.946156024930000283e-01,6.576739283487564869e-01
9.299110174179998634e-01,1.057336066395315299e+00
7.754629850390000190e-01,7.671370851061986018e-01
8.564696311949999696e-01,1.436534989029609299e+00
9.269009828569999554e-01,1.176951330765596992e+00
7.506660223010001021e-01,8.896955382876619023e-01
9.248849749570000611e-01,1.088887135449468246e+00
1.070162653919999984e+00,1.039898005083220500e+00
8.752880096439998869e-01,9.764041154660736410e-01
7.511039972310000756e-01,1.198754149272768021e+00
8.627579808239999037e-01,1.091914142376055885e+00
5.096570253369999692e-01,1.016154652978551898e+00
8.495249748229999343e-01,9.126090401524272755e-01
6.711369752879999817e-01,1.012746169945552888e+00
6.132180094720000030e-01,8.920375546192192973e-01
3.810549974440000098e-01,1.234738903144442235e+00
8.710420131680000067e-01,8.569274287546700952e-01
6.540319919589999698e-01,1.012094868835213601e+00
9.089673757550000843e-01,8.625369578743538046e-01
9.709029793739999414e-01,1.174799511714380795e+00
9.856920242310001079e-01,8.596308373727318264e-01
1.356256246570000101e+00,1.199964382525646078e+00
1.309872984889999925e+00,1.090962624421664140e+00
6.344919800760000506e-01,1.116350542102277243e+00
5.933508276940000492e-01,1.134587878698577912e+00
8.796380162239999523e-01,9.702861375044845582e-01
1.131836414339999930e+00,9.040762108148344689e-01
1.841274023059999765e+00,1.202909282478336284e+00
2.261745929719999992e+00,1.269657496216208159e+00
2.597975969309999744e+00,1.321691165356990494e+00
2.399192094800000064e+00,1.262078642018212404e+00
1.982298016549999931e+00,9.099788521847280709e-01
2.269547939300000206e+00,9.871596401074987925e-01
2.017889976500000238e+00,1.014764582599501752e+00
1.452262043950000026e+00,1.168395481603846209e+00
1.342797994609999934e+00,1.567552557965418591e+00
1.311915040020000145e+00,1.400037323877300510e+00
1.276762008670000226e+00,1.266166037497506336e+00
1.275267004970000118e+00,1.213030650191670556e+00
1.210446000100000141e+00,1.114933860652852049e+00
8.153480291369999966e-01,1.143008382660973599e+00
7.271119952200000291e-01,1.143409289728289924e+00
6.043019890790000126e-01,1.036273567197129042e+00
9.830358624459999417e-01,9.264560158834798109e-01
1.101529002189999940e+00,1.093891075172286564e+00
1.183724999429999869e+00,1.190333869438945591e+00
4.356400072569999726e-01,1.337137486887443938e+00
3.270040154459999959e-01,7.590006039627922307e-01
8.039849996569999879e-01,6.204187848026982977e-01
4.216859936710000145e-01,7.887300491564378513e-01
5.734559893609999515e-01,1.182559522362431004e+00
3.959457874300000291e-01,1.082000957105822447e+00
4.163750112060000119e-01,5.327785891634612137e-01
5.603970289230000290e-01,1.013871080397544144e+00
7.749050259590000156e-01,8.481592429406930034e-01
6.370840072629999629e-01,1.009239587476517208e+00
3.839260041709999793e-01,9.023663324444959333e-01
5.648739933969999516e-01,8.134411995890183933e-01
1.054715037350000051e+00,7.761012461320712097e-01
6.537709832190000681e-01,9.992889900272770021e-01
5.931029915809999942e-01,1.039117251956914956e+00
1.022608995439999946e+00,8.997410847892569619e-01
8.359869718549999273e-01,7.639059780740342642e-01
6.375340223309999832e-01,1.021292115044395654e+00
9.755985140799999789e-01,9.590190444725453789e-01
4.898079931740000337e-01,7.401423411593114343e-01
1.098647952079999879e+00,9.136916938969235069e-01
1.151165962220000116e+00,1.156765279307423233e+00
8.061249852179999120e-01,8.080379848489805950e-01
4.744769930839999872e-01,1.132750469446160535e+00
7.896029949189999897e-01,6.317964028990595837e-01
4.762530028819999539e-01,7.855679540770800218e-01
5.455229878430000179e-01,9.291314477746657197e-01
6.212809681889999158e-01,1.109257142629052284e+00
7.707700133319999036e-01,7.479355198237924718e-01
9.337069988249999675e-01,1.012868361160379482e+00
8.110550045970000843e-01,1.010767562396957198e+00
6.005529761310000048e-01,1.059155280581396186e+00
1.002521038060000036e+00,9.263296939592428059e-01
8.921650052069998171e-01,8.456606081368599481e-01
9.160850048070000584e-01,9.153787258432136698e-01
7.413420081139999729e-01,1.149912169709584875e+00
9.283249974250000758e-01,7.571960327967111049e-01
6.429409980770000033e-01,8.991640131718052764e-01
9.950090050700001187e-01,9.194615959159379015e-01
6.271365880970000140e-01,1.153682640284584338e+00
1.038689017300000073e+00,8.053209600762492038e-01
6.888009905820000611e-01,1.097506129866604230e+00
5.214130282399999095e-01,7.824617140511825886e-01
6.510270237919999481e-01,1.018808356923831093e+00
1.159701943399999990e+00,7.302324019310039160e-01
6.456400156020000169e-01,1.179205557813266969e+00
1.195862650870000099e+00,1.069538392614746591e+00
1.304703950880000018e+00,1.065152462205696482e+00
8.844429850579998975e-01,8.826174252644041207e-01
7.697709798810000725e-01,1.338762083655197888e+00
7.702100276950000213e-01,9.283759272107428018e-01
6.418280005459999771e-01,9.151177939837915609e-01
8.937159776689999058e-01,9.557956447940231248e-01
5.247250199319999364e-01,9.978664872181497447e-01
5.142210125920000374e-01,9.826456231008314779e-01
7.172748446459999982e-01,1.112898989942083805e+00
6.410769820210000525e-01,7.130353651899384859e-01
4.689820110800000941e-01,1.150930510241563454e+00
1.203750014310000171e+00,1.138551689531184463e+00
7.911959886550000709e-01,1.117500748709064018e+00
1.136301159859999910e+00,9.583520104427891706e-01
8.642929792399999256e-01,1.286528859143954318e+00
8.814030289650001126e-01,7.806379520427860763e-01
5.817409753800000249e-01,1.323340141623803312e+00
8.651199936869999885e-01,8.530467653633549974e-01
9.078124761579999813e-01,9.294022306909319742e-01
7.377740144730000615e-01,8.496512264662372527e-01
1.120375037189999867e+00,1.146965326505116067e+00
9.422479867940000142e-01,1.018064424684092417e+00
1.060060024260000011e+00,8.056687622698001094e-01
7.158420085910000008e-01,9.902417395320236571e-01
4.040209949019999969e-01,7.444681554901321219e-01
2.920779883859999648e-01,8.700387390172314994e-01
6.317924261089999938e-01,6.368392494285413097e-01
1.124665260310000026e+00,9.227179561887015602e-01
1.115690946580000009e+00,1.156563348597216878e+00
1.247418999670000028e+00,1.164324489456298295e+00
6.976169943809999996e-01,9.957753775672413266e-01
3.693974971769999893e+00,6.879731548481775594e-01
8.204839825630000361e-01,1.524584215352512429e+00
8.573070168499999921e-01,1.326103915780357800e+00
6.902359724040000311e-01,2.517236625786568371e+00
8.385969996449998964e-01,1.915341779891213958e-01
1.287726998329999928e+00,1.893625153743351941e+00
9.632229804989999034e-01,9.772623633583619185e-01
1.343299984930000024e+00,1.215635637966015814e+00
7.316169738770000874e-01,1.600439248479726295e+00
6.809219717980000697e-01,1.056754815455539065e+00
7.014784216880000089e-01,9.354011933745302043e-01
6.698030233380000142e-01,6.367471580184862479e-01
1.365643024439999964e+00,1.078800738574661855e+00
9.781420230869999344e-01,1.229918767959302439e+00
6.786789894100000442e-01,1.065447265187123627e+00
5.976330041890000055e-01,1.094210527575775194e+00
8.193774819369999962e-01,6.715278323701123764e-01
7.911109924320000042e-01,1.021942981851569732e+00
1.044147372249999872e+00,1.094950103878983283e+00
1.400015950200000026e+00,1.176165513074988400e+00
8.748620152470000244e-01,1.125876703454908201e+00
6.228179931639999944e-01,1.076775619583744348e+00
7.164059877399998610e-01,9.232197466759131110e-01
6.523500084880000660e-01,6.640145132542226714e-01
9.379299879070001067e-01,9.985166258391291461e-01
5.936999917030000296e-01,1.085345332380442285e+00
5.393440127369999448e-01,9.501790913971415176e-01
9.370089769359999377e-01,9.537153083174981782e-01
8.087720274930000341e-01,8.206184576018861199e-01
5.654280185700000239e-01,1.068140776703230488e+00
6.020820140839999723e-01,9.999938267821516513e-01
1.146679997439999932e+00,6.768540631864452539e-01
9.824249744419999431e-01,9.913041974539720247e-01
5.671510100359999917e-01,1.158757821472219174e+00
7.866399884220000027e-01,1.047316724805776866e+00
7.388439774510000557e-01,6.459637092506653744e-01
6.810299754140000106e-01,8.201431461549817392e-01
7.086979746820000203e-01,1.099886761482430364e+00
6.642330288889999323e-01,8.809026784182959480e-01
5.124790072439999733e-01,8.751741158193094838e-01
6.040380001070000393e-01,8.840739328347048120e-01
6.728799939159999521e-01,9.371104368653139227e-01
8.265414834020000656e-01,9.296625440126335960e-01
4.546860158440000355e-01,9.892873894147066194e-01
5.594509840010000179e-01,8.497522645975539302e-01
1.332218050960000122e-01,9.484000415396759420e-01
1.633069962260000063e-01,6.484138753786261589e-01
1.797860413789999778e-01,8.429480757522862522e-01
5.747918486599999932e-01,6.282133316969192860e-01
8.508148789409999413e-01,1.152237434935628135e+00
8.527640104289999634e-01,1.031773672304329370e+00
1.687628030779999788e+00,9.762481474608225573e-01
2.149522066120000297e+00,8.066339826762470855e-01
8.122850060459999577e-01,1.066383652818518657e+00
1.239639997479999867e+00,1.207843418573102845e+00
2.128437280650000041e+00,1.012288608658200140e+00
2.139239072800000141e+00,6.274593738027708367e-01
9.779880046840000452e-01,1.631781480459852052e+00
6.937779784199998856e-01,1.200194815246580449e+00
7.218790054320000094e-01,9.752696626909949096e-01
7.631160020829999002e-01,6.630371167605679794e-01
8.565329909319999713e-01,1.181490708197296735e+00
1.109338045120000116e+00,1.063462813602023216e+00
6.476340293879999654e-01,1.151865411079710855e+00
9.241870045659998922e-01,9.819551195780275021e-01
7.877320051189998784e-01,9.763927321976949569e-01
1.305567026139999864e+00,7.848365469840022923e-01
9.107710123059999940e-01,1.245720097139876970e+00
8.699640035629999657e-01,8.670215419322823136e-01
5.743020176890000217e-01,1.122057431832865548e+00
8.599532246590000373e-01,6.582671091163696531e-01
4.775849878790000003e-01,9.729665002868576051e-01
1.108017444610000179e+00,8.362155411674440098e-01
1.290724992749999966e+00,1.220760436619197531e+00
8.591579794879999898e-01,1.061843799544285538e+00
3.058980107309999807e-01,1.339388688764303836e+00
9.039019942279999942e-01,7.008448878127947479e-01
6.352750062940000220e-01,6.548323698750717625e-01
1.023422956470000145e+00,9.551638298898770252e-01
6.730669736859999919e-01,1.306259959229820522e+00
8.504790067669999454e-01,7.347574995475244508e-01
5.141969919200000128e-01,1.131446096513359700e+00
1.527956604959999964e+00,6.794032869698997112e-01
4.094385623930000051e+00,1.124307488471326666e+00
9.952359795569999390e-01,1.750749952126825493e+00
8.670449852940000923e-01,2.001795776781417846e+00
1.141056060789999993e+00,1.959342168144737606e+00
1.622257947919999888e+00,1.881290447429548873e-01
1.980204939840000566e+00,2.118069699177625775e+00
1.375547051430000112e+00,1.195707406169189024e+00
1.851865053180000054e+00,1.109938432219792714e+00
1.420923948290000016e+00,1.523798546663261755e+00
1.589177966120000285e+00,1.095350528925182143e+00
1.673199415210000041e+00,1.370182240788232919e+00
2.123934030530000072e+00,7.913285147349938820e-01
1.648401975629999905e+00,1.554777134274604844e+00
1.204741954800000014e+00,1.488457997140725242e+00
7.920839786529999538e-01,1.360862821538520340e+00
1.227027416229999890e+00,6.627566015743578953e-01
1.226951003070000157e+00,1.046209738303272907e+00
1.131343960759999989e+00,1.079112644463732451e+00
1.252465009690000075e+00,1.323631102206741739e+00
1.116891980170000132e+00,9.729528781939128512e-01
1.122387051579999850e+00,8.614913350379365120e-01
1.040153026579999862e+00,1.004933321547818670e+00
8.091310262680000420e-01,8.935393837002741924e-01
7.681059837340000751e-01,9.404488296927971946e-01
7.982919812199998910e-01,9.227932701828838180e-01
7.666722536090000428e-01,8.874953255284105946e-01
1.057360053060000027e+00,9.519450433278661139e-01
8.607699871060000563e-01,1.024170581235098521e+00
1.070777058600000053e+00,9.512996731821812268e-01
5.301510095600000527e-01,9.718054296357357957e-01
6.604189872739999467e-01,6.729559065748245139e-01
9.909179806709998983e-01,9.840956218809338019e-01
3.561530113220000016e-01,8.742312412398434152e-01
9.618239998820000691e-01,1.061725675613041320e+00
1.244829058649999931e+00,9.869705409530475926e-01
8.381230235100001202e-01,7.749045307216415601e-01
9.245989918709998090e-01,1.250736373910608545e+00
8.131660223010001021e-01,8.341367531275876157e-01
1.003061056139999963e+00,7.414010036502695078e-01
8.752340078350000496e-01,1.022836990664833356e+00
7.991399765009998823e-01,9.112010790856336362e-01
8.812961578369999938e-01,9.877547773148804833e-01
1.063080191609999892e+00,7.816239773533458779e-01
9.057049751279999672e-01,9.365742367599788620e-01
6.909559965129999926e-01,9.842147748621602465e-01
1.355970025060000195e+00,9.313048890542203750e-01
7.572399973869999856e-01,9.243491967217231098e-01
2.043754577640000125e+00,8.918460332956525960e-01
8.576130270960000690e-01,1.347145013777737210e+00
2.364957094190000220e+00,7.537300898820588069e-01
4.179231166840000178e+00,1.726616307883603874e+00
2.233561992649999883e+00,7.898202994714365044e-01
8.013390302660000630e-01,1.362046517186416006e+00
8.372840285299999463e-01,7.887602356352672039e-01
8.851529955859999133e-01,2.452791922438314620e-01
9.040349721909999303e-01,1.137909626035651600e+00
1.302939534190000082e+00,1.233478167022465488e+00
7.228699922560000157e-01,1.120475398679859014e+00
8.009120225910000279e-01,1.166066348529686492e+00
1.032919287679999965e+00,1.017848220193669384e+00
1.321628212929999879e+00,7.415047023467133958e-01
9.367759823799999275e-01,1.159415374532577703e+00
7.007700204850000336e-01,9.804398798974636176e-01
7.624319791789999634e-01,9.986474188389762308e-01
1.144938945770000105e+00,8.225852057836643416e-01
7.721610069269999599e-01,1.023753636364967301e+00
8.772150278090000697e-01,9.586467246595081759e-01
1.243505001070000171e+00,1.040512471504426717e+00
6.381840109830000385e-01,8.620870363805921421e-01
7.468199729919999807e-01,1.085957922970766321e+00
6.839929819109999976e-01,1.197446118180426788e+00
1.419505119320000119e+00,8.493283564482960735e-01
6.141470074649999500e-01,1.129909164995767101e+00
7.347676754000000976e-01,8.826170168250722092e-01
6.770560145379999062e-01,1.285718493240914917e+00
1.074026942249999950e+00,7.283627061657322876e-01
6.156389713290000287e-01,1.194005236559588123e+00
9.692379832269999440e-01,8.213030391945084219e-01
9.916120171550001361e-01,1.081837405142987762e+00
8.089560270310000023e-01,7.709229550333426273e-01
2.435143947599999859e+00,1.083900046317383126e+00
8.223479986189999869e-01,1.314837555729693852e+00
5.938220024110000272e-01,1.239465812221087315e+00
5.762249827380000466e-01,1.510642057183288589e+00
4.224239885809999429e-01,1.930668301972635337e-01
6.765879988670000511e-01,1.246104654634140996e+00
5.520349740979999531e-01,9.538990839074086292e-01
9.015229940410001142e-01,9.753282385123371867e-01
7.489960193629999763e-01,1.323889736247385596e+00
8.627583980560000754e-01,8.145339531019086809e-01
9.480749964710000199e-01,1.060724984230824841e+00
1.055613875389999956e+00,9.022459181712281229e-01
1.970020055770000278e+00,1.076636273777630715e+00
9.391199946399999554e-01,1.237658439977048497e+00
1.009042978289999892e+00,1.109928201617657484e+00
7.824029922490001177e-01,1.330281343060001786e+00
1.016265034679999957e+00,4.286728974355279442e-01
8.782749772069999850e-01,1.169899727638489262e+00
7.353619933130000064e-01,8.830319574950329375e-01
1.109990954399999952e+00,1.178706388407161132e+00
7.727199792860000027e-01,9.379890503578282024e-01
1.164981961250000086e+00,8.916256817059405870e-01
7.157210111620000426e-01,1.045433891103699997e+00
1.475479006770000101e+00,7.337649564220035669e-01
8.354520201680000202e-01,1.301346663025648498e+00
7.344660162930000125e-01,8.216740729998561754e-01
7.861927747729999805e-01,1.187052959951112818e+00
1.143465042110000107e+00,5.462037320386494699e-01
9.246990084650000830e-01,1.163953780352356526e+00
2.958764553069999970e+00,1.088007146595600050e+00
2.138324022289999959e+00,1.431382892241389371e+00
2.038712024690000124e+00,1.134379628508268567e+00
1.480209946629999829e+00,1.859713980323978610e+00
9.367650747299998137e-01,4.752465326837783111e-01
1.715939760209999942e+00,9.989111017810515802e-01
1.001402020450000041e+00,1.055336873661561370e+00
8.896229863169999863e-01,1.206153145510966640e+00
7.492939829829999843e-01,1.570611787693313000e+00
1.115183949470000213e+00,6.254110655676733410e-01
9.457820057870001129e-01,1.099804415754732867e+00
6.452180147170000213e-01,1.087762388764431210e+00
1.164842009540000056e+00,1.227633297636129273e+00
1.244351029399999975e+00,9.131127906470598576e-01
9.045109748840000075e-01,8.884854714624150773e-01
5.575259923929999362e-01,1.096409539204406647e+00
5.778343677520000332e-01,8.070410716286303687e-01
7.199835777280000348e-01,8.739124306606325110e-01
7.607790231700000128e-01,1.093345200320062771e+00
5.404400229450000426e-01,1.203836883693344184e+00
8.009672760959999360e-01,1.012522988543361091e+00
7.710149884220000027e-01,9.445940113604411881e-01
6.709719896319999988e-01,1.004685099636074552e+00
2.768970489500000021e+00,1.195423110763432328e+00
3.086133003230000060e+00,1.420949260283097981e+00
1.116358041760000086e+00,1.719593523920614153e+00
1.018260955809999979e+00,1.893482288999504215e+00
7.442610263819999794e-01,8.703801251510916437e-01
1.114386796949999869e+00,8.337921215109086459e-01
1.380516409870000238e+00,1.874220033152188769e+00
1.229098439219999950e+00,1.299885486678955093e+00
1.573238968849999919e+00,1.631518025108573688e+00
1.245597958560000107e+00,1.522330823645072329e+00
8.298619985580000247e-01,1.215256199489834765e+00
5.376980304720000436e-01,1.317808582117241389e+00
8.593800067899999284e-01,9.106262636675146460e-01
7.949647903440000274e-01,1.045113034824620257e+00
8.122889995569999577e-01,1.083125840667839901e+00
1.209460973739999945e+00,1.334132533176228819e+00
1.043611049649999956e+00,1.089256683686571137e+00
9.914460182190000248e-01,1.019670003730319463e+00
1.377645969390000058e+00,9.672839285944433430e-01
7.495359778399999229e-01,8.975375681975550357e-01
7.549669742579999676e-01,9.622935686599439764e-01
8.522210121150000095e-01,1.050537803706475426e+00
1.312628030780000010e+00,7.499220854122550239e-01
9.499999880790001017e-01,1.208252503849455595e+00
8.433979749680000637e-01,1.050914075822932503e+00
6.329939961430000039e-01,1.067603490467819993e+00
6.848490238189999246e-01,6.745334895445510570e-01
8.296039700509999504e-01,9.974697098030256281e-01
1.117776036259999994e+00,1.020149539506786773e+00
1.060515046120000138e+00,1.232917010233383515e+00
9.966710209849999336e-01,1.187585360306896431e+00
6.726049780850000825e-01,1.118316511628652643e+00
8.499810099600000335e-01,6.841611725606794314e-01
7.929700016980000266e-01,8.846010909652326504e-01
7.509549856190000927e-01,9.919896913819989948e-01
9.556260704989999466e-01,1.177916594812519868e+00
6.085839867589999397e-01,8.409409248423728167e-01
7.782499790189999489e-01,8.749374678448655906e-01
5.098140239720000411e-01,1.005092773068673395e+00
6.364319920540000286e-01,8.133003061651324916e-01
6.015599966049999248e-01,1.072689155425909258e+00
6.556333899499999784e-01,8.123009398409165582e-01
6.385549902920000243e-01,1.037091223684803332e+00
8.762890100480000832e-01,9.306291682593430536e-01
7.967479825020000739e-01,1.089569140933380309e+00
6.824830174449999509e-01,9.715809523921862256e-01
8.025500178340000401e-01,9.757793689374563151e-01
7.950311899190000142e-01,8.582018848460539751e-01
1.584897041320000088e+00,9.586316734479645163e-01
1.017485976220000143e+00,1.254243656958894171e+00
9.177780151369999695e-01,1.084456057761468584e+00
1.230221033100000083e+00,1.135594802780960588e+00
1.027899026870000121e+00,6.826276316822799117e-01
9.125559926030000213e-01,1.225434381891225666e+00
7.935979962350000472e-01,1.139628671891918410e+00
1.030437946320000187e+00,8.549873777007234166e-01
5.325379967690000438e-01,1.101228574354074174e+00
6.127780079839999505e-01,9.795003801851273062e-01
8.741289973260000234e-01,1.055536091041529012e+00
3.667230010029999820e-01,8.593616793700349366e-01
7.391750216480000857e-01,1.033488852816395465e+00
5.604230165479999748e-01,1.011888143607902135e+00
7.758178114889999755e-01,8.175695543567327306e-01
8.102909922600001202e-01,1.196950997404119921e+00
6.437510252000000488e-01,8.556750594842328361e-01
7.236457467079999706e-01,1.100916043787534271e+00
9.113870263100001257e-01,9.556913543337315353e-01
6.627830266949999993e-01,1.032885249527055072e+00
1.002035975460000117e+00,1.174671939472216708e+00
8.224419951440000709e-01,1.188162351421868435e+00
1.030576944350000135e+00,1.087132128888919969e+00
6.781139969830000114e-01,1.363482927792120991e+00
5.333459973340000104e-01,9.260719781538010453e-01
3.209959864620000047e-01,9.456001926798884849e-01
7.608630061149999069e-01,7.549517828594262125e-01
7.439860105509998878e-01,1.131703148950509608e+00
5.468400120740000148e-01,1.131516280008813435e+00
7.004669904709999173e-01,1.049416640360733455e+00
8.356525897980000561e-01,7.619382745665644885e-01
1.274258971210000091e+00,9.336817359993282439e-01
8.934450149539999719e-01,1.287340715728693352e+00
6.211659908290000365e-01,1.185332032824925719e+00
7.900159955019999680e-01,1.092178043163453127e+00
1.067494988440000014e+00,7.037854962978927764e-01
6.698009967800000464e-01,1.180518730060026167e+00
1.265694975850000015e+00,1.259073148158765809e+00
6.380620002750000408e-01,1.204261106145666282e+00
9.348030090330000652e-01,7.778643376847544921e-01
8.006410002709999363e-01,1.274656857944508781e+00
1.085708975790000030e+00,7.204943540543499170e-01
3.527039885520000251e-01,1.301383803177104115e+00
5.883709788319999578e-01,7.982984618931364684e-01
4.875420033929999120e-01,1.115301521824144881e+00
4.636880159380000199e-01,6.709216984931364314e-01
3.637039959430000136e-01,1.169259765291378317e+00
8.750243186949999696e-01,7.694570143275668572e-01
6.435279846190000708e-01,1.067911888824744082e+00
4.834130108360000233e-01,9.923795837985504020e-01
2.120890021319999930e-01,1.122194903320008708e+00
4.560469985010000560e-01,6.205720553402834794e-01
4.367910027499999903e-01,8.545046147445581886e-01
7.238804101939999569e-01,9.570280073497429152e-01
5.560690164570000205e-01,1.155010669537223089e+00
4.748429954049999679e-01,9.002396394051077610e-01
2.674640119080000100e-01,1.011012762873652049e+00
9.588437080380001198e-01,6.630525384427932156e-01
7.868980169300000549e-01,9.909067882063854471e-01
1.794360995290000149e+00,1.062079672609771652e+00
1.337677955630000026e+00,1.429338972273250796e+00
1.210453987120000185e+00,7.283197973921753388e-01
5.654799938200000264e-01,1.184686941652212111e+00
4.008429944520000565e-01,4.861771716166961577e-01
2.727654874320000200e-01,8.821389518063404989e-01
5.836449861529999783e-01,6.848411015702559057e-01
8.533802628519999711e-01,1.121332298285102169e+00
8.660610318179999823e-01,1.149975441882658656e+00
1.158349990839999899e+00,1.083333898157201602e+00
7.764859795569999390e-01,8.584530637615650495e-01
1.068807005880000105e+00,8.355087140825478986e-01
5.888479948040000744e-01,9.902209610917019900e-01
1.588868498799999918e+00,6.977300972450104499e-01
4.327859878540000205e-01,1.358052648501417714e+00
3.996030092239999942e-01,9.817040363970188643e-01
5.545349717140000134e-01,1.492599065385063817e+00
6.221979856490000849e-01,6.276656056669707162e-01
1.149551987649999996e+00,1.262156302050561729e+00
1.121260046960000034e+00,1.043071149774682516e+00
9.776459932329999436e-01,1.044644545133697866e+00
1.732741951940000025e+00,1.129688290086556135e+00
2.302707910540000125e+00,8.352935897334778925e-01
1.053477048870000043e+00,1.123258394700562102e+00
7.962800264360000435e-01,1.104203411038568339e+00
5.203329920770000117e-01,8.182628039013550847e-01
6.104800105090000262e-01,5.619181313918888421e-01
4.453057944770000276e-01,1.128559739119507910e+00
6.522138714790000069e-01,8.524609587701336144e-01
1.175541162490000069e+00,1.094740813182086603e+00
1.032202124599999937e+00,1.186089474860353654e+00
7.193930149079998948e-01,1.231024773192501032e+00
8.200139999390000378e-01,1.045245745194982367e+00
9.497330188750000568e-01,8.144811507081524127e-01
1.039114952089999822e+00,1.080717153506998374e+00
5.883830189700000046e-01,1.231766366678024749e+00
9.508559703829998488e-01,9.632397597156315827e-01
5.277600288389999728e-01,9.419820147905867413e-01
7.736063003540000205e-01,8.295372045144622231e-01
9.703559875489998765e-01,1.210040656259073977e+00
1.383889913560000018e+00,8.911432104963873391e-01
7.795230150220000542e-01,1.259728378684199512e+00
6.069999933240000090e-01,1.015984037404119356e+00
4.660570025440000097e-01,1.134104313484678217e+00
9.455270171170000459e-01,8.913428576857571617e-01
6.238729953770000280e-01,1.096079889433096310e+00
3.923240005969999555e-01,8.930025957596198216e-01
5.156549811360000568e-01,1.029358063557298975e+00
9.679385423660000765e-01,8.017208473811602287e-01
1.356565952299999989e+00,1.059538645901101139e+00
9.072690010070000310e-01,1.154539672666578198e+00
8.162760138510000152e-01,1.055810724252397081e+00
2.479866981509999846e+00,8.634119355116984806e-01
1.133080005649999888e+00,9.856805233570784530e-01
1.045583963389999926e+00,1.315668145643537734e+00
8.474370241169999485e-01,1.600608205246555338e+00
1.536522984499999911e+00,3.741217596677692825e-01
9.008989930149998715e-01,1.431889626483060285e+00
4.812009930610000596e-01,1.085990920665852233e+00
8.572540283199999722e-01,1.274815414412111103e+00
8.617479801180000232e-01,8.132849540802820076e-01
1.008694052699999899e+00,1.110737499953198704e+00
1.127727031710000105e+00,1.250165043831999112e+00
7.795569896699999779e-01,9.309119658635870431e-01
9.895502924920001053e-01,9.185880991421815356e-01
8.363329768179998958e-01,9.236017116862383913e-01
9.099559783939998869e-01,8.879606651839374587e-01
5.511059761050000061e-01,1.122541813309805070e+00
1.239764332770000088e+00,7.896051049054482185e-01
1.211838960649999963e+00,1.009444921232548031e+00
1.379981994630000042e+00,9.742093714204728139e-01
1.148460984229999982e+00,1.319214026300548737e+00
7.663900256160000035e-01,8.099197474763051297e-01
9.660840034479999394e-01,1.003236152281485216e+00
8.156750202179999798e-01,9.361255603922568058e-01
1.142272949220000111e+00,8.548095857287461019e-01
1.299479961400000105e+00,1.126213629630192337e+00
8.583310246469999516e-01,1.014563867205675596e+00
7.149469852449999996e-01,1.089048200026237145e+00
8.764400482179999230e-01,8.269906321541212746e-01
8.305460214609999836e-01,7.548883246100146494e-01
8.535240292550000385e-01,1.015120629602088487e+00
9.092410206789999227e-01,1.047559938720021622e+00
5.202720165249999917e-01,9.296983290040586878e-01
7.411040067669999454e-01,8.039036965460076845e-01
5.853319764140000325e-01,9.321316522777918223e-01
5.047770142559999673e-01,8.669675640619687318e-01
5.519493222240000607e-01,1.053546005424868426e+00
9.697520136830000137e-01,7.521197693484252822e-01
1.116515994070000017e+00,1.033155898082422031e+00
1.049844980239999837e+00,1.084622037134419292e+00
6.342629790310000404e-01,1.033974657573044187e+00
5.644329786300000817e-01,7.219493377656270860e-01
9.184709787370000100e-01,8.074601182117148168e-01
9.593539834020000656e-01,8.866963136392209677e-01
5.984159708020000412e-01,1.087312182557632623e+00
9.383450150489999197e-01,1.018344126540317474e+00
4.542250037189999867e-01,8.850788431634483144e-01
7.079470157619999204e-01,7.432692952770232342e-01
3.876500129699999575e-01,1.113083340119327191e+00
4.484339952470000057e-01,6.518233618523958661e-01
8.405709862710000202e-01,1.020145823520325790e+00
5.337110161779999862e-01,8.288829117222985543e-01
7.211350202559999589e-01,1.065787743842004476e+00
5.215386152269999576e-01,9.516666468843298921e-01
7.050759792330000275e-01,6.336903167798431102e-01
6.405649781229999506e-01,1.046057266629651483e+00
5.168589949609999623e-01,8.492139046856178597e-01
1.660409450529999997e+00,9.913600920429214147e-01
2.465307950970000217e+00,9.742749715047631653e-01
1.622156023979999917e+00,1.251008120100684406e+00
1.866270065310000170e+00,1.260733988870262001e+00
3.623536109919999415e+00,8.058508885240179831e-01
7.948709726329999947e-01,8.473655506180916008e-01
9.065989851950000400e-01,1.307294450862714896e+00
8.571879863740000660e-01,1.733665083718492816e+00
7.756379842759999477e-01,5.357201688530551786e-01
7.006700038909999817e-01,1.872113192717533403e+00
6.443409919740000769e-01,8.794833432518610605e-01
7.579550147059999077e-01,9.737021497326878716e-01
5.499600172040000068e-01,1.204256948717978615e+00
4.964669942859999408e-01,9.966933161207037761e-01
1.367677569390000070e+00,9.422470765061815579e-01
1.397894024850000250e+00,1.022058988521992839e+00
8.148130178450000427e-01,1.399034827211394827e+00
1.278898954390000009e+00,1.582496843454455959e+00
8.623980283740000363e-01,1.205158884803356534e+00
1.093865990639999897e+00,8.595067923001953325e-01
8.134710192680000285e-01,1.192042916158516430e+00
1.466687083240000078e+00,6.682707792155480053e-01
9.060310125349999577e-01,1.431310784463083685e+00
7.652140259739999006e-01,1.184491536410110957e+00
1.311033964160000176e+00,1.396586336321264055e+00
7.892500162119999718e-01,9.076091441706656271e-01
1.474902033810000068e+00,1.022958612739800932e+00
9.167850017550001063e-01,1.251360280620335663e+00
1.186140060420000086e+00,8.742085915649070449e-01
1.411391973500000008e+00,1.460873317431796936e+00
2.092472076419999993e+00,7.495243089267623615e-01
7.189220190049999681e-01,1.247289437400951329e+00
1.301861047739999888e+00,8.738052251098537004e-01
1.268974781040000055e+00,1.215733964187690530e+00
1.221997022629999874e+00,5.719907558435024519e-01
9.061110019680000960e-01,1.524370062659799796e+00
1.078873991970000112e+00,9.061156882698524484e-01
1.028025031089999874e+00,1.164691446166707278e+00
7.863690257070000689e-01,8.652814237367651984e-01
1.276852965350000035e+00,1.025209493138314443e+00
7.093420028689999546e-01,9.922102790126792193e-01
5.201929807659999572e-01,9.429380603309813758e-01
5.645610094070000473e-01,1.007184964467326305e+00
9.855200052259999177e-01,6.408268230516888098e-01
1.092841982840000004e+00,1.080138810190204302e+00
4.786899983879999709e-01,1.131725945727696026e+00
3.955059945579999514e-01,1.031340286685403340e+00
1.850703001020000071e+00,8.274112548643444143e-01
1.195796012879999815e+00,1.062033086983995567e+00
1.702510833739999896e+00,1.373408031217795200e+00
2.998351097109999586e+00,1.497922849127123035e+00
2.407080888749999925e+00,7.018301475372843434e-01
2.585943937299999718e+00,1.348619678045554382e+00
2.233839035029999920e+00,1.259450094671502596e+00
1.655773043629999997e+00,6.623161414275542391e-01
1.430611014370000156e+00,1.347870876692712772e+00
8.921740055079999676e-01,1.096102895882185679e+00
1.231696963309999893e+00,9.063963373131396217e-01
8.955079913140001624e-01,1.077884119391670392e+00
1.602033019070000064e+00,1.009577016295751584e+00
1.585399031639999956e+00,1.555244718516009872e+00
1.232059955600000034e+00,1.025294835547607253e+00
1.210371017459999976e+00,1.247368644760911360e+00
1.242141008379999967e+00,7.254699596471598788e-01
9.857040047650000858e-01,9.160310788069755406e-01
7.289689779279999726e-01,1.086691513476510496e+00
6.761519908910000876e-01,9.972621667553341895e-01
1.071573019029999907e+00,8.975925889501229493e-01
9.457439780239998983e-01,1.112215283799702137e+00
4.376370012759999706e-01,1.169257015316644610e+00
5.141820311550000522e-01,1.036131525924717245e+00
3.387190103530000052e-01,8.489566337574021571e-01
7.144280076029999593e-01,8.653991266875701305e-01
4.996199905870000180e-01,1.182257036155409891e+00
7.917379736899999854e-01,9.725987634471592314e-01
8.646243214609999894e-01,1.256525484471044063e+00
6.024960279459999901e-01,7.769950883811650444e-01
1.260069966320000123e+00,9.941444241690612360e-01
1.012339949610000067e+00,1.020562411835489458e+00
1.004528999329999950e+00,1.029885065826287249e+00
6.310235261919999727e-01,1.160139475425174593e+00
1.141221046449999887e+00,6.125815980859620202e-01
5.426099896430000014e-01,1.150964391653412244e+00
8.547459840769999762e-01,1.032410743530774777e+00
7.744219899179999311e-01,1.312288811908252528e+00
3.084340095520000102e-01,6.701246934262771182e-01
8.376209735870000506e-01,1.131079978668102726e+00
7.293469905850000767e-01,9.623760966007831597e-01
7.503905892370000830e-01,1.005408614697776981e+00
1.134822010990000019e+00,1.191773438608396019e+00
1.614240050320000064e+00,9.035319034760633805e-01
1.244793057440000128e+00,1.286861470830560572e+00
7.141630053519999466e-01,1.172352569504229614e+00
7.293040156360000026e-01,9.405087781364894761e-01
6.486989855770000091e-01,7.435134757105449355e-01
3.427990078929999962e-01,9.578917267461167784e-01
3.861860036850000011e-01,1.142346000252921989e+00
6.366299986840000535e-01,1.032484745640816604e+00
3.990480005740000280e-01,9.411161187995435995e-01
4.178859889509999870e-01,1.071893840162196465e+00
1.103790521619999909e+00,9.641447930457601734e-01
6.956189870829999622e-01,9.283644017889833844e-01
8.070139884950000564e-01,1.061837855848078549e+00
5.947690010070000310e-01,1.145823666618121850e+00
1.107607960700000005e+00,6.130875823028271165e-01
9.713580012320000012e-01,1.125353613154836951e+00
7.170349955560000321e-01,1.010388423625932175e+00
6.764810085300000386e-01,1.154558573904340690e+00
1.687772989270000190e+00,6.588199531785102758e-01
9.907569885250000485e-01,1.105612225386471525e+00
8.082039952280000161e-01,1.142986988598351461e+00
1.087718963619999979e+00,1.240703887251808579e+00
1.564818024639999861e+00,5.213171767143562896e-01
6.673809885979999912e-01,1.243337824773286027e+00
1.256489992140000123e+00,1.099022873478579188e+00
1.091886043549999963e+00,1.150738562881757465e+00
7.375509738919999725e-01,8.000178943683931010e-01
6.224380135540000802e-01,1.349042905552872096e+00
8.364729881290000613e-01,6.599222030178804044e-01
5.774260163309999916e-01,9.311055467081561510e-01
1.015761017800000054e+00,1.100025646057561257e+00
1.106158971790000001e+00,1.220775739915733071e+00
6.945540308949998964e-01,9.279002759732113415e-01
1.130903959270000092e+00,1.077186897728114712e+00
9.518219828609999489e-01,8.826973734579816044e-01
7.524570226669999862e-01,9.842238467802086888e-01
5.585229992869999993e-01,1.232449241277980168e+00
1.415836334229999771e+00,6.804457276228195184e-01
1.855298042299999839e+00,1.030680538263595514e+00
7.845479845999999702e-01,1.487182584045330103e+00
8.210539817810000862e-01,1.718486321455178434e+00
5.835890173909999978e-01,1.174987979557976958e+00
8.359720110889999889e-01,6.216266970832627914e-01
2.184663057329999880e+00,1.320757146941626603e+00
6.805480122570000123e-01,1.254683804035599648e+00
1.238904953000000031e+00,1.373560662607881788e+00
1.030328035349999949e+00,1.561699396157854469e+00
7.914109826090000022e-01,5.480151493749991776e-01
8.423720002169999832e-01,1.711174993513322251e+00
4.464710056780000769e-01,1.045878061753206190e+00
5.589337944979999584e-01,9.199172345178187049e-01
7.099329829220000221e-01,8.944013657250488025e-01
7.334340214730000751e-01,9.097413730120574860e-01
7.833399772640000647e-01,1.294469100006096829e+00
8.426809906959999985e-01,9.920219550926097085e-01
1.099761009220000085e+00,9.086612021075134438e-01
8.706315755840000614e-01,9.754331890831965390e-01
5.862460136410000411e-01,8.173903265006043917e-01
8.863990306849999223e-01,8.625567215234841711e-01
1.019399046900000050e+00,8.778420781866966838e-01
8.493610024450000129e-01,1.054691425845203145e+00
1.010666966439999870e+00,1.185608110292870609e+00
1.331516027449999973e+00,9.900024962663025452e-01
1.215008974079999859e+00,8.989151746607522142e-01
1.645591020579999952e+00,9.776471875922534416e-01
9.708780050280000351e-01,1.089015007116314937e+00
1.411272048950000135e+00,9.299980961347631414e-01
7.953929901119999313e-01,1.159167482548957073e+00
1.046331048010000098e+00,6.796941497373325536e-01
8.879339694979999642e-01,1.356501971136434559e+00
8.349300026890000836e-01,8.831913420751974497e-01
9.847199916839999290e-01,1.160719137580315197e+00
1.090394020079999970e+00,8.718799603948094168e-01
4.901649951929999416e-01,1.065046406305346638e+00
6.141669750209999279e-01,9.967813171911862336e-01
6.314740180969999894e-01,9.755358754106429053e-01
8.252440094949999860e-01,8.730823370160866181e-01
1.051450967789999913e+00,1.171315914438103789e+00
1.047114968300000060e+00,1.021272276447819705e+00
3.921430110930000379e-01,1.126536806197201868e+00
4.695149958129999912e-01,8.798452901430500184e-01
7.720900177959999500e-01,8.288917825362018821e-01
7.520099878309999264e-01,8.866064008952041497e-01
6.877393722529999698e-01,1.264955855989444267e+00
6.718119978899999012e-01,9.932299743650790935e-01
1.185933232310000029e+00,8.575737451190430516e-01
6.571980118750000432e-01,1.021304253069658996e+00
8.213180303569999063e-01,9.895722881195129217e-01
7.795739769939998842e-01,1.043082314924340892e+00
1.030122995379999962e+00,7.211502278515696807e-01
6.211889982220000217e-01,1.154764144433185757e+00
8.660820126530001106e-01,8.741479519799031372e-01
9.608931541439998947e-01,1.052681184224120381e+00
6.760399937630000577e-01,8.157589442864786600e-01
7.402380108830000083e-01,1.087164888073245628e+00
5.984709858890000511e-01,9.149549188618955053e-01
6.151059865950000427e-01,8.440269079448756706e-01
9.358735680580000382e-01,9.874887881101157561e-01
5.818247795100000008e-01,9.659084997058253741e-01
7.156659960750000327e-01,9.777177238922479807e-01
6.529520154000000298e-01,1.008428422362823484e+00
9.700022935870000751e-01,8.177620671427628940e-01
7.834500074390000623e-01,1.151213277164507387e+00
7.448130249979999506e-01,8.917885717049820471e-01
8.276180028919999376e-01,1.082823876318102396e+00
8.943400979040000420e-01,8.928166517794765555e-01
2.505017042159999985e+00,9.279244359664041708e-01
1.620712041850000062e+00,1.496180628895981579e+00
1.417585968970000110e+00,1.493256521113875968e+00
1.049872040749999957e+00,1.573175569544855046e+00
1.226507544519999993e+00,1.511311755436389459e-01
1.043179035189999881e+00,1.063782180563166424e+00
9.694439768789999690e-01,8.901617863195661062e-01
8.192250132559999454e-01,1.273149528155868682e+00
8.129550218580000598e-01,1.040602817353473153e+00
6.712080240250000163e-01,9.401540935956529399e-01
5.289899706839999993e-01,9.288297160688842036e-01
3.461930155749999849e-01,9.195873478553945324e-01
4.789490103719999947e-01,8.129642806607343397e-01
1.153810977940000093e+00,9.043637059997267080e-01
9.671270251270001062e-01,1.080604719403836844e+00
7.845839858059999727e-01,1.081554571989766123e+00
4.701859951020000428e-01,1.005480560712730176e+00
5.632782578470000301e-01,5.772317440054405280e-01
2.416239976880000528e-01,8.197187937219891918e-01
2.709859907630000064e-01,7.993438500244736122e-01
1.994680017229999991e-01,1.006213153554567530e+00
1.327169984580000017e-01,7.894527018766603899e-01
4.732620120049999546e-01,8.681152955143225380e-01
6.585559844969999244e-01,8.189455363287194700e-01
9.621880054470001165e-01,1.028648951147026924e+00
5.111979842189999790e-01,1.136848991747600568e+00
9.829789996150001263e-01,7.344948345597838157e-01
9.100099802019999684e-01,8.512117387135529345e-01
1.026576042179999870e+00,8.347943535583390862e-01
8.309389948840000262e-01,1.235595042816815647e+00
9.651920199390001676e-01,7.741196192694018707e-01
1.000543951989999902e+00,9.234838631192681113e-01
1.983185052870000131e+00,8.242528125733469269e-01
1.274855017659999978e+00,1.109853168816892666e+00
1.286525964740000028e+00,1.028262792295962624e+00
1.382244944570000245e+00,1.349110985376161365e+00
1.736924052240000016e+00,6.404759580152286080e-01
1.257668018339999971e+00,1.253889329952439846e+00
7.533379793170000838e-01,1.187372249948004388e+00
1.084908962249999886e+00,1.116921185540433736e+00
1.062494039539999990e+00,7.781138519453030256e-01
7.787629961969999570e-01,1.062881189278771954e+00
8.256469964979999965e-01,1.200682918123895826e+00
9.891830086709999525e-01,9.120351196748608391e-01
1.418092012410000047e+00,9.041367021313406749e-01
1.151677966120000063e+00,1.140178901958992519e+00
1.250364065170000094e+00,1.037872975402953424e+00
8.794019818310000458e-01,9.949403967579539820e-01
1.089423060420000144e+00,6.800259162816513214e-01
1.809062957759999701e+00,1.022596309568377215e+00
8.687390089040000207e-01,1.084376130073688937e+00
8.521729707719999380e-01,1.147466928795999763e+00
1.307837963100000112e+00,1.055289643736630145e+00
1.262575984000000151e+00,5.802240530996812806e-01
7.601559758189999627e-01,1.262820546653559584e+00
1.069887042049999959e+00,1.042750033201210513e+00
8.579840064049999437e-01,8.763212044633503783e-01
1.149323940279999956e+00,8.915253170005646988e-01
1.067142963410000034e+00,1.323000205974573795e+00
7.400619983670000401e-01,8.943488932799384949e-01
6.799880266190000411e-01,9.103473154020781388e-01
7.323921322820000634e-01,7.954102733186394492e-01
8.352749943730000126e-01,8.872967805607282488e-01
6.000829935070000065e-01,1.034610414392294064e+00
1.010563969610000168e+00,9.379067519091800476e-01
7.613970041280000434e-01,9.963771472288366349e-01
7.260069847110000030e-01,8.494128106129907874e-01
1.064324021340000037e+00,1.114426147546344392e+00
5.901079773899998715e-01,8.167480001960002456e-01
7.744659781460000447e-01,9.306707988801857789e-01
7.406870126719998781e-01,1.057272691613764914e+00
8.908360004430001533e-01,8.060902881475402459e-01
7.620100975040000613e-01,1.125336169406987441e+00
7.774500250820000069e-01,8.183838973341014400e-01
5.811070203779999943e-01,1.029708004588984371e+00
7.908779978749999051e-01,9.205000821953918111e-01
8.903719782829999652e-01,9.936772858172668865e-01
7.882059812549999656e-01,8.369606965771098084e-01
7.301949858670000459e-01,1.018709985414865571e+00
9.248933196070000529e-01,8.879446914819429937e-01
1.265586972239999941e+00,8.620157182983816391e-01
7.884140014650000694e-01,1.058799188988814866e+00
9.180610179899999501e-01,1.016100984947949870e+00
6.569269895549999516e-01,9.478290585141317948e-01
8.252680301670000107e-01,6.429936259197398529e-01
4.257229864599999525e-01,1.126455872979032380e+00
9.114630222319999309e-01,8.510992651700792777e-01
7.238519787790000937e-01,1.125913765268101052e+00
9.657319784160000031e-01,8.436244828695277365e-01
7.194200158119999911e-01,1.218610382615302967e+00
7.146480083470000411e-01,8.096376832189490225e-01
6.188799738879999790e-01,1.088049820311832727e+00
8.502969741820000094e-01,7.576094056446890379e-01
6.113014817240000065e-01,9.743263757627654842e-01
8.405809998509999881e-01,8.681210291524632527e-01
5.909900069240000553e-01,1.075544659188163443e+00
1.191807866100000002e+00,8.152008573835328731e-01
1.072478055950000009e+00,1.151653235274225251e+00
7.976800203319999172e-01,9.432402338999056335e-01
7.140370011329999489e-01,1.260148479229305840e+00
8.885610103609999921e-01,7.873528004949742476e-01
7.367290258409999737e-01,8.181938763913635393e-01
9.655410051350000744e-01,9.635532977544494226e-01
8.569459915160000385e-01,1.045288280882979537e+00
5.838339924809999859e-01,9.505224812039796412e-01
3.047562122340000457e+00,9.720322143738937548e-01
8.865389823909999301e-01,1.652410327275851465e+00
1.186460971829999878e+00,1.909360945132426046e+00
8.750730156899999557e-01,2.784511844308768413e+00
1.111973047260000014e+00,6.017054776013847084e-01
6.929270029070000447e-01,1.678444261107005619e+00
5.632749795910000357e-01,6.704017367567330909e-01
5.519689917560000048e-01,1.414102270350843016e+00
9.211350083349998386e-01,1.485536996714112323e+00
5.465030074119999748e-01,1.161789406385145496e+00
9.997850060459999577e-01,9.450067495797140893e-01
7.512239813800000166e-01,1.131331854265380077e+00
8.402569890019999654e-01,8.845450103946809195e-01
7.843149900439999600e-01,1.215272075061945012e+00
5.915480256080000165e-01,7.828008983928476106e-01
6.109840273859999948e-01,9.682090705964099264e-01
9.328789710999999540e-01,8.865096024622923787e-01
7.992020249369999885e-01,9.501872129924607835e-01
9.833549857140000405e-01,1.057331760688426492e+00
5.405290126799999761e-01,1.098741833268206403e+00
1.093670010570000128e+00,7.271188830399724079e-01
9.266330003740002041e-01,1.005949032441545654e+00
7.972419857979999858e-01,8.784688664372718447e-01
5.896059870719999596e-01,1.210730781205369366e+00
7.799540162090000672e-01,6.218191988574375273e-01
5.182790160179999717e-01,8.852506631810082016e-01
7.263879776000000676e-01,9.106136320093709546e-01
6.216366887090000182e-01,1.075075364778166787e+00
8.810679912569999717e-01,7.934367809973619234e-01
7.315016984940000411e-01,1.062039021080950496e+00
9.703850150110000516e-01,8.883098308395652731e-01
8.715350031849999901e-01,1.086651003596230680e+00
5.505740046500000595e-01,8.087054978411503114e-01
2.576299905780000121e-01,9.424037863260023018e-01
6.952109932899999123e-01,7.244390347500481164e-01
3.547430038449999601e-01,9.379851909510843466e-01
1.308350920679999918e+00,1.033724592966565048e+00
1.424710035319999957e+00,1.358843012587660715e+00
2.422243118290000385e+00,8.797763837720489200e-01
1.588093161580000023e+00,1.385823112100842636e+00
2.882889986040000352e+00,7.074667022738717614e-01
1.510810017590000109e+00,1.494516025134534187e+00
5.103110075000000245e-01,7.858957215234295690e-01
6.637499928469999810e-01,1.414885239607672540e+00
5.865659713749999948e-01,3.981744429581468014e-01
9.182999730109998593e-01,1.131152888013314151e+00
1.126363039020000123e+00,1.372127847528305633e+00
9.455379843710000065e-01,1.090408803130117121e+00
7.979699969290000583e-01,1.205304354795696753e+00
8.895260095600000527e-01,8.830342496584995260e-01
5.017459988589999531e-01,9.006279883868367753e-01
7.889080047609999813e-01,9.666756570245552682e-01
5.571460127830000220e-01,1.078921757230549172e+00
8.079270124439998924e-01,8.247776070003551840e-01
7.382910251620000697e-01,1.088113600066905828e+00
6.742079854009999096e-01,8.354048989051164886e-01
8.787713646889999675e-01,1.101420495576211467e+00
7.401880025859999268e-01,8.368762134018707943e-01
8.886500000949999478e-01,9.305269947885744797e-01
7.983270287510000340e-01,1.028341674613334034e+00
5.137799978260000344e-01,8.646353303217489961e-01
7.760372757910000141e-01,9.442566327352978073e-01
8.528280258179999906e-01,9.050527615567560691e-01
7.851629853249999513e-01,1.015392121962479743e+00
8.431609868999999646e-01,1.181122764307806605e+00
1.024798870089999925e+00,9.283070913944115876e-01
8.044279813770001120e-01,8.793097838148150602e-01
8.841310143469999216e-01,9.975834530691056745e-01
3.615649938579999501e-01,1.036280020578723260e+00
1.171491026879999842e+00,7.473846689541027155e-01
4.477910101410000343e-01,1.057236813612340898e+00
7.665730118750000432e-01,8.327067028545996896e-01
7.735599875449999940e-01,1.364187231276076551e+00
1.054823040959999902e+00,5.491695384336170438e-01
7.843300104139999673e-01,1.244261108752362066e+00
1.034250974660000155e+00,8.754152681952551696e-01
1.096979022029999973e+00,1.021682033859877325e+00
7.633029818529999400e-01,7.806419694386190766e-01
5.883730053899999257e-01,1.020533297316443822e+00
6.365630030629999547e-01,8.484446938243034309e-01
5.750700235369999858e-01,7.926947737508118763e-01
5.399640202519999654e-01,9.245863792116685298e-01
1.324671149250000068e+00,9.545183304169558847e-01
8.178460001949999780e-01,1.044362557605852393e+00
6.359609961509999909e-01,1.016275138982639437e+00
8.135920166969999867e-01,1.166625856451891208e+00
9.872140288350000903e-01,6.507486319324221613e-01
9.839289784429998686e-01,1.011382806951935276e+00
5.904790163040000150e-01,1.012959898865808173e+00
8.986790180209999201e-01,9.012885817243666553e-01
6.268000006680000125e-01,9.180331322589302401e-01
6.926850080490000172e-01,7.970525128850310947e-01
5.757049918169999669e-01,1.066733474874048682e+00
6.764680147170000213e-01,7.743127073014532957e-01
8.279470205309999997e-01,9.985529315817304186e-01
6.547859907149999881e-01,8.968199633529747583e-01
1.085815548900000094e+00,9.674375882209158561e-01
8.509550094600001335e-01,9.761808783025130998e-01
8.879359960559999321e-01,8.262779066060412791e-01
6.557850241659999302e-01,1.062763074994084400e+00
6.597809791559999804e-01,7.146473686751795285e-01
8.856279850010000398e-01,9.586567996898253119e-01
7.502999901769999980e-01,9.229303255138224804e-01
9.303160309790000637e-01,1.002595443549351373e+00
7.259460091590000941e-01,9.852829173838900667e-01
7.123904824259998936e-01,8.208611772245355542e-01
9.326570034029998402e-01,1.011078706985828246e+00
6.544970273969999974e-01,9.181106716966135339e-01
4.987269937989999846e-01,1.012706187189297724e+00
9.782410264020000579e-01,1.019815051597882993e+00
5.593240261080000275e-01,8.760682624078423020e-01
8.733990192409999409e-01,9.249913295447438344e-01
6.232500076290000690e-01,1.129634618497660004e+00
6.319249868390000024e-01,7.366768495270423767e-01
8.335350155830000274e-01,1.056294969241149628e+00
8.613430261610000027e-01,8.073331955703932916e-01
1.036013007159999999e+00,1.058536193259474123e+00
6.160370111469999355e-01,1.084029786851631094e+00
9.874529838560001105e-01,8.735934085333838528e-01
6.686739921569999634e-01,1.027473289568074488e+00
6.455339789389999972e-01,7.400860952269388005e-01
1.007030010220000049e+00,1.097758631610554092e+00
7.763000130650000719e-01,8.540360620145749371e-01
9.358490109440000815e-01,1.101598368864734834e+00
6.626719832419999401e-01,1.032388197121115736e+00
1.113351941109999910e+00,7.191439905533324461e-01
5.495319962500000432e-01,1.012855320373674317e+00
9.273632764820001206e-01,7.788155088614286958e-01
8.215330243109999486e-01,1.092148887280147918e+00
9.193540215490000334e-01,7.776917527336690839e-01
6.899859905239998925e-01,1.353038365228199646e+00
6.497738957409999738e-01,8.643365419723112453e-01
9.705049991610000815e-01,7.701619281361826719e-01
8.034440279009998909e-01,8.725098630305925251e-01
8.920990228650002019e-01,1.097250513306172293e+00
7.462270259859999921e-01,1.076249976231508088e+00
1.495407462120000197e+00,6.798521557615344602e-01
7.597569823270000633e-01,1.134172332507352055e+00
9.677280187610000084e-01,1.166040030455107068e+00
1.126011013979999920e+00,1.560042407276709842e+00
7.641419768330000029e-01,8.786412597313372208e-01
1.423818945879999909e+00,1.170162391720772632e+00
8.309190273280000483e-01,1.168046751834122654e+00
5.316870212550000030e-01,1.071801155925935056e+00
6.942920088770000442e-01,1.334040652690327233e+00
1.097100019450000019e+00,7.870907269197027212e-01
8.623710274700000511e-01,1.126174237171138959e+00
9.711959958080000899e-01,1.090838555879701577e+00
7.501904964450000213e-01,1.060511461257991117e+00
5.659890174870000346e-01,8.265808933208913523e-01
7.235890030859999378e-01,8.905653984282804192e-01
1.088876962660000114e+00,7.935756624082553889e-01
2.614549994470000138e-01,1.004146049837276955e+00
1.923168003559999895e-01,9.038650825405852851e-01
2.048390060660000012e-01,8.028647807073127085e-01
3.752999901769999980e-01,5.872584284706953150e-01
1.878910064700000104e-01,1.110978125445621245e+00
4.178839921949999980e-01,8.688792233783565466e-01
6.128349900249999704e-01,9.437843101062494133e-01
4.822100102900000462e-01,8.444461987698957950e-01
8.136649727820000066e-01,9.697804003106538229e-01
8.997989892959999958e-01,8.871880940263666693e-01
7.667459845540000041e-01,8.456622937445683608e-01
6.762999892229999421e-01,9.576170194628168542e-01
9.804093837739999984e-01,8.299416067871123737e-01
1.075533032420000090e+00,9.176057165286630735e-01
6.459739804270000496e-01,1.043030635325583155e+00
7.601699829100000416e-01,1.045188749475187917e+00
8.707180023190000950e-01,8.982011255552382334e-01
1.045557022089999899e+00,7.796366517696896592e-01
4.832339882850000268e-01,1.174035002421009555e+00
1.085988998409999962e+00,8.973074818454784829e-01
7.320979833600000930e-01,1.018092625172660082e+00
7.128990292550000385e-01,7.643610556616659002e-01
1.045389056210000112e+00,1.205542845945742680e+00
7.359200119969999676e-01,7.079389544377994170e-01
8.956930041310000590e-01,9.767290346606043450e-01
8.745509982110000191e-01,9.974782445104594109e-01
9.237470030779999508e-01,7.925076921985173550e-01
9.997780323029999971e-01,1.003062490745772140e+00
1.739534020420000049e+00,8.904452670827930350e-01
8.107889890670000321e-01,1.175013820417240451e+00
7.049050331119999235e-01,1.096618732203037627e+00
8.328269720080000438e-01,1.220758129409539539e+00
8.276600241660000412e-01,6.400205627706558875e-01
8.953109979629999549e-01,1.143247521242563458e+00
1.459501028060000039e+00,9.660542177507167594e-01
1.179519057270000060e+00,1.088959846884471450e+00
1.443411946299999915e+00,1.128674762772069240e+00
1.306735038760000078e+00,1.115095872266631094e+00
7.634999752040000365e-01,6.798723161960081862e-01
1.145148038860000161e+00,9.416930380804915401e-01
7.253450155259999477e-01,9.470199218566419663e-01
7.633590102199999672e-01,8.504104164683599087e-01
6.174820065499999622e-01,1.059609066214141526e+00
1.029322981830000039e+00,7.183328357739078296e-01
1.302055954929999926e+00,1.197911069455589894e+00
3.164124965670000122e+00,1.027409487099623986e+00
9.734439849849999549e-01,1.491915923806040656e+00
1.229671001429999855e+00,9.709249310449703518e-01
7.441530227660000385e-01,1.409408214016614203e+00
1.063034057620000139e+00,2.379490764062219127e-02
1.123872041700000102e+00,1.540824122752642911e+00
8.984770178789999173e-01,8.096847578307756477e-01
7.175139784810000698e-01,1.287021299558976262e+00
5.367509722709999931e-01,9.843333908784878128e-01
1.175443053249999981e+00,8.211202706842101184e-01
1.101048946379999949e+00,1.069009695624780543e+00
5.734490156170000130e-01,1.020344037372938217e+00
1.431144952770000200e+00,1.051226541380427371e+00
1.037794947620000130e+00,8.046604928009846169e-01
6.568620204930000206e-01,9.304553465958653735e-01
1.074908018110000141e+00,1.284099030120313012e+00
1.385972023009999887e+00,6.691618087878276055e-01
1.004804968829999812e+00,9.767414667371155934e-01
1.609539985660000116e+00,1.111551737444200549e+00
2.817575931549999524e+00,1.030170060110187746e+00
1.962562561039999931e+00,1.135165828602079818e+00
1.279752016069999998e+00,1.353635813285543943e+00
1.995329976079999845e+00,1.149295529961605444e+00
2.033385992049999924e+00,6.509870451872807884e-01
1.307443976400000096e+00,1.148096177198000500e+00
1.611258029939999892e+00,1.148682111769616654e+00
2.040218114850000042e+00,8.574854700474680014e-01
2.183244943620000100e+00,1.113207391544996927e+00
1.351415991779999937e+00,1.442535304571517907e+00
7.242180109020001089e-01,9.432692854658539794e-01
1.363389015200000109e+00,7.277094861622643851e-01
1.526808977129999967e+00,8.364615976833977840e-01
1.784019589419999940e+00,1.195720907950957645e+00
1.103597044940000105e+00,1.381230230233618572e+00
1.763007998470000004e+00,8.394183292571014698e-01
1.157549023629999896e+00,1.153291680918691942e+00
1.153326034550000045e+00,8.441469286566870567e-01
2.362811088559999551e+00,1.282707764357709834e+00
2.580787897110000007e+00,9.863197534358525420e-01
1.242146968839999976e+00,1.320735524420381113e+00
1.712821006770000265e+00,1.205585230929139051e+00
6.676509976389999323e-01,9.200206569739959317e-01
8.271329998970000652e-01,6.647784636238137645e-01
9.642647504810000214e-01,1.277104743405359955e+00
1.394161701200000048e+00,5.588494013781138969e-01
7.584049701689999923e-01,1.465757760101613849e+00
6.900759935379999765e-01,1.124159355546152206e+00
6.740249991419999809e-01,1.051935632225325934e+00
8.615220189090000424e-01,6.732859965768324129e-01
7.907469868659999790e-01,1.103724260851369099e+00
7.285000085830000138e-01,1.027986387296554671e+00
2.411980032920000017e-01,1.045706455534217483e+00
3.354600071909999981e-01,7.014252066855432011e-01
5.912460088730000507e-01,7.346156923413125206e-01
1.058426976200000036e+00,8.581713969516400198e-01
7.669919729230000316e-01,1.304656911170362976e+00
5.881239771840000019e-01,1.000137530170160272e+00
5.922303199769999305e-01,8.552563473120510240e-01
8.753510117530000079e-01,5.728824037745807729e-01
7.038279771799998974e-01,9.906792003020274962e-01
5.677499771120000371e-01,9.994324327648791417e-01
7.133870124819999825e-01,9.788813454609183173e-01
1.077505946160000061e+00,7.769283904844548339e-01
6.909419894220000247e-01,1.062064577340741334e+00
7.724580168719999973e-01,1.061239056277930581e+00
7.237120270730000859e-01,1.069206909484155865e+00
9.752489924429997847e-01,7.425135960815267833e-01
9.151769876480000399e-01,1.019418143568481039e+00
7.574009895319999686e-01,9.187872768094890175e-01
6.912069916730000374e-01,1.011658234798051392e+00
1.183527946470000147e+00,7.893616599144521739e-01
7.705749869349999281e-01,9.956154450919593168e-01
8.947700262070000798e-01,1.015952275817413986e+00
6.143350005150000070e-01,1.119153941420952592e+00
7.692319750789999855e-01,7.370595836426538927e-01
9.070749878880000061e-01,1.137685070983294411e+00
4.068099856379999713e-01,9.386193243652735108e-01
5.138880014419999753e-01,1.029136956756966148e+00
2.481469959019999838e-01,1.035983323061980155e+00
2.568759918210000159e-01,8.209274465570094437e-01
5.980659723279999618e-01,9.295367299838267483e-01
5.981699824330000137e-01,8.176021635038591695e-01
8.801140189170000294e-01,1.122419228840785932e+00
1.085649013520000095e+00,1.081665367134232891e+00
9.920129775999999566e-01,8.098946839634189043e-01
8.743849992749999078e-01,9.415965913376573848e-01
8.770260214810000621e-01,8.695707645959361853e-01
1.008928894999999937e+00,8.803549044162778392e-01
8.088759779930000393e-01,9.206562728080945890e-01
6.714209914210000907e-01,1.025975316342809363e+00
7.449629902840000373e-01,1.168015885256018960e+00
6.942679882050000195e-01,1.038457535439297308e+00
1.001886010170000008e+00,8.673506536178258175e-01
7.935580015180000446e-01,1.046882239669792769e+00
8.450049161910000439e-01,9.931706626742746735e-01
8.031240105629999793e-01,1.113920601916014164e+00
5.744469761850000689e-01,8.375094679638618311e-01
5.679720044139999757e-01,1.023267344714023697e+00
4.538080096239999195e-01,1.005732001734298553e+00
8.494881391529999215e-01,8.590100208252811065e-01
4.064599871639999473e-01,1.018539032251268628e+00
2.453519999980000310e-01,8.729499682092142221e-01
2.323218107220000217e+00,1.017180759871500584e+00
2.027115583420000089e+00,1.632301358259967028e+00
1.581117987629999888e+00,2.113239579341437580e+00
1.727049946780000012e+00,2.106160340794005936e+00
1.150642037389999928e+00,6.070992034935328574e-01
1.607933998109999818e+00,1.707292726475864830e+00
1.331233978270000007e+00,1.915934829195449662e+00
1.221642017359999999e+00,1.587445503180053841e+00
1.583541989330000010e+00,1.798106177308214759e+00
1.608662128450000006e+00,1.482160512317095336e+00
2.185653924939999992e+00,1.822056608978924519e+00
2.989559888840000124e+00,2.013460360937881610e+00
7.574499845500000106e-01,1.946068108417996489e+00
1.811344027520000122e+00,1.519022714679742814e+00
1.527951955800000094e+00,1.635787309316289129e+00
8.892235755919999374e-01,1.167264778322877339e+00
