9.717460274700000511e-01,2.207626449515639244e+00
1.176299691200000108e+00,2.247989892760681396e+00
1.714609026910000056e+00,1.569286753434443016e+00
1.307337045669999975e+00,1.889652102788998755e+00
6.186890006069999393e-01,2.138707542194572930e+00
2.298435926440000276e+00,1.396594996320386972e+00
1.808241009709999902e+00,2.339313275643717827e+00
8.794149756429999742e-01,3.250696430517733937e+00
1.570945024490000064e+00,2.854735028933701457e+00
1.578516006470000121e+00,1.338234153200339227e+00
6.200309991839999535e-01,2.016091810262252704e+00
9.928810000419999726e-01,1.408759540941514121e+00
4.551869928839999413e-01,4.839136260249267685e-01
1.017398953439999865e+00,9.343703911926801720e-01
8.378469943999999892e-01,1.598312297108536617e+00
4.884769916529999589e-01,1.165610911188047938e+00
1.246340990070000210e+00,1.213701857441323195e+00
1.209630966189999990e+00,1.426708149924145630e+00
1.252451062200000020e+00,2.041829773124555381e+00
1.519726991650000025e+00,2.155317476687752976e+00
1.063797950739999942e+00,1.763104599037053744e+00
1.571495056150000069e+00,1.691543918649996758e+00
1.278105020519999968e+00,1.704618601652070131e+00
1.192077994349999948e+00,1.828851249445468508e+00
8.304439187050000060e-01,2.001722894044068557e+00
1.402015686039999931e+00,1.300109350388151785e+00
1.156504034999999986e+00,1.678794022494255023e+00
1.162554860120000200e+00,1.788745907362881526e+00
6.007519960399999581e-01,1.931095290323184610e+00
1.253835797310000055e+00,1.475732490675711661e+00
1.791844010350000183e+00,1.684648609040870326e+00
1.734062552449999961e+00,2.165632718798534473e+00
4.939970970150000085e+00,2.541648936779082657e+00
2.394351005549999911e+00,4.591106725312205761e+00
2.212575912479999740e+00,5.652101147332684761e+00
1.886527061460000043e+00,4.524541620589087820e+00
9.343829751010001017e-01,3.227139850540027055e+00
9.099829792980000942e-01,3.304531442789195861e+00
8.112999796870000724e-01,5.174451175350397447e-01
1.049708962440000004e+00,-5.955913510027009972e-01
1.351788043980000076e+00,1.594225343387531413e-01
1.277305960659999906e+00,1.607605139054332444e+00
7.854449748989998925e-01,2.281621070136021334e+00
4.846229851250000165e-01,1.616230766250309925e+00
6.676359772680000582e-01,1.209004845887309942e+00
8.322510123249999836e-01,1.167112936771316667e+00
5.959370136259999340e-01,1.399556108626930362e+00
3.410890102390000123e-01,1.260798520859200966e+00
6.860110163689999707e-01,8.680761085062224103e-01
8.153510093690000682e-01,1.139938898107989207e+00
3.985430002210000322e-01,1.632422910174279096e+00
6.998159885410000225e-01,1.568562478797699722e+00
4.263690114019999533e-01,1.237196590776843630e+00
6.866139769550000382e-01,1.293502532243642866e+00
1.826770007609999913e-01,1.594364962331343616e+00
7.018824815749999946e-01,1.181705051861950073e+00
1.796682000159999681e+00,1.481245881260329078e+00
7.204269766809999753e-01,2.592462451653760880e+00
4.680640101429999755e-01,3.150163219314572327e+00
6.408870220180000743e-01,2.978459715494146565e+00
7.520520091060001189e-01,2.506480751043616451e+00
1.001817584040000098e+00,1.880767520303194607e+00
1.660804033279999814e+00,1.503527084018480453e+00
1.450595021250000061e+00,1.148076396429274171e+00
1.085010051729999869e+00,1.477377695149859615e+00
1.099555015560000015e+00,1.879973212274524519e+00
7.694180011750000325e-01,1.334319524318074546e+00
1.254430413249999932e+00,1.430270499177862531e+00
1.496320962910000052e+00,1.625580490464864969e+00
7.186369895940000196e-01,2.042241388056142970e+00
8.902019858359999649e-01,1.977515175848888695e+00
9.891759753229999452e-01,1.456725757529309995e+00
2.849014520649999938e+00,1.687125880069649364e+00
4.281075000759999583e+00,3.079157493191496453e+00
1.248739004139999942e+00,4.718416801411128958e+00
7.096589803699999699e-01,3.509553062777678978e+00
7.497439980509998936e-01,1.237930548348557203e+00
8.907449841499999188e-01,9.021075764456498725e-01
1.469527959819999952e+00,1.887580512114974018e+00
1.608888030049999918e+00,1.588953449266805151e+00
1.043460965159999976e+00,2.054657492400191909e+00
1.184751033780000018e+00,2.051128011402177709e+00
5.063725113870000127e-01,3.462271394913244649e+00
6.946156024930000283e-01,2.611842203555763131e+00
9.299110174179998634e-01,1.200003966584701764e+00
7.754629850390000190e-01,7.661489538575099179e-01
8.564696311949999696e-01,6.568964243551724813e-01
9.269009828569999554e-01,1.025806117762550818e+00
7.506660223010001021e-01,1.706593120888531656e+00
9.248849749570000611e-01,1.685813854752582719e+00
1.070162653919999984e+00,1.829717050529584110e+00
8.752880096439998869e-01,1.921564982257265353e+00
7.511039972310000756e-01,2.052940630250133847e+00
8.627579808239999037e-01,1.690538195548144440e+00
5.096570253369999692e-01,1.704969759673152563e+00
8.495249748229999343e-01,1.624509095724646635e+00
6.711369752879999817e-01,1.278565234977680376e+00
6.132180094720000030e-01,1.230838552994955037e+00
3.810549974440000098e-01,1.476971853116538336e+00
8.710420131680000067e-01,1.122480093372955290e+00
6.540319919589999698e-01,1.688870381715414037e+00
9.089673757550000843e-01,1.666753602640154597e+00
9.709029793739999414e-01,1.574149636898475979e+00
9.856920242310001079e-01,1.661507575343925680e+00
1.356256246570000101e+00,1.983562082549003458e+00
1.309872984889999925e+00,2.132772902587650066e+00
6.344919800760000506e-01,2.504925973908629366e+00
5.933508276940000492e-01,1.927977593000105516e+00
8.796380162239999523e-01,1.401320657946023562e+00
1.131836414339999930e+00,1.487151227046983992e+00
1.841274023059999765e+00,1.947618757243283261e+00
2.261745929719999992e+00,2.073153119369336217e+00
2.597975969309999744e+00,2.510303894644996259e+00
2.399192094800000064e+00,3.046575738750749274e+00
1.982298016549999931e+00,2.824175498793417116e+00
2.269547939300000206e+00,2.119445185202971427e+00
2.017889976500000238e+00,1.927153463089862129e+00
1.452262043950000026e+00,2.464838656074169965e+00
1.342797994609999934e+00,2.224285309181231796e+00
1.311915040020000145e+00,1.950766476088758417e+00
1.276762008670000226e+00,2.477033832339367692e+00
1.275267004970000118e+00,2.161061669558345777e+00
1.210446000100000141e+00,1.571958014659720071e+00
8.153480291369999966e-01,1.110772325254819837e+00
7.271119952200000291e-01,1.148507798032189609e+00
6.043019890790000126e-01,1.108833836703440268e+00
9.830358624459999417e-01,1.135610332236387521e+00
1.101529002189999940e+00,1.624898792284324545e+00
1.183724999429999869e+00,1.869248720665606989e+00
4.356400072569999726e-01,2.015976764512500630e+00
3.270040154459999959e-01,1.665228568592727942e+00
8.039849996569999879e-01,8.114510056987254139e-01
4.216859936710000145e-01,9.230770523498060820e-01
5.734559893609999515e-01,1.198497235935849670e+00
3.959457874300000291e-01,1.240648765880778548e+00
4.163750112060000119e-01,1.108856858885278074e+00
5.603970289230000290e-01,1.251598238814413344e+00
7.749050259590000156e-01,1.206270124991685844e+00
6.370840072629999629e-01,1.716670591981832583e+00
3.839260041709999793e-01,1.668918124588282925e+00
5.648739933969999516e-01,1.299575478369807691e+00
1.054715037350000051e+00,1.223111439785547150e+00
6.537709832190000681e-01,1.629886310769016466e+00
5.931029915809999942e-01,1.908232868298630480e+00
1.022608995439999946e+00,1.353281830565334243e+00
8.359869718549999273e-01,1.434399515502238209e+00
6.375340223309999832e-01,1.844917316301640131e+00
9.755985140799999789e-01,1.445822285160477172e+00
4.898079931740000337e-01,1.262606141610763233e+00
1.098647952079999879e+00,1.425797874320010816e+00
1.151165962220000116e+00,1.533440416438099918e+00
8.061249852179999120e-01,1.854150345338850370e+00
4.744769930839999872e-01,1.927919506978495345e+00
7.896029949189999897e-01,9.122349393278604834e-01
4.762530028819999539e-01,1.101552245164191479e+00
5.455229878430000179e-01,1.306713042996466623e+00
6.212809681889999158e-01,1.245937762411505778e+00
7.707700133319999036e-01,1.254444382759740684e+00
9.337069988249999675e-01,1.666548502251761210e+00
8.110550045970000843e-01,1.696531106212439965e+00
6.005529761310000048e-01,1.860115209835522476e+00
1.002521038060000036e+00,1.598385581885964024e+00
8.921650052069998171e-01,1.661087206860228704e+00
9.160850048070000584e-01,1.777931316682526353e+00
7.413420081139999729e-01,1.515711330538920931e+00
9.283249974250000758e-01,1.276059260826993835e+00
6.429409980770000033e-01,1.459536131099058220e+00
9.950090050700001187e-01,1.380543170739093606e+00
6.271365880970000140e-01,1.494526045359866329e+00
1.038689017300000073e+00,1.650806787106425144e+00
6.888009905820000611e-01,1.753260380788137507e+00
5.214130282399999095e-01,1.399639687485488171e+00
6.510270237919999481e-01,1.347427925567608042e+00
1.159701943399999990e+00,1.136616422410710925e+00
6.456400156020000169e-01,1.669902539446756373e+00
1.195862650870000099e+00,1.922460837886166063e+00
1.304703950880000018e+00,1.833904268844255059e+00
8.844429850579998975e-01,1.994459048831571657e+00
7.697709798810000725e-01,2.301776776770537936e+00
7.702100276950000213e-01,1.551431896559901880e+00
6.418280005459999771e-01,1.629713279248488966e+00
8.937159776689999058e-01,1.425013949240192535e+00
5.247250199319999364e-01,1.437023768176133531e+00
5.142210125920000374e-01,1.026865227300490790e+00
7.172748446459999982e-01,1.177754811672808932e+00
6.410769820210000525e-01,1.341550727063937298e+00
4.689820110800000941e-01,1.784001585848981719e+00
1.203750014310000171e+00,1.441897839354407074e+00
7.911959886550000709e-01,2.096336615876419174e+00
1.136301159859999910e+00,2.312404800963626883e+00
8.642929792399999256e-01,2.010834310699889826e+00
8.814030289650001126e-01,1.740020112204393010e+00
5.817409753800000249e-01,1.849106158205042538e+00
8.651199936869999885e-01,1.479608567670481323e+00
9.078124761579999813e-01,1.416819202590784199e+00
7.377740144730000615e-01,1.367675333282464711e+00
1.120375037189999867e+00,1.248380107048186805e+00
9.422479867940000142e-01,1.307005335643001587e+00
1.060060024260000011e+00,1.785901618367533361e+00
7.158420085910000008e-01,1.646375402788676112e+00
4.040209949019999969e-01,1.184592228200254116e+00
2.920779883859999648e-01,1.034708628863815871e+00
6.317924261089999938e-01,7.496821827664925664e-01
1.124665260310000026e+00,1.117628817982390110e+00
1.115690946580000009e+00,1.694675478888499454e+00
1.247418999670000028e+00,2.202294731995812604e+00
6.976169943809999996e-01,2.123257888580555530e+00
3.693974971769999893e+00,1.635929107425554641e+00
8.204839825630000361e-01,3.195402947798334559e+00
8.573070168499999921e-01,3.965840947839076147e+00
6.902359724040000311e-01,2.609370447911502744e+00
8.385969996449998964e-01,2.129596954791571850e+00
1.287726998329999928e+00,3.651492665010668492e+00
9.632229804989999034e-01,1.670556590586337098e+00
1.343299984930000024e+00,1.270620877342192090e+00
7.316169738770000874e-01,6.614912429844875819e-01
6.809219717980000697e-01,1.582442382827805805e+00
7.014784216880000089e-01,1.514567496042155126e+00
6.698030233380000142e-01,9.190298576522881735e-01
1.365643024439999964e+00,1.209630148225250279e+00
9.781420230869999344e-01,1.422976172643974468e+00
6.786789894100000442e-01,2.078533799342717536e+00
5.976330041890000055e-01,1.773497200860674194e+00
8.193774819369999962e-01,1.222276991804758239e+00
7.911109924320000042e-01,1.668867937680313940e+00
1.044147372249999872e+00,1.734199584864894117e+00
1.400015950200000026e+00,1.730484002702943780e+00
8.748620152470000244e-01,2.118879599769839306e+00
6.228179931639999944e-01,2.073196677805531518e+00
7.164059877399998610e-01,1.457477704794746476e+00
6.523500084880000660e-01,1.025017162856755926e+00
9.379299879070001067e-01,1.347619813136329059e+00
5.936999917030000296e-01,1.298794585230685916e+00
5.393440127369999448e-01,1.280943162774247801e+00
9.370089769359999377e-01,1.270333556804565056e+00
8.087720274930000341e-01,1.436543989797728793e+00
5.654280185700000239e-01,1.820309597508063204e+00
6.020820140839999723e-01,1.506781036821073005e+00
1.146679997439999932e+00,1.144113609863973702e+00
9.824249744419999431e-01,1.669736074632569123e+00
5.671510100359999917e-01,1.927222491617697431e+00
7.866399884220000027e-01,1.611493616754443359e+00
7.388439774510000557e-01,1.262773747946638325e+00
6.810299754140000106e-01,1.458591447873936797e+00
7.086979746820000203e-01,1.380409068519738991e+00
6.642330288889999323e-01,1.179753895739671821e+00
5.124790072439999733e-01,1.395621285409232026e+00
6.040380001070000393e-01,1.328541170138211491e+00
6.728799939159999521e-01,1.264843762385868375e+00
8.265414834020000656e-01,1.472462443349767058e+00
4.546860158440000355e-01,1.752117895966618821e+00
5.594509840010000179e-01,1.406031075658273677e+00
1.332218050960000122e-01,1.292529915640228566e+00
1.633069962260000063e-01,9.339380301206322565e-01
1.797860413789999778e-01,9.751792532048108031e-01
5.747918486599999932e-01,6.622337177085811932e-01
8.508148789409999413e-01,1.298230912265543768e+00
8.527640104289999634e-01,1.723088081016946882e+00
1.687628030779999788e+00,2.088482190331682364e+00
2.149522066120000297e+00,2.082437678650637558e+00
8.122850060459999577e-01,2.852598217795025981e+00
1.239639997479999867e+00,2.219507485916157652e+00
2.128437280650000041e+00,1.635063604322820385e+00
2.139239072800000141e+00,2.289380219108009484e+00
9.779880046840000452e-01,3.551332352490786715e+00
6.937779784199998856e-01,1.625261025567441120e+00
7.218790054320000094e-01,9.402542786135645869e-01
7.631160020829999002e-01,1.288818859655450844e+00
8.565329909319999713e-01,1.532130948523464875e+00
1.109338045120000116e+00,1.049762738906735215e+00
6.476340293879999654e-01,1.166067754182593230e+00
9.241870045659998922e-01,1.393065668715848915e+00
7.877320051189998784e-01,1.478452283084864982e+00
1.305567026139999864e+00,1.503021703994743774e+00
9.107710123059999940e-01,1.973515306633178534e+00
8.699640035629999657e-01,1.858378792095410459e+00
5.743020176890000217e-01,1.644073992801995177e+00
8.599532246590000373e-01,1.103725337291249664e+00
4.775849878790000003e-01,1.445288493473819269e+00
1.108017444610000179e+00,1.187345426187169650e+00
1.290724992749999966e+00,1.389812056234883908e+00
8.591579794879999898e-01,2.228235525419617780e+00
3.058980107309999807e-01,2.213938277248346242e+00
9.039019942279999942e-01,1.386359351449278465e+00
6.352750062940000220e-01,1.293271287964972815e+00
1.023422956470000145e+00,1.277178229006659338e+00
6.730669736859999919e-01,1.475836287652605439e+00
8.504790067669999454e-01,1.279219568056162437e+00
5.141969919200000128e-01,1.525534993231070224e+00
1.527956604959999964e+00,1.328165262480859088e+00
4.094385623930000051e+00,1.850240555874179904e+00
9.952359795569999390e-01,4.224184437834853867e+00
8.670449852940000923e-01,4.658042768253974231e+00
1.141056060789999993e+00,2.792720749926044022e+00
1.622257947919999888e+00,2.743221332255046718e+00
1.980204939840000566e+00,3.960391772083845741e+00
1.375547051430000112e+00,2.400464682717785792e+00
1.851865053180000054e+00,9.286978790782468574e-01
1.420923948290000016e+00,7.461274045138182043e-01
1.589177966120000285e+00,1.702060018926035312e+00
1.673199415210000041e+00,2.295963877938670183e+00
2.123934030530000072e+00,1.839806562461695938e+00
1.648401975629999905e+00,2.726011141663689408e+00
1.204741954800000014e+00,2.336259232377296158e+00
7.920839786529999538e-01,2.483939072082864907e+00
1.227027416229999890e+00,1.631802201492980497e+00
1.226951003070000157e+00,1.239809782678455763e+00
1.131343960759999989e+00,1.450455922474621850e+00
1.252465009690000075e+00,1.117521286218098320e+00
1.116891980170000132e+00,1.161637949987212259e+00
1.122387051579999850e+00,1.643473639982486523e+00
1.040153026579999862e+00,1.440971031732495744e+00
8.091310262680000420e-01,1.433277624033401310e+00
7.681059837340000751e-01,1.461325981605498203e+00
7.982919812199998910e-01,1.238718889241155363e+00
7.666722536090000428e-01,1.327229786351818985e+00
1.057360053060000027e+00,1.465832533922119429e+00
8.607699871060000563e-01,1.476307493543184357e+00
1.070777058600000053e+00,1.602867118860518802e+00
5.301510095600000527e-01,1.636857423929614974e+00
6.604189872739999467e-01,1.267906072472623880e+00
9.909179806709998983e-01,1.157153079895589354e+00
3.561530113220000016e-01,1.373401157355375490e+00
9.618239998820000691e-01,1.645958638137526853e+00
1.244829058649999931e+00,1.427114685910980008e+00
8.381230235100001202e-01,1.716179287401779607e+00
9.245989918709998090e-01,2.126057247226208258e+00
8.131660223010001021e-01,1.266238570143362940e+00
1.003061056139999963e+00,1.399844232026298707e+00
8.752340078350000496e-01,1.720698583530430925e+00
7.991399765009998823e-01,1.384240309888150167e+00
8.812961578369999938e-01,1.409798372048244763e+00
1.063080191609999892e+00,1.300178382228239116e+00
9.057049751279999672e-01,1.514758111184260514e+00
6.909559965129999926e-01,1.591993152139913326e+00
1.355970025060000195e+00,1.317223429501721998e+00
7.572399973869999856e-01,1.664138776379705531e+00
2.043754577640000125e+00,1.888553325367113844e+00
8.576130270960000690e-01,2.066451264732288351e+00
2.364957094190000220e+00,2.262113998968184880e+00
4.179231166840000178e+00,2.444373207821661786e+00
2.233561992649999883e+00,3.642366091378940407e+00
8.013390302660000630e-01,4.229239537326251686e+00
8.372840285299999463e-01,2.803680397717663864e-01
8.851529955859999133e-01,-2.958427239251707475e-01
9.040349721909999303e-01,1.508462750517950868e+00
1.302939534190000082e+00,1.657040535162257022e+00
7.228699922560000157e-01,8.085761169986848129e-01
8.009120225910000279e-01,1.236317833205358374e+00
1.032919287679999965e+00,1.504119798393662277e+00
1.321628212929999879e+00,1.469112057166986673e+00
9.367759823799999275e-01,2.199184157590873934e+00
7.007700204850000336e-01,1.713739775290996636e+00
7.624319791789999634e-01,1.328028425087990794e+00
1.144938945770000105e+00,1.281321649085762848e+00
7.721610069269999599e-01,1.748918538551969881e+00
8.772150278090000697e-01,1.748850256873702769e+00
1.243505001070000171e+00,1.172550718935343683e+00
6.381840109830000385e-01,1.463095968980550055e+00
7.468199729919999807e-01,2.040342567664219953e+00
6.839929819109999976e-01,1.408158698265190578e+00
1.419505119320000119e+00,1.636175586819741845e+00
6.141470074649999500e-01,2.274931941397481783e+00
7.347676754000000976e-01,1.768425084629431376e+00
6.770560145379999062e-01,1.183501839790112253e+00
1.074026942249999950e+00,1.179180928300219255e+00
6.156389713290000287e-01,2.126243986521459739e+00
9.692379832269999440e-01,1.486712715512011229e+00
9.916120171550001361e-01,1.244842794866261704e+00
8.089560270310000023e-01,1.373631796063738308e+00
2.435143947599999859e+00,1.643344021920165599e+00
8.223479986189999869e-01,2.501457812318910623e+00
5.938220024110000272e-01,2.812847481202163991e+00
5.762249827380000466e-01,2.107104979596840177e+00
4.224239885809999429e-01,1.301033214691864170e+00
6.765879988670000511e-01,1.499224985951489897e+00
5.520349740979999531e-01,1.143669943077551654e+00
9.015229940410001142e-01,6.254873431366754222e-01
7.489960193629999763e-01,1.176667443904030552e+00
8.627583980560000754e-01,1.763699692750409831e+00
9.480749964710000199e-01,1.732871767018872911e+00
1.055613875389999956e+00,1.763831189554685430e+00
1.970020055770000278e+00,1.913422409999383511e+00
9.391199946399999554e-01,2.609875224962190821e+00
1.009042978289999892e+00,2.459913684383439048e+00
7.824029922490001177e-01,1.907892010855715359e+00
1.016265034679999957e+00,1.285595703285063562e+00
8.782749772069999850e-01,1.796269937840131226e+00
7.353619933130000064e-01,1.061427076724868801e+00
1.109990954399999952e+00,9.895605780191941703e-01
7.727199792860000027e-01,1.345806356131181492e+00
1.164981961250000086e+00,1.617501577448933858e+00
7.157210111620000426e-01,1.562007266252294801e+00
1.475479006770000101e+00,1.445890984076716457e+00
8.354520201680000202e-01,1.823758861028995204e+00
7.344660162930000125e-01,1.912699943560888904e+00
7.861927747729999805e-01,1.753459484455177630e+00
1.143465042110000107e+00,1.031586838223381042e+00
9.246990084650000830e-01,1.900473635405823813e+00
2.958764553069999970e+00,1.543544327517251569e+00
2.138324022289999959e+00,2.638379822270947805e+00
2.038712024690000124e+00,3.800237143299367570e+00
1.480209946629999829e+00,2.921931668731609477e+00
9.367650747299998137e-01,2.116628883404278572e+00
1.715939760209999942e+00,2.067237975066046562e+00
1.001402020450000041e+00,1.480169721424740237e+00
8.896229863169999863e-01,1.546654761276003542e+00
7.492939829829999843e-01,1.134146541053539181e+00
1.115183949470000213e+00,9.118247910576637860e-01
9.457820057870001129e-01,1.631527904369318049e+00
6.452180147170000213e-01,1.500465916506031450e+00
1.164842009540000056e+00,1.331110949188317294e+00
1.244351029399999975e+00,1.517877872890543101e+00
9.045109748840000075e-01,2.102507833510420365e+00
5.575259923929999362e-01,1.671334940953124626e+00
5.778343677520000332e-01,9.174709873216408962e-01
7.199835777280000348e-01,1.117722093193182609e+00
7.607790231700000128e-01,1.619137648106502070e+00
5.404400229450000426e-01,1.859869417428013705e+00
8.009672760959999360e-01,1.686686732019260893e+00
7.710149884220000027e-01,1.584871212734010770e+00
6.709719896319999988e-01,1.708532853732355861e+00
2.768970489500000021e+00,1.677866459217274064e+00
3.086133003230000060e+00,2.876854255153992845e+00
1.116358041760000086e+00,4.766591134158427501e+00
1.018260955809999979e+00,3.788336347769849510e+00
7.442610263819999794e-01,2.009913414945695198e+00
1.114386796949999869e+00,2.158880488953674348e+00
1.380516409870000238e+00,2.600070225241965183e+00
1.229098439219999950e+00,1.991410082380585145e+00
1.573238968849999919e+00,1.717341563015285066e+00
1.245597958560000107e+00,1.916846883047524264e+00
8.298619985580000247e-01,2.370799430218076598e+00
5.376980304720000436e-01,2.089912475819528215e+00
8.593800067899999284e-01,1.189236338303627294e+00
7.949647903440000274e-01,1.356957076127184525e+00
8.122889995569999577e-01,1.326077746049299400e+00
1.209460973739999945e+00,1.335041595659623104e+00
1.043611049649999956e+00,1.466125556882015291e+00
9.914460182190000248e-01,2.059408520742373572e+00
1.377645969390000058e+00,1.706755483066241252e+00
7.495359778399999229e-01,1.486653170821493619e+00
7.549669742579999676e-01,1.712322063310163678e+00
8.522210121150000095e-01,1.239605900782687620e+00
1.312628030780000010e+00,1.210879999487989966e+00
9.499999880790001017e-01,2.031332098336843028e+00
8.433979749680000637e-01,1.841099745788697062e+00
6.329939961430000039e-01,1.488014744653887389e+00
6.848490238189999246e-01,1.238697963652875877e+00
8.296039700509999504e-01,1.447976769325734381e+00
1.117776036259999994e+00,1.346746602770322099e+00
1.060515046120000138e+00,2.002275320205689990e+00
9.966710209849999336e-01,2.102161791712143124e+00
6.726049780850000825e-01,2.052286038974917126e+00
8.499810099600000335e-01,1.551725903475523527e+00
7.929700016980000266e-01,1.365783103464781156e+00
7.509549856190000927e-01,1.109887624345665014e+00
9.556260704989999466e-01,1.434973200493612211e+00
6.085839867589999397e-01,1.481743552168631739e+00
7.782499790189999489e-01,1.428532166282686200e+00
5.098140239720000411e-01,1.290260769165398669e+00
6.364319920540000286e-01,1.240035554516466076e+00
6.015599966049999248e-01,1.534089107557924381e+00
6.556333899499999784e-01,1.351341301215425172e+00
6.385549902920000243e-01,1.583868859450477951e+00
8.762890100480000832e-01,1.463116562857038838e+00
7.967479825020000739e-01,1.691215848961838963e+00
6.824830174449999509e-01,1.856310333798240730e+00
8.025500178340000401e-01,1.698618750425755497e+00
7.950311899190000142e-01,1.418033155653268151e+00
1.584897041320000088e+00,1.576337134423964281e+00
1.017485976220000143e+00,2.104737366579178648e+00
9.177780151369999695e-01,2.180976309318664264e+00
1.230221033100000083e+00,1.900404649325262874e+00
1.027899026870000121e+00,1.641341395121060698e+00
9.125559926030000213e-01,1.979706022202398996e+00
7.935979962350000472e-01,1.672287115321108519e+00
1.030437946320000187e+00,1.389779809870951954e+00
5.325379967690000438e-01,1.541348268919217279e+00
6.127780079839999505e-01,1.478754308160752373e+00
8.741289973260000234e-01,1.239599289960497952e+00
3.667230010029999820e-01,1.292675568002544129e+00
7.391750216480000857e-01,1.546895635582276718e+00
5.604230165479999748e-01,1.224426084150867622e+00
7.758178114889999755e-01,1.296900005749470841e+00
8.102909922600001202e-01,1.763147558627564448e+00
6.437510252000000488e-01,1.646202720323087343e+00
7.236457467079999706e-01,1.693070575750440065e+00
9.113870263100001257e-01,1.611599145105607755e+00
6.627830266949999993e-01,1.888063714602425724e+00
1.002035975460000117e+00,1.916637823417394637e+00
8.224419951440000709e-01,1.995728416056763432e+00
1.030576944350000135e+00,2.182179747679773740e+00
6.781139969830000114e-01,2.159113790344652006e+00
5.333459973340000104e-01,1.917771899772199751e+00
3.209959864620000047e-01,1.322801683399750017e+00
7.608630061149999069e-01,8.395973433535302011e-01
7.439860105509998878e-01,1.064912802630421984e+00
5.468400120740000148e-01,1.442617767246779037e+00
7.004669904709999173e-01,1.657567803552803420e+00
8.356525897980000561e-01,1.283555271451803703e+00
1.274258971210000091e+00,1.534317129757703624e+00
8.934450149539999719e-01,2.224047783587191240e+00
6.211659908290000365e-01,2.178203226906162637e+00
7.900159955019999680e-01,1.997257553949546294e+00
1.067494988440000014e+00,1.628274665078250916e+00
6.698009967800000464e-01,1.956469238426651991e+00
1.265694975850000015e+00,1.705639099881758769e+00
6.380620002750000408e-01,1.786277453053431996e+00
9.348030090330000652e-01,1.763527869742868237e+00
8.006410002709999363e-01,1.634777312847090158e+00
1.085708975790000030e+00,1.198213576865099883e+00
3.527039885520000251e-01,1.958737069500485983e+00
5.883709788319999578e-01,1.190587970512688942e+00
4.875420033929999120e-01,1.266684738380186470e+00
4.636880159380000199e-01,1.064478541149375568e+00
3.637039959430000136e-01,1.554016832024604611e+00
8.750243186949999696e-01,9.649769515394726049e-01
6.435279846190000708e-01,1.385975475510007326e+00
4.834130108360000233e-01,1.858790423261834412e+00
2.120890021319999930e-01,1.545513359939618470e+00
4.560469985010000560e-01,1.201796057912009053e+00
4.367910027499999903e-01,1.342799088003934216e+00
7.238804101939999569e-01,1.215621268868047222e+00
5.560690164570000205e-01,1.620081342652467615e+00
4.748429954049999679e-01,1.630322064598369591e+00
2.674640119080000100e-01,1.533584963298799453e+00
9.588437080380001198e-01,1.166576794533623618e+00
7.868980169300000549e-01,1.639005452381303352e+00
1.794360995290000149e+00,1.733533673632391192e+00
1.337677955630000026e+00,2.395860238444622148e+00
1.210453987120000185e+00,2.522965377789785801e+00
5.654799938200000264e-01,2.046181444333948551e+00
4.008429944520000565e-01,1.001562822696789645e+00
2.727654874320000200e-01,9.117214890749204548e-01
5.836449861529999783e-01,6.202935302553093111e-01
8.533802628519999711e-01,1.090628069938344602e+00
8.660610318179999823e-01,1.318157598113622653e+00
1.158349990839999899e+00,1.936220998175562924e+00
7.764859795569999390e-01,1.903182845584889371e+00
1.068807005880000105e+00,1.645521143295163080e+00
5.888479948040000744e-01,1.575189847966779411e+00
1.588868498799999918e+00,1.443197211815026026e+00
4.327859878540000205e-01,2.033835497198337894e+00
3.996030092239999942e-01,1.976546864865731390e+00
5.545349717140000134e-01,1.883474407582940380e+00
6.221979856490000849e-01,1.474388018896574337e+00
1.149551987649999996e+00,2.013801023856028660e+00
1.121260046960000034e+00,1.844406452897305648e+00
9.776459932329999436e-01,1.403329966304411869e+00
1.732741951940000025e+00,1.486253852357969141e+00
2.302707910540000125e+00,1.827488050933413710e+00
1.053477048870000043e+00,2.477723279977278370e+00
7.962800264360000435e-01,2.389125522245982847e+00
5.203329920770000117e-01,9.287749437467079927e-01
6.104800105090000262e-01,8.373924314728899976e-01
4.453057944770000276e-01,1.462529945295479639e+00
6.522138714790000069e-01,9.870907943382256633e-01
1.175541162490000069e+00,9.641294413292011978e-01
1.032202124599999937e+00,1.599701060162235677e+00
7.193930149079998948e-01,2.341805913544645623e+00
8.200139999390000378e-01,2.093391180184460687e+00
9.497330188750000568e-01,1.668151173836450285e+00
1.039114952089999822e+00,1.959860289769131070e+00
5.883830189700000046e-01,2.006893034620096383e+00
9.508559703829998488e-01,1.575823675417939773e+00
5.277600288389999728e-01,1.348965935511107661e+00
7.736063003540000205e-01,1.225337106926661424e+00
9.703559875489998765e-01,1.342569587801783593e+00
1.383889913560000018e+00,1.522612752975950556e+00
7.795230150220000542e-01,2.103438998400757765e+00
6.069999933240000090e-01,2.142616782942172282e+00
4.660570025440000097e-01,1.528690836854166291e+00
9.455270171170000459e-01,1.461678535245804378e+00
6.238729953770000280e-01,2.017065394898432729e+00
3.923240005969999555e-01,1.547785481482943037e+00
5.156549811360000568e-01,9.825677605525723335e-01
9.679385423660000765e-01,6.432557333861725901e-01
1.356565952299999989e+00,1.531363057177433484e+00
9.072690010070000310e-01,2.286462990979095000e+00
8.162760138510000152e-01,1.901959001389144310e+00
2.479866981509999846e+00,1.538487384446697082e+00
1.133080005649999888e+00,2.380398604213874059e+00
1.045583963389999926e+00,3.054559246660426997e+00
8.474370241169999485e-01,1.991881200877232638e+00
1.536522984499999911e+00,1.417040732725526109e+00
9.008989930149998715e-01,2.588746880088418134e+00
4.812009930610000596e-01,1.886908237128884336e+00
8.572540283199999722e-01,1.101813158265212866e+00
8.617479801180000232e-01,8.590849721877066303e-01
1.008694052699999899e+00,1.812634281481629195e+00
1.127727031710000105e+00,1.684244187015211836e+00
7.795569896699999779e-01,1.465375038652222628e+00
9.895502924920001053e-01,1.567329479387885582e+00
8.363329768179998958e-01,1.260520337842787830e+00
9.099559783939998869e-01,1.478580610575586762e+00
5.511059761050000061e-01,1.619142742990980377e+00
1.239764332770000088e+00,1.307050853632358178e+00
1.211838960649999963e+00,1.595849984224686491e+00
1.379981994630000042e+00,1.880674020961927040e+00
1.148460984229999982e+00,2.075677237297313571e+00
7.663900256160000035e-01,1.898767547826432533e+00
9.660840034479999394e-01,1.663721895424923103e+00
8.156750202179999798e-01,1.409131240992138601e+00
1.142272949220000111e+00,1.592225407066627074e+00
1.299479961400000105e+00,1.563093437944329533e+00
8.583310246469999516e-01,1.538521592053179621e+00
7.149469852449999996e-01,1.697524915772103293e+00
8.764400482179999230e-01,1.260691041004159185e+00
8.305460214609999836e-01,1.182380076946308201e+00
8.535240292550000385e-01,1.624935156684092830e+00
9.092410206789999227e-01,1.358759552829489348e+00
5.202720165249999917e-01,1.415296131009337266e+00
7.411040067669999454e-01,1.399478911160663364e+00
5.853319764140000325e-01,1.219397121530008787e+00
5.047770142559999673e-01,1.271317432815588733e+00
5.519493222240000607e-01,1.480004447694296621e+00
9.697520136830000137e-01,1.219277286950647632e+00
1.116515994070000017e+00,1.621170601622215823e+00
1.049844980239999837e+00,1.906717028250717538e+00
6.342629790310000404e-01,1.972013750768423668e+00
5.644329786300000817e-01,1.468378128509825409e+00
9.184709787370000100e-01,1.097776231318986495e+00
9.593539834020000656e-01,1.304052912178281121e+00
5.984159708020000412e-01,1.836734231308122745e+00
9.383450150489999197e-01,1.441993066596526596e+00
4.542250037189999867e-01,1.353997161984643371e+00
7.079470157619999204e-01,1.428285169286747758e+00
3.876500129699999575e-01,1.391685232874945610e+00
4.484339952470000057e-01,1.016294841102127533e+00
8.405709862710000202e-01,1.316583784889792330e+00
5.337110161779999862e-01,1.228107266279904630e+00
7.211350202559999589e-01,1.601053423793273200e+00
5.215386152269999576e-01,1.525194509505227947e+00
7.050759792330000275e-01,1.261108724912214152e+00
6.405649781229999506e-01,1.574916162350898485e+00
5.168589949609999623e-01,1.299227701452968953e+00
1.660409450529999997e+00,1.569371936378662680e+00
2.465307950970000217e+00,1.868439835470033339e+00
1.622156023979999917e+00,3.018196122421765715e+00
1.866270065310000170e+00,2.975294017134005209e+00
3.623536109919999415e+00,1.756782762381063234e+00
7.948709726329999947e-01,2.809270785178436647e+00
9.065989851950000400e-01,3.235190425910228207e+00
8.571879863740000660e-01,1.095001794310405119e+00
7.756379842759999477e-01,1.505569138233186166e+00
7.006700038909999817e-01,3.148528793169381945e+00
6.443409919740000769e-01,1.399914770691415677e+00
7.579550147059999077e-01,6.155958968108561358e-01
5.499600172040000068e-01,5.369213086225822495e-01
4.964669942859999408e-01,1.074877883787251909e+00
1.367677569390000070e+00,1.157788957199838986e+00
1.397894024850000250e+00,1.588092958016521283e+00
8.148130178450000427e-01,2.961232284070978604e+00
1.278898954390000009e+00,2.543307407514603824e+00
8.623980283740000363e-01,2.750152702787541426e+00
1.093865990639999897e+00,2.668933475696008362e+00
8.134710192680000285e-01,1.959408108675444904e+00
1.466687083240000078e+00,1.037488452584421017e+00
9.060310125349999577e-01,1.142997707356123938e+00
7.652140259739999006e-01,1.765481035584052227e+00
1.311033964160000176e+00,1.861211289300080507e+00
7.892500162119999718e-01,1.948775370234799187e+00
1.474902033810000068e+00,2.317760500775300159e+00
9.167850017550001063e-01,1.738953653949445455e+00
1.186140060420000086e+00,1.572040108175469575e+00
1.411391973500000008e+00,1.802005610778464550e+00
2.092472076419999993e+00,1.693567103136105256e+00
7.189220190049999681e-01,2.601728474665349733e+00
1.301861047739999888e+00,1.585397431116548184e+00
1.268974781040000055e+00,1.162778188788344380e+00
1.221997022629999874e+00,1.441638407918756970e+00
9.061110019680000960e-01,2.509701487147389276e+00
1.078873991970000112e+00,1.286239921401908903e+00
1.028025031089999874e+00,1.596089021915468864e+00
7.863690257070000689e-01,1.726774084462058489e+00
1.276852965350000035e+00,1.535883989965628027e+00
7.093420028689999546e-01,1.213457244944127433e+00
5.201929807659999572e-01,1.483199429487960463e+00
5.645610094070000473e-01,1.162677054398434384e+00
9.855200052259999177e-01,8.417299573103635968e-01
1.092841982840000004e+00,1.549277190199984000e+00
4.786899983879999709e-01,1.921489744353743756e+00
3.955059945579999514e-01,1.572353010474067947e+00
1.850703001020000071e+00,1.187799331141532466e+00
1.195796012879999815e+00,2.157936656140359677e+00
1.702510833739999896e+00,2.976987734458114598e+00
2.998351097109999586e+00,2.481005744434056748e+00
2.407080888749999925e+00,2.763561892715973745e+00
2.585943937299999718e+00,3.560135794924973673e+00
2.233839035029999920e+00,2.295229426592703348e+00
1.655773043629999997e+00,1.960257714831016074e+00
1.430611014370000156e+00,2.175444183347646554e+00
8.921740055079999676e-01,1.552678656059613971e+00
1.231696963309999893e+00,1.291587979417652354e+00
8.955079913140001624e-01,1.277174391647035723e+00
1.602033019070000064e+00,9.379673411449875875e-01
1.585399031639999956e+00,1.605263622469072615e+00
1.232059955600000034e+00,2.098927710353359011e+00
1.210371017459999976e+00,2.273503336450460655e+00
1.242141008379999967e+00,1.406705780248135529e+00
9.857040047650000858e-01,1.595815144627062976e+00
7.289689779279999726e-01,1.540598745201394726e+00
6.761519908910000876e-01,1.154438154048255560e+00
1.071573019029999907e+00,1.186068090976037492e+00
9.457439780239998983e-01,1.569182953166486483e+00
4.376370012759999706e-01,1.892526862453885350e+00
5.141820311550000522e-01,1.562602404158994540e+00
3.387190103530000052e-01,1.187483232436559399e+00
7.144280076029999593e-01,1.167962767850345696e+00
4.996199905870000180e-01,1.681430569479124282e+00
7.917379736899999854e-01,1.450193341472759023e+00
8.646243214609999894e-01,1.686065797309260983e+00
6.024960279459999901e-01,1.718104782412346099e+00
1.260069966320000123e+00,1.753017331354493669e+00
1.012339949610000067e+00,1.512063872929577224e+00
1.004528999329999950e+00,1.986077450947931755e+00
6.310235261919999727e-01,1.971801094322685799e+00
1.141221046449999887e+00,1.262715525301207897e+00
5.426099896430000014e-01,1.724761112232707116e+00
8.547459840769999762e-01,1.524586675093156041e+00
7.744219899179999311e-01,1.859231874356189529e+00
3.084340095520000102e-01,1.537535202881006757e+00
8.376209735870000506e-01,1.521600109250921928e+00
7.293469905850000767e-01,1.143646604433578018e+00
7.503905892370000830e-01,1.530442861921910369e+00
1.134822010990000019e+00,1.873305880986043226e+00
1.614240050320000064e+00,1.673006253393896747e+00
1.244793057440000128e+00,2.304251773814144144e+00
7.141630053519999466e-01,2.595464702706726356e+00
7.293040156360000026e-01,1.741592367118798945e+00
6.486989855770000091e-01,1.090652409944728563e+00
3.427990078929999962e-01,1.536629380476769224e+00
3.861860036850000011e-01,1.111861027013631986e+00
6.366299986840000535e-01,1.013152146274948873e+00
3.990480005740000280e-01,1.353722649489314422e+00
4.178859889509999870e-01,1.509302649613926794e+00
1.103790521619999909e+00,1.255924255275868262e+00
6.956189870829999622e-01,1.584630138863756033e+00
8.070139884950000564e-01,2.073427510992871259e+00
5.947690010070000310e-01,1.642653663150175580e+00
1.107607960700000005e+00,1.364565760094250679e+00
9.713580012320000012e-01,1.938275045420627452e+00
7.170349955560000321e-01,1.746311110901930697e+00
6.764810085300000386e-01,1.779138792817039461e+00
1.687772989270000190e+00,1.187606830066234131e+00
9.907569885250000485e-01,1.955851956706993633e+00
8.082039952280000161e-01,2.140142923484858350e+00
1.087718963619999979e+00,1.623539900412341197e+00
1.564818024639999861e+00,1.329000642400739451e+00
6.673809885979999912e-01,2.277405908127300371e+00
1.256489992140000123e+00,1.814263489258271411e+00
1.091886043549999963e+00,1.468757731849367865e+00
7.375509738919999725e-01,1.802697929241574348e+00
6.224380135540000802e-01,1.981398218695417324e+00
8.364729881290000613e-01,9.611643393803837032e-01
5.774260163309999916e-01,1.309626904018160287e+00
1.015761017800000054e+00,1.214747546056773375e+00
1.106158971790000001e+00,1.634419745576519700e+00
6.945540308949998964e-01,1.888096853984297052e+00
1.130903959270000092e+00,1.856721424274713428e+00
9.518219828609999489e-01,1.561573072204680779e+00
7.524570226669999862e-01,1.702851976958767999e+00
5.585229992869999993e-01,1.827076056479744359e+00
1.415836334229999771e+00,1.178975977944761278e+00
1.855298042299999839e+00,1.683756567321863296e+00
7.845479845999999702e-01,2.832144276416839190e+00
8.210539817810000862e-01,2.616468075219729794e+00
5.835890173909999978e-01,2.344943113300024695e+00
8.359720110889999889e-01,2.068311509982805330e+00
2.184663057329999880e+00,1.880373153351066362e+00
6.805480122570000123e-01,2.037181003730240469e+00
1.238904953000000031e+00,2.003752553001802550e+00
1.030328035349999949e+00,1.524818463660401857e+00
7.914109826090000022e-01,1.881436559875600434e+00
8.423720002169999832e-01,2.651675921080685949e+00
4.464710056780000769e-01,1.646212646082054087e+00
5.589337944979999584e-01,1.336008288432587676e+00
7.099329829220000221e-01,1.051587918252883780e+00
7.334340214730000751e-01,7.593075736744345772e-01
7.833399772640000647e-01,1.137758141046816274e+00
8.426809906959999985e-01,1.637893806263171603e+00
1.099761009220000085e+00,1.659586908180381792e+00
8.706315755840000614e-01,1.733524747865641258e+00
5.862460136410000411e-01,1.740039014297772635e+00
8.863990306849999223e-01,1.196800463645021129e+00
1.019399046900000050e+00,1.112300197745340835e+00
8.493610024450000129e-01,1.843840100256072700e+00
1.010666966439999870e+00,1.983246889000839674e+00
1.331516027449999973e+00,1.737262049294267197e+00
1.215008974079999859e+00,1.964437914705024602e+00
1.645591020579999952e+00,1.993400530982273100e+00
9.708780050280000351e-01,1.779880728123514722e+00
1.411272048950000135e+00,1.676585577678965100e+00
7.953929901119999313e-01,1.716143341887281348e+00
1.046331048010000098e+00,1.666994986897824660e+00
8.879339694979999642e-01,1.709063225178189649e+00
8.349300026890000836e-01,1.431453062247471042e+00
9.847199916839999290e-01,1.804631981451963796e+00
1.090394020079999970e+00,1.406627723044689748e+00
4.901649951929999416e-01,1.516264347114353539e+00
6.141669750209999279e-01,1.411525599498336891e+00
6.314740180969999894e-01,1.130463655796262623e+00
8.252440094949999860e-01,1.335782130700090553e+00
1.051450967789999913e+00,1.889961942681794849e+00
1.047114968300000060e+00,1.766570226955293865e+00
3.921430110930000379e-01,1.896788301180651670e+00
4.695149958129999912e-01,1.479870805228241215e+00
7.720900177959999500e-01,1.117742036916208326e+00
7.520099878309999264e-01,1.318178398511842042e+00
6.877393722529999698e-01,1.891788926832238538e+00
6.718119978899999012e-01,1.479623097011804944e+00
1.185933232310000029e+00,1.474390890323747039e+00
6.571980118750000432e-01,1.645774818461379629e+00
8.213180303569999063e-01,1.811467070639966037e+00
7.795739769939998842e-01,1.516980570108833692e+00
1.030122995379999962e+00,1.305653142857067461e+00
6.211889982220000217e-01,1.882064737318116077e+00
8.660820126530001106e-01,1.458442786048844697e+00
9.608931541439998947e-01,1.411991975090729712e+00
6.760399937630000577e-01,1.531569565241995390e+00
7.402380108830000083e-01,1.726171423075415268e+00
5.984709858890000511e-01,1.257632279620179538e+00
6.151059865950000427e-01,1.332089133895613564e+00
9.358735680580000382e-01,1.460076346631062005e+00
5.818247795100000008e-01,1.471231719225286394e+00
7.156659960750000327e-01,1.564157965776651338e+00
6.529520154000000298e-01,1.504601307949783751e+00
9.700022935870000751e-01,1.379759834667603435e+00
7.834500074390000623e-01,1.807267185881703320e+00
7.448130249979999506e-01,1.810181296271472950e+00
8.276180028919999376e-01,1.600424185222561135e+00
8.943400979040000420e-01,1.448485016392926594e+00
2.505017042159999985e+00,1.692366332176184152e+00
1.620712041850000062e+00,2.971776969037492666e+00
1.417585968970000110e+00,3.095486207681465540e+00
1.049872040749999957e+00,3.069495373763194923e+00
1.226507544519999993e+00,1.619707787394558451e+00
1.043179035189999881e+00,1.508896975373792859e+00
9.694439768789999690e-01,1.113698759885613176e+00
8.192250132559999454e-01,7.207804907332030497e-01
8.129550218580000598e-01,1.054402082085980297e+00
6.712080240250000163e-01,1.506453904436738434e+00
5.289899706839999993e-01,1.384588856369911580e+00
3.461930155749999849e-01,1.215504427940245602e+00
4.789490103719999947e-01,1.031408424877785279e+00
1.153810977940000093e+00,1.068591119488165875e+00
9.671270251270001062e-01,1.603030563272136222e+00
7.845839858059999727e-01,2.110195074643484325e+00
4.701859951020000428e-01,1.723492323921295144e+00
5.632782578470000301e-01,1.102710553310867869e+00
2.416239976880000528e-01,1.192685786773492795e+00
2.709859907630000064e-01,1.026281911262030055e+00
1.994680017229999991e-01,9.686355292380220972e-01
1.327169984580000017e-01,9.331120987196198646e-01
4.732620120049999546e-01,1.131033307482688155e+00
6.585559844969999244e-01,1.205408322599465620e+00
9.621880054470001165e-01,1.611830239677955134e+00
5.111979842189999790e-01,1.923692234454731809e+00
9.829789996150001263e-01,1.879368372054879943e+00
9.100099802019999684e-01,1.578744721531253337e+00
1.026576042179999870e+00,1.662347578987232843e+00
8.309389948840000262e-01,1.931435476087178804e+00
9.651920199390001676e-01,1.622697974683833921e+00
1.000543951989999902e+00,1.599551735599075153e+00
1.983185052870000131e+00,1.395857807787382887e+00
1.274855017659999978e+00,2.002339618232604757e+00
1.286525964740000028e+00,2.273855127835170187e+00
1.382244944570000245e+00,1.768235053499125353e+00
1.736924052240000016e+00,1.802192464749481582e+00
1.257668018339999971e+00,2.817579924865084795e+00
7.533379793170000838e-01,1.994295817842659080e+00
1.084908962249999886e+00,1.548914973668774397e+00
1.062494039539999990e+00,1.241529184466518165e+00
7.787629961969999570e-01,1.662784302730131669e+00
8.256469964979999965e-01,1.391509421403891000e+00
9.891830086709999525e-01,9.636657922653821817e-01
1.418092012410000047e+00,1.399892306306381284e+00
1.151677966120000063e+00,1.845164564585934253e+00
1.250364065170000094e+00,1.879977255376374501e+00
8.794019818310000458e-01,1.687848168463095488e+00
1.089423060420000144e+00,1.447266728299771099e+00
1.809062957759999701e+00,1.465250696412482956e+00
8.687390089040000207e-01,1.969842027651394822e+00
8.521729707719999380e-01,2.134015016147271737e+00
1.307837963100000112e+00,1.410096176733810269e+00
1.262575984000000151e+00,1.311574919917246174e+00
7.601559758189999627e-01,2.223476379440970430e+00
1.069887042049999959e+00,1.365494868590503286e+00
8.579840064049999437e-01,1.085455752616135472e+00
1.149323940279999956e+00,1.695240679109586202e+00
1.067142963410000034e+00,1.744083575721860679e+00
7.400619983670000401e-01,1.748581864131833363e+00
6.799880266190000411e-01,1.651546846719625927e+00
7.323921322820000634e-01,9.384381508727246413e-01
8.352749943730000126e-01,1.063910732941520942e+00
6.000829935070000065e-01,1.501026791990907272e+00
1.010563969610000168e+00,1.302300260951857025e+00
7.613970041280000434e-01,1.506508299400658890e+00
7.260069847110000030e-01,1.683128930253461997e+00
1.064324021340000037e+00,1.587913416949981338e+00
5.901079773899998715e-01,1.555360502928011535e+00
7.744659781460000447e-01,1.722428895396024506e+00
7.406870126719998781e-01,1.403841681788591922e+00
8.908360004430001533e-01,1.316228836115459488e+00
7.620100975040000613e-01,1.812380913068065480e+00
7.774500250820000069e-01,1.450341572937795309e+00
5.811070203779999943e-01,1.494103834270027686e+00
7.908779978749999051e-01,1.302551830150100454e+00
8.903719782829999652e-01,1.534046862521731169e+00
7.882059812549999656e-01,1.679502308184785742e+00
7.301949858670000459e-01,1.490513894684714957e+00
9.248933196070000529e-01,1.279997385331160586e+00
1.265586972239999941e+00,1.403092957732112067e+00
7.884140014650000694e-01,1.911305189963390605e+00
9.180610179899999501e-01,1.777000536183284796e+00
6.569269895549999516e-01,1.504797762852914556e+00
8.252680301670000107e-01,1.360560364128118094e+00
4.257229864599999525e-01,1.472079544579610877e+00
9.114630222319999309e-01,1.212148609045068159e+00
7.238519787790000937e-01,1.514316963906286562e+00
9.657319784160000031e-01,1.584711892640635833e+00
7.194200158119999911e-01,1.872183912023571706e+00
7.146480083470000411e-01,1.514778100152403439e+00
6.188799738879999790e-01,1.622288375159532725e+00
8.502969741820000094e-01,1.307264397551353152e+00
6.113014817240000065e-01,1.546376919687719731e+00
8.405809998509999881e-01,1.227458654556529360e+00
5.909900069240000553e-01,1.421550172691355529e+00
1.191807866100000002e+00,1.351108462266085608e+00
1.072478055950000009e+00,1.805784381613126266e+00
7.976800203319999172e-01,2.169630046772267562e+00
7.140370011329999489e-01,1.890027013077602902e+00
8.885610103609999921e-01,1.534430187060010553e+00
7.367290258409999737e-01,1.566652052048752575e+00
9.655410051350000744e-01,1.450345031791890893e+00
8.569459915160000385e-01,1.247113239889402925e+00
5.838339924809999859e-01,1.399513667197068489e+00
3.047562122340000457e+00,1.443857536532692221e+00
8.865389823909999301e-01,3.256087171452049400e+00
1.186460971829999878e+00,4.383691655933542819e+00
8.750730156899999557e-01,4.291373623014306915e+00
1.111973047260000014e+00,3.747879841149486246e+00
6.929270029070000447e-01,3.731521523903485793e+00
5.632749795910000357e-01,1.577903209239400084e+00
5.519689917560000048e-01,-2.270669263824652284e-01
9.211350083349998386e-01,-3.129038186824375373e-02
5.465030074119999748e-01,1.604227094121670305e+00
9.997850060459999577e-01,1.511803779656008428e+00
7.512239813800000166e-01,1.324795367956671299e+00
8.402569890019999654e-01,1.530197400238062277e+00
7.843149900439999600e-01,1.760883112726901123e+00
5.915480256080000165e-01,1.565966278921296251e+00
6.109840273859999948e-01,1.560061549352077748e+00
9.328789710999999540e-01,1.163147131213612351e+00
7.992020249369999885e-01,1.461607438031371720e+00
9.833549857140000405e-01,1.688543781560934987e+00
5.405290126799999761e-01,1.630787550980388856e+00
1.093670010570000128e+00,1.434584539963485561e+00
9.266330003740002041e-01,1.618249749824955952e+00
7.972419857979999858e-01,1.601051675543696762e+00
5.896059870719999596e-01,1.706800825004418876e+00
7.799540162090000672e-01,1.160823520801018693e+00
5.182790160179999717e-01,1.298775955872099042e+00
7.263879776000000676e-01,1.218560865797614801e+00
6.216366887090000182e-01,1.335026629006003773e+00
8.810679912569999717e-01,1.373590231703093467e+00
7.315016984940000411e-01,1.704367149845339435e+00
9.703850150110000516e-01,1.552427395057088377e+00
8.715350031849999901e-01,1.741698898979453292e+00
5.505740046500000595e-01,1.700255884786832761e+00
2.576299905780000121e-01,1.486387158329385949e+00
6.952109932899999123e-01,8.397156820629340102e-01
3.547430038449999601e-01,1.214660457911277858e+00
1.308350920679999918e+00,1.473060816372015136e+00
1.424710035319999957e+00,1.979679054315536257e+00
2.422243118290000385e+00,2.438604824204877897e+00
1.588093161580000023e+00,2.936114288044434417e+00
2.882889986040000352e+00,2.477469050898157832e+00
1.510810017590000109e+00,2.623261563255430584e+00
5.103110075000000245e-01,2.535769588199451086e+00
6.637499928469999810e-01,1.913435180352454745e+00
5.865659713749999948e-01,5.131827101379081713e-01
9.182999730109998593e-01,1.315605190247447931e+00
1.126363039020000123e+00,1.406876586286361253e+00
9.455379843710000065e-01,1.125971056780242563e+00
7.979699969290000583e-01,1.565760365072980109e+00
8.895260095600000527e-01,1.513628842107358263e+00
5.017459988589999531e-01,1.469553183146403930e+00
7.889080047609999813e-01,1.581614135563407908e+00
5.571460127830000220e-01,1.490250428390724746e+00
8.079270124439998924e-01,1.351228081818677706e+00
7.382910251620000697e-01,1.614746425866952828e+00
6.742079854009999096e-01,1.278002588383705174e+00
8.787713646889999675e-01,1.469142293263317356e+00
7.401880025859999268e-01,1.458020857577592588e+00
8.886500000949999478e-01,1.630071258976684589e+00
7.983270287510000340e-01,1.534252188801850991e+00
5.137799978260000344e-01,1.555644458255950324e+00
7.760372757910000141e-01,1.467093627419828294e+00
8.528280258179999906e-01,1.279549025982153809e+00
7.851629853249999513e-01,1.777945875211967897e+00
8.431609868999999646e-01,1.792873017983017014e+00
1.024798870089999925e+00,1.676177221252345362e+00
8.044279813770001120e-01,1.743779111045343333e+00
8.841310143469999216e-01,1.620478956390777769e+00
3.615649938579999501e-01,1.445202029889114392e+00
1.171491026879999842e+00,1.143750567545547714e+00
4.477910101410000343e-01,1.581669589541860654e+00
7.665730118750000432e-01,1.444114772200970842e+00
7.735599875449999940e-01,1.546504556213049275e+00
1.054823040959999902e+00,1.363985996280547619e+00
7.843300104139999673e-01,2.042388416087498992e+00
1.034250974660000155e+00,1.517734787303758548e+00
1.096979022029999973e+00,1.546766187589909913e+00
7.633029818529999400e-01,1.645626128509940056e+00
5.883730053899999257e-01,1.584136042010086287e+00
6.365630030629999547e-01,1.059398920619322615e+00
5.750700235369999858e-01,1.142938186151785995e+00
5.399640202519999654e-01,1.349110901316084465e+00
1.324671149250000068e+00,1.206317094860119621e+00
8.178460001949999780e-01,1.648350799155289481e+00
6.359609961509999909e-01,2.083877842182143780e+00
8.135920166969999867e-01,1.678580876046871673e+00
9.872140288350000903e-01,1.370333895443736516e+00
9.839289784429998686e-01,1.970412849814981771e+00
5.904790163040000150e-01,1.705684437183401903e+00
8.986790180209999201e-01,1.190408939190745974e+00
6.268000006680000125e-01,1.167221474957402805e+00
6.926850080490000172e-01,1.390587070612349985e+00
5.757049918169999669e-01,1.425519766029493818e+00
6.764680147170000213e-01,1.141230649896397109e+00
8.279470205309999997e-01,1.406492020040269297e+00
6.547859907149999881e-01,1.540050799100121548e+00
1.085815548900000094e+00,1.523669717254859002e+00
8.509550094600001335e-01,1.613999841810680902e+00
8.879359960559999321e-01,1.740939052425228839e+00
6.557850241659999302e-01,1.582110973559683886e+00
6.597809791559999804e-01,1.311012351513386687e+00
8.856279850010000398e-01,1.366761495655762770e+00
7.502999901769999980e-01,1.423294714537066685e+00
9.303160309790000637e-01,1.643522153217359172e+00
7.259460091590000941e-01,1.512635304891688737e+00
7.123904824259998936e-01,1.513096756045963165e+00
9.326570034029998402e-01,1.412456026058134029e+00
6.544970273969999974e-01,1.541011168727119962e+00
4.987269937989999846e-01,1.773959770696467375e+00
9.782410264020000579e-01,1.378663129266299636e+00
5.593240261080000275e-01,1.497194749181485429e+00
8.733990192409999409e-01,1.727030269714928457e+00
6.232500076290000690e-01,1.422504091280973659e+00
6.319249868390000024e-01,1.274075071418237393e+00
8.335350155830000274e-01,1.488960950666472938e+00
8.613430261610000027e-01,1.367632008382702269e+00
1.036013007159999999e+00,1.646953199092755282e+00
6.160370111469999355e-01,1.831206515305225047e+00
9.874529838560001105e-01,1.622057025514465067e+00
6.686739921569999634e-01,1.618596452317023759e+00
6.455339789389999972e-01,1.492461685798049498e+00
1.007030010220000049e+00,1.497470335580332712e+00
7.763000130650000719e-01,1.251646225173620008e+00
9.358490109440000815e-01,1.797202925056121225e+00
6.626719832419999401e-01,1.615900544159256214e+00
1.113351941109999910e+00,1.356361046026285821e+00
5.495319962500000432e-01,1.573342638590377263e+00
9.273632764820001206e-01,1.294791851547330896e+00
8.215330243109999486e-01,1.324223852599194728e+00
9.193540215490000334e-01,1.573838822627778633e+00
6.899859905239998925e-01,1.880837151857772227e+00
6.497738957409999738e-01,1.698430726871078766e+00
9.705049991610000815e-01,1.510876181509942739e+00
8.034440279009998909e-01,1.384748003517565884e+00
8.920990228650002019e-01,1.389175305471760824e+00
7.462270259859999921e-01,1.525840483136333026e+00
1.495407462120000197e+00,1.475452365934349919e+00
7.597569823270000633e-01,1.816275733178150720e+00
9.677280187610000084e-01,2.235592254402612333e+00
1.126011013979999920e+00,2.115561110249659649e+00
7.641419768330000029e-01,2.391952491679233628e+00
1.423818945879999909e+00,2.656577707782211473e+00
8.309190273280000483e-01,1.741223817283910735e+00
5.316870212550000030e-01,1.763906654280528175e+00
6.942920088770000442e-01,1.460463555175401940e+00
1.097100019450000019e+00,1.084133736823281513e+00
8.623710274700000511e-01,1.774901554804803716e+00
9.711959958080000899e-01,1.740817481089542262e+00
7.501904964450000213e-01,1.266466565028345981e+00
5.659890174870000346e-01,1.230922352281388132e+00
7.235890030859999378e-01,1.299443792971943346e+00
1.088876962660000114e+00,1.129346735907219124e+00
2.614549994470000138e-01,1.448429388127548290e+00
1.923168003559999895e-01,1.358619245243960716e+00
2.048390060660000012e-01,7.522156756885054474e-01
3.752999901769999980e-01,6.993345959257584177e-01
1.878910064700000104e-01,1.428796491274715308e+00
4.178839921949999980e-01,1.253436544661706842e+00
6.128349900249999704e-01,1.286882874203132410e+00
4.822100102900000462e-01,1.456820278829657811e+00
8.136649727820000066e-01,1.754644438567173337e+00
8.997989892959999958e-01,1.535841342182033165e+00
7.667459845540000041e-01,1.706412493422999388e+00
6.762999892229999421e-01,1.786698873871442217e+00
9.804093837739999984e-01,1.349968865308333266e+00
1.075533032420000090e+00,1.499816949553565593e+00
6.459739804270000496e-01,2.081161419940371182e+00
7.601699829100000416e-01,1.651717243259119172e+00
8.707180023190000950e-01,1.432669388248999587e+00
1.045557022089999899e+00,1.532891546093234636e+00
4.832339882850000268e-01,1.777288299566839092e+00
1.085988998409999962e+00,1.358916948710291228e+00
7.320979833600000930e-01,1.384877254182483863e+00
7.128990292550000385e-01,1.574394625506861933e+00
1.045389056210000112e+00,1.603064112929279528e+00
7.359200119969999676e-01,1.232824266775803812e+00
8.956930041310000590e-01,1.713933216233141099e+00
8.745509982110000191e-01,1.328245245270121000e+00
9.237470030779999508e-01,1.367653247826656093e+00
9.997780323029999971e-01,1.645076203957688499e+00
1.739534020420000049e+00,1.519594363705327300e+00
8.107889890670000321e-01,2.157979591476606007e+00
7.049050331119999235e-01,2.220894075817869684e+00
8.328269720080000438e-01,1.763971350187429010e+00
8.276600241660000412e-01,1.480847267368673226e+00
8.953109979629999549e-01,1.968174871399532178e+00
1.459501028060000039e+00,1.393412304397741330e+00
1.179519057270000060e+00,1.393842869575469434e+00
1.443411946299999915e+00,1.888520115109644237e+00
1.306735038760000078e+00,1.857647199968381901e+00
7.634999752040000365e-01,1.763311166979025124e+00
1.145148038860000161e+00,1.557543726428158859e+00
7.253450155259999477e-01,1.077540937475285121e+00
7.633590102199999672e-01,1.397130717501535502e+00
6.174820065499999622e-01,1.416041410126002598e+00
1.029322981830000039e+00,9.635786729018056551e-01
1.302055954929999926e+00,1.475795300777627439e+00
3.164124965670000122e+00,1.970798591312016512e+00
9.734439849849999549e-01,3.304332749582536977e+00
1.229671001429999855e+00,3.000968906147614135e+00
7.441530227660000385e-01,1.724972160303145374e+00
1.063034057620000139e+00,9.285947151235577346e-01
1.123872041700000102e+00,2.163109071249909476e+00
8.984770178789999173e-01,1.203123273371949908e+00
7.175139784810000698e-01,1.141315453113185940e+00
5.367509722709999931e-01,1.024706320968806539e+00
1.175443053249999981e+00,1.171761128640578908e+00
1.101048946379999949e+00,1.631621870564749388e+00
5.734490156170000130e-01,1.907608768580119518e+00
1.431144952770000200e+00,1.582856776044697877e+00
1.037794947620000130e+00,1.328761796118730354e+00
6.568620204930000206e-01,1.970408553305593280e+00
1.074908018110000141e+00,1.724133720108872447e+00
1.385972023009999887e+00,1.154222306309460766e+00
1.004804968829999812e+00,2.068835022484619479e+00
1.609539985660000116e+00,1.857063514074407617e+00
2.817575931549999524e+00,1.453604902709686675e+00
1.962562561039999931e+00,2.809804230757433796e+00
1.279752016069999998e+00,3.283229992653385665e+00
1.995329976079999845e+00,1.984472759527845742e+00
2.033385992049999924e+00,1.630903539946496394e+00
1.307443976400000096e+00,2.663337449604561424e+00
1.611258029939999892e+00,1.896579013394870339e+00
2.040218114850000042e+00,7.121996733568302096e-01
2.183244943620000100e+00,1.640912176144331713e+00
1.351415991779999937e+00,2.583576042000846229e+00
7.242180109020001089e-01,1.962176581253407770e+00
1.363389015200000109e+00,8.539962077147462693e-01
1.526808977129999967e+00,1.043625313158822898e+00
1.784019589419999940e+00,1.969557620643055174e+00
1.103597044940000105e+00,2.090955346618734279e+00
1.763007998470000004e+00,1.679044108615573849e+00
1.157549023629999896e+00,1.533022213113673482e+00
1.153326034550000045e+00,2.039798108621505346e+00
2.362811088559999551e+00,1.942666430316425386e+00
2.580787897110000007e+00,1.873052719669330068e+00
1.242146968839999976e+00,3.256889405836437046e+00
1.712821006770000265e+00,2.255404837066500079e+00
6.676509976389999323e-01,1.076912091859945741e+00
8.271329998970000652e-01,1.443376398843895236e+00
9.642647504810000214e-01,1.433327632549399322e+00
1.394161701200000048e+00,7.406976421364550589e-01
7.584049701689999923e-01,1.565193713668625808e+00
6.900759935379999765e-01,1.398326624008214392e+00
6.740249991419999809e-01,1.387337757076462008e+00
8.615220189090000424e-01,1.357431355203141177e+00
7.907469868659999790e-01,1.769913682048923631e+00
7.285000085830000138e-01,1.576875607762392439e+00
2.411980032920000017e-01,1.386734540546276317e+00
3.354600071909999981e-01,1.001874516471011001e+00
5.912460088730000507e-01,8.673432777879497291e-01
1.058426976200000036e+00,9.228337318035293446e-01
7.669919729230000316e-01,1.824942448328121358e+00
5.881239771840000019e-01,1.942233045228584754e+00
5.922303199769999305e-01,1.628997455102098924e+00
8.753510117530000079e-01,1.143665103947477890e+00
7.038279771799998974e-01,1.552730645781726482e+00
5.677499771120000371e-01,1.455501429575917882e+00
7.133870124819999825e-01,1.429713055306308656e+00
1.077505946160000061e+00,1.317795761611647354e+00
6.909419894220000247e-01,1.783966862076590720e+00
7.724580168719999973e-01,1.941802944188932623e+00
7.237120270730000859e-01,1.581695541987311548e+00
9.752489924429997847e-01,1.492562155927837475e+00
9.151769876480000399e-01,1.831976524730240641e+00
7.574009895319999686e-01,1.436068530767954821e+00
6.912069916730000374e-01,1.368305002624662814e+00
1.183527946470000147e+00,1.204169319756870360e+00
7.705749869349999281e-01,1.575234627279079813e+00
8.947700262070000798e-01,1.824252453562716259e+00
6.143350005150000070e-01,1.611615804109801653e+00
7.692319750789999855e-01,1.486114094610807346e+00
9.070749878880000061e-01,1.675569939439431000e+00
4.068099856379999713e-01,1.604933558436961061e+00
5.138880014419999753e-01,1.674903049246958764e+00
2.481469959019999838e-01,1.180670668918930577e+00
2.568759918210000159e-01,1.115658585548048309e+00
5.980659723279999618e-01,1.302345287804099971e+00
5.981699824330000137e-01,1.116041972960924555e+00
8.801140189170000294e-01,1.336787163822845237e+00
1.085649013520000095e+00,1.711483271706750298e+00
9.920129775999999566e-01,1.877804216613561339e+00
8.743849992749999078e-01,1.873649250676296285e+00
8.770260214810000621e-01,1.573470330805912143e+00
1.008928894999999937e+00,1.423906715535954604e+00
8.088759779930000393e-01,1.625940596294346063e+00
6.714209914210000907e-01,1.901486568477811057e+00
7.449629902840000373e-01,1.417418682536794927e+00
6.942679882050000195e-01,1.759961775360079361e+00
1.001886010170000008e+00,1.809532227421692063e+00
7.935580015180000446e-01,1.607023881003793786e+00
8.450049161910000439e-01,1.467082976955772500e+00
8.031240105629999793e-01,1.424192380989876217e+00
5.744469761850000689e-01,1.563579510538704698e+00
5.679720044139999757e-01,1.524421491320391731e+00
4.538080096239999195e-01,1.377141936563621716e+00
8.494881391529999215e-01,1.300410453390721921e+00
4.064599871639999473e-01,1.591638825368999699e+00
2.453519999980000310e-01,1.299942134980738961e+00
2.323218107220000217e+00,1.042394636401606789e+00
2.027115583420000089e+00,3.122625103013246584e+00
1.581117987629999888e+00,4.257635878155936915e+00
1.727049946780000012e+00,5.283797773121160724e+00
1.150642037389999928e+00,3.304715194026927705e+00
1.607933998109999818e+00,3.165366505136996800e+00
1.331233978270000007e+00,3.116973855622661382e+00
1.221642017359999999e+00,2.611884441736299856e+00
1.583541989330000010e+00,2.808668981193670700e+00
1.608662128450000006e+00,2.188794264644240428e+00
2.185653924939999992e+00,2.698301174954225168e+00
2.989559888840000124e+00,3.569245479600624993e+00
7.574499845500000106e-01,3.946612848396174655e+00
1.811344027520000122e+00,3.533892551283578154e+00
1.527951955800000094e+00,2.486323712001133224e+00
8.892235755919999374e-01,2.110640117906830593e+00
