9.717460274700000511e-01,1.283466458470491345e+00
1.176299691200000108e+00,9.145609599749370267e-01
1.714609026910000056e+00,1.134324002514985219e+00
1.307337045669999975e+00,1.453629007072457791e+00
6.186890006069999393e-01,1.116517010257745746e+00
2.298435926440000276e+00,7.657842669605053887e-01
1.808241009709999902e+00,1.914154436800820536e+00
8.794149756429999742e-01,1.530103159765765275e+00
1.570945024490000064e+00,9.274295487406960525e-01
1.578516006470000121e+00,1.566287771888743574e+00
6.200309991839999535e-01,1.403168528765830425e+00
9.928810000419999726e-01,6.350161862484862141e-01
4.551869928839999413e-01,1.117965673573882324e+00
1.017398953439999865e+00,7.473031334164941253e-01
8.378469943999999892e-01,9.875589849767021366e-01
4.884769916529999589e-01,8.514079843126733937e-01
1.246340990070000210e+00,6.337816827548141685e-01
1.209630966189999990e+00,1.175960841537058821e+00
1.252451062200000020e+00,1.086099633660854380e+00
1.519726991650000025e+00,1.100594057981051810e+00
1.063797950739999942e+00,1.299199651349284501e+00
1.571495056150000069e+00,9.603672020072354654e-01
1.278105020519999968e+00,1.342070456196332140e+00
1.192077994349999948e+00,1.158094430062801550e+00
8.304439187050000060e-01,1.109438717630004012e+00
1.402015686039999931e+00,9.247625959515290983e-01
1.156504034999999986e+00,1.254058697751693430e+00
1.162554860120000200e+00,1.050846390748565007e+00
6.007519960399999581e-01,1.124501724329472152e+00
1.253835797310000055e+00,8.009096909053029512e-01
1.791844010350000183e+00,1.203988607238495545e+00
1.734062552449999961e+00,1.483797932258898777e+00
4.939970970150000085e+00,1.416162012285555827e+00
2.394351005549999911e+00,3.574522082246879506e+00
2.212575912479999740e+00,1.704365190917232598e+00
1.886527061460000043e+00,2.076076987105232696e+00
9.343829751010001017e-01,2.197538810920115271e+00
9.099829792980000942e-01,1.227223468892595593e+00
8.112999796870000724e-01,1.085123623275429106e+00
1.049708962440000004e+00,9.452688568351527154e-01
1.351788043980000076e+00,1.212821430020365687e+00
1.277305960659999906e+00,1.306652724666246268e+00
7.854449748989998925e-01,1.100081155861078575e+00
4.846229851250000165e-01,8.573745508756944744e-01
6.676359772680000582e-01,7.373629169101859615e-01
8.322510123249999836e-01,8.543868114520417612e-01
5.959370136259999340e-01,8.932033806385636376e-01
3.410890102390000123e-01,6.871866899786253091e-01
6.860110163689999707e-01,5.636883035126522001e-01
8.153510093690000682e-01,8.069234582783472165e-01
3.985430002210000322e-01,8.624139860932615864e-01
6.998159885410000225e-01,5.555758210798397156e-01
4.263690114019999533e-01,7.852765445920829590e-01
6.866139769550000382e-01,5.892006666163380757e-01
1.826770007609999913e-01,7.907380918804310932e-01
7.018824815749999946e-01,5.040715560815168805e-01
1.796682000159999681e+00,7.641386499155669032e-01
7.204269766809999753e-01,1.396588043531098444e+00
4.680640101429999755e-01,8.440905455833381810e-01
6.408870220180000743e-01,8.865276968079274234e-01
7.520520091060001189e-01,9.634893988531892939e-01
1.001817584040000098e+00,1.033928384749851048e+00
1.660804033279999814e+00,9.916623623620076655e-01
1.450595021250000061e+00,1.344863838275959234e+00
1.085010051729999869e+00,1.305295961230729995e+00
1.099555015560000015e+00,9.812499289693755733e-01
7.694180011750000325e-01,1.061861696734381466e+00
1.254430413249999932e+00,8.603373958808540056e-01
1.496320962910000052e+00,1.184871360251538164e+00
7.186369895940000196e-01,1.289313703428504265e+00
8.902019858359999649e-01,7.291575160729831806e-01
9.891759753229999452e-01,1.023652481142400594e+00
2.849014520649999938e+00,1.116594656181583156e+00
4.281075000759999583e+00,2.190377327733104007e+00
1.248739004139999942e+00,2.925575872796657428e+00
7.096589803699999699e-01,1.010216588684374805e+00
7.497439980509998936e-01,1.026175002574470252e+00
8.907449841499999188e-01,1.180643782655812934e+00
1.469527959819999952e+00,1.146928732585545285e+00
1.608888030049999918e+00,1.294541334245360220e+00
1.043460965159999976e+00,1.200824614257982814e+00
1.184751033780000018e+00,1.253253450663817548e+00
5.063725113870000127e-01,1.410181724003037429e+00
6.946156024930000283e-01,8.036551037719203983e-01
9.299110174179998634e-01,9.774668305414756508e-01
7.754629850390000190e-01,9.530341475408417029e-01
8.564696311949999696e-01,8.439774244914277634e-01
9.269009828569999554e-01,9.668268622354356800e-01
7.506660223010001021e-01,9.091378871181324817e-01
9.248849749570000611e-01,8.334537066717243592e-01
1.070162653919999984e+00,9.698528679044701173e-01
8.752880096439998869e-01,1.048041260266501462e+00
7.511039972310000756e-01,8.882964839583101790e-01
8.627579808239999037e-01,8.731445970705540294e-01
5.096570253369999692e-01,1.007273849563759427e+00
8.495249748229999343e-01,6.917930238573638535e-01
6.711369752879999817e-01,9.257325987185049954e-01
6.132180094720000030e-01,7.802051552017565950e-01
3.810549974440000098e-01,7.141379450757173730e-01
8.710420131680000067e-01,6.608225032415875333e-01
6.540319919589999698e-01,9.509056627503570391e-01
9.089673757550000843e-01,7.216426590522776463e-01
9.709029793739999414e-01,9.179924718919204585e-01
9.856920242310001079e-01,9.569185204913408516e-01
1.356256246570000101e+00,9.603227298079198837e-01
1.309872984889999925e+00,1.259934040632609609e+00
6.344919800760000506e-01,1.162236044305710703e+00
5.933508276940000492e-01,7.547443318492031983e-01
8.796380162239999523e-01,8.468372526446672488e-01
1.131836414339999930e+00,1.054399014348984975e+00
1.841274023059999765e+00,1.080035120363928680e+00
2.261745929719999992e+00,1.484621729811441915e+00
2.597975969309999744e+00,1.785529780485052065e+00
2.399192094800000064e+00,1.982150658109229191e+00
1.982298016549999931e+00,1.800795226138705241e+00
2.269547939300000206e+00,1.587339115527032662e+00
2.017889976500000238e+00,1.897659432952886638e+00
1.452262043950000026e+00,1.614415838828533678e+00
1.342797994609999934e+00,1.278707372256507879e+00
1.311915040020000145e+00,1.435424923778158224e+00
1.276762008670000226e+00,1.392758801848585026e+00
1.275267004970000118e+00,1.282974766954225743e+00
1.210446000100000141e+00,1.207258379680255844e+00
8.153480291369999966e-01,1.169363656423981990e+00
7.271119952200000291e-01,9.042697457154112994e-01
6.043019890790000126e-01,8.700738994365774248e-01
9.830358624459999417e-01,8.248639266703778894e-01
1.101529002189999940e+00,9.860022163304804632e-01
1.183724999429999869e+00,1.021986751741579935e+00
4.356400072569999726e-01,1.151861899264698952e+00
3.270040154459999959e-01,6.397937557692003896e-01
8.039849996569999879e-01,5.859227596364545709e-01
4.216859936710000145e-01,8.920453872302689380e-01
5.734559893609999515e-01,5.895637583940174231e-01
3.959457874300000291e-01,7.348867549082340744e-01
4.163750112060000119e-01,5.723595836963325523e-01
5.603970289230000290e-01,5.736448323178819919e-01
7.749050259590000156e-01,7.147167664040157131e-01
6.370840072629999629e-01,8.177903031806945666e-01
3.839260041709999793e-01,7.042102655870702277e-01
5.648739933969999516e-01,5.665044318695066083e-01
1.054715037350000051e+00,7.052920028589492185e-01
6.537709832190000681e-01,1.034896457131177838e+00
5.931029915809999942e-01,6.895643208064640151e-01
1.022608995439999946e+00,7.001782868987936892e-01
8.359869718549999273e-01,1.040462846514577766e+00
6.375340223309999832e-01,8.366018048958852038e-01
9.755985140799999789e-01,7.215473378737049526e-01
4.898079931740000337e-01,9.801648913413424369e-01
1.098647952079999879e+00,6.094569483692058309e-01
1.151165962220000116e+00,1.075187314996597587e+00
8.061249852179999120e-01,1.083244873734354741e+00
4.744769930839999872e-01,7.736402482680208026e-01
7.896029949189999897e-01,6.622873446531806207e-01
4.762530028819999539e-01,8.806553719491949650e-01
5.455229878430000179e-01,6.122644739582915330e-01
6.212809681889999158e-01,6.973558343966982376e-01
7.707700133319999036e-01,7.684092241485764863e-01
9.337069988249999675e-01,7.962336934846037106e-01
8.110550045970000843e-01,9.125788823427954943e-01
6.005529761310000048e-01,8.364773805689890152e-01
1.002521038060000036e+00,7.566598010776864891e-01
8.921650052069998171e-01,1.032132558126763300e+00
9.160850048070000584e-01,8.631113603402209566e-01
7.413420081139999729e-01,9.224628303835592513e-01
9.283249974250000758e-01,8.411122729613915716e-01
6.429409980770000033e-01,9.151039955793270897e-01
9.950090050700001187e-01,7.120929319546648317e-01
6.271365880970000140e-01,1.024414701718178833e+00
1.038689017300000073e+00,7.469245161484919793e-01
6.888009905820000611e-01,9.883773636828250275e-01
5.214130282399999095e-01,7.969445278979042646e-01
6.510270237919999481e-01,6.665868053270787019e-01
1.159701943399999990e+00,7.661991038955772160e-01
6.456400156020000169e-01,1.112636186569862851e+00
1.195862650870000099e+00,7.221343453745429075e-01
1.304703950880000018e+00,1.105039322420637404e+00
8.844429850579998975e-01,1.200412945078860094e+00
7.697709798810000725e-01,8.600303882277693379e-01
7.702100276950000213e-01,9.128238113047604241e-01
6.418280005459999771e-01,9.326869672564775948e-01
8.937159776689999058e-01,8.155205793044789653e-01
5.247250199319999364e-01,8.929628170182576374e-01
5.142210125920000374e-01,6.731714408894003965e-01
7.172748446459999982e-01,7.352551027134421879e-01
6.410769820210000525e-01,8.251231686009649069e-01
4.689820110800000941e-01,6.901795053516381895e-01
1.203750014310000171e+00,6.837847228172847514e-01
7.911959886550000709e-01,1.208993342879338240e+00
1.136301159859999910e+00,8.130319999092880945e-01
8.642929792399999256e-01,1.092147897295692838e+00
8.814030289650001126e-01,9.109830927391142641e-01
5.817409753800000249e-01,9.542123828375458361e-01
8.651199936869999885e-01,8.072201118472385195e-01
9.078124761579999813e-01,9.572555180288554455e-01
7.377740144730000615e-01,8.966829933722494372e-01
1.120375037189999867e+00,7.629815182648809202e-01
9.422479867940000142e-01,1.130642550345196007e+00
1.060060024260000011e+00,9.111666122530214240e-01
7.158420085910000008e-01,9.588037832227891410e-01
4.040209949019999969e-01,7.830626579090048667e-01
2.920779883859999648e-01,6.001763471536387673e-01
6.317924261089999938e-01,5.526554456201951959e-01
1.124665260310000026e+00,7.383146836413968517e-01
1.115690946580000009e+00,1.046770359252761518e+00
1.247418999670000028e+00,9.930875057095099878e-01
6.976169943809999996e-01,1.105375584721987936e+00
3.693974971769999893e+00,7.739423664656026602e-01
8.204839825630000361e-01,2.775933968382783501e+00
8.573070168499999921e-01,5.813062351751078216e-01
6.902359724040000311e-01,1.107111737000435969e+00
8.385969996449998964e-01,1.351994350315376625e+00
1.287726998329999928e+00,1.087252569213153164e+00
9.632229804989999034e-01,1.360553160465155287e+00
1.343299984930000024e+00,8.528072016880763329e-01
7.316169738770000874e-01,1.346423567846210423e+00
6.809219717980000697e-01,9.290561107863946066e-01
7.014784216880000089e-01,8.033021833969298253e-01
6.698030233380000142e-01,8.648595986924206835e-01
1.365643024439999964e+00,7.221153278896698113e-01
9.781420230869999344e-01,1.262981663873799176e+00
6.786789894100000442e-01,9.219881785944845642e-01
5.976330041890000055e-01,7.450434623514380350e-01
8.193774819369999962e-01,8.102689528278947950e-01
7.911109924320000042e-01,9.148103769484967618e-01
1.044147372249999872e+00,8.457187191275021831e-01
1.400015950200000026e+00,1.029965573382152222e+00
8.748620152470000244e-01,1.262373190496368869e+00
6.228179931639999944e-01,8.828275108718035558e-01
7.164059877399998610e-01,7.728500026390977551e-01
6.523500084880000660e-01,8.949685449643226542e-01
9.379299879070001067e-01,7.617515406919622700e-01
5.936999917030000296e-01,9.316378289034891180e-01
5.393440127369999448e-01,7.143213289298717683e-01
9.370089769359999377e-01,6.865956932839165638e-01
8.087720274930000341e-01,9.681896556880387195e-01
5.654280185700000239e-01,8.238734947850503421e-01
6.020820140839999723e-01,6.917773202214165806e-01
1.146679997439999932e+00,7.541614201400825834e-01
9.824249744419999431e-01,1.063992277039485845e+00
5.671510100359999917e-01,9.238491513746921457e-01
7.866399884220000027e-01,7.010635478536912935e-01
7.388439774510000557e-01,9.017943500789549205e-01
6.810299754140000106e-01,8.012240767519449580e-01
7.086979746820000203e-01,7.444700119526348470e-01
6.642330288889999323e-01,8.194117237409248578e-01
5.124790072439999733e-01,7.576250243130429052e-01
6.040380001070000393e-01,6.345936746581924970e-01
6.728799939159999521e-01,7.383832670585911417e-01
8.265414834020000656e-01,7.956667015405823884e-01
4.546860158440000355e-01,8.446227369464180956e-01
5.594509840010000179e-01,5.972506959189540776e-01
1.332218050960000122e-01,7.102617150396290935e-01
1.633069962260000063e-01,4.649383550156324652e-01
1.797860413789999778e-01,4.413270220253561194e-01
5.747918486599999932e-01,4.418225767243572633e-01
8.508148789409999413e-01,6.789278776005971405e-01
8.527640104289999634e-01,8.742396773254205167e-01
1.687628030779999788e+00,8.388374163550251783e-01
2.149522066120000297e+00,1.389389327434073840e+00
8.122850060459999577e-01,1.577776172426712753e+00
1.239639997479999867e+00,7.337290561419473889e-01
2.128437280650000041e+00,1.289917296037826233e+00
2.139239072800000141e+00,1.877348480539098308e+00
9.779880046840000452e-01,1.538080590618196464e+00
6.937779784199998856e-01,8.970257517603794639e-01
7.218790054320000094e-01,1.000431737058139259e+00
7.631160020829999002e-01,9.886294130698171090e-01
8.565329909319999713e-01,8.763303588047601789e-01
1.109338045120000116e+00,8.793626629176731768e-01
6.476340293879999654e-01,1.073497993905240033e+00
9.241870045659998922e-01,7.387684471439533995e-01
7.877320051189998784e-01,9.432299635957585027e-01
1.305567026139999864e+00,8.563439726408471619e-01
9.107710123059999940e-01,1.186480291636606621e+00
8.699640035629999657e-01,8.862561839518503515e-01
5.743020176890000217e-01,8.879107592424766437e-01
8.599532246590000373e-01,7.784948261391169133e-01
4.775849878790000003e-01,9.069617494166383187e-01
1.108017444610000179e+00,6.105855137429192503e-01
1.290724992749999966e+00,1.088237745296746217e+00
8.591579794879999898e-01,1.132362424806373058e+00
3.058980107309999807e-01,8.791836025602011162e-01
9.039019942279999942e-01,6.200103968881310879e-01
6.352750062940000220e-01,9.771207982273095727e-01
1.023422956470000145e+00,7.484865908299673798e-01
6.730669736859999919e-01,9.794073209466657159e-01
8.504790067669999454e-01,7.482180627806351847e-01
5.141969919200000128e-01,8.898039971100116796e-01
1.527956604959999964e+00,6.860259199349506565e-01
4.094385623930000051e+00,1.336067849732742063e+00
9.952359795569999390e-01,2.894533578214396830e+00
8.670449852940000923e-01,7.518900001818520362e-01
1.141056060789999993e+00,1.249247184705822189e+00
1.622257947919999888e+00,1.630212209691123348e+00
1.980204939840000566e+00,1.658518861678432543e+00
1.375547051430000112e+00,1.690184888772832572e+00
1.851865053180000054e+00,1.125871705710419501e+00
1.420923948290000016e+00,1.658034605494547620e+00
1.589177966120000285e+00,1.355203795881549489e+00
1.673199415210000041e+00,1.412177163025482018e+00
2.123934030530000072e+00,1.470795436007169776e+00
1.648401975629999905e+00,1.635950299483265535e+00
1.204741954800000014e+00,1.483252647330548957e+00
7.920839786529999538e-01,1.267894003650189783e+00
1.227027416229999890e+00,9.718435970471929197e-01
1.226951003070000157e+00,1.297682536480149862e+00
1.131343960759999989e+00,1.109474284034197789e+00
1.252465009690000075e+00,1.049724411660091006e+00
1.116891980170000132e+00,1.216240186339199170e+00
1.122387051579999850e+00,1.008301947932049414e+00
1.040153026579999862e+00,1.046399957120994317e+00
8.091310262680000420e-01,1.014263297204738734e+00
7.681059837340000751e-01,8.325217527791443084e-01
7.982919812199998910e-01,8.596783768627460631e-01
7.666722536090000428e-01,8.843449115769372870e-01
1.057360053060000027e+00,8.046479494335457838e-01
8.607699871060000563e-01,1.016576217965017737e+00
1.070777058600000053e+00,8.787823409131760855e-01
5.301510095600000527e-01,1.014196635697295124e+00
6.604189872739999467e-01,6.420428897310878069e-01
9.909179806709998983e-01,7.568085822598289436e-01
3.561530113220000016e-01,1.020673732043857695e+00
9.618239998820000691e-01,5.239313434677386194e-01
1.244829058649999931e+00,9.860941544646240065e-01
8.381230235100001202e-01,1.160368317334375066e+00
9.245989918709998090e-01,7.646492501055527358e-01
8.131660223010001021e-01,9.544735243372225453e-01
1.003061056139999963e+00,9.062906805709284308e-01
8.752340078350000496e-01,9.450617157666173496e-01
7.991399765009998823e-01,8.942930138829828790e-01
8.812961578369999938e-01,8.491717050846844250e-01
1.063080191609999892e+00,9.077417459991974358e-01
9.057049751279999672e-01,9.993077669450119993e-01
6.909559965129999926e-01,8.621316232634972376e-01
1.355970025060000195e+00,7.779244125691331391e-01
7.572399973869999856e-01,1.255085465273677592e+00
2.043754577640000125e+00,7.467600183137292902e-01
8.576130270960000690e-01,1.686275157651997425e+00
2.364957094190000220e+00,7.786581544541881783e-01
4.179231166840000178e+00,1.954694723326734662e+00
2.233561992649999883e+00,3.169348730393140023e+00
8.013390302660000630e-01,1.342382388857356501e+00
8.372840285299999463e-01,7.615008692705886872e-01
8.851529955859999133e-01,1.229041012497095853e+00
9.040349721909999303e-01,1.105117387064437073e+00
1.302939534190000082e+00,8.359929576030525888e-01
7.228699922560000157e-01,1.163522828706142986e+00
8.009120225910000279e-01,8.183751201240400119e-01
1.032919287679999965e+00,8.560470638156087997e-01
1.321628212929999879e+00,1.084859823102447995e+00
9.367759823799999275e-01,1.146305916891305454e+00
7.007700204850000336e-01,8.760690955806780256e-01
7.624319791789999634e-01,8.008722783550102919e-01
1.144938945770000105e+00,9.110327744700131847e-01
7.721610069269999599e-01,1.129146070436796156e+00
8.772150278090000697e-01,7.502631835576812902e-01
1.243505001070000171e+00,9.042190904906994842e-01
6.381840109830000385e-01,1.203267383026492610e+00
7.468199729919999807e-01,6.284570921126234611e-01
6.839929819109999976e-01,8.830881270870871713e-01
1.419505119320000119e+00,9.220719544299482706e-01
6.141470074649999500e-01,1.276510415698080880e+00
7.347676754000000976e-01,6.281322760232881386e-01
6.770560145379999062e-01,8.351881607979571021e-01
1.074026942249999950e+00,9.301439702363555329e-01
6.156389713290000287e-01,1.039678818752096445e+00
9.692379832269999440e-01,6.914405345930236813e-01
9.916120171550001361e-01,9.792942243704565453e-01
8.089560270310000023e-01,9.967471667208371855e-01
2.435143947599999859e+00,8.022564408802648206e-01
8.223479986189999869e-01,1.899036144492814771e+00
5.938220024110000272e-01,7.904121145711784369e-01
5.762249827380000466e-01,8.336330982982697035e-01
4.224239885809999429e-01,9.281180236477818424e-01
6.765879988670000511e-01,7.402130725585126525e-01
5.520349740979999531e-01,7.760060631602347936e-01
9.015229940410001142e-01,6.662247740988050948e-01
7.489960193629999763e-01,9.994705150033921237e-01
8.627583980560000754e-01,7.812194173056566937e-01
9.480749964710000199e-01,8.737934565997994563e-01
1.055613875389999956e+00,9.533799582855371213e-01
1.970020055770000278e+00,1.031565200536630700e+00
9.391199946399999554e-01,1.606434616009899230e+00
1.009042978289999892e+00,8.665577882320104619e-01
7.824029922490001177e-01,1.078339226620005142e+00
1.016265034679999957e+00,1.013561036533788373e+00
8.782749772069999850e-01,1.001093692161151072e+00
7.353619933130000064e-01,8.758127043725089100e-01
1.109990954399999952e+00,8.333164041145482148e-01
7.727199792860000027e-01,1.099397151618835000e+00
1.164981961250000086e+00,7.999630429801162235e-01
7.157210111620000426e-01,1.079052033685768519e+00
1.475479006770000101e+00,7.487840591322368899e-01
8.354520201680000202e-01,1.306714410358192469e+00
7.344660162930000125e-01,8.672342465065668859e-01
7.861927747729999805e-01,7.957054964629923788e-01
1.143465042110000107e+00,9.512115888994938651e-01
9.246990084650000830e-01,1.038466719245560110e+00
2.958764553069999970e+00,9.195258917357684858e-01
2.138324022289999959e+00,2.326162791752115488e+00
2.038712024690000124e+00,1.487935414959485003e+00
1.480209946629999829e+00,1.660718100287847721e+00
9.367650747299998137e-01,1.503837805632048941e+00
1.715939760209999942e+00,1.017523026548461607e+00
1.001402020450000041e+00,1.592284184009610915e+00
8.896229863169999863e-01,9.466059224001678318e-01
7.492939829829999843e-01,1.001205865424905417e+00
1.115183949470000213e+00,9.739330989572132502e-01
9.457820057870001129e-01,1.063672820682994846e+00
6.452180147170000213e-01,9.037975709401492308e-01
1.164842009540000056e+00,7.775094523792321910e-01
1.244351029399999975e+00,1.207736718652625774e+00
9.045109748840000075e-01,1.104232845822725517e+00
5.575259923929999362e-01,8.339070084353934487e-01
5.778343677520000332e-01,7.166734187518902788e-01
7.199835777280000348e-01,7.671335646542096764e-01
7.607790231700000128e-01,8.384656789807343191e-01
5.404400229450000426e-01,8.562892842464873144e-01
8.009672760959999360e-01,7.164119851431143271e-01
7.710149884220000027e-01,8.923337381698025483e-01
6.709719896319999988e-01,8.387937073237676788e-01
2.768970489500000021e+00,7.966925815698956415e-01
3.086133003230000060e+00,2.214352860739659867e+00
1.116358041760000086e+00,2.206592499872757074e+00
1.018260955809999979e+00,1.002584435921792583e+00
7.442610263819999794e-01,1.305192579486197824e+00
1.114386796949999869e+00,1.171894046834319303e+00
1.380516409870000238e+00,1.296439601636976802e+00
1.229098439219999950e+00,1.326142111688322300e+00
1.573238968849999919e+00,1.187064811357755767e+00
1.245597958560000107e+00,1.511138922822109043e+00
8.298619985580000247e-01,1.232835558502909157e+00
5.376980304720000436e-01,9.527091219545910095e-01
8.593800067899999284e-01,8.677728283609578153e-01
7.949647903440000274e-01,1.029946339171691871e+00
8.122889995569999577e-01,8.701659741630994871e-01
1.209460973739999945e+00,8.671675985099275286e-01
1.043611049649999956e+00,1.211788307180351909e+00
9.914460182190000248e-01,1.004589492623382263e+00
1.377645969390000058e+00,9.340858657158472855e-01
7.495359778399999229e-01,1.272522060406953148e+00
7.549669742579999676e-01,7.613337584322701357e-01
8.522210121150000095e-01,8.428265392822119617e-01
1.312628030780000010e+00,9.759274238018267322e-01
9.499999880790001017e-01,1.168137566797413873e+00
8.433979749680000637e-01,8.963642550037778101e-01
6.329939961430000039e-01,9.024223685624793712e-01
6.848490238189999246e-01,7.989677032757178665e-01
8.296039700509999504e-01,7.781893779635902231e-01
1.117776036259999994e+00,9.143207382524349836e-01
1.060515046120000138e+00,1.047457303451865718e+00
9.966710209849999336e-01,1.021496012429233602e+00
6.726049780850000825e-01,1.043534880581274304e+00
8.499810099600000335e-01,8.118218359030243692e-01
7.929700016980000266e-01,8.736886899852782662e-01
7.509549856190000927e-01,8.722714151768485857e-01
9.556260704989999466e-01,8.556543076108625856e-01
6.085839867589999397e-01,9.644708605584852990e-01
7.782499790189999489e-01,6.894174542215071311e-01
5.098140239720000411e-01,8.348566179136157617e-01
6.364319920540000286e-01,6.899899688974443501e-01
6.015599966049999248e-01,7.510608334536410524e-01
6.556333899499999784e-01,7.508574651306950676e-01
6.385549902920000243e-01,7.448049154905636016e-01
8.762890100480000832e-01,7.402958033412027072e-01
7.967479825020000739e-01,9.289510677935954863e-01
6.824830174449999509e-01,8.557797294254273490e-01
8.025500178340000401e-01,7.680711223248741781e-01
7.950311899190000142e-01,8.884486001247374753e-01
1.584897041320000088e+00,8.494468573653307653e-01
1.017485976220000143e+00,1.355469139726348970e+00
9.177780151369999695e-01,9.706874228804454052e-01
1.230221033100000083e+00,9.454895111583681011e-01
1.027899026870000121e+00,1.193084082972156956e+00
9.125559926030000213e-01,1.008369992744299282e+00
7.935979962350000472e-01,9.601341392705620148e-01
1.030437946320000187e+00,8.899165978880246852e-01
5.325379967690000438e-01,1.057539667518156756e+00
6.127780079839999505e-01,6.853555696461010038e-01
8.741289973260000234e-01,7.680000769617181255e-01
3.667230010029999820e-01,9.828729637694231247e-01
7.391750216480000857e-01,5.355050766481515012e-01
5.604230165479999748e-01,8.330188302429222258e-01
7.758178114889999755e-01,7.379389256450965551e-01
8.102909922600001202e-01,8.319848218688369323e-01
6.437510252000000488e-01,8.527802392061294423e-01
7.236457467079999706e-01,7.504152626017200900e-01
9.113870263100001257e-01,8.417555461669391503e-01
6.627830266949999993e-01,9.417242515848288642e-01
1.002035975460000117e+00,7.841107623925935854e-01
8.224419951440000709e-01,1.051419668538424945e+00
1.030576944350000135e+00,9.004640839625789317e-01
6.781139969830000114e-01,1.096803928769777947e+00
5.333459973340000104e-01,8.501240766436907181e-01
3.209959864620000047e-01,7.420890503273843697e-01
7.608630061149999069e-01,5.931637796063110590e-01
7.439860105509998878e-01,8.623001590581289566e-01
5.468400120740000148e-01,8.643653341304754489e-01
7.004669904709999173e-01,6.612125292993747960e-01
8.356525897980000561e-01,8.012823759028704362e-01
1.274258971210000091e+00,8.786492960852546608e-01
8.934450149539999719e-01,1.115516028437934848e+00
6.211659908290000365e-01,9.229971223298641947e-01
7.900159955019999680e-01,8.127307325739440147e-01
1.067494988440000014e+00,9.349710255088650168e-01
6.698009967800000464e-01,1.046629475587584901e+00
1.265694975850000015e+00,7.877611696920339135e-01
6.380620002750000408e-01,1.258158641087228746e+00
9.348030090330000652e-01,7.508897378046830440e-01
8.006410002709999363e-01,9.561169625711626319e-01
1.085708975790000030e+00,9.414244244330146616e-01
3.527039885520000251e-01,1.021949189659840496e+00
5.883709788319999578e-01,5.674244971539258442e-01
4.875420033929999120e-01,7.706570139377911799e-01
4.636880159380000199e-01,7.350751547813675346e-01
3.637039959430000136e-01,6.200184619898002625e-01
8.750243186949999696e-01,5.734808570315784726e-01
6.435279846190000708e-01,9.386552673930922408e-01
4.834130108360000233e-01,6.849011952112045165e-01
2.120890021319999930e-01,6.645944245995725197e-01
4.560469985010000560e-01,5.355583169408482114e-01
4.367910027499999903e-01,6.303927283334875842e-01
7.238804101939999569e-01,6.387786584699282066e-01
5.560690164570000205e-01,8.015267387535300880e-01
4.748429954049999679e-01,6.712957809543210752e-01
2.674640119080000100e-01,6.577260912466142972e-01
9.588437080380001198e-01,5.523084931239905515e-01
7.868980169300000549e-01,9.387614528234432543e-01
1.794360995290000149e+00,8.123545653950635659e-01
1.337677955630000026e+00,1.529407504376141702e+00
1.210453987120000185e+00,1.120407110435901910e+00
5.654799938200000264e-01,1.059673099398019680e+00
4.008429944520000565e-01,7.522930701628866013e-01
2.727654874320000200e-01,6.563521615086487238e-01
5.836449861529999783e-01,5.752674990387034448e-01
8.533802628519999711e-01,6.899468005001767601e-01
8.660610318179999823e-01,9.219267122396357372e-01
1.158349990839999899e+00,8.717239111950080277e-01
7.764859795569999390e-01,1.030217299391385843e+00
1.068807005880000105e+00,7.932357438769521707e-01
5.888479948040000744e-01,1.038581566791438648e+00
1.588868498799999918e+00,6.941944099864657547e-01
4.327859878540000205e-01,1.362364024432960452e+00
3.996030092239999942e-01,5.984062407477618306e-01
5.545349717140000134e-01,6.690415552255647436e-01
6.221979856490000849e-01,9.104181414265930528e-01
1.149551987649999996e+00,8.384254727044792022e-01
1.121260046960000034e+00,1.059265895703715543e+00
9.776459932329999436e-01,1.036475551579310705e+00
1.732741951940000025e+00,9.790149655517753624e-01
2.302707910540000125e+00,1.441800243964337369e+00
1.053477048870000043e+00,1.794502590133857156e+00
7.962800264360000435e-01,8.380405886620032607e-01
5.203329920770000117e-01,8.842001393855125624e-01
6.104800105090000262e-01,8.482215811586309995e-01
4.453057944770000276e-01,7.894626739281154215e-01
6.522138714790000069e-01,6.241573674063667365e-01
1.175541162490000069e+00,7.449601666357560381e-01
1.032202124599999937e+00,1.124566168084276230e+00
7.193930149079998948e-01,9.765483619982984198e-01
8.200139999390000378e-01,7.932022865570480530e-01
9.497330188750000568e-01,9.354456913097752846e-01
1.039114952089999822e+00,1.000986505607665888e+00
5.883830189700000046e-01,1.047459184806516230e+00
9.508559703829998488e-01,7.466904949683283998e-01
5.277600288389999728e-01,1.000289246513261121e+00
7.736063003540000205e-01,6.891970726206055886e-01
9.703559875489998765e-01,8.587562734080974591e-01
1.383889913560000018e+00,9.944343403609211540e-01
7.795230150220000542e-01,1.234074101576512872e+00
6.069999933240000090e-01,7.551437519752004501e-01
4.660570025440000097e-01,7.678458355621899933e-01
9.455270171170000459e-01,8.175632221280351164e-01
6.238729953770000280e-01,1.031617391573647735e+00
3.923240005969999555e-01,7.318140420557383008e-01
5.156549811360000568e-01,5.544422018971962851e-01
9.679385423660000765e-01,7.476071210709207548e-01
1.356565952299999989e+00,1.004944885503250340e+00
9.072690010070000310e-01,1.130418491253546875e+00
8.162760138510000152e-01,8.651106707408652285e-01
2.479866981509999846e+00,8.882106158326216194e-01
1.133080005649999888e+00,1.986653522875770905e+00
1.045583963389999926e+00,8.963002802213518860e-01
8.474370241169999485e-01,1.069561391946476592e+00
1.536522984499999911e+00,1.126982692940250885e+00
9.008989930149998715e-01,1.399837570124569108e+00
4.812009930610000596e-01,9.031471340152797955e-01
8.572540283199999722e-01,6.827787478419662381e-01
8.617479801180000232e-01,1.085927688780424560e+00
1.008694052699999899e+00,9.153944046022055581e-01
1.127727031710000105e+00,9.798962354982800882e-01
7.795569896699999779e-01,1.100474501361717650e+00
9.895502924920001053e-01,7.936982678579979078e-01
8.363329768179998958e-01,9.907664108711455864e-01
9.099559783939998869e-01,8.777453681181288658e-01
5.511059761050000061e-01,9.241347593606891175e-01
1.239764332770000088e+00,7.154681768951389742e-01
1.211838960649999963e+00,1.147208176597945606e+00
1.379981994630000042e+00,1.077364032706275898e+00
1.148460984229999982e+00,1.199652806010356842e+00
7.663900256160000035e-01,1.058245634709089167e+00
9.660840034479999394e-01,8.248939083617465862e-01
8.156750202179999798e-01,1.075609659786769479e+00
1.142272949220000111e+00,8.851353639838147602e-01
1.299479961400000105e+00,1.051560220031180659e+00
8.583310246469999516e-01,1.178228101712002873e+00
7.149469852449999996e-01,8.536565518272478670e-01
8.764400482179999230e-01,8.114662410383181035e-01
8.305460214609999836e-01,9.686969937897428329e-01
8.535240292550000385e-01,8.326269313569358843e-01
9.092410206789999227e-01,8.727950357752007893e-01
5.202720165249999917e-01,9.544551281615577532e-01
7.411040067669999454e-01,6.295802855823984245e-01
5.853319764140000325e-01,8.144483161278609495e-01
5.047770142559999673e-01,7.382009387560805047e-01
5.519493222240000607e-01,6.615488926354000654e-01
9.697520136830000137e-01,7.043921887403356008e-01
1.116515994070000017e+00,9.519332711217792786e-01
1.049844980239999837e+00,1.033994186967270190e+00
6.342629790310000404e-01,9.785153927989501677e-01
5.644329786300000817e-01,7.073618802739508604e-01
9.184709787370000100e-01,7.251170247174394401e-01
9.593539834020000656e-01,9.860178074096779266e-01
5.984159708020000412e-01,9.079580403528656474e-01
9.383450150489999197e-01,6.864971804386248433e-01
4.542250037189999867e-01,9.898763803636335679e-01
7.079470157619999204e-01,6.065205505467677893e-01
3.876500129699999575e-01,7.953384151688500658e-01
4.484339952470000057e-01,6.273973242893431390e-01
8.405709862710000202e-01,5.995456850636767809e-01
5.337110161779999862e-01,8.868248722467659828e-01
7.211350202559999589e-01,6.518845256940499766e-01
5.215386152269999576e-01,7.887197923219587681e-01
7.050759792330000275e-01,6.735438557711688201e-01
6.405649781229999506e-01,7.472940833440846475e-01
5.168589949609999623e-01,7.686500334647626831e-01
1.660409450529999997e+00,6.579308486835789838e-01
2.465307950970000217e+00,1.427960789250724449e+00
1.622156023979999917e+00,1.865748401793368316e+00
1.866270065310000170e+00,1.198397734408986670e+00
3.623536109919999415e+00,1.564208639030620462e+00
7.948709726329999947e-01,2.763858426640502408e+00
9.065989851950000400e-01,5.139309116662826860e-01
8.571879863740000660e-01,1.085119257366140344e+00
7.756379842759999477e-01,1.362748086048356511e+00
7.006700038909999817e-01,9.853424068104893463e-01
6.443409919740000769e-01,8.968733145352920655e-01
7.579550147059999077e-01,7.742647171698754383e-01
5.499600172040000068e-01,9.263402986032394093e-01
4.964669942859999408e-01,7.115992200860636885e-01
1.367677569390000070e+00,6.470780085241609747e-01
1.397894024850000250e+00,1.270807804071407476e+00
8.148130178450000427e-01,1.110947955460899861e+00
1.278898954390000009e+00,8.918219367554248711e-01
8.623980283740000363e-01,1.389977864690702392e+00
1.093865990639999897e+00,1.018857896552539222e+00
8.134710192680000285e-01,1.141933486680225318e+00
1.466687083240000078e+00,8.470271531870300352e-01
9.060310125349999577e-01,1.332949639986761969e+00
7.652140259739999006e-01,9.151426642293793989e-01
1.311033964160000176e+00,8.828040066396044550e-01
7.892500162119999718e-01,1.373809558045929968e+00
1.474902033810000068e+00,8.215404600499240928e-01
9.167850017550001063e-01,1.322397796669379400e+00
1.186140060420000086e+00,9.299460870054940820e-01
1.411391973500000008e+00,1.150368243587588601e+00
2.092472076419999993e+00,1.362589700681297478e+00
7.189220190049999681e-01,1.626201999013530353e+00
1.301861047739999888e+00,6.736986207674889870e-01
1.268974781040000055e+00,1.260139177149843581e+00
1.221997022629999874e+00,1.290446924262883988e+00
9.061110019680000960e-01,1.028851716873615763e+00
1.078873991970000112e+00,9.463534832127390439e-01
1.028025031089999874e+00,1.145226012764437584e+00
7.863690257070000689e-01,1.044279434510996696e+00
1.276852965350000035e+00,8.077219025664947871e-01
7.093420028689999546e-01,1.207696642671208354e+00
5.201929807659999572e-01,7.781257895159149340e-01
5.645610094070000473e-01,6.595578098313115145e-01
9.855200052259999177e-01,7.715208745783861399e-01
1.092841982840000004e+00,9.775165056108469086e-01
4.786899983879999709e-01,9.845101230290470573e-01
3.955059945579999514e-01,6.033847495963907681e-01
1.850703001020000071e+00,6.552524506339572063e-01
1.195796012879999815e+00,1.617015848855127835e+00
1.702510833739999896e+00,1.016570933579241887e+00
2.998351097109999586e+00,1.462598062551323963e+00
2.407080888749999925e+00,2.373298047014336998e+00
2.585943937299999718e+00,1.705391355890373939e+00
2.233839035029999920e+00,1.976070768995770388e+00
1.655773043629999997e+00,1.808059134910983801e+00
1.430611014370000156e+00,1.401231017745124374e+00
8.921740055079999676e-01,1.409969012367864094e+00
1.231696963309999893e+00,1.044647303265916927e+00
8.955079913140001624e-01,1.187536696369255074e+00
1.602033019070000064e+00,9.229279938562869878e-01
1.585399031639999956e+00,1.427061787614925636e+00
1.232059955600000034e+00,1.382249884735892387e+00
1.210371017459999976e+00,1.082979806816616763e+00
1.242141008379999967e+00,1.166824148400894767e+00
9.857040047650000858e-01,1.164269001622383337e+00
7.289689779279999726e-01,9.569317590311113841e-01
6.761519908910000876e-01,8.484825357631369247e-01
1.071573019029999907e+00,8.162239089489068400e-01
9.457439780239998983e-01,1.069409175146404101e+00
4.376370012759999706e-01,9.513430227311480136e-01
5.141820311550000522e-01,6.117578890937458436e-01
3.387190103530000052e-01,7.364134072065827707e-01
7.144280076029999593e-01,6.456739790765848586e-01
4.996199905870000180e-01,8.116852775560409183e-01
7.917379736899999854e-01,6.560372697923279040e-01
8.646243214609999894e-01,9.031204009483084771e-01
6.024960279459999901e-01,9.297767696292257300e-01
1.260069966320000123e+00,6.616890024838316675e-01
1.012339949610000067e+00,1.180504380990154534e+00
1.004528999329999950e+00,9.906833858182046981e-01
6.310235261919999727e-01,9.654212925678006263e-01
1.141221046449999887e+00,7.690352983886336036e-01
5.426099896430000014e-01,1.070331662695842567e+00
8.547459840769999762e-01,7.256499488312557755e-01
7.744219899179999311e-01,9.546639610237698248e-01
3.084340095520000102e-01,8.993374990702642791e-01
8.376209735870000506e-01,5.136954883482622858e-01
7.293469905850000767e-01,9.411341551646693615e-01
7.503905892370000830e-01,8.690944193682305086e-01
1.134822010990000019e+00,7.923365978442291624e-01
1.614240050320000064e+00,1.070735155999185340e+00
1.244793057440000128e+00,1.408802476292326800e+00
7.141630053519999466e-01,1.095004897459822546e+00
7.293040156360000026e-01,7.948733533614682489e-01
6.486989855770000091e-01,9.517026678539656226e-01
3.427990078929999962e-01,7.843882482845467852e-01
3.861860036850000011e-01,5.884854506732731805e-01
6.366299986840000535e-01,6.796493014826227030e-01
3.990480005740000280e-01,7.938209313371421549e-01
4.178859889509999870e-01,5.874784807076278703e-01
1.103790521619999909e+00,6.216868024561768014e-01
6.956189870829999622e-01,1.099281507890396803e+00
8.070139884950000564e-01,7.032526186561218751e-01
5.947690010070000310e-01,8.646616256599534145e-01
1.107607960700000005e+00,7.776409710526305252e-01
9.713580012320000012e-01,1.027349539757711039e+00
7.170349955560000321e-01,9.687300290987227447e-01
6.764810085300000386e-01,7.969433514841923749e-01
1.687772989270000190e+00,8.212375531324168643e-01
9.907569885250000485e-01,1.442576948826814309e+00
8.082039952280000161e-01,8.884408516764218389e-01
1.087718963619999979e+00,8.728765046336615097e-01
1.564818024639999861e+00,1.140057017580925036e+00
6.673809885979999912e-01,1.337266609527870465e+00
1.256489992140000123e+00,6.963353817095339071e-01
1.091886043549999963e+00,1.222859875463427004e+00
7.375509738919999725e-01,1.108475786885759984e+00
6.224380135540000802e-01,8.026208578544224981e-01
8.364729881290000613e-01,8.233484811297152595e-01
5.774260163309999916e-01,8.859030961453414621e-01
1.015761017800000054e+00,7.189222203897551733e-01
1.106158971790000001e+00,1.032272094238660065e+00
6.945540308949998964e-01,1.065636685799052241e+00
1.130903959270000092e+00,7.554838038509015252e-01
9.518219828609999489e-01,1.074840812755049280e+00
7.524570226669999862e-01,9.711673919429582025e-01
5.585229992869999993e-01,8.360527906635345508e-01
1.415836334229999771e+00,7.586990614089716978e-01
1.855298042299999839e+00,1.283154507296409896e+00
7.845479845999999702e-01,1.424043752440703248e+00
8.210539817810000862e-01,8.614738498300816838e-01
5.835890173909999978e-01,1.097617646881178244e+00
8.359720110889999889e-01,9.052669362943940312e-01
2.184663057329999880e+00,9.989239472100965855e-01
6.805480122570000123e-01,1.796288254723063638e+00
1.238904953000000031e+00,6.528261586517756232e-01
1.030328035349999949e+00,1.267618858963476036e+00
7.914109826090000022e-01,1.166981412358120584e+00
8.423720002169999832e-01,8.671489776453000786e-01
4.464710056780000769e-01,1.046471637837140589e+00
5.589337944979999584e-01,7.595308242836892321e-01
7.099329829220000221e-01,7.315589319869190144e-01
7.334340214730000751e-01,7.932915348638628350e-01
7.833399772640000647e-01,8.562753645392635615e-01
8.426809906959999985e-01,8.338698865764120338e-01
1.099761009220000085e+00,8.664941419300771219e-01
8.706315755840000614e-01,1.074656915964433024e+00
5.862460136410000411e-01,8.392347164797530068e-01
8.863990306849999223e-01,6.635116694505015511e-01
1.019399046900000050e+00,9.592266800379668501e-01
8.493610024450000129e-01,9.868822409769150150e-01
1.010666966439999870e+00,8.492305183823186665e-01
1.331516027449999973e+00,1.040877068818456097e+00
1.215008974079999859e+00,1.234939498599098906e+00
1.645591020579999952e+00,1.053504173671373501e+00
9.708780050280000351e-01,1.367999180071063359e+00
1.411272048950000135e+00,9.311369472419271931e-01
7.953929901119999313e-01,1.307328051057322194e+00
1.046331048010000098e+00,8.458429438426611213e-01
8.879339694979999642e-01,1.023545798047195143e+00
8.349300026890000836e-01,1.021481082127518203e+00
9.847199916839999290e-01,8.914897773911445444e-01
1.090394020079999970e+00,9.963372758325564904e-01
4.901649951929999416e-01,1.051579035752531643e+00
6.141669750209999279e-01,6.193651929765561226e-01
6.314740180969999894e-01,7.791953542341338856e-01
8.252440094949999860e-01,8.376140981399652352e-01
1.051450967789999913e+00,8.661332653667104253e-01
1.047114968300000060e+00,1.008786908648041658e+00
3.921430110930000379e-01,1.007054930205857790e+00
4.695149958129999912e-01,5.856994280517769935e-01
7.720900177959999500e-01,6.932132664688257506e-01
7.520099878309999264e-01,9.121043739129083283e-01
6.877393722529999698e-01,8.070346464182015511e-01
6.718119978899999012e-01,7.959038476572249943e-01
1.185933232310000029e+00,7.723984147731047800e-01
6.571980118750000432e-01,1.127563363594872969e+00
8.213180303569999063e-01,7.252575850938216551e-01
7.795739769939998842e-01,8.587906331568397889e-01
1.030122995379999962e+00,9.035526318572084659e-01
6.211889982220000217e-01,9.834520658358368861e-01
8.660820126530001106e-01,7.147936584488786549e-01
9.608931541439998947e-01,9.243970230714756431e-01
6.760399937630000577e-01,9.874642319576226734e-01
7.402380108830000083e-01,7.198436854237230120e-01
5.984709858890000511e-01,8.408578044554828601e-01
6.151059865950000427e-01,7.592724469344483973e-01
9.358735680580000382e-01,7.260831916260377383e-01
5.818247795100000008e-01,9.593786765560863294e-01
7.156659960750000327e-01,6.938237273816719730e-01
6.529520154000000298e-01,7.878729076339375803e-01
9.700022935870000751e-01,7.867194793066728531e-01
7.834500074390000623e-01,9.924556328141275197e-01
7.448130249979999506e-01,8.090361475058519547e-01
8.276180028919999376e-01,8.061084576674322211e-01
8.943400979040000420e-01,9.400319145856641523e-01
2.505017042159999985e+00,9.289103625685888321e-01
1.620712041850000062e+00,1.880120031494654675e+00
1.417585968970000110e+00,1.368396853150645187e+00
1.049872040749999957e+00,1.342528273699216124e+00
1.226507544519999993e+00,1.152823726712910002e+00
1.043179035189999881e+00,1.233447977041118859e+00
9.694439768789999690e-01,9.555474312001628334e-01
8.192250132559999454e-01,9.740132928546575419e-01
8.129550218580000598e-01,9.436982354631096026e-01
6.712080240250000163e-01,8.644516112613140901e-01
5.289899706839999993e-01,7.820962081363721508e-01
3.461930155749999849e-01,6.954168806750818943e-01
4.789490103719999947e-01,5.748094027372933068e-01
1.153810977940000093e+00,6.573124614945599076e-01
9.671270251270001062e-01,1.106227959648152348e+00
7.845839858059999727e-01,8.880431116704686767e-01
4.701859951020000428e-01,7.940472085500598354e-01
5.632782578470000301e-01,6.685106679148056230e-01
2.416239976880000528e-01,7.203032213334266132e-01
2.709859907630000064e-01,4.799352418727168557e-01
1.994680017229999991e-01,5.170235475816387094e-01
1.327169984580000017e-01,5.068216465169629315e-01
4.732620120049999546e-01,4.195220977613905444e-01
6.585559844969999244e-01,6.169291129214465874e-01
9.621880054470001165e-01,7.113364349803310560e-01
5.111979842189999790e-01,9.603424218024333436e-01
9.829789996150001263e-01,6.105717806369281853e-01
9.100099802019999684e-01,9.460376097450204913e-01
1.026576042179999870e+00,9.095645061967408962e-01
8.309389948840000262e-01,9.804123675426460460e-01
9.651920199390001676e-01,8.819965231934601135e-01
1.000543951989999902e+00,9.511586197838465262e-01
1.983185052870000131e+00,9.956549995911790907e-01
1.274855017659999978e+00,1.593509030529036474e+00
1.286525964740000028e+00,9.893187116181275664e-01
1.382244944570000245e+00,1.181658163605425749e+00
1.736924052240000016e+00,1.370743585247483187e+00
1.257668018339999971e+00,1.399913307146498642e+00
7.533379793170000838e-01,1.154806150714489332e+00
1.084908962249999886e+00,8.928461744562278257e-01
1.062494039539999990e+00,1.170391487653616114e+00
7.787629961969999570e-01,1.052776736496561005e+00
8.256469964979999965e-01,8.145069527003080401e-01
9.891830086709999525e-01,9.387755751076327648e-01
1.418092012410000047e+00,9.949038772708458378e-01
1.151677966120000063e+00,1.229068098496475470e+00
1.250364065170000094e+00,1.027159757459933154e+00
8.794019818310000458e-01,1.138546270283804285e+00
1.089423060420000144e+00,8.916476795829612056e-01
1.809062957759999701e+00,1.039264316791454368e+00
8.687390089040000207e-01,1.528292555528659724e+00
8.521729707719999380e-01,8.134115941651847148e-01
1.307837963100000112e+00,9.220045271187922165e-01
1.262575984000000151e+00,1.305843737780904679e+00
7.601559758189999627e-01,1.085437159149821973e+00
1.069887042049999959e+00,7.806913279096819869e-01
8.579840064049999437e-01,1.117915740845033756e+00
1.149323940279999956e+00,8.615765023697855574e-01
1.067142963410000034e+00,1.105106034298291462e+00
7.400619983670000401e-01,1.080432437712745442e+00
6.799880266190000411e-01,7.577749583185999782e-01
7.323921322820000634e-01,7.979938097623126003e-01
8.352749943730000126e-01,8.539154568713410720e-01
6.000829935070000065e-01,8.528402931138796550e-01
1.010563969610000168e+00,7.056094351246603447e-01
7.613970041280000434e-01,1.008162796802628769e+00
7.260069847110000030e-01,7.859923666900893169e-01
1.064324021340000037e+00,7.964112299068761835e-01
5.901079773899998715e-01,1.071693269420635364e+00
7.744659781460000447e-01,6.672320014443133829e-01
7.406870126719998781e-01,8.375743999327118772e-01
8.908360004430001533e-01,8.762115439028999031e-01
7.620100975040000613e-01,9.076740663210778326e-01
7.774500250820000069e-01,8.106145006403724373e-01
5.811070203779999943e-01,8.121942866450062581e-01
7.908779978749999051e-01,7.409076611758045328e-01
8.903719782829999652e-01,9.027078879686726287e-01
7.882059812549999656e-01,8.879170469790294007e-01
7.301949858670000459e-01,8.088307881223706364e-01
9.248933196070000529e-01,8.075563098878506541e-01
1.265586972239999941e+00,9.400501846549347285e-01
7.884140014650000694e-01,1.120616621325424944e+00
9.180610179899999501e-01,7.980212846305940744e-01
6.569269895549999516e-01,9.604390168769625369e-01
8.252680301670000107e-01,7.627161476208360602e-01
4.257229864599999525e-01,8.696756007487518314e-01
9.114630222319999309e-01,6.271966345709376611e-01
7.238519787790000937e-01,9.581830238207529327e-01
9.657319784160000031e-01,8.143039877660878112e-01
7.194200158119999911e-01,9.334416257918988213e-01
7.146480083470000411e-01,8.063174089797455757e-01
6.188799738879999790e-01,8.162653137113935475e-01
8.502969741820000094e-01,7.872903710992151805e-01
6.113014817240000065e-01,8.759777167898703532e-01
8.405809998509999881e-01,7.126367606688656098e-01
5.909900069240000553e-01,8.718513615511789272e-01
1.191807866100000002e+00,7.154150201530926623e-01
1.072478055950000009e+00,1.132327618909284350e+00
7.976800203319999172e-01,9.641066281544458105e-01
7.140370011329999489e-01,8.503146328204538307e-01
8.885610103609999921e-01,8.858547594930170632e-01
7.367290258409999737e-01,9.530502375885452349e-01
9.655410051350000744e-01,7.888659315502655200e-01
8.569459915160000385e-01,9.528123046378222938e-01
5.838339924809999859e-01,8.969882482576044813e-01
3.047562122340000457e+00,6.931818307509436394e-01
8.865389823909999301e-01,2.304896190078888907e+00
1.186460971829999878e+00,7.994674255732983070e-01
8.750730156899999557e-01,1.469096967738982906e+00
1.111973047260000014e+00,1.485257940293010170e+00
6.929270029070000447e-01,1.421718780481171951e+00
5.632749795910000357e-01,8.198050002106807010e-01
5.519689917560000048e-01,7.510333778365007040e-01
9.211350083349998386e-01,1.004393627890818985e+00
5.465030074119999748e-01,1.017283045182721501e+00
9.997850060459999577e-01,6.566985124914449523e-01
7.512239813800000166e-01,1.003167171715870776e+00
8.402569890019999654e-01,8.280213823070360357e-01
7.843149900439999600e-01,8.886979555611177473e-01
5.915480256080000165e-01,8.829769577877891740e-01
6.109840273859999948e-01,7.027224467694854759e-01
9.328789710999999540e-01,7.726641602941406450e-01
7.992020249369999885e-01,9.565313699309145878e-01
9.833549857140000405e-01,8.084518091476704527e-01
5.405290126799999761e-01,9.839119981645459978e-01
1.093670010570000128e+00,6.923166765500107234e-01
9.266330003740002041e-01,1.035323481636015508e+00
7.972419857979999858e-01,9.234157345763076563e-01
5.896059870719999596e-01,8.392873282248498601e-01
7.799540162090000672e-01,7.420770024787228802e-01
5.182790160179999717e-01,8.380211740258683983e-01
7.263879776000000676e-01,6.542683140303852118e-01
6.216366887090000182e-01,8.187902774471442768e-01
8.810679912569999717e-01,7.483997529446401176e-01
7.315016984940000411e-01,8.743297647420247287e-01
9.703850150110000516e-01,7.922731854699912590e-01
8.715350031849999901e-01,9.742224882186883983e-01
5.505740046500000595e-01,8.927751853152645634e-01
2.576299905780000121e-01,6.567449745035646158e-01
6.952109932899999123e-01,5.360221407879787181e-01
3.547430038449999601e-01,8.224510611819215722e-01
1.308350920679999918e+00,5.532945385143308581e-01
1.424710035319999957e+00,1.234985545904691451e+00
2.422243118290000385e+00,1.239681091784844424e+00
1.588093161580000023e+00,1.852151910766478560e+00
2.882889986040000352e+00,1.209940751320107033e+00
1.510810017590000109e+00,2.196893275119770284e+00
5.103110075000000245e-01,1.319013484543799741e+00
6.637499928469999810e-01,6.760994693103099529e-01
5.865659713749999948e-01,1.052466400069534291e+00
9.182999730109998593e-01,8.561511264519406916e-01
1.126363039020000123e+00,9.386922488146198784e-01
9.455379843710000065e-01,1.080637050927674148e+00
7.979699969290000583e-01,9.464412928463837860e-01
8.895260095600000527e-01,8.347329863955469387e-01
5.017459988589999531e-01,9.529731500542000244e-01
7.889080047609999813e-01,6.634059143489506871e-01
5.571460127830000220e-01,8.917623731594144232e-01
8.079270124439998924e-01,7.531093486964450801e-01
7.382910251620000697e-01,8.382735689422887715e-01
6.742079854009999096e-01,8.101748124684037267e-01
8.787713646889999675e-01,7.747424462245574572e-01
7.401880025859999268e-01,9.197636364444831125e-01
8.886500000949999478e-01,7.804946817529367920e-01
7.983270287510000340e-01,9.098084664196921523e-01
5.137799978260000344e-01,8.558209588309712013e-01
7.760372757910000141e-01,6.419805802712420517e-01
8.528280258179999906e-01,8.854827167534412569e-01
7.851629853249999513e-01,8.785984778556433783e-01
8.431609868999999646e-01,8.480789011698357527e-01
1.024798870089999925e+00,9.244370231001745042e-01
8.044279813770001120e-01,9.952569273839242392e-01
8.841310143469999216e-01,8.241110681843167862e-01
3.615649938579999501e-01,9.241908039923802942e-01
1.171491026879999842e+00,6.065103805469629350e-01
4.477910101410000343e-01,1.108014754919214528e+00
7.665730118750000432e-01,5.860880070977103617e-01
7.735599875449999940e-01,8.609446813390543296e-01
1.054823040959999902e+00,8.991010142757626111e-01
7.843300104139999673e-01,9.723631798163945295e-01
1.034250974660000155e+00,8.244341591783602707e-01
1.096979022029999973e+00,1.027155706189131212e+00
7.633029818529999400e-01,1.032743707031557712e+00
5.883730053899999257e-01,7.664854971915572301e-01
6.365630030629999547e-01,7.398686382035304376e-01
5.750700235369999858e-01,7.921439633840499095e-01
5.399640202519999654e-01,6.947406246631805393e-01
1.324671149250000068e+00,6.756477838695255089e-01
8.178460001949999780e-01,1.210891296620257407e+00
6.359609961509999909e-01,7.739322187316104440e-01
8.135920166969999867e-01,7.314752003447895223e-01
9.872140288350000903e-01,9.736571923624468550e-01
9.839289784429998686e-01,9.801858989245942899e-01
5.904790163040000150e-01,9.271610379842525340e-01
8.986790180209999201e-01,6.933119880838035654e-01
6.268000006680000125e-01,9.653755259493036478e-01
6.926850080490000172e-01,7.371449482441974066e-01
5.757049918169999669e-01,7.551815716948149237e-01
6.764680147170000213e-01,7.243306298203038285e-01
8.279470205309999997e-01,7.775779183267160777e-01
6.547859907149999881e-01,8.558547651270613787e-01
1.085815548900000094e+00,7.314207675200024017e-01
8.509550094600001335e-01,1.050433968207292512e+00
8.879359960559999321e-01,8.358848609396485330e-01
6.557850241659999302e-01,8.892394268423826631e-01
6.597809791559999804e-01,7.652925471333097418e-01
8.856279850010000398e-01,7.602724340657359692e-01
7.502999901769999980e-01,9.363855818401710662e-01
9.303160309790000637e-01,7.928245193447024386e-01
7.259460091590000941e-01,9.394041322996292687e-01
7.123904824259998936e-01,7.755197236610618106e-01
9.326570034029998402e-01,7.930884248883290910e-01
6.544970273969999974e-01,9.739888682376913742e-01
4.987269937989999846e-01,7.212302778931093394e-01
9.782410264020000579e-01,6.886956144330768081e-01
5.593240261080000275e-01,1.049158488908832343e+00
8.733990192409999409e-01,6.493952685762339749e-01
6.232500076290000690e-01,9.003768169541762623e-01
6.319249868390000024e-01,7.683980473118100507e-01
8.335350155830000274e-01,7.338792639312892163e-01
8.613430261610000027e-01,8.839153044951367777e-01
1.036013007159999999e+00,8.749009836622554381e-01
6.160370111469999355e-01,9.935526511455694543e-01
9.874529838560001105e-01,7.165085531097389326e-01
6.686739921569999634e-01,1.016482239462078496e+00
6.455339789389999972e-01,7.826565606155173604e-01
1.007030010220000049e+00,7.226606261301383727e-01
7.763000130650000719e-01,1.035685180209052536e+00
9.358490109440000815e-01,8.147881945622343913e-01
6.626719832419999401e-01,9.418418980902989457e-01
1.113351941109999910e+00,7.779549433201654596e-01
5.495319962500000432e-01,1.042380097208779555e+00
9.273632764820001206e-01,6.560363014685729466e-01
8.215330243109999486e-01,9.443953831516286312e-01
9.193540215490000334e-01,8.374058057414086598e-01
6.899859905239998925e-01,9.341623317929584891e-01
6.497738957409999738e-01,8.530695259331217972e-01
9.705049991610000815e-01,7.587760112809146529e-01
8.034440279009998909e-01,9.425590346670130737e-01
8.920990228650002019e-01,8.400944834702862574e-01
7.462270259859999921e-01,9.442246104858645905e-01
1.495407462120000197e+00,7.885852146901848325e-01
7.597569823270000633e-01,1.291310320174007487e+00
9.677280187610000084e-01,7.288722971528961425e-01
1.126011013979999920e+00,1.067118678359578299e+00
7.641419768330000029e-01,1.274014551218311642e+00
1.423818945879999909e+00,8.151674068718969268e-01
8.309190273280000483e-01,1.350723689206374756e+00
5.316870212550000030e-01,9.019461989365621379e-01
6.942920088770000442e-01,7.292402176784196222e-01
1.097100019450000019e+00,9.513414878069457181e-01
8.623710274700000511e-01,1.115551850338902806e+00
9.711959958080000899e-01,8.395120478884332549e-01
7.501904964450000213e-01,9.599827227944148778e-01
5.659890174870000346e-01,8.628905618019203638e-01
7.235890030859999378e-01,6.983959913533508423e-01
1.088876962660000114e+00,8.122180633258778704e-01
2.614549994470000138e-01,1.038796714469845117e+00
1.923168003559999895e-01,4.340573209016445055e-01
2.048390060660000012e-01,4.609590972159614553e-01
3.752999901769999980e-01,5.447350537387569691e-01
1.878910064700000104e-01,5.751168865428557542e-01
4.178839921949999980e-01,4.318373823268317202e-01
6.128349900249999704e-01,5.969892317405042226e-01
4.822100102900000462e-01,7.446283355021747763e-01
8.136649727820000066e-01,5.891929985715169682e-01
8.997989892959999958e-01,8.492484821342014545e-01
7.667459845540000041e-01,9.082895734002794930e-01
6.762999892229999421e-01,7.572179384022236226e-01
9.804093837739999984e-01,7.549268350005359229e-01
1.075533032420000090e+00,1.008748809570022997e+00
6.459739804270000496e-01,9.813849344943622599e-01
7.601699829100000416e-01,7.333954557315913725e-01
8.707180023190000950e-01,8.889172635279416479e-01
1.045557022089999899e+00,9.178032087376863934e-01
4.832339882850000268e-01,9.976202429777550895e-01
1.085988998409999962e+00,6.219654849177685962e-01
7.320979833600000930e-01,1.091165099080595891e+00
7.128990292550000385e-01,8.024245889387945363e-01
1.045389056210000112e+00,7.639053107944407950e-01
7.359200119969999676e-01,1.072669859094432798e+00
8.956930041310000590e-01,7.466224191063702831e-01
8.745509982110000191e-01,9.020201982051460066e-01
9.237470030779999508e-01,9.197618932355993149e-01
9.997780323029999971e-01,8.965384431310533531e-01
1.739534020420000049e+00,9.647726693629472550e-01
8.107889890670000321e-01,1.435185050816063956e+00
7.049050331119999235e-01,7.881294790600571476e-01
8.328269720080000438e-01,8.484667276678136139e-01
8.276600241660000412e-01,1.050343114091014440e+00
8.953109979629999549e-01,9.088606521507688329e-01
1.459501028060000039e+00,8.961718594394242343e-01
1.179519057270000060e+00,1.295286569333339521e+00
1.443411946299999915e+00,1.050650759813691160e+00
1.306735038760000078e+00,1.274758691607640992e+00
7.634999752040000365e-01,1.180869292612867882e+00
1.145148038860000161e+00,7.409705733263879379e-01
7.253450155259999477e-01,1.148924367242053712e+00
7.633590102199999672e-01,8.388271880837041561e-01
6.174820065499999622e-01,8.008228018735407128e-01
1.029322981830000039e+00,7.381611260195451996e-01
1.302055954929999926e+00,1.026447083557274320e+00
3.164124965670000122e+00,1.179433712120950606e+00
9.734439849849999549e-01,2.345650712503028590e+00
1.229671001429999855e+00,7.548663160468529476e-01
7.441530227660000385e-01,1.195927340627668256e+00
1.063034057620000139e+00,1.081159720860799478e+00
1.123872041700000102e+00,1.062284774393109865e+00
8.984770178789999173e-01,1.064332768498639004e+00
7.175139784810000698e-01,8.940903191443172471e-01
5.367509722709999931e-01,8.495523348444362632e-01
1.175443053249999981e+00,7.168047055682099655e-01
1.101048946379999949e+00,1.135385856384933501e+00
5.734490156170000130e-01,1.020238615636232193e+00
1.431144952770000200e+00,6.452392568373698234e-01
1.037794947620000130e+00,1.319584092538464759e+00
6.568620204930000206e-01,9.576301035367035253e-01
1.074908018110000141e+00,7.079848115854973090e-01
1.385972023009999887e+00,1.157360120841025131e+00
1.004804968829999812e+00,1.221425561301966667e+00
1.609539985660000116e+00,8.747586228186494672e-01
2.817575931549999524e+00,1.415138120468164562e+00
1.962562561039999931e+00,2.152778845767446825e+00
1.279752016069999998e+00,1.430172628315842687e+00
1.995329976079999845e+00,1.143512045394007970e+00
2.033385992049999924e+00,1.841202075559821516e+00
1.307443976400000096e+00,1.701556935180204011e+00
1.611258029939999892e+00,1.055211580732683840e+00
2.040218114850000042e+00,1.420110815929574777e+00
2.183244943620000100e+00,1.714760328367077591e+00
1.351415991779999937e+00,1.707627103316273542e+00
7.242180109020001089e-01,1.135195719093130995e+00
1.363389015200000109e+00,8.341606317078446020e-01
1.526808977129999967e+00,1.358871894592016849e+00
1.784019589419999940e+00,1.324066525023339880e+00
1.103597044940000105e+00,1.447821346033928425e+00
1.763007998470000004e+00,9.494527461674795443e-01
1.157549023629999896e+00,1.556487770300554407e+00
1.153326034550000045e+00,1.102459882141552105e+00
2.362811088559999551e+00,1.044741788111460901e+00
2.580787897110000007e+00,2.021589959402026793e+00
1.242146968839999976e+00,1.910698443716857264e+00
1.712821006770000265e+00,9.441479621615366247e-01
6.676509976389999323e-01,1.586722267641618389e+00
8.271329998970000652e-01,8.906446840767008322e-01
9.642647504810000214e-01,9.337589701077079196e-01
1.394161701200000048e+00,1.032491241864091913e+00
7.584049701689999923e-01,1.186040726141663226e+00
6.900759935379999765e-01,7.995613475272077553e-01
6.740249991419999809e-01,8.247833254641389056e-01
8.615220189090000424e-01,8.577221810057871210e-01
7.907469868659999790e-01,9.001845446928645744e-01
7.285000085830000138e-01,8.314717897989962747e-01
2.411980032920000017e-01,8.304132520783206184e-01
3.354600071909999981e-01,5.267818505977930332e-01
5.912460088730000507e-01,5.473683199843881741e-01
1.058426976200000036e+00,7.304070569545708658e-01
7.669919729230000316e-01,9.995446643412194687e-01
5.881239771840000019e-01,7.891326220560664906e-01
5.922303199769999305e-01,6.953444902042116293e-01
8.753510117530000079e-01,7.437768322274822541e-01
7.038279771799998974e-01,8.811595978951692887e-01
5.677499771120000371e-01,7.690714409548577990e-01
7.133870124819999825e-01,6.929138329786197481e-01
1.077505946160000061e+00,8.082927622287341407e-01
6.909419894220000247e-01,1.042126362350760838e+00
7.724580168719999973e-01,7.192076310089901003e-01
7.237120270730000859e-01,8.700454534276216290e-01
9.752489924429997847e-01,8.816617225845786443e-01
9.151769876480000399e-01,9.419246421626600307e-01
7.574009895319999686e-01,9.073132689883987023e-01
6.912069916730000374e-01,8.153657491629885401e-01
1.183527946470000147e+00,7.842498975030950392e-01
7.705749869349999281e-01,1.115674463428201868e+00
8.947700262070000798e-01,7.778627702230623830e-01
6.143350005150000070e-01,9.246642286302406699e-01
7.692319750789999855e-01,7.622641140554932138e-01
9.070749878880000061e-01,8.569366654336102451e-01
4.068099856379999713e-01,9.839769517015225508e-01
5.138880014419999753e-01,5.514527705617127129e-01
2.481469959019999838e-01,7.203127551280078533e-01
2.568759918210000159e-01,6.108903055488816847e-01
5.980659723279999618e-01,5.230638781786044467e-01
5.981699824330000137e-01,7.108378799909206291e-01
8.801140189170000294e-01,7.151133787728516378e-01
1.085649013520000095e+00,9.042511631595084864e-01
9.920129775999999566e-01,1.005182535004894628e+00
8.743849992749999078e-01,9.129421339364265364e-01
8.770260214810000621e-01,8.543553148906359862e-01
1.008928894999999937e+00,9.241380597862611790e-01
8.088759779930000393e-01,1.015654371645263732e+00
6.714209914210000907e-01,7.697939183056554668e-01
7.449629902840000373e-01,8.221881641982223821e-01
6.942679882050000195e-01,9.400603712964584746e-01
1.001886010170000008e+00,8.048804417510989628e-01
7.935580015180000446e-01,9.920487102981994099e-01
8.450049161910000439e-01,8.268016284737211841e-01
8.031240105629999793e-01,9.172123908270690684e-01
5.744469761850000689e-01,8.664013189239057056e-01
5.679720044139999757e-01,7.000089048949681425e-01
4.538080096239999195e-01,7.574300241227395203e-01
8.494881391529999215e-01,6.898112131734678298e-01
4.064599871639999473e-01,8.942279246385957947e-01
2.453519999980000310e-01,5.654804797073712530e-01
2.323218107220000217e+00,5.121525900494419137e-01
2.027115583420000089e+00,1.798107670648853462e+00
1.581117987629999888e+00,1.802581551084584843e+00
1.727049946780000012e+00,1.475612146875286523e+00
1.150642037389999928e+00,1.647131991775244497e+00
1.607933998109999818e+00,1.334040604557407805e+00
1.331233978270000007e+00,1.621627022359831027e+00
1.221642017359999999e+00,1.514615111794818336e+00
1.583541989330000010e+00,1.294981477282965976e+00
1.608662128450000006e+00,1.583632583216405765e+00
2.185653924939999992e+00,1.585344297509407197e+00
2.989559888840000124e+00,1.884949296402599783e+00
7.574499845500000106e-01,2.540423858561092985e+00
1.811344027520000122e+00,9.093169084046957007e-01
1.527951955800000094e+00,1.747797609604307523e+00
8.892235755919999374e-01,1.760083325062109960e+00
