9.717460274700000511e-01,1.064395350799804296e+00
1.176299691200000108e+00,6.575898985445877143e-01
1.714609026910000056e+00,9.246064456362675932e-01
1.307337045669999975e+00,1.206859359972047629e+00
6.186890006069999393e-01,7.936304332699651853e-01
2.298435926440000276e+00,4.345221422848174475e-01
1.808241009709999902e+00,1.910170076405653283e+00
8.794149756429999742e-01,1.179147502006768544e+00
1.570945024490000064e+00,6.718626418179930448e-01
1.578516006470000121e+00,1.468249744973981308e+00
6.200309991839999535e-01,1.093936069486358464e+00
9.928810000419999726e-01,2.903594065260324264e-01
4.551869928839999413e-01,8.974786404790577876e-01
1.017398953439999865e+00,3.415942855728618111e-01
8.378469943999999892e-01,8.342953339463624607e-01
4.884769916529999589e-01,4.957880193093923693e-01
1.246340990070000210e+00,3.178390204814672271e-01
1.209630966189999990e+00,9.815308016956949544e-01
1.252451062200000020e+00,7.773753612918538058e-01
1.519726991650000025e+00,8.451870811263126892e-01
1.063797950739999942e+00,1.036714527362499805e+00
1.571495056150000069e+00,6.013010505234157588e-01
1.278105020519999968e+00,1.144119035036926357e+00
1.192077994349999948e+00,8.017634348117452792e-01
8.304439187050000060e-01,8.730670641401445664e-01
1.402015686039999931e+00,6.021495469526759736e-01
1.156504034999999986e+00,1.077221413238103276e+00
1.162554860120000200e+00,7.233926230917420153e-01
6.007519960399999581e-01,8.990717892356731022e-01
1.253835797310000055e+00,4.649933524324650902e-01
1.791844010350000183e+00,1.081318374371573077e+00
1.734062552449999961e+00,1.240162490282179286e+00
4.939970970150000085e+00,1.140618895900386898e+00
2.394351005549999911e+00,3.653891368038663323e+00
2.212575912479999740e+00,9.887918902444460256e-01
1.886527061460000043e+00,2.110663474446142107e+00
9.343829751010001017e-01,1.975785424827217973e+00
9.099829792980000942e-01,1.155635589219612847e+00
8.112999796870000724e-01,8.902086307184847724e-01
1.049708962440000004e+00,5.866522582076869607e-01
1.351788043980000076e+00,8.442736693199076603e-01
1.277305960659999906e+00,9.949765522942342066e-01
7.854449748989998925e-01,8.437122698736633231e-01
4.846229851250000165e-01,5.611542139499953175e-01
6.676359772680000582e-01,4.655165836066192941e-01
8.322510123249999836e-01,6.408923804590220819e-01
5.959370136259999340e-01,6.288430982393951041e-01
3.410890102390000123e-01,3.731494881912258976e-01
6.860110163689999707e-01,2.448354385677814216e-01
8.153510093690000682e-01,5.704292471687023580e-01
3.985430002210000322e-01,5.910938012474342695e-01
6.998159885410000225e-01,2.350096570466274903e-01
4.263690114019999533e-01,5.713250643544797169e-01
6.866139769550000382e-01,2.611085096504865977e-01
1.826770007609999913e-01,5.969869750465263136e-01
7.018824815749999946e-01,1.463165205563477234e-01
1.796682000159999681e+00,5.958499821576742628e-01
7.204269766809999753e-01,1.283193465559108848e+00
4.680640101429999755e-01,5.067549216503623999e-01
6.408870220180000743e-01,7.743386545053467795e-01
7.520520091060001189e-01,9.236570188560716543e-01
1.001817584040000098e+00,9.057571484307753718e-01
1.660804033279999814e+00,7.318138010912763614e-01
1.450595021250000061e+00,1.135252477198314791e+00
1.085010051729999869e+00,8.700591623726959822e-01
1.099555015560000015e+00,6.592585288761512174e-01
7.694180011750000325e-01,8.124103327523859441e-01
1.254430413249999932e+00,5.362578240673431251e-01
1.496320962910000052e+00,1.004743283297775402e+00
7.186369895940000196e-01,1.009359769727406819e+00
8.902019858359999649e-01,3.984149631253140478e-01
9.891759753229999452e-01,8.457707554000644112e-01
2.849014520649999938e+00,8.660558698839970759e-01
4.281075000759999583e+00,2.168408059287229239e+00
1.248739004139999942e+00,2.711296160233878538e+00
7.096589803699999699e-01,3.098303654035188814e-01
7.497439980509998936e-01,8.912261092911808458e-01
8.907449841499999188e-01,1.010909784816366175e+00
1.469527959819999952e+00,9.970241951358577159e-01
1.608888030049999918e+00,1.064518798596058469e+00
1.043460965159999976e+00,9.757531047393922519e-01
1.184751033780000018e+00,9.635025141600991327e-01
5.063725113870000127e-01,1.273479552141394855e+00
6.946156024930000283e-01,6.799142062201095627e-01
9.299110174179998634e-01,8.274081767131271636e-01
7.754629850390000190e-01,6.668206416166604367e-01
8.564696311949999696e-01,5.124869862154209921e-01
9.269009828569999554e-01,6.268681144891710133e-01
7.506660223010001021e-01,6.534883310098266174e-01
9.248849749570000611e-01,5.670402434257943991e-01
1.070162653919999984e+00,7.494458307411837605e-01
8.752880096439998869e-01,8.290831057434117080e-01
7.511039972310000756e-01,6.280658505089751209e-01
8.627579808239999037e-01,6.579831097841006837e-01
5.096570253369999692e-01,7.866648637500366359e-01
8.495249748229999343e-01,4.190262339546234061e-01
6.711369752879999817e-01,7.361350837119613466e-01
6.132180094720000030e-01,4.475004300045245520e-01
3.810549974440000098e-01,4.706608043140327879e-01
8.710420131680000067e-01,3.659963754067367403e-01
6.540319919589999698e-01,7.673112438226713516e-01
9.089673757550000843e-01,4.252792324548183567e-01
9.709029793739999414e-01,7.030845464022411617e-01
9.856920242310001079e-01,6.689858149800764764e-01
1.356256246570000101e+00,7.306546674292272447e-01
1.309872984889999925e+00,1.053989856077751641e+00
6.344919800760000506e-01,9.187765402660023062e-01
5.933508276940000492e-01,4.766123641390658250e-01
8.796380162239999523e-01,6.544045450009622344e-01
1.131836414339999930e+00,8.611240235363025741e-01
1.841274023059999765e+00,8.502939307637357169e-01
2.261745929719999992e+00,1.301233477064960953e+00
2.597975969309999744e+00,1.494220765785706950e+00
2.399192094800000064e+00,1.700188550856956748e+00
1.982298016549999931e+00,1.456991469253300142e+00
2.269547939300000206e+00,1.264178055966201919e+00
2.017889976500000238e+00,1.635526400567230754e+00
1.452262043950000026e+00,1.286960044609776865e+00
1.342797994609999934e+00,1.020424645399085284e+00
1.311915040020000145e+00,1.225904930901698942e+00
1.276762008670000226e+00,1.216170706629484011e+00
1.275267004970000118e+00,1.111093924957858414e+00
1.210446000100000141e+00,9.627657095651489527e-01
8.153480291369999966e-01,8.849420087795968337e-01
7.271119952200000291e-01,5.521501195890470282e-01
6.043019890790000126e-01,6.216479550629137041e-01
9.830358624459999417e-01,5.295939331499734948e-01
1.101529002189999940e+00,7.853560404269982476e-01
1.183724999429999869e+00,7.715491374446207251e-01
4.356400072569999726e-01,9.147578698933765962e-01
3.270040154459999959e-01,2.842631878301170589e-01
8.039849996569999879e-01,3.695891572609849574e-01
4.216859936710000145e-01,6.372337399363464661e-01
5.734559893609999515e-01,2.504793853968694251e-01
3.959457874300000291e-01,4.700052514435375528e-01
4.163750112060000119e-01,2.573258534027836331e-01
5.603970289230000290e-01,3.157584723662074100e-01
7.749050259590000156e-01,4.444323160131695150e-01
6.370840072629999629e-01,5.661559282808777960e-01
3.839260041709999793e-01,4.207389318033302184e-01
5.648739933969999516e-01,2.723568206845808914e-01
1.054715037350000051e+00,4.673479900468098802e-01
6.537709832190000681e-01,8.130296017368021655e-01
5.931029915809999942e-01,3.488405160828041973e-01
1.022608995439999946e+00,4.666017171500554950e-01
8.359869718549999273e-01,7.989339242393138640e-01
6.375340223309999832e-01,5.398025495444437327e-01
9.755985140799999789e-01,4.381184267342384531e-01
4.898079931740000337e-01,7.400753398630381952e-01
1.098647952079999879e+00,2.544175127485046040e-01
1.151165962220000116e+00,9.152280743042833233e-01
8.061249852179999120e-01,7.594411274894989905e-01
4.744769930839999872e-01,4.952122615224083257e-01
7.896029949189999897e-01,3.464056241287730709e-01
4.762530028819999539e-01,6.406025874169308798e-01
5.455229878430000179e-01,2.799725596095992142e-01
6.212809681889999158e-01,4.556936218902463698e-01
7.707700133319999036e-01,4.776107737465717928e-01
9.337069988249999675e-01,5.543333429936422307e-01
8.110550045970000843e-01,6.590890042582614461e-01
6.005529761310000048e-01,5.609694982918315143e-01
1.002521038060000036e+00,4.969665509161466099e-01
8.921650052069998171e-01,8.303508323906976241e-01
9.160850048070000584e-01,5.784375260407063069e-01
7.413420081139999729e-01,6.724910789542505318e-01
9.283249974250000758e-01,5.138126846095967259e-01
6.429409980770000033e-01,6.764240777596781662e-01
9.950090050700001187e-01,3.879155153007928236e-01
6.271365880970000140e-01,8.216294121827304453e-01
1.038689017300000073e+00,3.983551609484508038e-01
6.888009905820000611e-01,8.349250693339845819e-01
5.214130282399999095e-01,4.411045618474471186e-01
6.510270237919999481e-01,4.106638208475079099e-01
1.159701943399999990e+00,5.017329916493208364e-01
6.456400156020000169e-01,9.116772094682672467e-01
1.195862650870000099e+00,3.601050496100011156e-01
1.304703950880000018e+00,9.741081080854642194e-01
8.844429850579998975e-01,9.073507620352561087e-01
7.697709798810000725e-01,5.994771756045272904e-01
7.702100276950000213e-01,6.906779390104632599e-01
6.418280005459999771e-01,7.042655499760951399e-01
8.937159776689999058e-01,5.640775226231262707e-01
5.247250199319999364e-01,6.551375992671477633e-01
5.142210125920000374e-01,3.516855247084484382e-01
7.172748446459999982e-01,4.540108512640192995e-01
6.410769820210000525e-01,5.831634955532025710e-01
4.689820110800000941e-01,4.278621680559474560e-01
1.203750014310000171e+00,4.419459682263865430e-01
7.911959886550000709e-01,1.054545586605348806e+00
1.136301159859999910e+00,5.304588895251984848e-01
8.642929792399999256e-01,9.408569855206629917e-01
8.814030289650001126e-01,6.061201744755906340e-01
5.817409753800000249e-01,7.715507139839622441e-01
8.651199936869999885e-01,5.115625385490576438e-01
9.078124761579999813e-01,7.703682977297096057e-01
7.377740144730000615e-01,5.874782566113349036e-01
1.120375037189999867e+00,4.750899007146643371e-01
9.422479867940000142e-01,8.672762423888413785e-01
1.060060024260000011e+00,5.824398999732066651e-01
7.158420085910000008e-01,7.223612306511615344e-01
4.040209949019999969e-01,4.273892577713435670e-01
2.920779883859999648e-01,2.966585285116544179e-01
6.317924261089999938e-01,2.479214212081798652e-01
1.124665260310000026e+00,4.966084954701152077e-01
1.115690946580000009e+00,8.028094658843700770e-01
1.247418999670000028e+00,6.969365223747002736e-01
6.976169943809999996e-01,8.719736300396515594e-01
3.693974971769999893e+00,4.306648086436428713e-01
8.204839825630000361e-01,2.892639942419514831e+00
8.573070168499999921e-01,-1.615198933273305770e-01
6.902359724040000311e-01,1.230339391515434144e+00
8.385969996449998964e-01,1.086262459515965118e+00
1.287726998329999928e+00,1.194927280193832431e+00
9.632229804989999034e-01,1.191453986093434114e+00
1.343299984930000024e+00,5.491720742169889924e-01
7.316169738770000874e-01,1.118701251278660713e+00
6.809219717980000697e-01,4.893702441242395729e-01
7.014784216880000089e-01,6.501631323555060460e-01
6.698030233380000142e-01,5.467002911627085737e-01
1.365643024439999964e+00,4.572824141510171692e-01
9.781420230869999344e-01,1.043099683772285902e+00
6.786789894100000442e-01,5.552205886286156744e-01
5.976330041890000055e-01,5.117697046244830128e-01
8.193774819369999962e-01,5.468592347518015373e-01
7.911109924320000042e-01,7.130941889560072910e-01
1.044147372249999872e+00,5.896418712211741742e-01
1.400015950200000026e+00,8.197329093181761062e-01
8.748620152470000244e-01,1.032803556238422571e+00
6.228179931639999944e-01,5.721961597271435496e-01
7.164059877399998610e-01,5.290585775280061132e-01
6.523500084880000660e-01,6.497193699418131185e-01
9.379299879070001067e-01,4.699559043063639696e-01
5.936999917030000296e-01,6.997410686321002826e-01
5.393440127369999448e-01,3.524604088625004628e-01
9.370089769359999377e-01,4.333127422554130526e-01
8.087720274930000341e-01,7.335078688458096519e-01
5.654280185700000239e-01,5.367430236686090428e-01
6.020820140839999723e-01,4.101579717400002378e-01
1.146679997439999932e+00,4.896323664658736030e-01
9.824249744419999431e-01,8.547434310500976462e-01
5.671510100359999917e-01,6.192647996582988368e-01
7.866399884220000027e-01,4.023527911550533465e-01
7.388439774510000557e-01,6.788585856751835346e-01
6.810299754140000106e-01,5.116611559258555930e-01
7.086979746820000203e-01,4.780979008999196034e-01
6.642330288889999323e-01,5.276084323961708344e-01
5.124790072439999733e-01,4.684023513388727022e-01
6.040380001070000393e-01,3.492803751080344465e-01
6.728799939159999521e-01,4.865022397913008612e-01
8.265414834020000656e-01,5.245833192166359238e-01
4.546860158440000355e-01,6.030928022172954428e-01
5.594509840010000179e-01,2.842948619517782216e-01
1.332218050960000122e-01,4.766061380124816393e-01
1.633069962260000063e-01,1.263237031705994051e-01
1.797860413789999778e-01,1.818501762652330600e-01
5.747918486599999932e-01,1.408492133326554874e-01
8.508148789409999413e-01,4.295682070375586581e-01
8.527640104289999634e-01,6.148589807308323385e-01
1.687628030779999788e+00,5.553073885039310209e-01
2.149522066120000297e+00,1.219449550969025964e+00
8.122850060459999577e-01,1.289056940828721354e+00
1.239639997479999867e+00,3.185925702905746948e-01
2.128437280650000041e+00,1.148676389464966308e+00
2.139239072800000141e+00,1.699355494189086935e+00
9.779880046840000452e-01,1.271743820352466914e+00
6.937779784199998856e-01,5.474094373397041524e-01
7.218790054320000094e-01,7.247572927350306449e-01
7.631160020829999002e-01,7.821767317150195575e-01
8.565329909319999713e-01,6.398785796325971997e-01
1.109338045120000116e+00,6.112347983068583401e-01
6.476340293879999654e-01,7.788510305698108649e-01
9.241870045659998922e-01,3.719469173204113521e-01
7.877320051189998784e-01,7.347165742429525581e-01
1.305567026139999864e+00,5.489911551031040338e-01
9.107710123059999940e-01,1.009240824228167632e+00
8.699640035629999657e-01,5.384756968498839447e-01
5.743020176890000217e-01,6.709558137325650762e-01
8.599532246590000373e-01,4.523794413127336655e-01
4.775849878790000003e-01,6.946512834916991341e-01
1.108017444610000179e+00,2.690880609932632672e-01
1.290724992749999966e+00,9.100472747931072082e-01
8.591579794879999898e-01,8.409958457099363516e-01
3.058980107309999807e-01,6.280502491284766231e-01
9.039019942279999942e-01,3.058096104595167675e-01
6.352750062940000220e-01,8.499080804170484615e-01
1.023422956470000145e+00,3.972402632353348451e-01
6.730669736859999919e-01,7.672512312002148782e-01
8.504790067669999454e-01,3.757624464682516319e-01
5.141969919200000128e-01,6.755815600971291079e-01
1.527956604959999964e+00,3.423005102409311107e-01
4.094385623930000051e+00,1.222880030957274711e+00
9.952359795569999390e-01,2.856759215906218508e+00
8.670449852940000923e-01,5.808705988578548307e-02
1.141056060789999993e+00,1.295133798830244265e+00
1.622257947919999888e+00,1.535788777258327853e+00
1.980204939840000566e+00,1.753496967764800463e+00
1.375547051430000112e+00,1.490842709137235600e+00
1.851865053180000054e+00,7.744719527402389447e-01
1.420923948290000016e+00,1.375584097022485519e+00
1.589177966120000285e+00,9.526051969989840496e-01
1.673199415210000041e+00,1.230910946518526394e+00
2.123934030530000072e+00,1.190291860852574324e+00
1.648401975629999905e+00,1.452655591266233781e+00
1.204741954800000014e+00,1.180365823520614477e+00
7.920839786529999538e-01,1.005844387338398427e+00
1.227027416229999890e+00,7.744481781463420367e-01
1.226951003070000157e+00,1.117591319323914645e+00
1.131343960759999989e+00,7.886724976693252342e-01
1.252465009690000075e+00,7.581495509511414488e-01
1.116891980170000132e+00,8.752661837755253416e-01
1.122387051579999850e+00,6.997503058549265909e-01
1.040153026579999862e+00,7.705143606057219818e-01
8.091310262680000420e-01,6.966263054157446621e-01
7.681059837340000751e-01,5.381636110595133804e-01
7.982919812199998910e-01,5.879297379462439244e-01
7.666722536090000428e-01,6.029811942608447328e-01
1.057360053060000027e+00,5.261836754967420537e-01
8.607699871060000563e-01,7.768697330956237934e-01
1.070777058600000053e+00,5.487186314757422911e-01
5.301510095600000527e-01,7.809205379930614921e-01
6.604189872739999467e-01,2.697838528046156981e-01
9.909179806709998983e-01,5.352670485383882459e-01
3.561530113220000016e-01,7.542525308890477564e-01
9.618239998820000691e-01,1.772277564386615101e-01
1.244829058649999931e+00,8.345899280303337164e-01
8.381230235100001202e-01,8.674684756308976841e-01
9.245989918709998090e-01,4.554589603221049221e-01
8.131660223010001021e-01,7.201880070019323066e-01
1.003061056139999963e+00,5.830689448481667370e-01
8.752340078350000496e-01,7.268736187707065532e-01
7.991399765009998823e-01,5.827244660067889548e-01
8.812961578369999938e-01,5.614301733482293111e-01
1.063080191609999892e+00,6.299996874483618781e-01
9.057049751279999672e-01,7.238827865092909430e-01
6.909559965129999926e-01,5.489896017622073465e-01
1.355970025060000195e+00,4.827713506642017371e-01
7.572399973869999856e-01,1.054683439361778330e+00
2.043754577640000125e+00,3.760502544703959171e-01
8.576130270960000690e-01,1.615072835241611049e+00
2.364957094190000220e+00,2.665552709268702025e-01
4.179231166840000178e+00,2.020484271210134519e+00
2.233561992649999883e+00,2.872883185874096412e+00
8.013390302660000630e-01,7.591243224283723556e-01
8.372840285299999463e-01,4.029801123938507312e-01
8.851529955859999133e-01,9.164094576958158322e-01
9.040349721909999303e-01,8.523265640855172132e-01
1.302939534190000082e+00,5.765771997074762290e-01
7.228699922560000157e-01,9.149974895386466800e-01
8.009120225910000279e-01,3.637711840065094848e-01
1.032919287679999965e+00,6.553514517548223450e-01
1.321628212929999879e+00,8.185344886763400440e-01
9.367759823799999275e-01,9.199732042802839516e-01
7.007700204850000336e-01,5.561793549166047512e-01
7.624319791789999634e-01,5.211327713559049668e-01
1.144938945770000105e+00,6.636375276280281899e-01
7.721610069269999599e-01,9.073858445854118271e-01
8.772150278090000697e-01,4.225662243708738774e-01
1.243505001070000171e+00,6.729227701412816565e-01
6.381840109830000385e-01,9.139895454879567449e-01
7.468199729919999807e-01,3.018522343147515552e-01
6.839929819109999976e-01,7.134431472183078160e-01
1.419505119320000119e+00,6.338439263165170923e-01
6.141470074649999500e-01,1.168707511284711398e+00
7.347676754000000976e-01,2.312376826771072869e-01
6.770560145379999062e-01,6.688500598548160481e-01
1.074026942249999950e+00,6.044455325224294961e-01
6.156389713290000287e-01,8.798932257042690885e-01
9.692379832269999440e-01,3.536745800471042256e-01
9.916120171550001361e-01,7.741698519096499309e-01
8.089560270310000023e-01,6.621992954259106057e-01
2.435143947599999859e+00,5.174233348554536649e-01
8.223479986189999869e-01,1.828586430145823671e+00
5.938220024110000272e-01,2.811827233260529857e-01
5.762249827380000466e-01,7.300983215287479844e-01
4.224239885809999429e-01,7.110557501113359269e-01
6.765879988670000511e-01,5.502648607106337408e-01
5.520349740979999531e-01,5.119098353391575706e-01
9.015229940410001142e-01,3.675630568660954167e-01
7.489960193629999763e-01,7.019160523373159100e-01
8.627583980560000754e-01,4.780926306744242571e-01
9.480749964710000199e-01,6.553962328809449511e-01
1.055613875389999956e+00,6.898739129724045238e-01
1.970020055770000278e+00,8.058981882546201181e-01
9.391199946399999554e-01,1.454147803980826881e+00
1.009042978289999892e+00,4.810465784090275920e-01
7.824029922490001177e-01,9.343027316065316557e-01
1.016265034679999957e+00,7.204273417360587128e-01
8.782749772069999850e-01,8.114527754193057163e-01
7.353619933130000064e-01,5.641939755093422493e-01
1.109990954399999952e+00,5.141650775618279434e-01
7.727199792860000027e-01,8.431918376922485914e-01
1.164981961250000086e+00,4.623307140687787364e-01
7.157210111620000426e-01,8.698181599332790448e-01
1.475479006770000101e+00,3.739952878369219857e-01
8.354520201680000202e-01,1.176009528512400593e+00
7.344660162930000125e-01,4.549687152024524672e-01
7.861927747729999805e-01,6.180583091518011551e-01
1.143465042110000107e+00,6.594601170138890689e-01
9.246990084650000830e-01,8.293223078063540754e-01
2.958764553069999970e+00,6.161840668330963444e-01
2.138324022289999959e+00,2.266558863094079612e+00
2.038712024690000124e+00,1.006034300303588092e+00
1.480209946629999829e+00,1.522218107907529427e+00
9.367650747299998137e-01,1.118077546187739912e+00
1.715939760209999942e+00,8.526275746380391762e-01
1.001402020450000041e+00,1.434686532378706136e+00
8.896229863169999863e-01,5.667772890031526067e-01
7.492939829829999843e-01,7.688027612576868730e-01
1.115183949470000213e+00,6.396021700905700769e-01
9.457820057870001129e-01,8.696799197124933656e-01
6.452180147170000213e-01,5.860907031665557598e-01
1.164842009540000056e+00,4.925399531079936444e-01
1.244351029399999975e+00,9.983491237754097414e-01
9.045109748840000075e-01,8.269950489274443539e-01
5.575259923929999362e-01,5.397906652900180680e-01
5.778343677520000332e-01,3.911522750817489347e-01
7.199835777280000348e-01,5.114157260070811839e-01
7.607790231700000128e-01,6.101890164716543552e-01
5.404400229450000426e-01,6.300708401001914316e-01
8.009672760959999360e-01,4.535705298045618061e-01
7.710149884220000027e-01,6.997469959094561043e-01
6.709719896319999988e-01,5.783924847371806344e-01
2.768970489500000021e+00,5.609259430634144783e-01
3.086133003230000060e+00,2.217550002691095479e+00
1.116358041760000086e+00,1.917237894786588903e+00
1.018260955809999979e+00,5.976652695636271995e-01
7.442610263819999794e-01,1.226509085176375358e+00
1.114386796949999869e+00,1.032624391103791561e+00
1.380516409870000238e+00,1.266286364070443149e+00
1.229098439219999950e+00,1.153175859699539618e+00
1.573238968849999919e+00,9.530431509410173252e-01
1.245597958560000107e+00,1.309887939875372886e+00
8.298619985580000247e-01,9.675186138145545067e-01
5.376980304720000436e-01,7.536677567005195533e-01
8.593800067899999284e-01,6.389748379545000523e-01
7.949647903440000274e-01,8.427113875386205155e-01
8.122889995569999577e-01,5.942200250759546165e-01
1.209460973739999945e+00,6.074334944538584136e-01
1.043611049649999956e+00,9.779819023271981715e-01
9.914460182190000248e-01,6.915227740655064403e-01
1.377645969390000058e+00,7.040358954853142004e-01
7.495359778399999229e-01,1.020504727391605693e+00
7.549669742579999676e-01,3.900251882424417005e-01
8.522210121150000095e-01,6.286862989978844185e-01
1.312628030780000010e+00,6.821827051576256906e-01
9.499999880790001017e-01,9.728311779424435590e-01
8.433979749680000637e-01,5.669987637958225912e-01
6.329939961430000039e-01,6.521394047219243317e-01
6.848490238189999246e-01,4.932508547342586702e-01
8.296039700509999504e-01,5.525181223734302316e-01
1.117776036259999994e+00,6.600310197460322881e-01
1.060515046120000138e+00,8.180733916445911413e-01
9.966710209849999336e-01,7.817935278073595562e-01
6.726049780850000825e-01,8.009040156908839858e-01
8.499810099600000335e-01,5.352619260310946814e-01
7.929700016980000266e-01,6.537924085707175204e-01
7.509549856190000927e-01,5.807969022769879919e-01
9.556260704989999466e-01,5.612672832431435666e-01
6.085839867589999397e-01,7.202418969857620201e-01
7.782499790189999489e-01,3.562541507348734870e-01
5.098140239720000411e-01,6.076673120754857438e-01
6.364319920540000286e-01,3.571757930900508748e-01
6.015599966049999248e-01,5.343254871743259304e-01
6.556333899499999784e-01,4.702245119024477948e-01
6.385549902920000243e-01,4.968311248639981081e-01
8.762890100480000832e-01,4.800218473909747541e-01
7.967479825020000739e-01,7.046001677913035222e-01
6.824830174449999509e-01,5.851587710279619881e-01
8.025500178340000401e-01,5.235974176528965796e-01
7.950311899190000142e-01,6.474513524555549626e-01
1.584897041320000088e+00,5.770191658828279779e-01
1.017485976220000143e+00,1.203844064397182390e+00
9.177780151369999695e-01,6.045918586527440075e-01
1.230221033100000083e+00,7.375457923345589695e-01
1.027899026870000121e+00,9.756883086220362600e-01
9.125559926030000213e-01,7.414450788114695934e-01
7.935979962350000472e-01,7.090752215512078349e-01
1.030437946320000187e+00,6.250586592612539238e-01
5.325379967690000438e-01,8.399034732333793274e-01
6.127780079839999505e-01,3.487011971765668905e-01
8.741289973260000234e-01,5.628062369017150512e-01
3.667230010029999820e-01,7.223971414414535053e-01
7.391750216480000857e-01,2.084991430742492990e-01
5.604230165479999748e-01,6.498011504254452841e-01
7.758178114889999755e-01,4.077072328577989180e-01
8.102909922600001202e-01,6.289326240334713880e-01
6.437510252000000488e-01,5.851407233871378510e-01
7.236457467079999706e-01,4.935528562509185480e-01
9.113870263100001257e-01,6.092350318527840480e-01
6.627830266949999993e-01,7.350233564591509561e-01
1.002035975460000117e+00,5.290787122287846644e-01
8.224419951440000709e-01,8.940640700533164509e-01
1.030576944350000135e+00,6.605711131875655617e-01
6.781139969830000114e-01,9.571031109564644979e-01
5.333459973340000104e-01,5.686941471971055373e-01
3.209959864620000047e-01,5.404334104045689369e-01
7.608630061149999069e-01,2.787134850179982526e-01
7.439860105509998878e-01,6.720182895804288625e-01
5.468400120740000148e-01,5.394200039360064203e-01
7.004669904709999173e-01,3.913467296518994831e-01
8.356525897980000561e-01,5.605152780206181795e-01
1.274258971210000091e+00,6.140488470366127771e-01
8.934450149539999719e-01,9.229465751534523532e-01
6.211659908290000365e-01,6.366932000039501327e-01
7.900159955019999680e-01,5.851882357723632300e-01
1.067494988440000014e+00,7.587553457268506607e-01
6.698009967800000464e-01,8.528405728311460043e-01
1.265694975850000015e+00,5.061749407690219194e-01
6.380620002750000408e-01,1.101942391362698892e+00
9.348030090330000652e-01,3.957135118308944266e-01
8.006410002709999363e-01,8.124548808076917927e-01
1.085708975790000030e+00,6.156237035166702842e-01
3.527039885520000251e-01,8.242260021129214076e-01
5.883709788319999578e-01,2.054390969114777699e-01
4.875420033929999120e-01,5.789578067906850922e-01
4.636880159380000199e-01,4.406612305069363411e-01
3.637039959430000136e-01,3.638999182699418355e-01
8.750243186949999696e-01,3.003037300864527248e-01
6.435279846190000708e-01,7.091489171337063135e-01
4.834130108360000233e-01,3.790574283889047713e-01
2.120890021319999930e-01,4.294896706064262326e-01
4.560469985010000560e-01,2.323281659099884489e-01
4.367910027499999903e-01,4.447821211246539841e-01
7.238804101939999569e-01,3.524416055902716560e-01
5.560690164570000205e-01,5.753858547257990619e-01
4.748429954049999679e-01,3.829865694792922715e-01
2.674640119080000100e-01,4.162740024169457320e-01
9.588437080380001198e-01,2.609884033146107618e-01
7.868980169300000549e-01,7.798985291816422638e-01
1.794360995290000149e+00,5.027463033611149212e-01
1.337677955630000026e+00,1.400135721337226524e+00
1.210453987120000185e+00,7.406123999178710893e-01
5.654799938200000264e-01,8.523537446776066062e-01
4.008429944520000565e-01,3.736322045306094131e-01
2.727654874320000200e-01,4.174986927259098368e-01
5.836449861529999783e-01,2.502868108193755936e-01
8.533802628519999711e-01,4.587677117109558167e-01
8.660610318179999823e-01,6.450289580431499692e-01
1.158349990839999899e+00,5.756893215250440399e-01
7.764859795569999390e-01,8.149408778928788344e-01
1.068807005880000105e+00,4.529634301880147706e-01
5.888479948040000744e-01,8.300041121141706890e-01
1.588868498799999918e+00,3.313563045107313365e-01
4.327859878540000205e-01,1.281392220546077487e+00
3.996030092239999942e-01,1.496131608994331896e-01
5.545349717140000134e-01,5.759408192474724242e-01
6.221979856490000849e-01,7.063294600709150162e-01
1.149551987649999996e+00,6.669975745289457025e-01
1.121260046960000034e+00,8.722905496354780297e-01
9.776459932329999436e-01,7.439511238015097394e-01
1.732741951940000025e+00,6.392636752999181216e-01
2.302707910540000125e+00,1.255328709365781670e+00
1.053477048870000043e+00,1.511280028026550815e+00
7.962800264360000435e-01,3.741496166166251025e-01
5.203329920770000117e-01,6.727455036350251660e-01
6.104800105090000262e-01,5.105557714210295917e-01
4.453057944770000276e-01,5.938774435307058175e-01
6.522138714790000069e-01,3.054725210723659989e-01
1.175541162490000069e+00,4.963224083531191932e-01
1.032202124599999937e+00,8.763770487497519746e-01
7.193930149079998948e-01,6.932441013157337739e-01
8.200139999390000378e-01,5.477651694978620256e-01
9.497330188750000568e-01,7.426040275911678368e-01
1.039114952089999822e+00,7.910719346365306937e-01
5.883830189700000046e-01,8.411542375441012354e-01
9.508559703829998488e-01,4.398554564111340492e-01
5.277600288389999728e-01,8.184784979373237457e-01
7.736063003540000205e-01,3.351443967348797237e-01
9.703559875489998765e-01,6.589802119637026001e-01
1.383889913560000018e+00,7.153159044298095237e-01
7.795230150220000542e-01,1.031728249399085806e+00
6.069999933240000090e-01,4.028300589911101848e-01
4.660570025440000097e-01,5.937808041865462183e-01
9.455270171170000459e-01,5.521197682509356719e-01
6.238729953770000280e-01,9.143705209624700680e-01
3.923240005969999555e-01,4.152968334925911664e-01
5.156549811360000568e-01,2.820529749887037418e-01
9.679385423660000765e-01,4.602477513430108247e-01
1.356565952299999989e+00,7.597213501892010612e-01
9.072690010070000310e-01,8.968120899418362546e-01
8.162760138510000152e-01,5.409395579615212668e-01
2.479866981509999846e+00,6.218021811395342269e-01
1.133080005649999888e+00,1.922102403795001413e+00
1.045583963389999926e+00,4.031693796086040504e-01
8.474370241169999485e-01,9.679625920792389593e-01
1.536522984499999911e+00,8.173437009561926869e-01
9.008989930149998715e-01,1.353378903872684003e+00
4.812009930610000596e-01,5.475126596039296967e-01
8.572540283199999722e-01,4.512615884544594613e-01
8.617479801180000232e-01,8.471864752852965585e-01
1.008694052699999899e+00,6.548612775587321355e-01
1.127727031710000105e+00,7.616975294244419104e-01
7.795569896699999779e-01,8.080776332107069138e-01
9.895502924920001053e-01,4.695595990217139581e-01
8.363329768179998958e-01,7.594922013771081559e-01
9.099559783939998869e-01,5.499885031284660331e-01
5.511059761050000061e-01,6.977133824078269875e-01
1.239764332770000088e+00,3.771333344481140326e-01
1.211838960649999963e+00,9.888881374240900968e-01
1.379981994630000042e+00,7.487937383227680765e-01
1.148460984229999982e+00,9.706696559898749799e-01
7.663900256160000035e-01,7.319572114957870745e-01
9.660840034479999394e-01,5.704817224932812181e-01
8.156750202179999798e-01,8.496734738062536874e-01
1.142272949220000111e+00,5.964672595349032047e-01
1.299479961400000105e+00,8.414676207056303037e-01
8.583310246469999516e-01,8.769922629648886359e-01
7.149469852449999996e-01,5.132438138850327070e-01
8.764400482179999230e-01,5.480812783705888425e-01
8.305460214609999836e-01,7.053774759222460888e-01
8.535240292550000385e-01,5.429819674871797508e-01
9.092410206789999227e-01,6.169180251935195702e-01
5.202720165249999917e-01,6.521229379826980477e-01
7.411040067669999454e-01,3.113807097294974957e-01
5.853319764140000325e-01,5.886329484489615238e-01
5.047770142559999673e-01,4.224291846229992209e-01
5.519493222240000607e-01,4.014163961240148626e-01
9.697520136830000137e-01,4.409884598471353057e-01
1.116515994070000017e+00,7.302479984534986368e-01
1.049844980239999837e+00,7.641789724589360677e-01
6.342629790310000404e-01,6.946651874990952269e-01
5.644329786300000817e-01,3.957075996129912343e-01
9.184709787370000100e-01,4.686542003241093712e-01
9.593539834020000656e-01,7.438846852012728217e-01
5.984159708020000412e-01,6.265788556083661254e-01
9.383450150489999197e-01,3.846902692255533829e-01
4.542250037189999867e-01,7.588754036543161607e-01
7.079470157619999204e-01,2.610797247221817718e-01
3.876500129699999575e-01,6.030104676422822774e-01
4.484339952470000057e-01,2.749951856111459425e-01
8.405709862710000202e-01,3.577308386111368588e-01
5.337110161779999862e-01,6.473757690613758387e-01
7.211350202559999589e-01,3.144916177510347355e-01
5.215386152269999576e-01,5.696628011521714940e-01
7.050759792330000275e-01,3.511878089416489712e-01
6.405649781229999506e-01,5.237500503072316516e-01
5.168589949609999623e-01,4.783733202974429499e-01
1.660409450529999997e+00,3.727357736535115706e-01
2.465307950970000217e+00,1.313129512057256587e+00
1.622156023979999917e+00,1.596683474682085047e+00
1.866270065310000170e+00,7.976005210888352792e-01
3.623536109919999415e+00,1.341037429630302702e+00
7.948709726329999947e-01,2.594716129614811351e+00
9.065989851950000400e-01,-1.742614899209982970e-01
8.571879863740000660e-01,1.111442902507548069e+00
7.756379842759999477e-01,1.043001022035824565e+00
7.006700038909999817e-01,9.627344961530557299e-01
6.443409919740000769e-01,6.663333528114350202e-01
7.579550147059999077e-01,5.150164226334253970e-01
5.499600172040000068e-01,5.969341641585093061e-01
4.964669942859999408e-01,3.654162256807098053e-01
1.367677569390000070e+00,3.798330988538767272e-01
1.397894024850000250e+00,1.088579350919989919e+00
8.148130178450000427e-01,8.384383131308282833e-01
1.278898954390000009e+00,6.771396017589877969e-01
8.623980283740000363e-01,1.276318926776080609e+00
1.093865990639999897e+00,8.339636508288443828e-01
8.134710192680000285e-01,1.000159067808948254e+00
1.466687083240000078e+00,5.263539157315020312e-01
9.060310125349999577e-01,1.141377571903373633e+00
7.652140259739999006e-01,4.998668608237914479e-01
1.311033964160000176e+00,7.181687406716396049e-01
7.892500162119999718e-01,1.187596672796682462e+00
1.474902033810000068e+00,5.445498146967063802e-01
9.167850017550001063e-01,1.207186727098804591e+00
1.186140060420000086e+00,5.327394316837662513e-01
1.411391973500000008e+00,9.982708159944543302e-01
2.092472076419999993e+00,1.067744451629445646e+00
7.189220190049999681e-01,1.447587948904362820e+00
1.301861047739999888e+00,1.890295790286897759e-01
1.268974781040000055e+00,1.132685970066395154e+00
1.221997022629999874e+00,9.276440132839612884e-01
9.061110019680000960e-01,8.182040236922538678e-01
1.078873991970000112e+00,6.623889673565359626e-01
1.028025031089999874e+00,9.057274606589034160e-01
7.863690257070000689e-01,7.795879438206980705e-01
1.276852965350000035e+00,5.248604360381803335e-01
7.093420028689999546e-01,9.954082977353881923e-01
5.201929807659999572e-01,3.718042605712190141e-01
5.645610094070000473e-01,4.193929911150829359e-01
9.855200052259999177e-01,4.688105857269684873e-01
1.092841982840000004e+00,7.584426796762694378e-01
4.786899983879999709e-01,6.997978120216128417e-01
3.955059945579999514e-01,2.766418565881356151e-01
1.850703001020000071e+00,4.135773995266626146e-01
1.195796012879999815e+00,1.554837624835029075e+00
1.702510833739999896e+00,6.422972096740450221e-01
2.998351097109999586e+00,1.362954723282903347e+00
2.407080888749999925e+00,2.171068892772261005e+00
2.585943937299999718e+00,1.313798882832666770e+00
2.233839035029999920e+00,1.731614430787753234e+00
1.655773043629999997e+00,1.389530625036979883e+00
1.430611014370000156e+00,1.112478189552099650e+00
8.921740055079999676e-01,1.137975609202500182e+00
1.231696963309999893e+00,7.321808286086116668e-01
8.955079913140001624e-01,9.838552015282082674e-01
1.602033019070000064e+00,5.674219553149238982e-01
1.585399031639999956e+00,1.233647489616517490e+00
1.232059955600000034e+00,1.046915353201355092e+00
1.210371017459999976e+00,8.034871376493147865e-01
1.242141008379999967e+00,9.087476914151042529e-01
9.857040047650000858e-01,8.827573341351452330e-01
7.289689779279999726e-01,6.645243522473976983e-01
6.761519908910000876e-01,5.469858014294300963e-01
1.071573019029999907e+00,5.449705501198442992e-01
9.457439780239998983e-01,8.640769512136282637e-01
4.376370012759999706e-01,6.586779067057338954e-01
5.141820311550000522e-01,3.233726306753824109e-01
3.387190103530000052e-01,5.243870411926814246e-01
7.144280076029999593e-01,3.685313986365058025e-01
4.996199905870000180e-01,6.235379565383543099e-01
7.917379736899999854e-01,3.764833913191538706e-01
8.646243214609999894e-01,6.998550231786113685e-01
6.024960279459999901e-01,6.658938816376542835e-01
1.260069966320000123e+00,3.852568316975711893e-01
1.012339949610000067e+00,1.018037800433775564e+00
1.004528999329999950e+00,6.420367757486216131e-01
6.310235261919999727e-01,7.571977030024910071e-01
1.141221046449999887e+00,4.381197365855475367e-01
5.426099896430000014e-01,9.156745627952831423e-01
8.547459840769999762e-01,3.742881343704883568e-01
7.744219899179999311e-01,7.993225304990259072e-01
3.084340095520000102e-01,6.283114442348528561e-01
8.376209735870000506e-01,2.296087279930999481e-01
7.293469905850000767e-01,7.771584651125889032e-01
7.503905892370000830e-01,5.494309732834905535e-01
1.134822010990000019e+00,5.663256314272282488e-01
1.614240050320000064e+00,8.632046459330728894e-01
1.244793057440000128e+00,1.194345345144347093e+00
7.141630053519999466e-01,7.857025937913953983e-01
7.293040156360000026e-01,5.426124503077101036e-01
6.486989855770000091e-01,7.174671653704145502e-01
3.427990078929999962e-01,5.264157923005022832e-01
3.861860036850000011e-01,3.316321881529611937e-01
6.366299986840000535e-01,4.116004629860367525e-01
3.990480005740000280e-01,5.737037190270448672e-01
4.178859889509999870e-01,2.886106047647584716e-01
1.103790521619999909e+00,3.878688584654415017e-01
6.956189870829999622e-01,9.008801779561957934e-01
8.070139884950000564e-01,3.741907813194542687e-01
5.947690010070000310e-01,6.720580534004741979e-01
1.107607960700000005e+00,4.548663599996363716e-01
9.713580012320000012e-01,8.790792179238287041e-01
7.170349955560000321e-01,6.651731550177355512e-01
6.764810085300000386e-01,5.254819705386385431e-01
1.687772989270000190e+00,5.639522550318798455e-01
9.907569885250000485e-01,1.290035240162255237e+00
8.082039952280000161e-01,4.982796477377799405e-01
1.087718963619999979e+00,6.436272495559508533e-01
1.564818024639999861e+00,8.937770294627173095e-01
6.673809885979999912e-01,1.141939413536696257e+00
1.256489992140000123e+00,3.130560588546744683e-01
1.091886043549999963e+00,1.092364425372943426e+00
7.375509738919999725e-01,7.767538674606162541e-01
6.224380135540000802e-01,5.721451143808282680e-01
8.364729881290000613e-01,5.449960685194322751e-01
5.774260163309999916e-01,6.458272303656021895e-01
1.015761017800000054e+00,4.128177287351031954e-01
1.106158971790000001e+00,8.220691335085977824e-01
6.945540308949998964e-01,8.023320745714932478e-01
1.130903959270000092e+00,4.511059256041755616e-01
9.518219828609999489e-01,8.976169453850364466e-01
7.524570226669999862e-01,6.623121225410100177e-01
5.585229992869999993e-01,5.880348338391790941e-01
1.415836334229999771e+00,4.821866725623318861e-01
1.855298042299999839e+00,1.124462442210311108e+00
7.845479845999999702e-01,1.198936823584137334e+00
8.210539817810000862e-01,5.339049486121724142e-01
5.835890173909999978e-01,9.698403927000455171e-01
8.359720110889999889e-01,7.450615638170390298e-01
2.184663057329999880e+00,8.725546183105438169e-01
6.805480122570000123e-01,1.687305058514137812e+00
1.238904953000000031e+00,1.463418263100921823e-01
1.030328035349999949e+00,1.195045245481142215e+00
7.914109826090000022e-01,8.358967438018526375e-01
8.423720002169999832e-01,7.499008434636835752e-01
4.464710056780000769e-01,8.528171665389235878e-01
5.589337944979999584e-01,4.893240757135404739e-01
7.099329829220000221e-01,4.943366858548345899e-01
7.334340214730000751e-01,5.178661618321928062e-01
7.833399772640000647e-01,5.373271578718443742e-01
8.426809906959999985e-01,5.558251711908956949e-01
1.099761009220000085e+00,6.259059273416894831e-01
8.706315755840000614e-01,8.260012695569273200e-01
5.862460136410000411e-01,5.228821966681614919e-01
8.863990306849999223e-01,3.742587048509432024e-01
1.019399046900000050e+00,7.073632880419438163e-01
8.493610024450000129e-01,7.161842991906273159e-01
1.010666966439999870e+00,5.927148725757245273e-01
1.331516027449999973e+00,8.189965115334206791e-01
1.215008974079999859e+00,1.002185983719605655e+00
1.645591020579999952e+00,7.619692135846531933e-01
9.708780050280000351e-01,1.146485180364782197e+00
1.411272048950000135e+00,5.273988765307535687e-01
7.953929901119999313e-01,1.143566645241163471e+00
1.046331048010000098e+00,4.563678966100996326e-01
8.879339694979999642e-01,8.922724389707809012e-01
8.349300026890000836e-01,6.937370036500470905e-01
9.847199916839999290e-01,6.733743105339626833e-01
1.090394020079999970e+00,7.459304514275858500e-01
4.901649951929999416e-01,7.835840729618166467e-01
6.141669750209999279e-01,2.625539511446497998e-01
6.314740180969999894e-01,5.785365786102732999e-01
8.252440094949999860e-01,5.537533433445503972e-01
1.051450967789999913e+00,6.612598406447308674e-01
1.047114968300000060e+00,7.763594082809605057e-01
3.921430110930000379e-01,7.396687659601199893e-01
4.695149958129999912e-01,2.546791793383761937e-01
7.720900177959999500e-01,4.883461291557673611e-01
7.520099878309999264e-01,6.804329383345891769e-01
6.877393722529999698e-01,5.486236630253827906e-01
6.718119978899999012e-01,5.417575996603026800e-01
1.185933232310000029e+00,4.974341702484219585e-01
6.571980118750000432e-01,9.439170651836280568e-01
8.213180303569999063e-01,3.527118258548875285e-01
7.795739769939998842e-01,6.807594757375357020e-01
1.030122995379999962e+00,5.912363473987128915e-01
6.211889982220000217e-01,7.757101418145864180e-01
8.660820126530001106e-01,3.845868160234532929e-01
9.608931541439998947e-01,7.142906242268967087e-01
6.760399937630000577e-01,6.998664384885243672e-01
7.402380108830000083e-01,4.337072248225300464e-01
5.984709858890000511e-01,5.991202326970238579e-01
6.151059865950000427e-01,4.554962360309444680e-01
9.358735680580000382e-01,4.856066374305856304e-01
5.818247795100000008e-01,7.257263170768503135e-01
7.156659960750000327e-01,3.649337411588487456e-01
6.529520154000000298e-01,5.696038568959623793e-01
9.700022935870000751e-01,5.067582871072141559e-01
7.834500074390000623e-01,7.839225568807214328e-01
7.448130249979999506e-01,5.149254737503974333e-01
8.276180028919999376e-01,5.793088409862968691e-01
8.943400979040000420e-01,6.784618295222136775e-01
2.505017042159999985e+00,6.733578395509686176e-01
1.620712041850000062e+00,1.834046558602778765e+00
1.417585968970000110e+00,9.614499250719992229e-01
1.049872040749999957e+00,1.154257598577176358e+00
1.226507544519999993e+00,9.185043242888194515e-01
1.043179035189999881e+00,1.025916620716152305e+00
9.694439768789999690e-01,6.178887177964745847e-01
8.192250132559999454e-01,6.755208378603047015e-01
8.129550218580000598e-01,5.755624631105717981e-01
6.712080240250000163e-01,6.192100276451131258e-01
5.289899706839999993e-01,4.917121301812529821e-01
3.461930155749999849e-01,4.201123557117791285e-01
4.789490103719999947e-01,2.732944195006120625e-01
1.153810977940000093e+00,4.087758773968490633e-01
9.671270251270001062e-01,8.937735982265707646e-01
7.845839858059999727e-01,5.628458608346450509e-01
4.701859951020000428e-01,5.346264632362663916e-01
5.632782578470000301e-01,3.510632760081071058e-01
2.416239976880000528e-01,4.798104686004676656e-01
2.709859907630000064e-01,1.517515362701694903e-01
1.994680017229999991e-01,2.649913370276485436e-01
1.327169984580000017e-01,1.999847415250187999e-01
4.732620120049999546e-01,1.394815758283580731e-01
6.585559844969999244e-01,3.790102605572234218e-01
9.621880054470001165e-01,4.487829084229806864e-01
5.111979842189999790e-01,7.293778008217656206e-01
9.829789996150001263e-01,2.727278645430995518e-01
9.100099802019999684e-01,7.912173067587885411e-01
1.026576042179999870e+00,5.834265514735775815e-01
8.309389948840000262e-01,7.658406371378458921e-01
9.651920199390001676e-01,5.677225198021412789e-01
1.000543951989999902e+00,7.303436652950183738e-01
1.983185052870000131e+00,6.928699491666586718e-01
1.274855017659999978e+00,1.406897835950523534e+00
1.286525964740000028e+00,5.556697421572170947e-01
1.382244944570000245e+00,9.862241225580361537e-01
1.736924052240000016e+00,1.062722996716402468e+00
1.257668018339999971e+00,1.249549569555330475e+00
7.533379793170000838e-01,8.464974940698922756e-01
1.084908962249999886e+00,6.036353016861072396e-01
1.062494039539999990e+00,9.875819430786313413e-01
7.787629961969999570e-01,7.605298659614105894e-01
8.256469964979999965e-01,5.354668622068141648e-01
9.891830086709999525e-01,6.490800877003278790e-01
1.418092012410000047e+00,7.192922993212127469e-01
1.151677966120000063e+00,9.967424643063041989e-01
1.250364065170000094e+00,6.857591888295833105e-01
8.794019818310000458e-01,8.893912866903862513e-01
1.089423060420000144e+00,5.421592545869668989e-01
1.809062957759999701e+00,8.233939070095631640e-01
8.687390089040000207e-01,1.301688910371501695e+00
8.521729707719999380e-01,4.100313791078856185e-01
1.307837963100000112e+00,7.230994313645501270e-01
1.262575984000000151e+00,1.061655090705011073e+00
7.601559758189999627e-01,8.032625695559464374e-01
1.069887042049999959e+00,4.686324497781627074e-01
8.579840064049999437e-01,8.670532312631593630e-01
1.149323940279999956e+00,5.477393868438360514e-01
1.067142963410000034e+00,9.261100673832237673e-01
7.400619983670000401e-01,7.549025449899847695e-01
6.799880266190000411e-01,4.867207718419166440e-01
7.323921322820000634e-01,5.186556742701722289e-01
8.352749943730000126e-01,5.598870238527737797e-01
6.000829935070000065e-01,5.800860378052691280e-01
1.010563969610000168e+00,3.992861797000745727e-01
7.613970041280000434e-01,7.811393060164416591e-01
7.260069847110000030e-01,4.669898442056482635e-01
1.064324021340000037e+00,5.587767472128037927e-01
5.901079773899998715e-01,8.318965564321419981e-01
7.744659781460000447e-01,3.394554355870911810e-01
7.406870126719998781e-01,6.388129280795875609e-01
8.908360004430001533e-01,5.767299993125952762e-01
7.620100975040000613e-01,6.778936577640179983e-01
7.774500250820000069e-01,5.189503536372458425e-01
5.811070203779999943e-01,5.531340760321751260e-01
7.908779978749999051e-01,4.537903958314960517e-01
8.903719782829999652e-01,6.689324882807398120e-01
7.882059812549999656e-01,6.278139509201521307e-01
7.301949858670000459e-01,5.282527649491963739e-01
9.248933196070000529e-01,5.107247615112843198e-01
1.265586972239999941e+00,6.836232519882993186e-01
7.884140014650000694e-01,8.733372220154360654e-01
9.180610179899999501e-01,4.668065400581948854e-01
6.569269895549999516e-01,7.297244062510606089e-01
8.252680301670000107e-01,4.480545271720360878e-01
4.257229864599999525e-01,6.552749146209549957e-01
9.114630222319999309e-01,2.852860043627304387e-01
7.238519787790000937e-01,7.887771442323837645e-01
9.657319784160000031e-01,4.887527748755635670e-01
7.194200158119999911e-01,7.386120919169132382e-01
7.146480083470000411e-01,4.946423751356585630e-01
6.188799738879999790e-01,5.885582270585202336e-01
8.502969741820000094e-01,5.063113345408898347e-01
6.113014817240000065e-01,6.455121844227714734e-01
8.405809998509999881e-01,3.945018360416976955e-01
5.909900069240000553e-01,6.254094161861268875e-01
1.191807866100000002e+00,4.003177477013168395e-01
1.072478055950000009e+00,9.529441721096234552e-01
7.976800203319999172e-01,6.640354969287370901e-01
7.140370011329999489e-01,6.150764682876602718e-01
8.885610103609999921e-01,6.194579636378590992e-01
7.367290258409999737e-01,7.490466732161459307e-01
9.655410051350000744e-01,4.828387403531395061e-01
8.569459915160000385e-01,7.164066444594867633e-01
5.838339924809999859e-01,5.602848024797375537e-01
3.047562122340000457e+00,4.085099313270728616e-01
8.865389823909999301e-01,2.375286293442731012e+00
1.186460971829999878e+00,2.718332630587493304e-01
8.750730156899999557e-01,1.607443486325055737e+00
1.111973047260000014e+00,1.361682010116228581e+00
6.929270029070000447e-01,1.549708424798459605e+00
5.632749795910000357e-01,5.579018431651272536e-01
5.519689917560000048e-01,5.470206021152772546e-01
9.211350083349998386e-01,5.761344473235086028e-01
5.465030074119999748e-01,8.085085405537306702e-01
9.997850060459999577e-01,3.392925965442065706e-01
7.512239813800000166e-01,8.155989920188089215e-01
8.402569890019999654e-01,4.804237036535529137e-01
7.843149900439999600e-01,6.884340823143005883e-01
5.915480256080000165e-01,5.948052319307827185e-01
6.109840273859999948e-01,4.514719385380781547e-01
9.328789710999999540e-01,5.104569981718970473e-01
7.992020249369999885e-01,7.148319796542341731e-01
9.833549857140000405e-01,5.137987984584396761e-01
5.405290126799999761e-01,7.524060365686250362e-01
1.093670010570000128e+00,3.452088023522152382e-01
9.266330003740002041e-01,8.758148720113823060e-01
7.972419857979999858e-01,5.916853214102759662e-01
5.896059870719999596e-01,5.816470354718704661e-01
7.799540162090000672e-01,4.340758321720545321e-01
5.182790160179999717e-01,6.007656176006053173e-01
7.263879776000000676e-01,3.273387720229277709e-01
6.216366887090000182e-01,5.854395538398855514e-01
8.810679912569999717e-01,4.367340884638500897e-01
7.315016984940000411e-01,6.575004787764896497e-01
9.703850150110000516e-01,4.922144407033087754e-01
8.715350031849999901e-01,7.538862979093365890e-01
5.505740046500000595e-01,5.985242986436751789e-01
2.576299905780000121e-01,3.734581646920480669e-01
6.952109932899999123e-01,2.356204315386654924e-01
3.547430038449999601e-01,6.116127105442700218e-01
1.308350920679999918e+00,2.391863266598406035e-01
1.424710035319999957e+00,1.127570335889041431e+00
2.422243118290000385e+00,9.367779949845083109e-01
1.588093161580000023e+00,1.722904194199041061e+00
2.882889986040000352e+00,7.385047457520216296e-01
1.510810017590000109e+00,2.150815338809656030e+00
5.103110075000000245e-01,7.444530971141073428e-01
6.637499928469999810e-01,4.852908810310687104e-01
5.865659713749999948e-01,8.396074320149502501e-01
9.182999730109998593e-01,6.143556719755748352e-01
1.126363039020000123e+00,7.218923419387239804e-01
9.455379843710000065e-01,7.939986458161820693e-01
7.979699969290000583e-01,6.030304848237216797e-01
8.895260095600000527e-01,5.658323977790600257e-01
5.017459988589999531e-01,7.051806379465178631e-01
7.889080047609999813e-01,3.616387091167440060e-01
5.571460127830000220e-01,7.154845953904803713e-01
8.079270124439998924e-01,4.340916543685687246e-01
7.382910251620000697e-01,6.328900904824662499e-01
6.742079854009999096e-01,5.118868452822962212e-01
8.787713646889999675e-01,4.957772541514506304e-01
7.401880025859999268e-01,6.727446852797579480e-01
8.886500000949999478e-01,4.855842624007813968e-01
7.983270287510000340e-01,6.775248799509776543e-01
5.137799978260000344e-01,5.530931472342850430e-01
7.760372757910000141e-01,3.660459393167959097e-01
8.528280258179999906e-01,6.602458499803037784e-01
7.851629853249999513e-01,6.151669467204734509e-01
8.431609868999999646e-01,6.108594119303691894e-01
1.024798870089999925e+00,6.685760939576749218e-01
8.044279813770001120e-01,7.686101364235606859e-01
8.841310143469999216e-01,5.247919566776959588e-01
3.615649938579999501e-01,6.850908589726669717e-01
1.171491026879999842e+00,2.519580622997376063e-01
4.477910101410000343e-01,9.736422764555986431e-01
7.665730118750000432e-01,1.827313099483499625e-01
7.735599875449999940e-01,6.997462490784627231e-01
1.054823040959999902e+00,5.879773949107399700e-01
7.843300104139999673e-01,7.789172292753948623e-01
1.034250974660000155e+00,5.053066876692827725e-01
1.096979022029999973e+00,7.988501729983638056e-01
7.633029818529999400e-01,7.356875305000408760e-01
5.883730053899999257e-01,4.636983064692797862e-01
6.365630030629999547e-01,4.488310390798097016e-01
5.750700235369999858e-01,5.172108485751528706e-01
5.399640202519999654e-01,4.130118208009120329e-01
1.324671149250000068e+00,3.994716886815978252e-01
8.178460001949999780e-01,1.015967499040060673e+00
6.359609961509999909e-01,4.071559407920937179e-01
8.135920166969999867e-01,5.152137734198356522e-01
9.872140288350000903e-01,7.274724694451616402e-01
9.839289784429998686e-01,7.576792360442876628e-01
5.904790163040000150e-01,6.626769618053024447e-01
8.986790180209999201e-01,3.625110164418796077e-01
6.268000006680000125e-01,7.319666174650480972e-01
6.926850080490000172e-01,3.961725325536042952e-01
5.757049918169999669e-01,5.229716218873888822e-01
6.764680147170000213e-01,4.110969679720823389e-01
8.279470205309999997e-01,5.259711231610328941e-01
6.547859907149999881e-01,5.906951430675794201e-01
1.085815548900000094e+00,4.406692273182503672e-01
8.509550094600001335e-01,8.308709365309248085e-01
8.879359960559999321e-01,5.103634532040856042e-01
6.557850241659999302e-01,6.506518888052318372e-01
6.597809791559999804e-01,4.398765193589620481e-01
8.856279850010000398e-01,5.195555370656654848e-01
7.502999901769999980e-01,6.781615881526268375e-01
9.303160309790000637e-01,5.025870454351586414e-01
7.259460091590000941e-01,6.976369531870221241e-01
7.123904824259998936e-01,4.578520604309057052e-01
9.326570034029998402e-01,5.508915039228170496e-01
6.544970273969999974e-01,7.159742613107278331e-01
4.987269937989999846e-01,4.377807221266398763e-01
9.782410264020000579e-01,4.423641726878925207e-01
5.593240261080000275e-01,8.442667015249580853e-01
8.733990192409999409e-01,3.230521389882339278e-01
6.232500076290000690e-01,7.149674198923875457e-01
6.319249868390000024e-01,4.182140467015921792e-01
8.335350155830000274e-01,5.012558056955255248e-01
8.613430261610000027e-01,6.209609953355998968e-01
1.036013007159999999e+00,6.086382492233656238e-01
6.160370111469999355e-01,7.457951303155921918e-01
9.874529838560001105e-01,4.058309004196897773e-01
6.686739921569999634e-01,8.316888098102944715e-01
6.455339789389999972e-01,4.530505048610857788e-01
1.007030010220000049e+00,4.908968631648938374e-01
7.763000130650000719e-01,7.964979372097380494e-01
9.358490109440000815e-01,4.953036115297131947e-01
6.626719832419999401e-01,7.295785176281920359e-01
1.113351941109999910e+00,4.411634304703633269e-01
5.495319962500000432e-01,8.509684298539111902e-01
9.273632764820001206e-01,2.642078394544539188e-01
8.215330243109999486e-01,7.491076370784446326e-01
9.193540215490000334e-01,5.070720286275814948e-01
6.899859905239998925e-01,7.434160453319408335e-01
6.497738957409999738e-01,5.411104067458349931e-01
9.705049991610000815e-01,5.373576003503793830e-01
8.034440279009998909e-01,6.984255366392309039e-01
8.920990228650002019e-01,5.349897076551841657e-01
7.462270259859999921e-01,6.674249292649373499e-01
1.495407462120000197e+00,4.925111347705125042e-01
7.597569823270000633e-01,1.122716906672257764e+00
9.677280187610000084e-01,3.501670072091801478e-01
1.126011013979999920e+00,9.724540903109644141e-01
7.641419768330000029e-01,1.046253915772505483e+00
1.423818945879999909e+00,6.451632367417929892e-01
8.309190273280000483e-01,1.241584532754445469e+00
5.316870212550000030e-01,5.361948330893439030e-01
6.942920088770000442e-01,5.277434483642871044e-01
1.097100019450000019e+00,7.127398624213263645e-01
8.623710274700000511e-01,9.208498649356343657e-01
9.711959958080000899e-01,5.280860963437974398e-01
7.501904964450000213e-01,7.202730626452223950e-01
5.659890174870000346e-01,5.152175085758721185e-01
7.235890030859999378e-01,4.251564715817753859e-01
1.088876962660000114e+00,5.462716269508960387e-01
2.614549994470000138e-01,7.860342536711965034e-01
1.923168003559999895e-01,1.945809728348816062e-02
2.048390060660000012e-01,2.284173579902625262e-01
3.752999901769999980e-01,2.354600030108336961e-01
1.878910064700000104e-01,3.410941900088634293e-01
4.178839921949999980e-01,1.290192991937910705e-01
6.128349900249999704e-01,3.710599771126699142e-01
4.822100102900000462e-01,4.790104807863353464e-01
8.136649727820000066e-01,3.079723479095539118e-01
8.997989892959999958e-01,6.425694563987828234e-01
7.667459845540000041e-01,6.134304984920294634e-01
6.762999892229999421e-01,4.829967952935223519e-01
9.804093837739999984e-01,4.798883730329061570e-01
1.075533032420000090e+00,7.707073996046964748e-01
6.459739804270000496e-01,7.181220702213918505e-01
7.601699829100000416e-01,4.477662144396956090e-01
8.707180023190000950e-01,6.483123184699520758e-01
1.045557022089999899e+00,6.746847820576294952e-01
4.832339882850000268e-01,7.528768594159351846e-01
1.085988998409999962e+00,2.766105295128065689e-01
7.320979833600000930e-01,9.215977214735375789e-01
7.128990292550000385e-01,4.410858709607537453e-01
1.045389056210000112e+00,5.454292327608938340e-01
7.359200119969999676e-01,8.076731310921022589e-01
8.956930041310000590e-01,4.173333827906511861e-01
8.745509982110000191e-01,6.744491968670177640e-01
9.237470030779999508e-01,5.935756256997039015e-01
9.997780323029999971e-01,6.434023197571901997e-01
1.739534020420000049e+00,6.795170358853374060e-01
8.107889890670000321e-01,1.250600665652259025e+00
7.049050331119999235e-01,3.860423455594882980e-01
8.328269720080000438e-01,6.856357250619604660e-01
8.276600241660000412e-01,8.236275821562647481e-01
8.953109979629999549e-01,6.931247397654858311e-01
1.459501028060000039e+00,6.474476319158279924e-01
1.179519057270000060e+00,1.058178090423032014e+00
1.443411946299999915e+00,6.850955859229014289e-01
1.306735038760000078e+00,1.058969031812292405e+00
7.634999752040000365e-01,8.350754237950717140e-01
1.145148038860000161e+00,4.341067412024389172e-01
7.253450155259999477e-01,9.291691910594470638e-01
7.633590102199999672e-01,4.629239896291796885e-01
6.174820065499999622e-01,5.737283233532699533e-01
1.029322981830000039e+00,4.136125337848091665e-01
1.302055954929999926e+00,8.101806652834414590e-01
3.164124965670000122e+00,9.015025696718832471e-01
9.734439849849999549e-01,2.286851230246296662e+00
1.229671001429999855e+00,1.112572531250618918e-01
7.441530227660000385e-01,1.165112111375019355e+00
1.063034057620000139e+00,6.823209999396135927e-01
1.123872041700000102e+00,9.639443887698788682e-01
8.984770178789999173e-01,7.537502350798468420e-01
7.175139784810000698e-01,5.832367694245997880e-01
5.367509722709999931e-01,5.157820635846186441e-01
1.175443053249999981e+00,4.342525170684120583e-01
1.101048946379999949e+00,9.524341563169913538e-01
5.734490156170000130e-01,7.093523596911294193e-01
1.431144952770000200e+00,3.247573441457481946e-01
1.037794947620000130e+00,1.159964282689463166e+00
6.568620204930000206e-01,5.732117827099901808e-01
1.074908018110000141e+00,4.659574623144150385e-01
1.385972023009999887e+00,9.256052243329528917e-01
1.004804968829999812e+00,9.643921998522047012e-01
1.609539985660000116e+00,5.597397920055510179e-01
2.817575931549999524e+00,1.203316722459397026e+00
1.962562561039999931e+00,1.932697077132047303e+00
1.279752016069999998e+00,1.006363072257130620e+00
1.995329976079999845e+00,8.545233159931702183e-01
2.033385992049999924e+00,1.679382880054877791e+00
1.307443976400000096e+00,1.399317413918904851e+00
1.611258029939999892e+00,7.167984597310781414e-01
2.040218114850000042e+00,1.157408363139039276e+00
2.183244943620000100e+00,1.389521400123083783e+00
1.351415991779999937e+00,1.412734382616387396e+00
7.242180109020001089e-01,7.297257198993045701e-01
1.363389015200000109e+00,5.258468567790748338e-01
1.526808977129999967e+00,1.150872619418340514e+00
1.784019589419999940e+00,1.030981590724191932e+00
1.103597044940000105e+00,1.187473785508661672e+00
1.763007998470000004e+00,5.427257606208243379e-01
1.157549023629999896e+00,1.408450936233166972e+00
1.153326034550000045e+00,6.679619098988077708e-01
2.362811088559999551e+00,8.988846618884605011e-01
2.580787897110000007e+00,1.836647800517710261e+00
1.242146968839999976e+00,1.584168753690820219e+00
1.712821006770000265e+00,5.168629410734962848e-01
6.676509976389999323e-01,1.420621205804039278e+00
8.271329998970000652e-01,4.314252634963188227e-01
9.642647504810000214e-01,8.142272268993403506e-01
1.394161701200000048e+00,6.932702443451770336e-01
7.584049701689999923e-01,9.567308881009772836e-01
6.900759935379999765e-01,3.842408131355680156e-01
6.740249991419999809e-01,5.971523812792483010e-01
8.615220189090000424e-01,5.871791841043187965e-01
7.907469868659999790e-01,6.952503069948589021e-01
7.285000085830000138e-01,5.550217620904478455e-01
2.411980032920000017e-01,5.665059882279160908e-01
3.354600071909999981e-01,1.767356550127156811e-01
5.912460088730000507e-01,3.037643841113891741e-01
1.058426976200000036e+00,4.546636031582932946e-01
7.669919729230000316e-01,7.613037704611186340e-01
5.881239771840000019e-01,4.714134059070676508e-01
5.922303199769999305e-01,4.350648121987846229e-01
8.753510117530000079e-01,4.808280404852593448e-01
7.038279771799998974e-01,6.399732961078234972e-01
5.677499771120000371e-01,4.680096853823316749e-01
7.133870124819999825e-01,4.024667013903471258e-01
1.077505946160000061e+00,5.708602854338383770e-01
6.909419894220000247e-01,8.066000506294869199e-01
7.724580168719999973e-01,4.127525960292942608e-01
7.237120270730000859e-01,6.676701849722023185e-01
9.752489924429997847e-01,5.981249343615379077e-01
9.151769876480000399e-01,7.370381144227445835e-01
7.574009895319999686e-01,6.143616923519820139e-01
6.912069916730000374e-01,5.086242860391840814e-01
1.183527946470000147e+00,4.990438167531701663e-01
7.705749869349999281e-01,8.958187719499917101e-01
8.947700262070000798e-01,4.346513088756281395e-01
6.143350005150000070e-01,7.195390167646908974e-01
7.692319750789999855e-01,4.452093755576183032e-01
9.070749878880000061e-01,6.771355659789523029e-01
4.068099856379999713e-01,7.235406243841376872e-01
5.138880014419999753e-01,2.524269503183995678e-01
2.481469959019999838e-01,5.271492971454877496e-01
2.568759918210000159e-01,2.977979549040474239e-01
5.980659723279999618e-01,2.932667023678672824e-01
5.981699824330000137e-01,4.777607796342903668e-01
8.801140189170000294e-01,4.174196854694497971e-01
1.085649013520000095e+00,6.582668156335638177e-01
9.920129775999999566e-01,7.471801083255101839e-01
8.743849992749999078e-01,6.229025514097261684e-01
8.770260214810000621e-01,5.736303254824670628e-01
1.008928894999999937e+00,6.568414225158522024e-01
8.088759779930000393e-01,7.505100437698783988e-01
6.714209914210000907e-01,4.943986979407939408e-01
7.449629902840000373e-01,5.968928860340069198e-01
6.942679882050000195e-01,6.896520332142802578e-01
1.001886010170000008e+00,5.951787744603056485e-01
7.935580015180000446e-01,7.756165505708053631e-01
8.450049161910000439e-01,5.200371240087495739e-01
8.031240105629999793e-01,6.638058316378439017e-01
5.744469761850000689e-01,5.826136905076729766e-01
5.679720044139999757e-01,4.434276438853488878e-01
4.538080096239999195e-01,5.110355734266921468e-01
8.494881391529999215e-01,4.250826717060218751e-01
4.064599871639999473e-01,6.874710024217233206e-01
2.453519999980000310e-01,2.311076035713805210e-01
2.323218107220000217e+00,2.409618829564249831e-01
2.027115583420000089e+00,1.861253899762002284e+00
1.581117987629999888e+00,1.540668443943114863e+00
1.727049946780000012e+00,1.301039966357832034e+00
1.150642037389999928e+00,1.689371319006561789e+00
1.607933998109999818e+00,1.136239543353972259e+00
1.331233978270000007e+00,1.684235237973102928e+00
1.221642017359999999e+00,1.322916879157476577e+00
1.583541989330000010e+00,1.205609342884322865e+00
1.608662128450000006e+00,1.503172771551432474e+00
2.185653924939999992e+00,1.405978655140136535e+00
2.989559888840000124e+00,1.845813426248761990e+00
7.574499845500000106e-01,2.481054823514694974e+00
1.811344027520000122e+00,4.428193619464874664e-01
1.527951955800000094e+00,1.961961656787934549e+00
8.892235755919999374e-01,1.466947865484339308e+00
