9.717460274700000511e-01,1.106727066387722669e+00
1.176299691200000108e+00,8.702211285721809242e-01
1.714609026910000056e+00,9.569728760067637285e-01
1.307337045669999975e+00,1.366644107883748349e+00
6.186890006069999393e-01,1.117979254620285801e+00
2.298435926440000276e+00,6.466831423469464601e-01
1.808241009709999902e+00,1.888597693755334372e+00
8.794149756429999742e-01,1.541439294743226496e+00
1.570945024490000064e+00,9.095651734407864675e-01
1.578516006470000121e+00,1.259246580324340004e+00
6.200309991839999535e-01,1.240209215104073559e+00
9.928810000419999726e-01,6.506571821709116188e-01
4.551869928839999413e-01,8.974983688890649791e-01
1.017398953439999865e+00,4.583781872657586853e-01
8.378469943999999892e-01,8.376448803781144647e-01
4.884769916529999589e-01,7.405403241973788075e-01
1.246340990070000210e+00,4.897308701312639845e-01
1.209630966189999990e+00,1.033685393825772847e+00
1.252451062200000020e+00,9.912537229676998685e-01
1.519726991650000025e+00,1.011796302485172827e+00
1.063797950739999942e+00,1.186147340043226084e+00
1.571495056150000069e+00,8.903811225750694058e-01
1.278105020519999968e+00,1.264724453490160716e+00
1.192077994349999948e+00,1.088162549913051613e+00
8.304439187050000060e-01,1.020445609982734370e+00
1.402015686039999931e+00,7.310167213420600829e-01
1.156504034999999986e+00,1.139239376013166050e+00
1.162554860120000200e+00,1.034095306808358483e+00
6.007519960399999581e-01,1.033416667850554083e+00
1.253835797310000055e+00,6.161191368727112483e-01
1.791844010350000183e+00,1.021294681000538551e+00
1.734062552449999961e+00,1.441787763031061376e+00
4.939970970150000085e+00,1.391175432900469300e+00
2.394351005549999911e+00,3.720748092485433034e+00
2.212575912479999740e+00,2.287542735473439670e+00
1.886527061460000043e+00,2.203718625727038027e+00
9.343829751010001017e-01,1.820116948603381468e+00
9.099829792980000942e-01,8.129149913726642085e-01
8.112999796870000724e-01,7.612448795677130287e-01
1.049708962440000004e+00,7.744548660819191577e-01
1.351788043980000076e+00,9.112036381300075982e-01
1.277305960659999906e+00,1.102403704069037538e+00
7.854449748989998925e-01,1.107793647568082518e+00
4.846229851250000165e-01,7.713555134978247185e-01
6.676359772680000582e-01,5.471286985034569117e-01
8.322510123249999836e-01,6.187036591818754205e-01
5.959370136259999340e-01,7.191316607477322709e-01
3.410890102390000123e-01,5.671204049411838755e-01
6.860110163689999707e-01,3.965873231335345084e-01
8.153510093690000682e-01,6.464667413006837116e-01
3.985430002210000322e-01,7.202919330776932361e-01
6.998159885410000225e-01,4.280403760092664767e-01
4.263690114019999533e-01,6.383355537524159073e-01
6.866139769550000382e-01,4.925760361770397111e-01
1.826770007609999913e-01,6.726131790519559450e-01
7.018824815749999946e-01,2.541636908035742604e-01
1.796682000159999681e+00,6.303344759199532854e-01
7.204269766809999753e-01,1.636090073513340792e+00
4.680640101429999755e-01,9.372658920511205416e-01
6.408870220180000743e-01,7.277589792576580896e-01
7.520520091060001189e-01,7.979571921108494781e-01
1.001817584040000098e+00,6.142743538349697552e-01
1.660804033279999814e+00,8.122647834747087625e-01
1.450595021250000061e+00,1.308735064432124506e+00
1.085010051729999869e+00,1.143081718145439574e+00
1.099555015560000015e+00,9.363418762956405850e-01
7.694180011750000325e-01,9.428392554648118429e-01
1.254430413249999932e+00,7.217880925548464388e-01
1.496320962910000052e+00,1.020143473120944444e+00
7.186369895940000196e-01,1.227608308135998749e+00
8.902019858359999649e-01,7.645951661356061857e-01
9.891759753229999452e-01,8.749700043446740905e-01
2.849014520649999938e+00,8.435753790062801016e-01
4.281075000759999583e+00,2.084808146989070909e+00
1.248739004139999942e+00,3.269403409129605809e+00
7.096589803699999699e-01,1.231952244915363925e+00
7.497439980509998936e-01,9.052419272618081880e-01
8.907449841499999188e-01,8.557777936512674932e-01
1.469527959819999952e+00,7.042246096083241147e-01
1.608888030049999918e+00,1.142162184637659950e+00
1.043460965159999976e+00,1.589072750498099484e+00
1.184751033780000018e+00,1.145177934438175171e+00
5.063725113870000127e-01,1.229238114558141914e+00
6.946156024930000283e-01,6.138063178726111957e-01
9.299110174179998634e-01,5.794442307250633473e-01
7.754629850390000190e-01,8.087769912549973572e-01
8.564696311949999696e-01,6.978027896666536556e-01
9.269009828569999554e-01,7.540664129786035508e-01
7.506660223010001021e-01,8.531292837734030243e-01
9.248849749570000611e-01,7.183879061277722577e-01
1.070162653919999984e+00,8.507456310682043332e-01
8.752880096439998869e-01,9.350798666109019219e-01
7.511039972310000756e-01,8.594213857727798223e-01
8.627579808239999037e-01,7.723885220634715276e-01
5.096570253369999692e-01,8.024387140860188561e-01
8.495249748229999343e-01,5.379744376583536214e-01
6.711369752879999817e-01,7.439744261644513079e-01
6.132180094720000030e-01,6.418352444799163559e-01
3.810549974440000098e-01,6.525460125877318163e-01
8.710420131680000067e-01,4.514318997940465206e-01
6.540319919589999698e-01,7.646553007477081554e-01
9.089673757550000843e-01,6.228236501191706243e-01
9.709029793739999414e-01,7.892629568079491120e-01
9.856920242310001079e-01,8.753484586384900901e-01
1.356256246570000101e+00,8.976632863188523936e-01
1.309872984889999925e+00,1.141662396587212136e+00
6.344919800760000506e-01,1.157116658626763384e+00
5.933508276940000492e-01,7.139468044406342973e-01
8.796380162239999523e-01,6.780261745019392494e-01
1.131836414339999930e+00,7.732634236098671066e-01
1.841274023059999765e+00,9.307674011656855706e-01
2.261745929719999992e+00,1.446964388672103086e+00
2.597975969309999744e+00,1.734971677160638492e+00
2.399192094800000064e+00,1.940080205860365004e+00
1.982298016549999931e+00,1.852807514217989393e+00
2.269547939300000206e+00,1.586308769855884204e+00
2.017889976500000238e+00,1.740239732697421049e+00
1.452262043950000026e+00,1.664974771014432697e+00
1.342797994609999934e+00,1.380465571027061689e+00
1.311915040020000145e+00,1.285407636097687600e+00
1.276762008670000226e+00,1.196936749979925052e+00
1.275267004970000118e+00,1.069662421450509049e+00
1.210446000100000141e+00,1.078091622116327253e+00
8.153480291369999966e-01,1.011662692286256826e+00
7.271119952200000291e-01,7.829605531286684128e-01
6.043019890790000126e-01,7.158767818379608849e-01
9.830358624459999417e-01,5.845944570786051342e-01
1.101529002189999940e+00,8.565470321795023434e-01
1.183724999429999869e+00,1.004279460469327256e+00
4.356400072569999726e-01,1.016847917880305152e+00
3.270040154459999959e-01,4.905458508354843539e-01
8.039849996569999879e-01,3.533391601214050937e-01
4.216859936710000145e-01,7.309628033678774450e-01
5.734559893609999515e-01,4.472001910903268818e-01
3.959457874300000291e-01,5.387095810844865218e-01
4.163750112060000119e-01,4.186343818168484221e-01
5.603970289230000290e-01,4.558740324191341009e-01
7.749050259590000156e-01,5.408367146034240847e-01
6.370840072629999629e-01,6.945568317883695775e-01
3.839260041709999793e-01,6.005453582954384251e-01
5.648739933969999516e-01,4.249534720948091593e-01
1.054715037350000051e+00,5.644163071147676458e-01
6.537709832190000681e-01,8.688054972843940460e-01
5.931029915809999942e-01,6.293813054030078513e-01
1.022608995439999946e+00,5.782297523618916690e-01
8.359869718549999273e-01,8.717753359681145175e-01
6.375340223309999832e-01,7.322302422464623817e-01
9.755985140799999789e-01,5.942937515474646659e-01
4.898079931740000337e-01,8.221967803332479452e-01
1.098647952079999879e+00,5.271429164245751142e-01
1.151165962220000116e+00,9.160288284504383149e-01
8.061249852179999120e-01,9.493222515310946186e-01
4.744769930839999872e-01,7.266268581455470610e-01
7.896029949189999897e-01,4.835014005684682981e-01
4.762530028819999539e-01,6.928866963061224293e-01
5.455229878430000179e-01,5.058454839368735634e-01
6.212809681889999158e-01,5.417005029661483562e-01
7.707700133319999036e-01,5.781174042150004633e-01
9.337069988249999675e-01,6.929214639355152361e-01
8.110550045970000843e-01,8.267277585631862546e-01
6.005529761310000048e-01,7.811882940959147259e-01
1.002521038060000036e+00,6.004769275805558193e-01
8.921650052069998171e-01,8.418244920476292137e-01
9.160850048070000584e-01,7.971800307631302651e-01
7.413420081139999729e-01,7.959017495036208034e-01
9.283249974250000758e-01,6.577637609572482003e-01
6.429409980770000033e-01,7.878984023315422913e-01
9.950090050700001187e-01,6.531197565310449260e-01
6.271365880970000140e-01,8.533570984245099078e-01
1.038689017300000073e+00,6.131165697839061623e-01
6.888009905820000611e-01,8.922836579233015541e-01
5.214130282399999095e-01,6.479493273245651164e-01
6.510270237919999481e-01,5.096105663785385209e-01
1.159701943399999990e+00,6.470829100857327099e-01
6.456400156020000169e-01,9.643967065858357612e-01
1.195862650870000099e+00,6.374817709490037121e-01
1.304703950880000018e+00,1.014811390202050356e+00
8.844429850579998975e-01,1.108978104687072141e+00
7.697709798810000725e-01,8.661367136707207592e-01
7.702100276950000213e-01,7.775946782419244085e-01
6.418280005459999771e-01,7.493344576965405013e-01
8.937159776689999058e-01,5.667055993396667990e-01
5.247250199319999364e-01,8.083393939832710373e-01
5.142210125920000374e-01,5.501064814947614900e-01
7.172748446459999982e-01,5.288897877130679381e-01
6.410769820210000525e-01,6.451045978672867998e-01
4.689820110800000941e-01,6.928384920031878114e-01
1.203750014310000171e+00,5.475485067025008812e-01
7.911959886550000709e-01,1.044112863810903180e+00
1.136301159859999910e+00,7.603629848997270901e-01
8.642929792399999256e-01,9.837343632346985389e-01
8.814030289650001126e-01,8.535007908318525960e-01
5.817409753800000249e-01,8.433485244757753518e-01
8.651199936869999885e-01,6.062034737919311800e-01
9.078124761579999813e-01,7.101548845549510158e-01
7.377740144730000615e-01,7.809006302830336921e-01
1.120375037189999867e+00,6.932075538886519617e-01
9.422479867940000142e-01,9.131750878321009957e-01
1.060060024260000011e+00,7.874405468729330781e-01
7.158420085910000008e-01,8.792829479665098535e-01
4.040209949019999969e-01,6.594111823682458073e-01
2.920779883859999648e-01,4.269753094552115047e-01
6.317924261089999938e-01,3.384516024002771628e-01
1.124665260310000026e+00,5.865295520494379078e-01
1.115690946580000009e+00,9.258428120022622609e-01
1.247418999670000028e+00,9.472185552321111812e-01
6.976169943809999996e-01,1.041735528423274548e+00
3.693974971769999893e+00,6.579946945121705193e-01
8.204839825630000361e-01,2.724456241917704524e+00
8.573070168499999921e-01,1.125605546510955790e+00
6.902359724040000311e-01,1.145133551413606954e+00
8.385969996449998964e-01,9.660235333993343332e-01
1.287726998329999928e+00,8.208193760146383910e-01
9.632229804989999034e-01,9.831548896179010955e-01
1.343299984930000024e+00,9.385138505992728364e-01
7.316169738770000874e-01,1.136395876731426613e+00
6.809219717980000697e-01,7.431032983732165365e-01
7.014784216880000089e-01,6.226697717618028260e-01
6.698030233380000142e-01,6.210922656741268977e-01
1.365643024439999964e+00,6.353692263494586934e-01
9.781420230869999344e-01,1.099148057886991880e+00
6.786789894100000442e-01,8.802540990524054809e-01
5.976330041890000055e-01,6.926903691040489086e-01
8.193774819369999962e-01,6.223735548681150753e-01
7.911109924320000042e-01,7.478846659883118253e-01
1.044147372249999872e+00,7.464386769439872449e-01
1.400015950200000026e+00,9.148382752800764406e-01
8.748620152470000244e-01,1.178903048692727662e+00
6.228179931639999944e-01,8.145405512843577611e-01
7.164059877399998610e-01,6.446830179802960359e-01
6.523500084880000660e-01,6.410162598631927722e-01
9.379299879070001067e-01,6.063588456219255463e-01
5.936999917030000296e-01,8.018031803282267278e-01
5.393440127369999448e-01,5.846055710755213575e-01
9.370089769359999377e-01,5.367644563036567673e-01
8.087720274930000341e-01,8.170308077923544854e-01
5.654280185700000239e-01,7.360975471437187778e-01
6.020820140839999723e-01,5.606273694544078312e-01
1.146679997439999932e+00,5.600097054469006519e-01
9.824249744419999431e-01,9.627933507987033179e-01
5.671510100359999917e-01,8.734891802970524699e-01
7.866399884220000027e-01,5.823518623354709822e-01
7.388439774510000557e-01,6.923705993733401121e-01
6.810299754140000106e-01,6.653169881545686337e-01
7.086979746820000203e-01,6.376554908295218871e-01
6.642330288889999323e-01,6.426881518346915234e-01
5.124790072439999733e-01,6.076777617655807484e-01
6.040380001070000393e-01,5.303802949713071202e-01
6.728799939159999521e-01,5.976863511527298334e-01
8.265414834020000656e-01,6.205484017784673734e-01
4.546860158440000355e-01,7.360851508545483979e-01
5.594509840010000179e-01,4.888569803305836681e-01
1.332218050960000122e-01,5.778959601555299086e-01
1.633069962260000063e-01,2.247586335554221382e-01
1.797860413789999778e-01,2.426372226744713811e-01
5.747918486599999932e-01,2.516105111087090229e-01
8.508148789409999413e-01,5.713023728741103424e-01
8.527640104289999634e-01,7.338016946499977822e-01
1.687628030779999788e+00,7.285532138397534663e-01
2.149522066120000297e+00,1.242594742159089938e+00
8.122850060459999577e-01,1.691651892799093782e+00
1.239639997479999867e+00,8.373772443891975836e-01
2.128437280650000041e+00,1.118113174086191819e+00
2.139239072800000141e+00,1.563953349744084287e+00
9.779880046840000452e-01,1.723248722734300076e+00
6.937779784199998856e-01,9.725258815737211071e-01
7.218790054320000094e-01,7.717816265061828718e-01
7.631160020829999002e-01,6.771685672309131210e-01
8.565329909319999713e-01,6.668663516719616213e-01
1.109338045120000116e+00,7.417693888162876226e-01
6.476340293879999654e-01,9.260288287839238963e-01
9.241870045659998922e-01,6.206347754997865174e-01
7.877320051189998784e-01,8.162458200370535932e-01
1.305567026139999864e+00,7.275126735280699197e-01
9.107710123059999940e-01,1.060391389109239357e+00
8.699640035629999657e-01,8.251320474066674571e-01
5.743020176890000217e-01,8.022731894509953499e-01
8.599532246590000373e-01,5.578655523798463634e-01
4.775849878790000003e-01,7.364826361124360288e-01
1.108017444610000179e+00,5.124481876001210079e-01
1.290724992749999966e+00,9.129235136371836035e-01
8.591579794879999898e-01,1.151397473650557002e+00
3.058980107309999807e-01,8.173434483810669837e-01
9.039019942279999942e-01,4.063856205922510290e-01
6.352750062940000220e-01,7.774853198845916857e-01
1.023422956470000145e+00,5.854209201306508348e-01
6.730669736859999919e-01,8.487241299415493323e-01
8.504790067669999454e-01,6.522533109993403633e-01
5.141969919200000128e-01,7.549343425914619710e-01
1.527956604959999964e+00,5.234978226381602484e-01
4.094385623930000051e+00,1.170935409451333564e+00
9.952359795569999390e-01,3.143117672557219855e+00
8.670449852940000923e-01,1.279136621719796363e+00
1.141056060789999993e+00,1.199459130027506149e+00
1.622257947919999888e+00,1.290459442701725079e+00
1.980204939840000566e+00,1.293750216671802677e+00
1.375547051430000112e+00,1.488470729069976572e+00
1.851865053180000054e+00,1.147496834864056847e+00
1.420923948290000016e+00,1.513984251731769426e+00
1.589177966120000285e+00,1.216288642782057394e+00
1.673199415210000041e+00,1.291633862085636908e+00
2.123934030530000072e+00,1.312372228222894233e+00
1.648401975629999905e+00,1.798884031706990294e+00
1.204741954800000014e+00,1.451782540603653082e+00
7.920839786529999538e-01,1.138391464585042812e+00
1.227027416229999890e+00,7.891785994179801866e-01
1.226951003070000157e+00,9.584462369743147470e-01
1.131343960759999989e+00,1.015243669932288872e+00
1.252465009690000075e+00,9.386261300457285905e-01
1.116891980170000132e+00,9.974727606810669389e-01
1.122387051579999850e+00,9.316627016751912738e-01
1.040153026579999862e+00,9.291647739962966002e-01
8.091310262680000420e-01,8.773329596411559850e-01
7.681059837340000751e-01,7.411596124213970516e-01
7.982919812199998910e-01,7.024307056737340016e-01
7.666722536090000428e-01,6.952872797352994683e-01
1.057360053060000027e+00,6.925326518246782692e-01
8.607699871060000563e-01,8.878730010014784790e-01
1.070777058600000053e+00,7.543318283419593318e-01
5.301510095600000527e-01,8.772218732441452449e-01
6.604189872739999467e-01,5.291862974768943850e-01
9.909179806709998983e-01,6.301838640323387253e-01
3.561530113220000016e-01,8.542378992335148968e-01
9.618239998820000691e-01,4.248945846637687818e-01
1.244829058649999931e+00,8.290028859333206102e-01
8.381230235100001202e-01,9.888811179714753763e-01
9.245989918709998090e-01,7.753139722147478485e-01
8.131660223010001021e-01,8.106888537814898044e-01
1.003061056139999963e+00,7.118454962844179557e-01
8.752340078350000496e-01,8.549283302720060984e-01
7.991399765009998823e-01,7.631959962216353643e-01
8.812961578369999938e-01,7.034424255226072731e-01
1.063080191609999892e+00,7.441471209011768506e-01
9.057049751279999672e-01,8.673683599759065554e-01
6.909559965129999926e-01,8.013907637253461225e-01
1.355970025060000195e+00,6.468620328087786309e-01
7.572399973869999856e-01,1.079401328471399468e+00
2.043754577640000125e+00,7.116050609254637171e-01
8.576130270960000690e-01,1.537319261189706854e+00
2.364957094190000220e+00,8.912751874568630717e-01
4.179231166840000178e+00,1.792142718780792565e+00
2.233561992649999883e+00,2.909176600836906434e+00
8.013390302660000630e-01,1.726211671459922270e+00
8.372840285299999463e-01,8.687402956417812350e-01
8.851529955859999133e-01,8.458785504505857977e-01
9.040349721909999303e-01,6.844671843524556820e-01
1.302939534190000082e+00,7.733900885058407892e-01
7.228699922560000157e-01,1.043928085668357930e+00
8.009120225910000279e-01,6.962527094123754923e-01
1.032919287679999965e+00,7.556117762460610177e-01
1.321628212929999879e+00,8.596922748604969300e-01
9.367759823799999275e-01,1.068903064775269307e+00
7.007700204850000336e-01,8.351554290243374812e-01
7.624319791789999634e-01,7.061114527295313525e-01
1.144938945770000105e+00,7.158708854135955590e-01
7.721610069269999599e-01,9.105393395057137518e-01
8.772150278090000697e-01,7.150994394730453285e-01
1.243505001070000171e+00,7.719284916656127260e-01
6.381840109830000385e-01,9.934612710618797582e-01
7.468199729919999807e-01,7.086261680388227235e-01
6.839929819109999976e-01,7.693603435857043760e-01
1.419505119320000119e+00,6.729167380894789385e-01
6.141470074649999500e-01,1.100924873042199881e+00
7.347676754000000976e-01,6.529458728535938450e-01
6.770560145379999062e-01,7.486890908164212100e-01
1.074026942249999950e+00,6.600683934328404057e-01
6.156389713290000287e-01,8.919515140651017582e-01
9.692379832269999440e-01,5.962629064410503998e-01
9.916120171550001361e-01,8.195832094304313920e-01
8.089560270310000023e-01,8.304430643456509609e-01
2.435143947599999859e+00,7.101880485645374330e-01
8.223479986189999869e-01,1.935943588538437732e+00
5.938220024110000272e-01,9.042290330102361606e-01
5.762249827380000466e-01,7.243216501629448079e-01
4.224239885809999429e-01,6.864350186211390925e-01
6.765879988670000511e-01,3.815082639425438349e-01
5.520349740979999531e-01,6.281336038276246203e-01
9.015229940410001142e-01,5.509511187151530098e-01
7.489960193629999763e-01,7.766969462853788864e-01
8.627583980560000754e-01,6.990749488002614420e-01
9.480749964710000199e-01,7.725605258999654890e-01
1.055613875389999956e+00,8.649240075461971378e-01
1.970020055770000278e+00,8.976947723671652168e-01
9.391199946399999554e-01,1.581307968393929508e+00
1.009042978289999892e+00,9.288056242602795720e-01
7.824029922490001177e-01,9.732644159411734108e-01
1.016265034679999957e+00,7.010968727175242998e-01
8.782749772069999850e-01,8.391973494345763562e-01
7.353619933130000064e-01,7.717387188676729792e-01
1.109990954399999952e+00,6.743585676457957145e-01
7.727199792860000027e-01,9.182248463168886099e-01
1.164981961250000086e+00,6.873400698928677777e-01
7.157210111620000426e-01,9.351114479210133057e-01
1.475479006770000101e+00,6.924334288302369522e-01
8.354520201680000202e-01,1.192308186691906080e+00
7.344660162930000125e-01,7.898379667944068760e-01
7.861927747729999805e-01,7.103465560810307000e-01
1.143465042110000107e+00,6.830016649416096319e-01
9.246990084650000830e-01,9.787689632079326074e-01
2.958764553069999970e+00,8.124927156809013118e-01
2.138324022289999959e+00,2.145795195391551502e+00
2.038712024690000124e+00,1.806883318652198200e+00
1.480209946629999829e+00,1.708897760506884467e+00
9.367650747299998137e-01,1.335314143011980148e+00
1.715939760209999942e+00,8.501027602331638899e-01
1.001402020450000041e+00,1.358852473668126670e+00
8.896229863169999863e-01,9.402723721434508297e-01
7.492939829829999843e-01,8.336565266758093617e-01
1.115183949470000213e+00,6.796839686237624578e-01
9.457820057870001129e-01,9.118317840106037186e-01
6.452180147170000213e-01,8.695219529135930214e-01
1.164842009540000056e+00,6.657440515862760311e-01
1.244351029399999975e+00,9.487574861198556642e-01
9.045109748840000075e-01,1.000970429243967619e+00
5.575259923929999362e-01,7.971916135818667426e-01
5.778343677520000332e-01,5.827698953841872198e-01
7.199835777280000348e-01,6.035127436934195622e-01
7.607790231700000128e-01,7.184509327189320116e-01
5.404400229450000426e-01,7.399953259514712167e-01
8.009672760959999360e-01,5.755839678621469391e-01
7.710149884220000027e-01,7.419647952071083408e-01
6.709719896319999988e-01,7.574795572459588344e-01
2.768970489500000021e+00,6.774804511292759068e-01
3.086133003230000060e+00,2.118362907704129938e+00
1.116358041760000086e+00,2.499064078212906992e+00
1.018260955809999979e+00,1.230006661783141553e+00
7.442610263819999794e-01,1.199214119437765902e+00
1.114386796949999869e+00,9.003568827099729388e-01
1.380516409870000238e+00,1.012045810497359755e+00
1.229098439219999950e+00,1.214381813828244949e+00
1.573238968849999919e+00,1.139241603571266026e+00
1.245597958560000107e+00,1.375322404761800676e+00
8.298619985580000247e-01,1.160681519144377782e+00
5.376980304720000436e-01,8.877484592812752151e-01
8.593800067899999284e-01,6.039849684896614335e-01
7.949647903440000274e-01,7.688975677458190772e-01
8.122889995569999577e-01,7.242048666813549751e-01
1.209460973739999945e+00,7.875150490503569634e-01
1.043611049649999956e+00,1.001493181416362122e+00
9.914460182190000248e-01,8.910867450360716591e-01
1.377645969390000058e+00,8.597608396967583166e-01
7.495359778399999229e-01,1.096994880211181966e+00
7.549669742579999676e-01,7.183955784489444163e-01
8.522210121150000095e-01,7.162526306487561056e-01
1.312628030780000010e+00,7.513957347903356121e-01
9.499999880790001017e-01,1.067479427720900764e+00
8.433979749680000637e-01,8.601190712627021506e-01
6.329939961430000039e-01,7.716760762000666185e-01
6.848490238189999246e-01,6.119641901780472626e-01
8.296039700509999504e-01,6.669192853013824474e-01
1.117776036259999994e+00,7.411515677673915503e-01
1.060515046120000138e+00,1.000685304058160252e+00
9.966710209849999336e-01,9.737882803083870442e-01
6.726049780850000825e-01,8.967704475228222005e-01
8.499810099600000335e-01,6.078245497674911180e-01
7.929700016980000266e-01,7.743954394875887104e-01
7.509549856190000927e-01,7.234876168932428131e-01
9.556260704989999466e-01,6.867167105207891975e-01
6.085839867589999397e-01,8.003595250258105365e-01
7.782499790189999489e-01,5.881847429686434259e-01
5.098140239720000411e-01,7.149295353887544779e-01
6.364319920540000286e-01,5.330250690438228522e-01
6.015599966049999248e-01,6.234073657472208874e-01
6.556333899499999784e-01,5.770803354967292131e-01
6.385549902920000243e-01,6.292558100618665939e-01
8.762890100480000832e-01,6.390800791603560294e-01
7.967479825020000739e-01,7.965399034001227063e-01
6.824830174449999509e-01,7.379479974580578361e-01
8.025500178340000401e-01,6.615303505949055030e-01
7.950311899190000142e-01,7.218889476044793030e-01
1.584897041320000088e+00,7.256740238416894417e-01
1.017485976220000143e+00,1.298156889793153912e+00
9.177780151369999695e-01,9.189811371886135172e-01
1.230221033100000083e+00,8.384551830597385402e-01
1.027899026870000121e+00,1.064254896057879041e+00
9.125559926030000213e-01,9.169244794873739890e-01
7.935979962350000472e-01,8.310531808204552062e-01
1.030437946320000187e+00,7.565365667990237020e-01
5.325379967690000438e-01,8.931911469332628473e-01
6.127780079839999505e-01,5.718109322639899350e-01
8.741289973260000234e-01,6.209873814385742374e-01
3.667230010029999820e-01,7.626384345864359871e-01
7.391750216480000857e-01,4.338058924863519294e-01
5.604230165479999748e-01,6.973096394174236323e-01
7.758178114889999755e-01,5.665590962196281888e-01
8.102909922600001202e-01,7.080364480715628517e-01
6.437510252000000488e-01,7.623202125708933297e-01
7.236457467079999706e-01,6.472583439745472900e-01
9.113870263100001257e-01,7.070485345262474963e-01
6.627830266949999993e-01,8.610629870369588268e-01
1.002035975460000117e+00,7.043024088407762173e-01
8.224419951440000709e-01,9.372884547635340624e-01
1.030576944350000135e+00,8.659765183707506253e-01
6.781139969830000114e-01,9.526977058976249246e-01
5.333459973340000104e-01,7.070271129470688809e-01
3.209959864620000047e-01,5.247759640411795434e-01
7.608630061149999069e-01,4.089693564642582491e-01
7.439860105509998878e-01,7.092184375647656580e-01
5.468400120740000148e-01,6.821369398828126540e-01
7.004669904709999173e-01,5.478133162503759923e-01
8.356525897980000561e-01,6.500823262879119602e-01
1.274258971210000091e+00,7.428198513315371621e-01
8.934450149539999719e-01,1.131975080703218950e+00
6.211659908290000365e-01,8.801207589363646555e-01
7.900159955019999680e-01,6.734206402620706022e-01
1.067494988440000014e+00,7.446102730867505404e-01
6.698009967800000464e-01,9.701372693846811446e-01
1.265694975850000015e+00,6.990057964983313887e-01
6.380620002750000408e-01,1.068713761716682420e+00
9.348030090330000652e-01,6.472021079188947645e-01
8.006410002709999363e-01,8.557219462724193759e-01
1.085708975790000030e+00,7.192085101293721472e-01
3.527039885520000251e-01,9.508235304526855280e-01
5.883709788319999578e-01,4.390021072231852783e-01
4.875420033929999120e-01,6.256452256614614127e-01
4.636880159380000199e-01,4.840410645561661895e-01
3.637039959430000136e-01,4.947535088795455560e-01
8.750243186949999696e-01,4.128547910844589941e-01
6.435279846190000708e-01,7.555338631563297547e-01
4.834130108360000233e-01,6.696109380096958441e-01
2.120890021319999930e-01,5.283151847012609315e-01
4.560469985010000560e-01,3.201312792382737249e-01
4.367910027499999903e-01,4.929223281986756522e-01
7.238804101939999569e-01,4.674774520989821158e-01
5.560690164570000205e-01,6.745676476732445082e-01
4.748429954049999679e-01,5.876829053563605854e-01
2.674640119080000100e-01,5.165884385491968933e-01
9.588437080380001198e-01,3.271795707362299410e-01
7.868980169300000549e-01,8.436261264726507836e-01
1.794360995290000149e+00,7.393856711427305717e-01
1.337677955630000026e+00,1.386650725167132281e+00
1.210453987120000185e+00,1.112909433637795598e+00
5.654799938200000264e-01,1.025591950248144757e+00
4.008429944520000565e-01,5.975499818606998526e-01
2.727654874320000200e-01,4.273418838098185790e-01
5.836449861529999783e-01,3.205094866797257303e-01
8.533802628519999711e-01,5.878683887014390930e-01
8.660610318179999823e-01,7.380673847633053564e-01
1.158349990839999899e+00,7.479785250578385725e-01
7.764859795569999390e-01,9.534344533010291611e-01
1.068807005880000105e+00,7.167685609868572616e-01
5.888479948040000744e-01,8.871811639447723108e-01
1.588868498799999918e+00,5.957242049354692925e-01
4.327859878540000205e-01,1.316971924805665939e+00
3.996030092239999942e-01,6.067954583034013138e-01
5.545349717140000134e-01,5.993086550463745388e-01
6.221979856490000849e-01,6.539316720808011629e-01
1.149551987649999996e+00,5.588353981408741289e-01
1.121260046960000034e+00,9.700579685418465603e-01
9.776459932329999436e-01,9.226903008027965702e-01
1.732741951940000025e+00,8.191067417671367146e-01
2.302707910540000125e+00,1.343547189891157956e+00
1.053477048870000043e+00,1.696069705050491372e+00
7.962800264360000435e-01,9.606324003286559332e-01
5.203329920770000117e-01,7.947818450606534135e-01
6.104800105090000262e-01,5.704646947274670810e-01
4.453057944770000276e-01,5.505982865744029064e-01
6.522138714790000069e-01,4.531504411044363634e-01
1.175541162490000069e+00,6.220608423964402167e-01
1.032202124599999937e+00,1.012236878850478750e+00
7.193930149079998948e-01,9.313032383923923740e-01
8.200139999390000378e-01,7.398756118092788547e-01
9.497330188750000568e-01,7.933757406097460274e-01
1.039114952089999822e+00,8.906747654482466414e-01
5.883830189700000046e-01,9.237220652982832680e-01
9.508559703829998488e-01,6.010886483814902315e-01
5.277600288389999728e-01,8.256478249195469132e-01
7.736063003540000205e-01,5.520410817805099235e-01
9.703559875489998765e-01,7.062209031458261954e-01
1.383889913560000018e+00,8.657860021560708219e-01
7.795230150220000542e-01,1.099827391284420974e+00
6.069999933240000090e-01,8.166473179879594202e-01
4.660570025440000097e-01,7.095155774242696278e-01
9.455270171170000459e-01,5.706744117817067474e-01
6.238729953770000280e-01,8.137399083166636515e-01
3.923240005969999555e-01,5.762218073740710267e-01
5.156549811360000568e-01,4.568783700874262110e-01
9.679385423660000765e-01,5.249775739429227706e-01
1.356565952299999989e+00,7.940234411529799585e-01
9.072690010070000310e-01,1.121123752761444159e+00
8.162760138510000152e-01,8.095004286051268316e-01
2.479866981509999846e+00,7.440966709749838870e-01
1.133080005649999888e+00,1.865692794107617569e+00
1.045583963389999926e+00,1.103160172467545053e+00
8.474370241169999485e-01,1.029786054772775294e+00
1.536522984499999911e+00,8.520664963471329401e-01
9.008989930149998715e-01,1.243040099802970921e+00
4.812009930610000596e-01,8.625957521282429097e-01
8.572540283199999722e-01,5.818953544032693381e-01
8.617479801180000232e-01,7.779703334016642158e-01
1.008694052699999899e+00,7.780871762765009247e-01
1.127727031710000105e+00,8.698003950477706248e-01
7.795569896699999779e-01,9.207312833061681578e-01
9.895502924920001053e-01,7.133632155698137467e-01
8.363329768179998958e-01,8.382098929159769174e-01
9.099559783939998869e-01,7.703837989113803131e-01
5.511059761050000061e-01,8.008084780261293112e-01
1.239764332770000088e+00,5.430763294341802716e-01
1.211838960649999963e+00,9.980790740916062331e-01
1.379981994630000042e+00,1.020259560332212656e+00
1.148460984229999982e+00,1.112378948686133517e+00
7.663900256160000035e-01,1.013051775837539692e+00
9.660840034479999394e-01,7.635845897971942353e-01
8.156750202179999798e-01,8.435718273396634048e-01
1.142272949220000111e+00,7.120979785649360627e-01
1.299479961400000105e+00,9.466227603788258671e-01
8.583310246469999516e-01,1.058325555103287074e+00
7.149469852449999996e-01,7.749263820326315333e-01
8.764400482179999230e-01,6.819983456008049671e-01
8.305460214609999836e-01,7.355076466017277381e-01
8.535240292550000385e-01,7.475144008179369637e-01
9.092410206789999227e-01,7.534496981808145311e-01
5.202720165249999917e-01,7.748435857378263014e-01
7.411040067669999454e-01,5.188332533914236100e-01
5.853319764140000325e-01,6.927758601939223437e-01
5.047770142559999673e-01,5.771351525238356261e-01
5.519493222240000607e-01,5.143781218838312519e-01
9.697520136830000137e-01,5.342433200770950741e-01
1.116515994070000017e+00,8.386233625972373540e-01
1.049844980239999837e+00,9.306227853081558976e-01
6.342629790310000404e-01,8.842259262884940574e-01
5.644329786300000817e-01,6.204273332117599127e-01
9.184709787370000100e-01,5.689079482219752126e-01
9.593539834020000656e-01,7.717884247593971292e-01
5.984159708020000412e-01,8.356837843042611569e-01
9.383450150489999197e-01,5.908259604206821392e-01
4.542250037189999867e-01,8.099799220931702681e-01
7.079470157619999204e-01,4.892385236872654475e-01
3.876500129699999575e-01,6.660389199279861394e-01
4.484339952470000057e-01,4.065927891027939500e-01
8.405709862710000202e-01,4.688143949935944521e-01
5.337110161779999862e-01,7.373621159383419998e-01
7.211350202559999589e-01,5.344400646602658345e-01
5.215386152269999576e-01,6.564113455700544275e-01
7.050759792330000275e-01,5.022121855130911028e-01
6.405649781229999506e-01,6.769241523117226489e-01
5.168589949609999623e-01,5.971454031585885502e-01
1.660409450529999997e+00,5.307096243038967875e-01
2.465307950970000217e+00,1.271571988338105141e+00
1.622156023979999917e+00,1.835578607584982036e+00
1.866270065310000170e+00,1.312493083286110140e+00
3.623536109919999415e+00,1.452944040546265692e+00
7.948709726329999947e-01,2.597221929344088132e+00
9.065989851950000400e-01,9.697025493236219873e-01
8.571879863740000660e-01,1.072688254017900800e+00
7.756379842759999477e-01,9.961389548500722002e-01
7.006700038909999817e-01,7.417020154150315570e-01
6.443409919740000769e-01,6.482565184713993123e-01
7.579550147059999077e-01,6.199257738401652285e-01
5.499600172040000068e-01,6.734560584101210168e-01
4.964669942859999408e-01,5.394781422861175679e-01
1.367677569390000070e+00,5.201046853239154055e-01
1.397894024850000250e+00,1.082402113899376683e+00
8.148130178450000427e-01,1.315336642420802393e+00
1.278898954390000009e+00,9.230968022295400477e-01
8.623980283740000363e-01,1.243530179830455884e+00
1.093865990639999897e+00,8.342625669269024824e-01
8.134710192680000285e-01,8.861769376916470708e-01
1.466687083240000078e+00,7.477190658820987990e-01
9.060310125349999577e-01,1.177902972421925210e+00
7.652140259739999006e-01,9.197371703895995676e-01
1.311033964160000176e+00,8.102071175530531910e-01
7.892500162119999718e-01,1.113068209921519003e+00
1.474902033810000068e+00,7.450300538539322837e-01
9.167850017550001063e-01,1.191896693199344659e+00
1.186140060420000086e+00,8.787551151611524558e-01
1.411391973500000008e+00,1.029764196550449817e+00
2.092472076419999993e+00,1.107549042048037169e+00
7.189220190049999681e-01,1.579680840210788473e+00
1.301861047739999888e+00,7.188378111350877120e-01
1.268974781040000055e+00,1.119884725856180596e+00
1.221997022629999874e+00,1.020386308684136045e+00
9.061110019680000960e-01,1.068434919491133339e+00
1.078873991970000112e+00,8.591185803570140500e-01
1.028025031089999874e+00,9.485051398956068081e-01
7.863690257070000689e-01,8.564145363139422651e-01
1.276852965350000035e+00,7.268621041580850539e-01
7.093420028689999546e-01,1.025840303996101044e+00
5.201929807659999572e-01,6.691808755983232881e-01
5.645610094070000473e-01,5.294118908658653755e-01
9.855200052259999177e-01,5.503858363129690012e-01
1.092841982840000004e+00,8.147040897172960205e-01
4.786899983879999709e-01,9.441788753824144065e-01
3.955059945579999514e-01,5.428798498033606812e-01
1.850703001020000071e+00,4.885554699138811574e-01
1.195796012879999815e+00,1.464984752124970591e+00
1.702510833739999896e+00,1.077494699217938168e+00
2.998351097109999586e+00,1.364981840653308742e+00
2.407080888749999925e+00,2.201491489830910364e+00
2.585943937299999718e+00,1.845603126986838483e+00
2.233839035029999920e+00,1.958241661616774376e+00
1.655773043629999997e+00,1.780442077336801043e+00
1.430611014370000156e+00,1.422285331516868645e+00
8.921740055079999676e-01,1.244939189286473180e+00
1.231696963309999893e+00,7.763553721305395117e-01
8.955079913140001624e-01,1.010513470163047378e+00
1.602033019070000064e+00,8.022265504257737323e-01
1.585399031639999956e+00,1.296819617152411341e+00
1.232059955600000034e+00,1.277279734309643366e+00
1.210371017459999976e+00,1.053781733051488478e+00
1.242141008379999967e+00,1.004794512958250063e+00
9.857040047650000858e-01,1.032306694377586709e+00
7.289689779279999726e-01,8.722393182932176581e-01
6.761519908910000876e-01,6.863555529040283876e-01
1.071573019029999907e+00,6.630700823102622099e-01
9.457439780239998983e-01,9.301748126004746320e-01
4.376370012759999706e-01,8.548531531399097272e-01
5.141820311550000522e-01,5.200371913342327623e-01
3.387190103530000052e-01,5.887017698712454505e-01
7.144280076029999593e-01,4.029882144303108538e-01
4.996199905870000180e-01,6.946933600125152486e-01
7.917379736899999854e-01,5.592632363913292437e-01
8.646243214609999894e-01,7.421016290196306153e-01
6.024960279459999901e-01,7.414757353462345657e-01
1.260069966320000123e+00,6.104799915036568381e-01
1.012339949610000067e+00,1.047601298433175288e+00
1.004528999329999950e+00,8.971255605367233210e-01
6.310235261919999727e-01,8.697667904762931279e-01
1.141221046449999887e+00,6.125159582275074843e-01
5.426099896430000014e-01,1.023505417609336998e+00
8.547459840769999762e-01,6.042745443613192213e-01
7.744219899179999311e-01,8.111684063968430669e-01
3.084340095520000102e-01,7.098374167343648455e-01
8.376209735870000506e-01,4.192932480406277307e-01
7.293469905850000767e-01,7.852846763315999290e-01
7.503905892370000830e-01,6.703955533060620420e-01
1.134822010990000019e+00,6.976202870642812526e-01
1.614240050320000064e+00,9.973863388278800812e-01
1.244793057440000128e+00,1.302230124349045060e+00
7.141630053519999466e-01,1.092405302138771406e+00
7.293040156360000026e-01,7.484928017398490008e-01
6.486989855770000091e-01,6.826603001237078194e-01
3.427990078929999962e-01,6.702591439790965833e-01
3.861860036850000011e-01,4.371944815188161249e-01
6.366299986840000535e-01,4.659293990989122336e-01
3.990480005740000280e-01,6.116994808459917943e-01
4.178859889509999870e-01,4.653070226850913871e-01
1.103790521619999909e+00,4.669049009915053339e-01
6.956189870829999622e-01,9.122162097822308358e-01
8.070139884950000564e-01,6.932696858825393438e-01
5.947690010070000310e-01,7.472024771821688116e-01
1.107607960700000005e+00,5.802442262670225448e-01
9.713580012320000012e-01,9.606147629410662914e-01
7.170349955560000321e-01,8.612598987185037247e-01
6.764810085300000386e-01,6.912632905258944138e-01
1.687772989270000190e+00,6.176634388783998064e-01
9.907569885250000485e-01,1.331985586822138856e+00
8.082039952280000161e-01,8.966987307357172643e-01
1.087718963619999979e+00,7.671344382494118541e-01
1.564818024639999861e+00,9.260898817560302421e-01
6.673809885979999912e-01,1.250243137944108129e+00
1.256489992140000123e+00,6.870946487289535387e-01
1.091886043549999963e+00,1.081155105976472797e+00
7.375509738919999725e-01,9.742543775387806360e-01
6.224380135540000802e-01,7.102882163140232796e-01
8.364729881290000613e-01,5.808870629883697845e-01
5.774260163309999916e-01,7.680066580442339585e-01
1.015761017800000054e+00,5.796570108181446912e-01
1.106158971790000001e+00,9.021487610744676200e-01
6.945540308949998964e-01,9.365991386435186250e-01
1.130903959270000092e+00,6.558538464378398380e-01
9.518219828609999489e-01,9.827035132558281649e-01
7.524570226669999862e-01,8.672871990062007708e-01
5.585229992869999993e-01,7.263238137328530408e-01
1.415836334229999771e+00,5.436183603874469306e-01
1.855298042299999839e+00,1.121827700392610483e+00
7.845479845999999702e-01,1.624207949933448969e+00
8.210539817810000862e-01,9.217632115235627754e-01
5.835890173909999978e-01,9.369729961881801961e-01
8.359720110889999889e-01,6.678345117324345770e-01
2.184663057329999880e+00,7.413917593207381973e-01
6.805480122570000123e-01,1.678081819202053682e+00
1.238904953000000031e+00,7.696104084043888793e-01
1.030328035349999949e+00,1.131469338612506315e+00
7.914109826090000022e-01,1.014394577437188971e+00
8.423720002169999832e-01,8.504891858323121445e-01
4.464710056780000769e-01,8.559202208761002018e-01
5.589337944979999584e-01,4.496070631427213637e-01
7.099329829220000221e-01,5.299508993596165896e-01
7.334340214730000751e-01,6.688355249459465579e-01
7.833399772640000647e-01,6.610020238500095013e-01
8.426809906959999985e-01,7.244421748262557248e-01
1.099761009220000085e+00,7.629566463249071173e-01
8.706315755840000614e-01,8.881203227064845551e-01
5.862460136410000411e-01,7.469647743559810760e-01
8.863990306849999223e-01,5.805551855961104124e-01
1.019399046900000050e+00,7.778099310700513636e-01
8.493610024450000129e-01,8.943166301284711794e-01
1.010666966439999870e+00,8.065769015520092289e-01
1.331516027449999973e+00,8.881213072290737864e-01
1.215008974079999859e+00,1.053642760986161608e+00
1.645591020579999952e+00,9.887206058892371585e-01
9.708780050280000351e-01,1.301894579391289497e+00
1.411272048950000135e+00,8.922283265893538040e-01
7.953929901119999313e-01,1.135406064333948084e+00
1.046331048010000098e+00,7.786365524974565577e-01
8.879339694979999642e-01,9.503588677992906852e-01
8.349300026890000836e-01,8.167882171850637807e-01
9.847199916839999290e-01,7.465140824697720223e-01
1.090394020079999970e+00,8.551267738286378872e-01
4.901649951929999416e-01,9.075577367576107557e-01
6.141669750209999279e-01,5.522302808841642596e-01
6.314740180969999894e-01,6.415923883902171498e-01
8.252440094949999860e-01,6.178096710566632899e-01
1.051450967789999913e+00,7.467192999122261865e-01
1.047114968300000060e+00,9.134714085729046529e-01
3.921430110930000379e-01,9.189372921146315987e-01
4.695149958129999912e-01,4.749116635229047589e-01
7.720900177959999500e-01,5.322450598726311544e-01
7.520099878309999264e-01,7.094517499330679211e-01
6.877393722529999698e-01,7.176211503987712792e-01
6.718119978899999012e-01,6.327201129737044516e-01
1.185933232310000029e+00,6.620342037712548811e-01
6.571980118750000432e-01,9.706358497138481978e-01
8.213180303569999063e-01,6.483880204414786963e-01
7.795739769939998842e-01,7.569238445595957154e-01
1.030122995379999962e+00,7.070507469395794775e-01
6.211889982220000217e-01,8.792124321490866201e-01
8.660820126530001106e-01,6.176407773067676965e-01
9.608931541439998947e-01,7.730232049304224251e-01
6.760399937630000577e-01,8.195502249258804772e-01
7.402380108830000083e-01,6.584638025045426168e-01
5.984709858890000511e-01,6.928290440823414720e-01
6.151059865950000427e-01,5.828343052720735828e-01
9.358735680580000382e-01,5.982194510454997838e-01
5.818247795100000008e-01,8.146693666085190744e-01
7.156659960750000327e-01,5.705647940443749899e-01
6.529520154000000298e-01,6.902758443858602044e-01
9.700022935870000751e-01,6.456827231099750986e-01
7.834500074390000623e-01,8.301951737187718283e-01
7.448130249979999506e-01,7.357959153881337144e-01
8.276180028919999376e-01,7.251932432382752758e-01
8.943400979040000420e-01,7.472687231428960519e-01
2.505017042159999985e+00,7.484967912563497139e-01
1.620712041850000062e+00,2.037676944146396441e+00
1.417585968970000110e+00,1.414114488314029083e+00
1.049872040749999957e+00,1.283896068354408060e+00
1.226507544519999993e+00,9.344464716258454873e-01
1.043179035189999881e+00,9.312834902847453300e-01
9.694439768789999690e-01,8.942251047901274008e-01
8.192250132559999454e-01,8.389106830886762234e-01
8.129550218580000598e-01,7.478913281118841905e-01
6.712080240250000163e-01,7.347965904977653562e-01
5.289899706839999993e-01,6.443164843798151464e-01
3.461930155749999849e-01,5.234317852247055702e-01
4.789490103719999947e-01,4.024109175293249518e-01
1.153810977940000093e+00,4.943352511549258255e-01
9.671270251270001062e-01,9.380712133965107835e-01
7.845839858059999727e-01,8.372060842555202331e-01
4.701859951020000428e-01,7.210050474114585439e-01
5.632782578470000301e-01,4.929152795891482142e-01
2.416239976880000528e-01,5.352104955772928330e-01
2.709859907630000064e-01,3.318140137205108919e-01
1.994680017229999991e-01,3.614780298010454862e-01
1.327169984580000017e-01,2.906995605839703956e-01
4.732620120049999546e-01,2.210397185138945619e-01
6.585559844969999244e-01,4.725473951199646860e-01
9.621880054470001165e-01,6.469189364385050656e-01
5.111979842189999790e-01,8.083731284930767425e-01
9.829789996150001263e-01,5.206489197812580461e-01
9.100099802019999684e-01,8.314180670587690836e-01
1.026576042179999870e+00,8.219958587228374247e-01
8.309389948840000262e-01,8.788496078963334845e-01
9.651920199390001676e-01,7.485888437713049681e-01
1.000543951989999902e+00,8.206901421555137244e-01
1.983185052870000131e+00,8.111789259690991294e-01
1.274855017659999978e+00,1.458999498505982206e+00
1.286525964740000028e+00,1.126584043313826777e+00
1.382244944570000245e+00,1.119124985978621645e+00
1.736924052240000016e+00,1.135270388369515659e+00
1.257668018339999971e+00,1.435797034353466506e+00
7.533379793170000838e-01,1.105674217357208056e+00
1.084908962249999886e+00,7.675635649760365053e-01
1.062494039539999990e+00,9.189767853201077363e-01
7.787629961969999570e-01,9.078395498255725782e-01
8.256469964979999965e-01,7.198567215807005759e-01
9.891830086709999525e-01,7.271079459636887732e-01
1.418092012410000047e+00,8.324719811050348417e-01
1.151677966120000063e+00,1.126598145967974807e+00
1.250364065170000094e+00,9.689547271436709241e-01
8.794019818310000458e-01,1.013444028249994799e+00
1.089423060420000144e+00,7.795232374943831255e-01
1.809062957759999701e+00,9.118840942932086024e-01
8.687390089040000207e-01,1.423320745510369134e+00
8.521729707719999380e-01,8.120752924266571027e-01
1.307837963100000112e+00,8.021780836230388845e-01
1.262575984000000151e+00,1.037020629869645827e+00
7.601559758189999627e-01,1.044987217836939264e+00
1.069887042049999959e+00,7.151914969814578971e-01
8.579840064049999437e-01,8.889049114489460113e-01
1.149323940279999956e+00,8.179680227135083248e-01
1.067142963410000034e+00,9.792606954214800874e-01
7.400619983670000401e-01,8.924545524473116442e-01
6.799880266190000411e-01,6.774179587208408737e-01
7.323921322820000634e-01,6.382814430979124598e-01
8.352749943730000126e-01,6.446934368721728426e-01
6.000829935070000065e-01,7.436838610357522361e-01
1.010563969610000168e+00,5.745527145323943152e-01
7.613970041280000434e-01,8.530557899478167228e-01
7.260069847110000030e-01,7.125447763532956058e-01
1.064324021340000037e+00,6.860364465271203693e-01
5.901079773899998715e-01,8.919985761248243605e-01
7.744659781460000447e-01,5.901996210684790078e-01
7.406870126719998781e-01,7.357555934845686485e-01
8.908360004430001533e-01,6.825214856653213369e-01
7.620100975040000613e-01,7.748971137105623574e-01
7.774500250820000069e-01,6.799273659030661277e-01
5.811070203779999943e-01,7.428999299347210927e-01
7.908779978749999051e-01,5.955236509838447434e-01
8.903719782829999652e-01,6.954661276350394550e-01
7.882059812549999656e-01,7.707999922316480790e-01
7.301949858670000459e-01,6.981626173909269983e-01
9.248933196070000529e-01,6.661510197155938728e-01
1.265586972239999941e+00,7.807034145820258564e-01
7.884140014650000694e-01,1.051024208360131329e+00
9.180610179899999501e-01,7.310157388593711003e-01
6.569269895549999516e-01,7.988470464066685928e-01
8.252680301670000107e-01,6.315356650614474265e-01
4.257229864599999525e-01,7.457474775715364768e-01
9.114630222319999309e-01,4.860581108000031070e-01
7.238519787790000937e-01,8.047167960608250237e-01
9.657319784160000031e-01,6.727753991738550932e-01
7.194200158119999911e-01,8.517620551051543476e-01
7.146480083470000411e-01,6.990460972007652707e-01
6.188799738879999790e-01,6.902683776191121945e-01
8.502969741820000094e-01,5.764471068613854499e-01
6.113014817240000065e-01,7.456182938201859622e-01
8.405809998509999881e-01,5.694664221841242435e-01
5.909900069240000553e-01,7.591110740053536032e-01
1.191807866100000002e+00,5.874481945414169459e-01
1.072478055950000009e+00,9.741017787881314227e-01
7.976800203319999172e-01,9.799518476238351372e-01
7.140370011329999489e-01,7.711660703879535950e-01
8.885610103609999921e-01,6.994776342220695442e-01
7.367290258409999737e-01,7.490951378734533872e-01
9.655410051350000744e-01,6.703689823383595092e-01
8.569459915160000385e-01,8.201874471868827454e-01
5.838339924809999859e-01,7.660686488810672934e-01
3.047562122340000457e+00,5.766678891803406204e-01
8.865389823909999301e-01,2.471653181048938386e+00
1.186460971829999878e+00,1.279155084824579180e+00
8.750730156899999557e-01,1.524270953534760276e+00
1.111973047260000014e+00,1.173293911878463991e+00
6.929270029070000447e-01,8.955094248758895814e-01
5.632749795910000357e-01,7.101989528833270171e-01
5.519689917560000048e-01,6.445927212402675632e-01
9.211350083349998386e-01,5.909137216909537971e-01
5.465030074119999748e-01,7.916324033685638861e-01
9.997850060459999577e-01,5.571362100272277962e-01
7.512239813800000166e-01,8.585035682720196792e-01
8.402569890019999654e-01,7.316442755993426417e-01
7.843149900439999600e-01,7.670079968027240236e-01
5.915480256080000165e-01,7.257707154983736864e-01
6.109840273859999948e-01,5.933467555109332991e-01
9.328789710999999540e-01,5.823962681237390138e-01
7.992020249369999885e-01,7.986321408689401879e-01
9.833549857140000405e-01,7.423427783989784423e-01
5.405290126799999761e-01,8.506769503715633229e-01
1.093670010570000128e+00,5.338461372061100718e-01
9.266330003740002041e-01,9.217404100522418320e-01
7.972419857979999858e-01,8.237198274363580763e-01
5.896059870719999596e-01,7.192337665065074992e-01
7.799540162090000672e-01,5.604639720959586624e-01
5.182790160179999717e-01,6.909645821300878232e-01
7.263879776000000676e-01,5.311652034859550842e-01
6.216366887090000182e-01,6.663214390084367666e-01
8.810679912569999717e-01,5.832165556987826127e-01
7.315016984940000411e-01,7.796383795402298533e-01
9.703850150110000516e-01,6.907329460119132625e-01
8.715350031849999901e-01,8.385358717825409647e-01
5.505740046500000595e-01,7.667348244487636189e-01
2.576299905780000121e-01,5.611106331427253568e-01
6.952109932899999123e-01,3.443224854192700746e-01
3.547430038449999601e-01,6.664044586208414112e-01
1.308350920679999918e+00,4.564162036611824624e-01
1.424710035319999957e+00,1.075443160647926222e+00
2.422243118290000385e+00,1.147744625891192305e+00
1.588093161580000023e+00,1.764795316976472961e+00
2.882889986040000352e+00,1.310538751279568981e+00
1.510810017590000109e+00,2.206081702109433440e+00
5.103110075000000245e-01,1.346028226473395595e+00
6.637499928469999810e-01,6.656801906942897418e-01
5.865659713749999948e-01,7.113204872745707563e-01
9.182999730109998593e-01,5.451739181161048275e-01
1.126363039020000123e+00,8.010699149060307445e-01
9.455379843710000065e-01,9.329649103661846743e-01
7.979699969290000583e-01,8.271870546759430010e-01
8.895260095600000527e-01,7.512463994863134431e-01
5.017459988589999531e-01,8.035385198804620988e-01
7.889080047609999813e-01,5.620454174969035099e-01
5.571460127830000220e-01,7.438553182766757255e-01
8.079270124439998924e-01,5.367890370288467272e-01
7.382910251620000697e-01,7.255386456616811364e-01
6.742079854009999096e-01,6.807563481477576506e-01
8.787713646889999675e-01,6.363678101434089296e-01
7.401880025859999268e-01,7.587328692325714385e-01
8.886500000949999478e-01,6.913890987270968624e-01
7.983270287510000340e-01,7.784049121232686774e-01
5.137799978260000344e-01,7.252417233096274396e-01
7.760372757910000141e-01,5.452289385607577143e-01
8.528280258179999906e-01,7.047326395367961016e-01
7.851629853249999513e-01,8.045094410533087936e-01
8.431609868999999646e-01,7.368963708155473746e-01
1.024798870089999925e+00,7.577641222570932200e-01
8.044279813770001120e-01,8.665050416600056371e-01
8.841310143469999216e-01,7.460852876146571999e-01
3.615649938579999501e-01,7.979983773716881057e-01
1.171491026879999842e+00,4.069057840305766449e-01
4.477910101410000343e-01,9.751937497126581533e-01
7.665730118750000432e-01,5.160454619444826418e-01
7.735599875449999940e-01,7.170392037893041914e-01
1.054823040959999902e+00,6.943419390008663816e-01
7.843300104139999673e-01,8.982314208855255444e-01
1.034250974660000155e+00,7.208616547480348746e-01
1.096979022029999973e+00,8.592079694981838989e-01
7.633029818529999400e-01,9.062393889095126109e-01
5.883730053899999257e-01,7.050681881542116836e-01
6.365630030629999547e-01,5.816927372416740294e-01
5.750700235369999858e-01,5.911464601150415721e-01
5.399640202519999654e-01,5.546856427736702733e-01
1.324671149250000068e+00,5.288061060402142743e-01
8.178460001949999780e-01,1.057169532672062040e+00
6.359609961509999909e-01,7.770901910736104368e-01
8.135920166969999867e-01,6.696079092932898380e-01
9.872140288350000903e-01,7.433253529194743248e-01
9.839289784429998686e-01,8.284941731809620791e-01
5.904790163040000150e-01,8.353336248674246844e-01
8.986790180209999201e-01,5.873856360176858971e-01
6.268000006680000125e-01,7.736424887894595148e-01
6.926850080490000172e-01,5.899628914486089171e-01
5.757049918169999669e-01,6.427293634091244545e-01
6.764680147170000213e-01,5.650989640262807923e-01
8.279470205309999997e-01,6.162723148117086325e-01
6.547859907149999881e-01,7.382932474696494163e-01
1.085815548900000094e+00,6.155070286451571615e-01
8.509550094600001335e-01,8.940765382890960566e-01
8.879359960559999321e-01,7.602199607979513996e-01
6.557850241659999302e-01,7.717151352491826710e-01
6.597809791559999804e-01,6.297979385362088012e-01
8.856279850010000398e-01,6.252096989106438185e-01
7.502999901769999980e-01,7.723712827153504934e-01
9.303160309790000637e-01,6.869558296621818272e-01
7.259460091590000941e-01,7.872918370094565965e-01
7.123904824259998936e-01,6.870361512637204182e-01
9.326570034029998402e-01,6.681184143858232005e-01
6.544970273969999974e-01,8.193319313611551191e-01
4.987269937989999846e-01,6.652531340059029130e-01
9.782410264020000579e-01,5.470058371221193649e-01
5.593240261080000275e-01,8.279728527767331592e-01
8.733990192409999409e-01,5.669679199994811514e-01
6.232500076290000690e-01,7.741308807963044325e-01
6.319249868390000024e-01,6.038484362348993661e-01
8.335350155830000274e-01,5.912955565503845712e-01
8.613430261610000027e-01,7.471449517413827346e-01
1.036013007159999999e+00,7.610268349983065894e-01
6.160370111469999355e-01,9.039305293025898802e-01
9.874529838560001105e-01,6.251661649964003198e-01
6.686739921569999634e-01,8.618170779070116749e-01
6.455339789389999972e-01,6.187333260959213543e-01
1.007030010220000049e+00,6.328984342653207751e-01
7.763000130650000719e-01,8.553400370375785489e-01
9.358490109440000815e-01,7.260531284004969610e-01
6.626719832419999401e-01,8.079712399000813505e-01
1.113351941109999910e+00,6.121599792911276428e-01
5.495319962500000432e-01,9.099393554662645878e-01
9.273632764820001206e-01,5.474371848636189197e-01
8.215330243109999486e-01,7.759911081706042379e-01
9.193540215490000334e-01,8.015270701874220860e-01
6.899859905239998925e-01,8.469834512883215316e-01
6.497738957409999738e-01,6.593003937419438243e-01
9.705049991610000815e-01,5.740024873459917965e-01
8.034440279009998909e-01,8.495293922242824758e-01
8.920990228650002019e-01,7.270746725386993958e-01
7.462270259859999921e-01,7.617578587026486714e-01
1.495407462120000197e+00,6.727708044515070540e-01
7.597569823270000633e-01,1.193674511107613911e+00
9.677280187610000084e-01,8.724445156766659215e-01
1.126011013979999920e+00,9.891541666833240098e-01
7.641419768330000029e-01,1.027993031720836781e+00
1.423818945879999909e+00,7.761893744588468369e-01
8.309190273280000483e-01,1.191161092312646552e+00
5.316870212550000030e-01,8.322663878701416218e-01
6.942920088770000442e-01,6.222244387047658476e-01
1.097100019450000019e+00,6.920873406200969136e-01
8.623710274700000511e-01,8.916310228501572732e-01
9.711959958080000899e-01,7.716994879502112603e-01
7.501904964450000213e-01,8.431727279942509146e-01
5.659890174870000346e-01,6.865421713773893764e-01
7.235890030859999378e-01,5.344730624610914971e-01
1.088876962660000114e+00,6.524019136267902308e-01
2.614549994470000138e-01,8.773817616058832147e-01
1.923168003559999895e-01,3.487236120288365049e-01
2.048390060660000012e-01,3.113255385348692172e-01
3.752999901769999980e-01,3.064687135085208403e-01
1.878910064700000104e-01,4.093426001427710181e-01
4.178839921949999980e-01,2.916358693612067787e-01
6.128349900249999704e-01,4.602749697873385060e-01
4.822100102900000462e-01,5.660526091023181383e-01
8.136649727820000066e-01,5.043045098753949906e-01
8.997989892959999958e-01,7.153082695959113169e-01
7.667459845540000041e-01,7.598465124768735146e-01
6.762999892229999421e-01,6.943693836479227777e-01
9.804093837739999984e-01,6.527335670563827463e-01
1.075533032420000090e+00,8.224875669614857276e-01
6.459739804270000496e-01,9.529895241385177851e-01
7.601699829100000416e-01,6.403796929053389153e-01
8.707180023190000950e-01,7.103297054301527247e-01
1.045557022089999899e+00,7.631823278151611545e-01
4.832339882850000268e-01,8.914572047228226381e-01
1.085988998409999962e+00,5.222391165219267828e-01
7.320979833600000930e-01,9.110467065616051352e-01
7.128990292550000385e-01,6.776015052177276621e-01
1.045389056210000112e+00,6.689263830417112588e-01
7.359200119969999676e-01,8.492252870338370396e-01
8.956930041310000590e-01,6.773720669739501377e-01
8.745509982110000191e-01,7.705443842386127118e-01
9.237470030779999508e-01,7.579250269030471943e-01
9.997780323029999971e-01,7.833413174045371630e-01
1.739534020420000049e+00,8.469896237777355674e-01
8.107889890670000321e-01,1.390063635182765100e+00
7.049050331119999235e-01,8.300866962364591428e-01
8.328269720080000438e-01,7.728189145937249815e-01
8.276600241660000412e-01,7.846331387241783917e-01
8.953109979629999549e-01,7.170756432918630185e-01
1.459501028060000039e+00,7.721120034658401909e-01
1.179519057270000060e+00,1.149932742758506654e+00
1.443411946299999915e+00,1.007984954911688824e+00
1.306735038760000078e+00,1.142822633126011622e+00
7.634999752040000365e-01,1.043343066576478240e+00
1.145148038860000161e+00,7.251290604123961092e-01
7.253450155259999477e-01,9.642467518663279114e-01
7.633590102199999672e-01,6.503037013801080679e-01
6.174820065499999622e-01,6.736204966638564828e-01
1.029322981830000039e+00,6.076277272678838326e-01
1.302055954929999926e+00,8.719509289956459686e-01
3.164124965670000122e+00,1.051920758344977891e+00
9.734439849849999549e-01,2.333041696994061276e+00
1.229671001429999855e+00,9.705791085433784771e-01
7.441530227660000385e-01,1.151936281560918873e+00
1.063034057620000139e+00,7.372047161722845576e-01
1.123872041700000102e+00,8.588980960140413234e-01
8.984770178789999173e-01,9.378702070887107167e-01
7.175139784810000698e-01,7.924794272004694884e-01
5.367509722709999931e-01,6.866466281007648220e-01
1.175443053249999981e+00,5.469332813563280160e-01
1.101048946379999949e+00,9.746971594446095510e-01
5.734490156170000130e-01,9.103775796193052106e-01
1.431144952770000200e+00,5.749073719879930211e-01
1.037794947620000130e+00,1.130020650105789892e+00
6.568620204930000206e-01,9.094242335196289773e-01
1.074908018110000141e+00,6.726647390786484326e-01
1.385972023009999887e+00,8.891700862110822889e-01
1.004804968829999812e+00,1.083465229875059110e+00
1.609539985660000116e+00,8.703455558682730020e-01
2.817575931549999524e+00,1.245011428557554867e+00
1.962562561039999931e+00,2.100017242493329217e+00
1.279752016069999998e+00,1.580614008313206087e+00
1.995329976079999845e+00,1.180720852746531602e+00
2.033385992049999924e+00,1.580121100284277436e+00
1.307443976400000096e+00,1.520527219574898448e+00
1.611258029939999892e+00,1.055661032236431929e+00
2.040218114850000042e+00,1.272780559150369362e+00
2.183244943620000100e+00,1.574040167016718561e+00
1.351415991779999937e+00,1.655916663468462779e+00
7.242180109020001089e-01,1.137391946770264894e+00
1.363389015200000109e+00,7.011299673964551671e-01
1.526808977129999967e+00,1.103543401239392985e+00
1.784019589419999940e+00,1.199804810184693427e+00
1.103597044940000105e+00,1.340556108873677266e+00
1.763007998470000004e+00,1.005024565340174592e+00
1.157549023629999896e+00,1.378501487527725278e+00
1.153326034550000045e+00,1.016887709459264100e+00
2.362811088559999551e+00,1.013725162812862957e+00
2.580787897110000007e+00,1.758226381283545692e+00
1.242146968839999976e+00,1.911791669318410491e+00
1.712821006770000265e+00,1.123408089097849949e+00
6.676509976389999323e-01,1.429673037535519997e+00
8.271329998970000652e-01,6.903645174211848756e-01
9.642647504810000214e-01,7.005293595109656213e-01
1.394161701200000048e+00,7.961400018777848864e-01
7.584049701689999923e-01,1.120044452303595062e+00
6.900759935379999765e-01,7.435934962451085095e-01
6.740249991419999809e-01,6.912332540292223104e-01
8.615220189090000424e-01,6.514502059665115974e-01
7.907469868659999790e-01,7.607740362735118111e-01
7.285000085830000138e-01,7.431696920445641785e-01
2.411980032920000017e-01,6.758875394173691209e-01
3.354600071909999981e-01,3.002186133911738941e-01
5.912460088730000507e-01,3.790814461762057053e-01
1.058426976200000036e+00,5.585276908552966324e-01
7.669919729230000316e-01,9.058702967213995150e-01
5.881239771840000019e-01,7.004142397741679460e-01
5.922303199769999305e-01,5.817354818527076254e-01
8.753510117530000079e-01,5.474148528149307413e-01
7.038279771799998974e-01,7.760217455760437533e-01
5.677499771120000371e-01,6.406178609691661752e-01
7.133870124819999825e-01,5.711425243676292451e-01
1.077505946160000061e+00,6.619267166586788598e-01
6.909419894220000247e-01,9.097315397525801428e-01
7.724580168719999973e-01,7.024677890097893451e-01
7.237120270730000859e-01,7.446860245748858631e-01
9.752489924429997847e-01,6.557476821614857121e-01
9.151769876480000399e-01,8.326463421661289832e-01
7.574009895319999686e-01,7.856162477033583613e-01
6.912069916730000374e-01,6.827139771807235746e-01
1.183527946470000147e+00,6.397789285808657134e-01
7.705749869349999281e-01,9.706264138157202348e-01
8.947700262070000798e-01,7.342689459279764241e-01
6.143350005150000070e-01,8.049960736761826441e-01
7.692319750789999855e-01,6.431899464741837047e-01
9.070749878880000061e-01,7.330749339261999342e-01
4.068099856379999713e-01,7.945500199963070331e-01
5.138880014419999753e-01,5.084685193313741580e-01
2.481469959019999838e-01,5.913995928823087000e-01
2.568759918210000159e-01,3.425689679180582980e-01
5.980659723279999618e-01,3.149507554913870688e-01
5.981699824330000137e-01,5.798040923533064328e-01
8.801140189170000294e-01,5.749759022360014793e-01
1.085649013520000095e+00,7.607874039533896182e-01
9.920129775999999566e-01,8.894293324976089155e-01
8.743849992749999078e-01,8.337891367402099352e-01
8.770260214810000621e-01,7.931401501234101037e-01
1.008928894999999937e+00,7.805151812889594698e-01
8.088759779930000393e-01,8.289180802950566473e-01
6.714209914210000907e-01,8.231985819542037008e-01
7.449629902840000373e-01,7.056895191895666830e-01
6.942679882050000195e-01,7.300789578389937917e-01
1.001886010170000008e+00,6.427985596732237461e-01
7.935580015180000446e-01,8.586504779947718990e-01
8.450049161910000439e-01,7.441224178492866770e-01
8.031240105629999793e-01,7.527402251810718647e-01
5.744469761850000689e-01,7.528292022240838932e-01
5.679720044139999757e-01,6.057648902969492433e-01
4.538080096239999195e-01,6.064763472501565333e-01
8.494881391529999215e-01,4.702272700764714153e-01
4.064599871639999473e-01,7.517004696900430050e-01
2.453519999980000310e-01,4.556471719743028226e-01
2.323218107220000217e+00,3.491096842620519669e-01
2.027115583420000089e+00,2.113087882689471009e+00
1.581117987629999888e+00,1.772859205813470229e+00
1.727049946780000012e+00,1.594017533670374576e+00
1.150642037389999928e+00,1.638718403878641761e+00
1.607933998109999818e+00,1.276656108369755405e+00
1.331233978270000007e+00,1.580800162293489297e+00
1.221642017359999999e+00,1.295606902810357175e+00
1.583541989330000010e+00,1.238508589547123062e+00
1.608662128450000006e+00,1.474505554354816006e+00
2.185653924939999992e+00,1.482469022358333666e+00
2.989559888840000124e+00,1.993754488659403190e+00
7.574499845500000106e-01,2.450990310559680196e+00
1.811344027520000122e+00,9.800469845832012750e-01
1.527951955800000094e+00,1.765690952634293653e+00
8.892235755919999374e-01,1.412991864101743822e+00
