7.274609804150000691e-01,9.147647619247436523e-01
7.892770171170000459e-01,7.466837167739868164e-01
6.237750053410000550e-01,8.626689314842224121e-01
6.914690136910000007e-01,7.243657708168029785e-01
8.557710051540000640e-01,6.608568429946899414e-01
7.093830108640000187e-01,8.501383662223815918e-01
1.014547944070000041e+00,7.571661472320556641e-01
1.115731000900000103e+00,9.279921054840087891e-01
4.182830154900000208e-01,1.035906314849853516e+00
1.002280950550000105e+00,5.637233853340148926e-01
1.218860983849999968e+00,9.887602925300598145e-01
1.143296003339999922e+00,1.095930814743041992e+00
6.528189778330000248e-01,9.174851775169372559e-01
6.746559739110000731e-01,7.645941972732543945e-01
6.009536385540000802e-01,7.997102737426757812e-01
6.694570183749999348e-01,6.430437564849853516e-01
6.538079977039999990e-01,7.085555791854858398e-01
7.814120054240000224e-01,7.862488627433776855e-01
1.206303954120000022e+00,7.464276552200317383e-01
8.469259738919999725e-01,1.041154861450195312e+00
8.286409974099999687e-01,8.834643959999084473e-01
6.482390165329999787e-01,8.751500248908996582e-01
5.623700022700000023e-01,6.987034678459167480e-01
7.183309793469999649e-01,6.243786215782165527e-01
1.099647998810000082e+00,7.891330718994140625e-01
9.541710019110000163e-01,9.971157312393188477e-01
7.290139794350000146e-01,8.864303231239318848e-01
6.694499850270000385e-01,7.813287377357482910e-01
8.631219863889999511e-01,7.604553699493408203e-01
6.464660167689999515e-01,7.921395897865295410e-01
8.223180174830000411e-01,7.753868103027343750e-01
9.235979914669999458e-01,7.868639230728149414e-01
8.300920128820000743e-01,8.565793037414550781e-01
1.067314028740000031e+00,8.903554081916809082e-01
1.546175003050000107e+00,1.056872367858886719e+00
6.827279925350000500e-01,1.237872123718261719e+00
6.385620236399999206e-01,7.167980074882507324e-01
6.464239954950000699e-01,7.889950871467590332e-01
6.881093978879999629e-01,7.289354205131530762e-01
7.273989915849999877e-01,6.769281029701232910e-01
6.500350236890000133e-01,7.299872636795043945e-01
8.693690299990000092e-01,7.771430015563964844e-01
4.408580064769999640e-01,8.445777893066406250e-01
4.518609941010000575e-01,5.985080599784851074e-01
7.575070261959999662e-01,6.643843650817871094e-01
4.952389895920000229e-01,8.152465820312500000e-01
6.850870251659999521e-01,5.659722685813903809e-01
7.243813276289999825e-01,7.387088537216186523e-01
8.653740286830000628e-01,7.606047987937927246e-01
7.400469779970000328e-01,8.108174204826354980e-01
8.070759773250000269e-01,8.443686962127685547e-01
8.204330205920000729e-01,7.889540195465087891e-01
1.114411950110000049e+00,8.417173027992248535e-01
1.108605027200000093e+00,1.017293691635131836e+00
4.751499891279999943e-01,9.697552919387817383e-01
1.039268016820000140e+00,5.954190492630004883e-01
9.457899928089998909e-01,1.013898611068725586e+00
7.877500057220000462e-01,8.696677684783935547e-01
3.504549860949999762e-01,7.541545033454895020e-01
9.367713332179998797e-01,5.180207490921020508e-01
9.868059754369999936e-01,9.659111499786376953e-01
6.470239758489999549e-01,8.886652588844299316e-01
1.029777050020000084e+00,7.520567774772644043e-01
1.187446951870000156e+00,9.122255444526672363e-01
9.328820109370000724e-01,1.162126302719116211e+00
7.528370022769999004e-01,8.595803380012512207e-01
6.420040130619999452e-01,8.713287115097045898e-01
2.307340055699999559e-01,6.753349304199218750e-01
4.714997112749998998e-01,4.298408925533294678e-01
8.772729635240000823e-01,5.376424789428710938e-01
7.876309752460000091e-01,9.517983198165893555e-01
2.742219865320000283e-01,7.917234897613525391e-01
3.992269933219999567e-01,5.516685247421264648e-01
9.923512339589999343e-01,5.223618745803833008e-01
7.627239823340000724e-01,1.037006020545959473e+00
7.200859785079999353e-01,6.905283331871032715e-01
6.264780163759999798e-01,7.755451202392578125e-01
7.269890308380000388e-01,6.755647659301757812e-01
9.301019906999998810e-01,7.915300726890563965e-01
6.872699856759999504e-01,9.648249745368957520e-01
8.662552833559999943e-01,7.225080132484436035e-01
8.352038264269999734e-01,8.064272403717041016e-01
9.402499794960000878e-01,8.782243132591247559e-01
1.023357987399999836e+00,9.236662387847900391e-01
7.322629690170000538e-01,9.903594255447387695e-01
9.300749897960000068e-01,6.955962181091308594e-01
8.702930212019999168e-01,8.687920570373535156e-01
5.104020237919999481e-01,9.013198614120483398e-01
1.025817990299999982e+00,6.626172065734863281e-01
4.551239907739999535e-01,8.920214176177978516e-01
7.345349788670000324e-01,5.598267316818237305e-01
7.012919783589999234e-01,7.907013297080993652e-01
1.014386057849999911e+00,8.007490038871765137e-01
1.123770236970000225e+00,9.105222821235656738e-01
4.825370013710000294e-01,9.928728342056274414e-01
4.689320027829999571e-01,6.213809847831726074e-01
8.755196928980000237e-01,6.074607372283935547e-01
1.145424962039999883e+00,9.408863186836242676e-01
1.943787455559999877e+00,9.219904541969299316e-01
1.557039022450000143e+00,1.478163719177246094e+00
2.104775905609999942e+00,1.227857828140258789e+00
1.062240004540000005e+00,1.915971517562866211e+00
7.867829799650000178e-01,8.908497691154479980e-01
2.247971057890000068e+00,7.987473011016845703e-01
5.664669871329999218e-01,1.766086697578430176e+00
8.389729857439999217e-01,6.992313265800476074e-01
3.188189864160000386e-01,8.330977559089660645e-01
6.386680006980000046e-01,5.723823308944702148e-01
7.540266513819999794e-01,6.025460958480834961e-01
1.085826039310000102e+00,8.208346366882324219e-01
6.014299988750000381e-01,1.128239393234252930e+00
6.923220157619999204e-01,6.305220127105712891e-01
8.782439827919999997e-01,8.555583953857421875e-01
1.279224038119999962e+00,9.578545093536376953e-01
7.251669764520000117e-01,1.167739391326904297e+00
4.283109903339999969e-01,6.645837426185607910e-01
7.012249827380000466e-01,5.605437755584716797e-01
8.846225738529999161e-01,7.531141042709350586e-01
7.809653878210001121e-01,8.781663179397583008e-01
9.259700179099999984e-01,7.740382552146911621e-01
9.178640246389999646e-01,8.955328464508056641e-01
9.073020219800000952e-01,9.322887659072875977e-01
4.099450111390000040e-01,8.748342990875244141e-01
8.741459846500000408e-01,5.204257965087890625e-01
1.231343984599999830e+00,8.476004004478454590e-01
7.683960199359999299e-01,1.185372114181518555e+00
9.357339143749998644e-01,6.865085363388061523e-01
7.523270249369999885e-01,9.145323634147644043e-01
6.247839927670000293e-01,8.228481411933898926e-01
1.977947235110000035e+00,6.976931095123291016e-01
2.476479291920000048e+00,1.558377504348754883e+00
6.822599768639999729e-01,1.800001859664916992e+00
1.294077992440000102e+00,9.527384042739868164e-01
2.116506099700000032e+00,1.132152915000915527e+00
2.030230045320000176e+00,1.910746574401855469e+00
1.727593064309999926e+00,1.485182881355285645e+00
1.321619033810000010e+00,1.501461505889892578e+00
1.114274978639999913e+00,1.232903242111206055e+00
1.618482947350000201e+00,1.182178974151611328e+00
1.102354049679999948e+00,1.418272018432617188e+00
8.501269817350000091e-01,1.124867558479309082e+00
6.531813144679999850e-01,8.299418091773986816e-01
6.168276071549999573e-01,7.159946560859680176e-01
1.023204803470000090e+00,6.638332605361938477e-01
1.176781058310000017e+00,1.034741401672363281e+00
1.108754038809999898e+00,1.039472341537475586e+00
9.838110208509999177e-01,1.047564148902893066e+00
1.829927563670000312e+00,9.479079842567443848e-01
1.342131018639999951e+00,1.540941238403320312e+00
1.265669584270000092e+00,1.093443274497985840e+00
7.930377125740000199e-01,1.357301115989685059e+00
1.030689358710000114e+00,6.956258416175842285e-01
8.210232257839999992e-01,9.390150308609008789e-01
1.099169254300000009e+00,8.450763821601867676e-01
5.255355238910000004e-01,1.120281338691711426e+00
7.758393883709999717e-01,5.125647783279418945e-01
7.209759950640000081e-01,8.957038521766662598e-01
8.666771054269999386e-01,8.205891251564025879e-01
8.462041020389999835e-01,8.567600250244140625e-01
7.614132165909999195e-01,8.289767503738403320e-01
6.587246060370000045e-01,8.055425882339477539e-01
1.078659296040000104e+00,7.082140445709228516e-01
1.281940340999999872e+00,1.030638694763183594e+00
6.600005030629999547e-01,1.073170542716979980e+00
1.112500548360000119e+00,7.846429944038391113e-01
6.280704736709999958e-01,1.088112592697143555e+00
6.864575743680000341e-01,6.370925307273864746e-01
9.000409841540001343e-01,6.991115212440490723e-01
7.342569231990000445e-01,8.925707936286926270e-01
1.011121273039999879e+00,8.608310818672180176e-01
8.827599883079999543e-01,9.498017430305480957e-01
7.521411776540001259e-01,8.973178267478942871e-01
9.489411115649999395e-01,8.262487053871154785e-01
6.799052953720000625e-01,9.517805576324462891e-01
7.211565971369999772e-01,7.024968862533569336e-01
6.504104733470000843e-01,7.588325738906860352e-01
7.167106270790000178e-01,6.841741800308227539e-01
9.056316018100001308e-01,8.331341147422790527e-01
6.526464819910000603e-01,8.646765351295471191e-01
7.056654095649999014e-01,6.310845613479614258e-01
6.581057906149999637e-01,7.812517285346984863e-01
6.592794060709999959e-01,7.775480747222900391e-01
6.634064316750000190e-01,7.265193462371826172e-01
7.808002829549999246e-01,7.329738736152648926e-01
7.565907239910000248e-01,8.017064332962036133e-01
9.280405640599999062e-01,7.842451333999633789e-01
7.073829770089999913e-01,8.949436545372009277e-01
3.888399899009999383e-01,7.374470233917236328e-01
3.422417938710000107e-01,5.569984316825866699e-01
2.337300032380000003e-01,5.018415451049804688e-01
1.459127068520000015e-01,4.075644016265869141e-01
3.949534893039999828e-01,2.943761646747589111e-01
9.678409695629999199e-01,5.721808671951293945e-01
7.839220166210000285e-01,9.616174101829528809e-01
8.333759903910000766e-01,7.461546659469604492e-01
9.723259806630000224e-01,8.691107630729675293e-01
6.905210018160000685e-01,9.265999197959899902e-01
1.345324039460000121e+00,6.714983582496643066e-01
7.227010130879999439e-01,1.163355112075805664e+00
6.804850101469999135e-01,7.531263828277587891e-01
7.610610127449999318e-01,6.800874471664428711e-01
8.075709938999999782e-01,8.239148259162902832e-01
5.886639952659999953e-01,7.746452689170837402e-01
9.960750937460000065e-01,7.329256534576416016e-01
1.045413970949999882e+00,9.609279036521911621e-01
4.713059961800000752e-01,9.364753365516662598e-01
1.047140955920000005e+00,7.148327827453613281e-01
1.126214265820000060e+00,1.039221405982971191e+00
2.560461759570000329e+00,9.667750000953674316e-01
7.747610211370000721e-01,1.976225376129150391e+00
7.172060012819999608e-01,1.080977439880371094e+00
8.005080223080000001e-01,7.333937883377075195e-01
5.680390000339999856e-01,9.414048194885253906e-01
1.195780038829999947e+00,7.699371576309204102e-01
7.970449924470000003e-01,9.607129096984863281e-01
4.899359941480000979e-01,1.108559250831604004e+00
9.918130040170001216e-01,7.285621166229248047e-01
7.445690035819999553e-01,1.146714091300964355e+00
6.096370220180000743e-01,9.280090332031250000e-01
8.565919995309999591e-01,8.248523473739624023e-01
8.144299983980000102e-01,8.928886651992797852e-01
7.605929970739999657e-01,7.833029031753540039e-01
9.157519936559999074e-01,7.939990162849426270e-01
7.421634793279999753e-01,9.130208492279052734e-01
7.329360246660000522e-01,7.623702883720397949e-01
8.745691180230000805e-01,7.425056099891662598e-01
9.644910097120000803e-01,9.108389019966125488e-01
1.477671980859999845e+00,8.479529619216918945e-01
6.752679944040000937e-01,1.292998552322387695e+00
5.030400156970000758e-01,9.367907047271728516e-01
7.066659927370000371e-01,5.374168753623962402e-01
2.968195915220000369e+00,7.803975343704223633e-01
1.255300998690000114e+00,2.320729255676269531e+00
4.084815025330000182e+00,9.468621015548706055e-01
1.692322969440000158e+00,3.093410730361938477e+00
4.121052026750000041e-01,1.276503920555114746e+00
1.035750985149999970e+00,8.546690940856933594e-01
6.408920288089999806e-01,1.190833210945129395e+00
7.065470218660000468e-01,6.980651617050170898e-01
1.060830354689999977e+00,2.266285717487335205e-01
1.880954027180000265e+00,1.232724666595458984e+00
1.886373996729999947e+00,1.943879604339599609e+00
1.328773975370000082e+00,1.768841385841369629e+00
3.931840062139999592e-01,1.188045501708984375e+00
6.382430195809999374e-01,6.590557694435119629e-01
1.045531988140000035e+00,7.474375963211059570e-01
6.588029861449999913e-01,9.260289669036865234e-01
8.046740293499999863e-01,5.062639117240905762e-01
8.740410208700001293e-01,8.526851534843444824e-01
8.532550334930000258e-01,9.325520396232604980e-01
8.952109813690000140e-01,8.532206416130065918e-01
7.301589846610000434e-01,9.547413587570190430e-01
4.149410128589999802e-01,7.894412279129028320e-01
2.700940072540000125e-01,5.201405286788940430e-01
4.911319911479999356e-01,4.344071745872497559e-01
5.079169869420000483e-01,5.912688374519348145e-01
1.224020004270000017e+00,6.615844368934631348e-01
1.267657995220000222e+00,1.060882449150085449e+00
2.633487939829999736e+00,1.162317156791687012e+00
3.999615430830000040e+00,1.953781723976135254e+00
6.651418209080000032e+00,2.868832826614379883e+00
2.102678060530000170e+00,4.409620761871337891e+00
1.283689975739999989e+00,1.554445743560791016e+00
1.291347503659999951e+00,1.845875501632690430e+00
1.353754043579999733e+00,1.501361608505249023e+00
2.390191078189999985e+00,1.404078364372253418e+00
1.461441040039999972e+00,2.068297386169433594e+00
1.599208951000000045e+00,1.454949617385864258e+00
1.471150994300000070e+00,2.157026290893554688e+00
1.298205018039999992e+00,1.561840772628784180e+00
1.579622030259999921e+00,1.278649091720581055e+00
1.360355019570000268e+00,1.599956631660461426e+00
8.036410212519999874e-01,1.384201884269714355e+00
4.276689887049999750e-01,8.033694624900817871e-01
2.694070041180000041e-01,7.333844304084777832e-01
3.897170126439999938e-01,4.339902698993682861e-01
4.179170131680000067e-01,4.996608197689056396e-01
1.546036005019999937e+00,5.331261754035949707e-01
1.017611026760000037e+00,1.414981961250305176e+00
8.653150200839999640e-01,9.596923589706420898e-01
6.194109916690000439e-01,9.209458231925964355e-01
8.454149961469999974e-01,8.205036520957946777e-01
8.048596382139999728e-01,9.496328234672546387e-01
1.435889005660000217e+00,7.069120407104492188e-01
2.565752029420000024e+00,1.196177840232849121e+00
6.206179142000000759e+00,1.931914925575256348e+00
9.309499859810000943e-01,4.558396816253662109e+00
9.077759981159999603e-01,8.523926734924316406e-01
4.609797894950000141e-01,1.462909698486328125e+00
5.264570117000000327e-01,8.038346767425537109e-01
7.942249774930000283e-01,3.839613497257232666e-01
9.704009890559999185e-01,6.705349683761596680e-01
6.695889830590000535e-01,1.095352649688720703e+00
6.997730135920000594e-01,9.592733383178710938e-01
6.903669834139999351e-01,9.407880902290344238e-01
6.361600160600000553e-01,9.625067114830017090e-01
9.726700186730000697e-01,9.474817514419555664e-01
6.393389701839999884e-01,9.400185942649841309e-01
5.123779773709999930e-01,6.246681213378906250e-01
5.699130296709999932e-01,5.611769556999206543e-01
8.318089842800000522e-01,6.977845430374145508e-01
4.694110155110000071e-01,8.166348934173583984e-01
9.054309725759999150e-01,6.051242947578430176e-01
8.482750058169999940e-01,8.846694827079772949e-01
6.566630005839999562e-01,8.830242156982421875e-01
6.324055790899999474e-01,7.263817787170410156e-01
3.268550038340000130e-01,7.009463906288146973e-01
3.047409951689999952e-01,5.009865164756774902e-01
2.159480005499999911e-01,5.149190425872802734e-01
2.148479968310000043e-01,4.121095240116119385e-01
1.512310057880000003e-01,3.436889052391052246e-01
4.153338372709999837e-01,4.246794879436492920e-01
7.344200015070000420e-01,5.594432353973388672e-01
9.913370013240000445e-01,7.529181241989135742e-01
7.910000085830000138e-01,9.089680314064025879e-01
7.429170012469999973e-01,7.691833376884460449e-01
7.426548600200000294e-01,7.103426456451416016e-01
8.799139857289999256e-01,7.712184190750122070e-01
7.376829981800000491e-01,8.189569711685180664e-01
1.240342974660000097e+00,6.932407021522521973e-01
8.343409895899999151e-01,1.083390951156616211e+00
3.054729998110000122e-01,8.262152671813964844e-01
8.929460048680001316e-01,5.090507268905639648e-01
1.285866022110000007e+00,8.714709281921386719e-01
4.146400094030000538e-01,1.148437976837158203e+00
1.090137004850000091e+00,4.948109388351440430e-01
5.923830270769999684e-01,1.122447729110717773e+00
3.773260116580000045e-01,6.747313141822814941e-01
2.693597316740000469e+00,4.621951282024383545e-01
2.288666009900000020e+00,2.054774999618530273e+00
8.955270051960001476e-01,1.746523857116699219e+00
8.070570230480000884e-01,1.101793169975280762e+00
1.194862961769999954e+00,9.140151739120483398e-01
8.929409980769997812e-01,1.201187372207641602e+00
9.776080250740000199e-01,8.314753174781799316e-01
1.832507014270000179e+00,9.951704144477844238e-01
1.403792977329999747e+00,1.636329412460327148e+00
7.223749756810000644e-01,1.351551294326782227e+00
6.599410176280000595e-01,9.445158839225769043e-01
7.407349944109999917e-01,8.978955745697021484e-01
5.553659796709999874e-01,7.829304337501525879e-01
1.236768960949999885e+00,5.542733669281005859e-01
6.214020252229999208e-01,1.147023081779479980e+00
7.108730077739999764e-01,6.638718247413635254e-01
3.064779937269999643e-01,7.815776467323303223e-01
6.473349928859999380e-01,5.284875035285949707e-01
5.458269715310000159e-01,7.203446626663208008e-01
1.024247765539999966e+00,6.202571988105773926e-01
8.176820278170000567e-01,9.931780099868774414e-01
7.440620064740001149e-01,7.371943593025207520e-01
7.367150187490000279e-01,9.768705368041992188e-01
5.768560171130000525e-01,7.431659102439880371e-01
9.152600169179998524e-01,6.320365071296691895e-01
1.137029051779999911e+00,8.176071643829345703e-01
4.960080087179999930e-01,1.195139169692993164e+00
4.941360056399998757e-01,4.724561274051666260e-01
8.834533095360000976e-01,6.406459212303161621e-01
1.271524906160000024e+00,9.507756829261779785e-01
8.864369988439999570e-01,1.156172156333923340e+00
8.988280296330001251e-01,7.409373521804809570e-01
9.049779772759999341e-01,9.788861870765686035e-01
8.299319744109999730e-01,8.662236332893371582e-01
8.756300210950000995e-01,8.000912070274353027e-01
5.502920150760000073e-01,7.923617959022521973e-01
1.073919415470000027e+00,6.877453327178955078e-01
8.491920232770000521e-01,9.481047987937927246e-01
6.393229961399998773e-01,8.735390901565551758e-01
7.995309829709998928e-01,7.714012861251831055e-01
9.646000266079999275e-01,7.900981307029724121e-01
8.413559794430000016e-01,8.970096707344055176e-01
7.011449933050000194e-01,8.595435023307800293e-01
7.240070104600000445e-01,7.511128783226013184e-01
1.010308027270000020e+00,7.103198170661926270e-01
6.538060307499999890e-01,9.632978439331054688e-01
7.932850122450000319e-01,7.594958543777465820e-01
6.538396477699999210e-01,7.830768823623657227e-01
1.160789966579999888e+00,6.972233057022094727e-01
8.085789680480000019e-01,1.064864158630371094e+00
3.743770122530000188e-01,8.187394142150878906e-01
2.556999921800000020e-01,5.094473361968994141e-01
4.893150031570000502e-01,4.105345010757446289e-01
1.151844024660000132e+00,6.151592731475830078e-01
7.372779846189999597e-01,1.041516423225402832e+00
1.088750958439999916e+00,7.220695018768310547e-01
1.975852966309999514e+00,9.436612725257873535e-01
8.547700047490001118e-01,1.654385924339294434e+00
7.977370023729999371e-01,8.901170492172241211e-01
1.052428960799999924e+00,8.915265798568725586e-01
3.179450988770000208e+00,9.619458913803100586e-01
1.797067999840000319e+00,2.374105930328369141e+00
1.056702017779999947e+00,1.296844363212585449e+00
8.751260042189999977e-01,1.102349758148193359e+00
6.645399928090000019e-01,9.963487982749938965e-01
7.571684122089999969e-01,7.770177125930786133e-01
1.368484020229999931e+00,7.109780311584472656e-01
9.052469730380000579e-01,1.295472979545593262e+00
1.032060980800000083e+00,9.233991503715515137e-01
6.141330003739999821e-01,1.141914963722229004e+00
9.733130335809998535e-01,7.205524444580078125e-01
6.452289819719999597e-01,9.916402697563171387e-01
4.894390106200000035e-01,6.381857991218566895e-01
8.408679962160000576e-01,6.413531899452209473e-01
7.771940231319999226e-01,8.281568288803100586e-01
6.755350232119999854e-01,8.421427011489868164e-01
6.592059731480000018e-01,7.041708827018737793e-01
1.084153056139999904e+00,7.894230484962463379e-01
9.314100146289999715e-01,9.538617730140686035e-01
1.359479665760000122e+00,8.704322576522827148e-01
7.633988261220000515e-01,1.146912574768066406e+00
5.357339978220000409e-01,7.688857316970825195e-01
6.781889796259998882e-01,6.851404905319213867e-01
7.839810252189999273e-01,7.329958677291870117e-01
1.169367671010000054e+00,7.473918795585632324e-01
1.015287995340000027e+00,9.980046153068542480e-01
9.259430170060000131e-01,9.746246337890625000e-01
1.319244027140000108e+00,1.029870390892028809e+00
9.717460274700000511e-01,1.128300309181213379e+00
1.176299691200000108e+00,9.152346253395080566e-01
1.714609026910000056e+00,1.084702610969543457e+00
1.307337045669999975e+00,1.378216266632080078e+00
6.186890006069999393e-01,1.157518982887268066e+00
2.298435926440000276e+00,7.491539716720581055e-01
1.808241009709999902e+00,1.919317841529846191e+00
8.794149756429999742e-01,1.620148897171020508e+00
1.570945024490000064e+00,7.815585732460021973e-01
1.578516006470000121e+00,1.384526968002319336e+00
6.200309991839999535e-01,1.456669807434082031e+00
9.928810000419999726e-01,7.217313051223754883e-01
4.551869928839999413e-01,1.109465837478637695e+00
1.017398953439999865e+00,5.187128186225891113e-01
8.378469943999999892e-01,9.088338613510131836e-01
4.884769916529999589e-01,9.639898538589477539e-01
1.246340990070000210e+00,5.836202502250671387e-01
1.209630966189999990e+00,1.094094276428222656e+00
1.252451062200000020e+00,1.174154043197631836e+00
1.519726991650000025e+00,1.034407019615173340e+00
1.063797950739999942e+00,1.258332729339599609e+00
1.571495056150000069e+00,9.617511630058288574e-01
1.278105020519999968e+00,1.361037731170654297e+00
1.192077994349999948e+00,1.137035846710205078e+00
8.304439187050000060e-01,1.031665921211242676e+00
1.402015686039999931e+00,8.033986687660217285e-01
1.156504034999999986e+00,1.247601032257080078e+00
1.162554860120000200e+00,1.101034641265869141e+00
6.007519960399999581e-01,1.120494246482849121e+00
1.253835797310000055e+00,6.151355504989624023e-01
1.791844010350000183e+00,1.177615642547607422e+00
1.734062552449999961e+00,1.554625630378723145e+00
4.939970970150000085e+00,1.474936246871948242e+00
2.394351005549999911e+00,3.593060493469238281e+00
2.212575912479999740e+00,2.037265777587890625e+00
1.886527061460000043e+00,2.198056221008300781e+00
9.343829751010001017e-01,1.746523857116699219e+00
9.099829792980000942e-01,8.459974527359008789e-01
8.112999796870000724e-01,7.726423144340515137e-01
1.049708962440000004e+00,1.109650015830993652e+00
1.351788043980000076e+00,1.054018616676330566e+00
1.277305960659999906e+00,1.198150277137756348e+00
7.854449748989998925e-01,1.239059329032897949e+00
4.846229851250000165e-01,1.065604925155639648e+00
6.676359772680000582e-01,6.823740005493164062e-01
8.322510123249999836e-01,6.932026147842407227e-01
5.959370136259999340e-01,8.188757300376892090e-01
3.410890102390000123e-01,6.786774992942810059e-01
6.860110163689999707e-01,4.981810450553894043e-01
8.153510093690000682e-01,7.839581370353698730e-01
3.985430002210000322e-01,8.867574930191040039e-01
6.998159885410000225e-01,5.340590476989746094e-01
4.263690114019999533e-01,7.303470373153686523e-01
6.866139769550000382e-01,5.959159731864929199e-01
1.826770007609999913e-01,7.858743071556091309e-01
7.018824815749999946e-01,3.538817763328552246e-01
1.796682000159999681e+00,6.612313985824584961e-01
7.204269766809999753e-01,1.582162976264953613e+00
4.680640101429999755e-01,1.026170134544372559e+00
6.408870220180000743e-01,4.668050110340118408e-01
7.520520091060001189e-01,7.897357940673828125e-01
1.001817584040000098e+00,9.310214519500732422e-01
1.660804033279999814e+00,7.751637697219848633e-01
1.450595021250000061e+00,1.513452053070068359e+00
1.085010051729999869e+00,1.415963530540466309e+00
1.099555015560000015e+00,1.087147116661071777e+00
7.694180011750000325e-01,1.157033920288085938e+00
1.254430413249999932e+00,8.901771903038024902e-01
1.496320962910000052e+00,1.033218502998352051e+00
7.186369895940000196e-01,1.172868132591247559e+00
8.902019858359999649e-01,7.897011041641235352e-01
9.891759753229999452e-01,9.819032549858093262e-01
2.849014520649999938e+00,9.810376763343811035e-01
4.281075000759999583e+00,2.162159204483032227e+00
1.248739004139999942e+00,3.001286268234252930e+00
7.096589803699999699e-01,1.194792509078979492e+00
7.497439980509998936e-01,8.673846721649169922e-01
8.907449841499999188e-01,1.050945281982421875e+00
1.469527959819999952e+00,8.588662743568420410e-01
1.608888030049999918e+00,1.025701165199279785e+00
1.043460965159999976e+00,1.580375909805297852e+00
1.184751033780000018e+00,1.752486467361450195e+00
5.063725113870000127e-01,1.192979574203491211e+00
6.946156024930000283e-01,8.088619112968444824e-01
9.299110174179998634e-01,9.123127460479736328e-01
7.754629850390000190e-01,9.133002161979675293e-01
8.564696311949999696e-01,8.968653678894042969e-01
9.269009828569999554e-01,9.599006175994873047e-01
7.506660223010001021e-01,1.018756031990051270e+00
9.248849749570000611e-01,9.251252412796020508e-01
1.070162653919999984e+00,9.490038752555847168e-01
8.752880096439998869e-01,9.482588768005371094e-01
7.511039972310000756e-01,8.356031179428100586e-01
8.627579808239999037e-01,8.781087398529052734e-01
5.096570253369999692e-01,8.689541816711425781e-01
8.495249748229999343e-01,6.091534495353698730e-01
6.711369752879999817e-01,9.124312400817871094e-01
6.132180094720000030e-01,7.776174545288085938e-01
3.810549974440000098e-01,7.350551486015319824e-01
8.710420131680000067e-01,6.527443528175354004e-01
6.540319919589999698e-01,8.687310814857482910e-01
9.089673757550000843e-01,7.291136384010314941e-01
9.709029793739999414e-01,9.417954683303833008e-01
9.856920242310001079e-01,9.052554965019226074e-01
1.356256246570000101e+00,1.002623438835144043e+00
1.309872984889999925e+00,1.197378277778625488e+00
6.344919800760000506e-01,1.138932943344116211e+00
5.933508276940000492e-01,7.386821508407592773e-01
8.796380162239999523e-01,7.561815977096557617e-01
1.131836414339999930e+00,8.908806443214416504e-01
1.841274023059999765e+00,9.658358097076416016e-01
2.261745929719999992e+00,1.534438848495483398e+00
2.597975969309999744e+00,1.844567656517028809e+00
2.399192094800000064e+00,2.031235933303833008e+00
1.982298016549999931e+00,1.851971983909606934e+00
2.269547939300000206e+00,1.705705761909484863e+00
2.017889976500000238e+00,1.827145695686340332e+00
1.452262043950000026e+00,1.573544263839721680e+00
1.342797994609999934e+00,1.397899031639099121e+00
1.311915040020000145e+00,1.415453076362609863e+00
1.276762008670000226e+00,1.318305611610412598e+00
1.275267004970000118e+00,1.284144878387451172e+00
1.210446000100000141e+00,1.307548165321350098e+00
8.153480291369999966e-01,1.271929979324340820e+00
7.271119952200000291e-01,8.772393465042114258e-01
6.043019890790000126e-01,8.804155588150024414e-01
9.830358624459999417e-01,7.332955598831176758e-01
1.101529002189999940e+00,9.417658448219299316e-01
1.183724999429999869e+00,1.070876836776733398e+00
4.356400072569999726e-01,1.155634164810180664e+00
3.270040154459999959e-01,4.759735465049743652e-01
8.039849996569999879e-01,5.371053814888000488e-01
4.216859936710000145e-01,8.770107626914978027e-01
5.734559893609999515e-01,6.375927925109863281e-01
3.959457874300000291e-01,5.632560849189758301e-01
4.163750112060000119e-01,5.804604887962341309e-01
5.603970289230000290e-01,6.025770306587219238e-01
7.749050259590000156e-01,7.305383682250976562e-01
6.370840072629999629e-01,7.353382706642150879e-01
3.839260041709999793e-01,6.637880206108093262e-01
5.648739933969999516e-01,5.501438975334167480e-01
1.054715037350000051e+00,6.569606065750122070e-01
6.537709832190000681e-01,1.005833148956298828e+00
5.931029915809999942e-01,6.147783398628234863e-01
1.022608995439999946e+00,6.815210580825805664e-01
8.359869718549999273e-01,9.905101656913757324e-01
6.375340223309999832e-01,8.435911536216735840e-01
9.755985140799999789e-01,6.570710539817810059e-01
4.898079931740000337e-01,9.458602070808410645e-01
1.098647952079999879e+00,5.947511196136474609e-01
1.151165962220000116e+00,1.063369989395141602e+00
8.061249852179999120e-01,9.958603382110595703e-01
4.744769930839999872e-01,7.722787261009216309e-01
7.896029949189999897e-01,6.264289617538452148e-01
4.762530028819999539e-01,8.249560594558715820e-01
5.455229878430000179e-01,5.581675171852111816e-01
6.212809681889999158e-01,6.846520304679870605e-01
7.707700133319999036e-01,6.445069909095764160e-01
9.337069988249999675e-01,7.821380496025085449e-01
8.110550045970000843e-01,9.404841661453247070e-01
6.005529761310000048e-01,8.490196466445922852e-01
1.002521038060000036e+00,6.796404719352722168e-01
8.921650052069998171e-01,9.345566630363464355e-01
9.160850048070000584e-01,8.610892891883850098e-01
7.413420081139999729e-01,9.231544733047485352e-01
9.283249974250000758e-01,7.382089495658874512e-01
6.429409980770000033e-01,8.928755521774291992e-01
9.950090050700001187e-01,7.752792835235595703e-01
6.271365880970000140e-01,1.025403141975402832e+00
1.038689017300000073e+00,5.834996104240417480e-01
6.888009905820000611e-01,1.002586603164672852e+00
5.214130282399999095e-01,7.624067068099975586e-01
6.510270237919999481e-01,6.056580543518066406e-01
1.159701943399999990e+00,6.873152852058410645e-01
6.456400156020000169e-01,1.180983543395996094e+00
1.195862650870000099e+00,6.159359812736511230e-01
1.304703950880000018e+00,1.105226397514343262e+00
8.844429850579998975e-01,1.186250448226928711e+00
7.697709798810000725e-01,9.028669595718383789e-01
7.702100276950000213e-01,8.317826390266418457e-01
6.418280005459999771e-01,8.348534703254699707e-01
8.937159776689999058e-01,6.698395609855651855e-01
5.247250199319999364e-01,8.598470091819763184e-01
5.142210125920000374e-01,7.534425854682922363e-01
7.172748446459999982e-01,6.172108650207519531e-01
6.410769820210000525e-01,7.882568836212158203e-01
4.689820110800000941e-01,7.651664614677429199e-01
1.203750014310000171e+00,7.479548454284667969e-01
7.911959886550000709e-01,1.011290311813354492e+00
1.136301159859999910e+00,7.905087471008300781e-01
8.642929792399999256e-01,1.092003226280212402e+00
8.814030289650001126e-01,8.964213132858276367e-01
5.817409753800000249e-01,9.476112723350524902e-01
8.651199936869999885e-01,6.973642110824584961e-01
9.078124761579999813e-01,9.016487598419189453e-01
7.377740144730000615e-01,8.324336409568786621e-01
1.120375037189999867e+00,9.128985404968261719e-01
9.422479867940000142e-01,1.034531116485595703e+00
1.060060024260000011e+00,8.724406361579895020e-01
7.158420085910000008e-01,1.000337719917297363e+00
4.040209949019999969e-01,8.179441094398498535e-01
2.920779883859999648e-01,4.908677339553833008e-01
6.317924261089999938e-01,4.058073759078979492e-01
1.124665260310000026e+00,7.232343554496765137e-01
1.115690946580000009e+00,1.013309359550476074e+00
1.247418999670000028e+00,9.640563130378723145e-01
6.976169943809999996e-01,1.102495789527893066e+00
3.693974971769999893e+00,7.774701714515686035e-01
8.204839825630000361e-01,2.796449422836303711e+00
8.573070168499999921e-01,6.863192915916442871e-01
6.902359724040000311e-01,1.194969415664672852e+00
8.385969996449998964e-01,7.702664732933044434e-01
1.287726998329999928e+00,8.630841970443725586e-01
9.632229804989999034e-01,1.065266370773315430e+00
1.343299984930000024e+00,1.108996868133544922e+00
7.316169738770000874e-01,1.454349040985107422e+00
6.809219717980000697e-01,9.422035217285156250e-01
7.014784216880000089e-01,9.053477644920349121e-01
6.698030233380000142e-01,9.214144349098205566e-01
1.365643024439999964e+00,7.934851646423339844e-01
9.781420230869999344e-01,1.150293707847595215e+00
6.786789894100000442e-01,9.213970303535461426e-01
5.976330041890000055e-01,7.573316097259521484e-01
8.193774819369999962e-01,7.844516634941101074e-01
7.911109924320000042e-01,8.287413716316223145e-01
1.044147372249999872e+00,7.545955777168273926e-01
1.400015950200000026e+00,1.012615203857421875e+00
8.748620152470000244e-01,1.203687191009521484e+00
6.228179931639999944e-01,9.228573441505432129e-01
7.164059877399998610e-01,7.433119416236877441e-01
6.523500084880000660e-01,8.402155041694641113e-01
9.379299879070001067e-01,6.663420200347900391e-01
5.936999917030000296e-01,9.481920003890991211e-01
5.393440127369999448e-01,6.882985234260559082e-01
9.370089769359999377e-01,6.435770392417907715e-01
8.087720274930000341e-01,9.490910768508911133e-01
5.654280185700000239e-01,8.607667684555053711e-01
6.020820140839999723e-01,6.181903481483459473e-01
1.146679997439999932e+00,6.736638545989990234e-01
9.824249744419999431e-01,1.045676350593566895e+00
5.671510100359999917e-01,9.833911061286926270e-01
7.866399884220000027e-01,6.398192644119262695e-01
7.388439774510000557e-01,7.903453111648559570e-01
6.810299754140000106e-01,7.907347679138183594e-01
7.086979746820000203e-01,7.650779485702514648e-01
6.642330288889999323e-01,7.433525919914245605e-01
5.124790072439999733e-01,6.812383532524108887e-01
6.040380001070000393e-01,6.499105095863342285e-01
6.728799939159999521e-01,7.647088766098022461e-01
8.265414834020000656e-01,7.042475342750549316e-01
4.546860158440000355e-01,7.808165550231933594e-01
5.594509840010000179e-01,6.074032187461853027e-01
1.332218050960000122e-01,6.801043748855590820e-01
1.633069962260000063e-01,3.704838752746582031e-01
1.797860413789999778e-01,3.100022077560424805e-01
5.747918486599999932e-01,4.216454625129699707e-01
8.508148789409999413e-01,6.817500591278076172e-01
8.527640104289999634e-01,8.602541685104370117e-01
1.687628030779999788e+00,7.814565896987915039e-01
2.149522066120000297e+00,1.367296218872070312e+00
8.122850060459999577e-01,1.601993441581726074e+00
1.239639997479999867e+00,8.580090999603271484e-01
2.128437280650000041e+00,1.089487791061401367e+00
2.139239072800000141e+00,1.678654313087463379e+00
9.779880046840000452e-01,1.468336939811706543e+00
6.937779784199998856e-01,1.082481741905212402e+00
7.218790054320000094e-01,7.924070954322814941e-01
7.631160020829999002e-01,7.679663896560668945e-01
8.565329909319999713e-01,7.852601408958435059e-01
1.109338045120000116e+00,9.081773757934570312e-01
6.476340293879999654e-01,1.021631836891174316e+00
9.241870045659998922e-01,7.388700842857360840e-01
7.877320051189998784e-01,9.827667474746704102e-01
1.305567026139999864e+00,8.882216811180114746e-01
9.107710123059999940e-01,1.137337207794189453e+00
8.699640035629999657e-01,8.016607165336608887e-01
5.743020176890000217e-01,8.883075714111328125e-01
8.599532246590000373e-01,6.671378016471862793e-01
4.775849878790000003e-01,8.405884504318237305e-01
1.108017444610000179e+00,5.909471511840820312e-01
1.290724992749999966e+00,1.091558456420898438e+00
8.591579794879999898e-01,1.078416228294372559e+00
3.058980107309999807e-01,9.782457351684570312e-01
9.039019942279999942e-01,4.323128163814544678e-01
6.352750062940000220e-01,9.198453426361083984e-01
1.023422956470000145e+00,7.022030949592590332e-01
6.730669736859999919e-01,9.671598076820373535e-01
8.504790067669999454e-01,6.880009770393371582e-01
5.141969919200000128e-01,9.565609693527221680e-01
1.527956604959999964e+00,6.454454064369201660e-01
4.094385623930000051e+00,1.321037054061889648e+00
9.952359795569999390e-01,2.872723817825317383e+00
8.670449852940000923e-01,1.001305341720581055e+00
1.141056060789999993e+00,1.071006774902343750e+00
1.622257947919999888e+00,1.263643980026245117e+00
1.980204939840000566e+00,1.425866484642028809e+00
1.375547051430000112e+00,1.354642868041992188e+00
1.851865053180000054e+00,1.331164717674255371e+00
1.420923948290000016e+00,1.951964616775512695e+00
1.589177966120000285e+00,1.470011353492736816e+00
1.673199415210000041e+00,1.391226530075073242e+00
2.123934030530000072e+00,1.451530456542968750e+00
1.648401975629999905e+00,1.846514225006103516e+00
1.204741954800000014e+00,1.665951013565063477e+00
7.920839786529999538e-01,1.110272169113159180e+00
1.227027416229999890e+00,8.511266708374023438e-01
1.226951003070000157e+00,1.220191478729248047e+00
1.131343960759999989e+00,1.082883000373840332e+00
1.252465009690000075e+00,1.097453832626342773e+00
1.116891980170000132e+00,1.157789468765258789e+00
1.122387051579999850e+00,1.059908986091613770e+00
1.040153026579999862e+00,1.123254060745239258e+00
8.091310262680000420e-01,9.953324794769287109e-01
7.681059837340000751e-01,7.325493097305297852e-01
7.982919812199998910e-01,7.934504747390747070e-01
7.666722536090000428e-01,7.865036725997924805e-01
1.057360053060000027e+00,7.212132215499877930e-01
8.607699871060000563e-01,1.020093679428100586e+00
1.070777058600000053e+00,8.325233459472656250e-01
5.301510095600000527e-01,9.714598059654235840e-01
6.604189872739999467e-01,6.242321729660034180e-01
9.909179806709998983e-01,7.609210014343261719e-01
3.561530113220000016e-01,9.459241032600402832e-01
9.618239998820000691e-01,4.667245745658874512e-01
1.244829058649999931e+00,8.947011232376098633e-01
8.381230235100001202e-01,1.149386644363403320e+00
9.245989918709998090e-01,7.599610090255737305e-01
8.131660223010001021e-01,9.802486896514892578e-01
1.003061056139999963e+00,8.111767768859863281e-01
8.752340078350000496e-01,9.052529335021972656e-01
7.991399765009998823e-01,9.174969792366027832e-01
8.812961578369999938e-01,7.675960063934326172e-01
1.063080191609999892e+00,8.236172199249267578e-01
9.057049751279999672e-01,1.012547492980957031e+00
6.909559965129999926e-01,8.685774207115173340e-01
1.355970025060000195e+00,7.577210664749145508e-01
7.572399973869999856e-01,1.161088466644287109e+00
2.043754577640000125e+00,7.448052167892456055e-01
8.576130270960000690e-01,1.674337387084960938e+00
2.364957094190000220e+00,7.527335882186889648e-01
4.179231166840000178e+00,2.071374416351318359e+00
2.233561992649999883e+00,2.886249303817749023e+00
8.013390302660000630e-01,1.518916130065917969e+00
8.372840285299999463e-01,1.006022334098815918e+00
8.851529955859999133e-01,1.132915258407592773e+00
9.040349721909999303e-01,5.770332813262939453e-01
1.302939534190000082e+00,6.989307999610900879e-01
7.228699922560000157e-01,1.280184745788574219e+00
8.009120225910000279e-01,9.436121582984924316e-01
1.032919287679999965e+00,9.892817735671997070e-01
1.321628212929999879e+00,1.109551429748535156e+00
9.367759823799999275e-01,1.161280632019042969e+00
7.007700204850000336e-01,8.362947106361389160e-01
7.624319791789999634e-01,7.692781090736389160e-01
1.144938945770000105e+00,8.119907379150390625e-01
7.721610069269999599e-01,1.037356019020080566e+00
8.772150278090000697e-01,7.275771498680114746e-01
1.243505001070000171e+00,9.406289458274841309e-01
6.381840109830000385e-01,1.104590177536010742e+00
7.468199729919999807e-01,6.760240197181701660e-01
6.839929819109999976e-01,9.647030830383300781e-01
1.419505119320000119e+00,7.280634641647338867e-01
6.141470074649999500e-01,1.117929220199584961e+00
7.347676754000000976e-01,6.706653833389282227e-01
6.770560145379999062e-01,9.528912305831909180e-01
1.074026942249999950e+00,7.213143706321716309e-01
6.156389713290000287e-01,9.871298670768737793e-01
9.692379832269999440e-01,7.254493236541748047e-01
9.916120171550001361e-01,1.022245526313781738e+00
8.089560270310000023e-01,8.767297267913818359e-01
2.435143947599999859e+00,8.509413003921508789e-01
8.223479986189999869e-01,1.898544788360595703e+00
5.938220024110000272e-01,9.256501197814941406e-01
5.762249827380000466e-01,6.557644009590148926e-01
4.224239885809999429e-01,7.265942692756652832e-01
6.765879988670000511e-01,5.598770976066589355e-01
5.520349740979999531e-01,5.548735857009887695e-01
9.015229940410001142e-01,8.606072068214416504e-01
7.489960193629999763e-01,8.965407013893127441e-01
8.627583980560000754e-01,8.684792518615722656e-01
9.480749964710000199e-01,9.528928995132446289e-01
1.055613875389999956e+00,9.802753329277038574e-01
1.970020055770000278e+00,9.651923775672912598e-01
9.391199946399999554e-01,1.469655871391296387e+00
1.009042978289999892e+00,9.606269598007202148e-01
7.824029922490001177e-01,9.923090338706970215e-01
1.016265034679999957e+00,8.450831770896911621e-01
8.782749772069999850e-01,8.674384355545043945e-01
7.353619933130000064e-01,9.257813096046447754e-01
1.109990954399999952e+00,8.323976397514343262e-01
7.727199792860000027e-01,9.923513531684875488e-01
1.164981961250000086e+00,8.466615676879882812e-01
7.157210111620000426e-01,1.089108467102050781e+00
1.475479006770000101e+00,7.393005490303039551e-01
8.354520201680000202e-01,1.317638516426086426e+00
7.344660162930000125e-01,7.746266126632690430e-01
7.861927747729999805e-01,7.860262393951416016e-01
1.143465042110000107e+00,7.934635877609252930e-01
9.246990084650000830e-01,1.032459139823913574e+00
2.958764553069999970e+00,9.070361852645874023e-01
2.138324022289999959e+00,2.241088867187500000e+00
2.038712024690000124e+00,1.585000276565551758e+00
1.480209946629999829e+00,1.928343772888183594e+00
9.367650747299998137e-01,1.253469705581665039e+00
1.715939760209999942e+00,9.225165843963623047e-01
1.001402020450000041e+00,1.390275835990905762e+00
8.896229863169999863e-01,1.014235496520996094e+00
7.492939829829999843e-01,8.517125248908996582e-01
1.115183949470000213e+00,8.235296010971069336e-01
9.457820057870001129e-01,1.071572303771972656e+00
6.452180147170000213e-01,1.031211376190185547e+00
1.164842009540000056e+00,8.184321522712707520e-01
1.244351029399999975e+00,1.006077289581298828e+00
9.045109748840000075e-01,1.101199746131896973e+00
5.575259923929999362e-01,9.208044409751892090e-01
5.778343677520000332e-01,7.044236063957214355e-01
7.199835777280000348e-01,6.532425284385681152e-01
7.607790231700000128e-01,7.890704274177551270e-01
5.404400229450000426e-01,8.451441526412963867e-01
8.009672760959999360e-01,5.916565656661987305e-01
7.710149884220000027e-01,8.244760632514953613e-01
6.709719896319999988e-01,8.580226898193359375e-01
2.768970489500000021e+00,8.238991498947143555e-01
3.086133003230000060e+00,2.056900978088378906e+00
1.116358041760000086e+00,2.179437398910522461e+00
1.018260955809999979e+00,1.075762271881103516e+00
7.442610263819999794e-01,1.128936052322387695e+00
1.114386796949999869e+00,9.807562232017517090e-01
1.380516409870000238e+00,1.022129178047180176e+00
1.229098439219999950e+00,1.235183000564575195e+00
1.573238968849999919e+00,1.246065855026245117e+00
1.245597958560000107e+00,1.648741602897644043e+00
8.298619985580000247e-01,1.328092575073242188e+00
5.376980304720000436e-01,1.039375424385070801e+00
8.593800067899999284e-01,8.618833422660827637e-01
7.949647903440000274e-01,8.553725481033325195e-01
8.122889995569999577e-01,8.355340957641601562e-01
1.209460973739999945e+00,9.359822273254394531e-01
1.043611049649999956e+00,1.183712840080261230e+00
9.914460182190000248e-01,9.564958214759826660e-01
1.377645969390000058e+00,1.022418260574340820e+00
7.495359778399999229e-01,1.272785902023315430e+00
7.549669742579999676e-01,7.138766050338745117e-01
8.522210121150000095e-01,8.240168094635009766e-01
1.312628030780000010e+00,8.846026062965393066e-01
9.499999880790001017e-01,1.108551144599914551e+00
8.433979749680000637e-01,9.028258919715881348e-01
6.329939961430000039e-01,8.939028382301330566e-01
6.848490238189999246e-01,6.595713496208190918e-01
8.296039700509999504e-01,7.772259712219238281e-01
1.117776036259999994e+00,8.885933160781860352e-01
1.060515046120000138e+00,9.839349985122680664e-01
9.966710209849999336e-01,1.027081012725830078e+00
6.726049780850000825e-01,9.903424978256225586e-01
8.499810099600000335e-01,7.072061896324157715e-01
7.929700016980000266e-01,8.508426547050476074e-01
7.509549856190000927e-01,9.393095970153808594e-01
9.556260704989999466e-01,7.430511713027954102e-01
6.085839867589999397e-01,8.947528004646301270e-01
7.782499790189999489e-01,7.216682434082031250e-01
5.098140239720000411e-01,8.657262921333312988e-01
6.364319920540000286e-01,6.265318393707275391e-01
6.015599966049999248e-01,6.811845898628234863e-01
6.556333899499999784e-01,7.006001472473144531e-01
6.385549902920000243e-01,7.088781595230102539e-01
8.762890100480000832e-01,7.170075774192810059e-01
7.967479825020000739e-01,9.211350679397583008e-01
6.824830174449999509e-01,7.932430505752563477e-01
8.025500178340000401e-01,7.566950321197509766e-01
7.950311899190000142e-01,8.562491536140441895e-01
1.584897041320000088e+00,8.128161430358886719e-01
1.017485976220000143e+00,1.339230656623840332e+00
9.177780151369999695e-01,9.831036925315856934e-01
1.230221033100000083e+00,8.753675818443298340e-01
1.027899026870000121e+00,1.147759079933166504e+00
9.125559926030000213e-01,1.036404132843017578e+00
7.935979962350000472e-01,8.480122089385986328e-01
1.030437946320000187e+00,8.292205333709716797e-01
5.325379967690000438e-01,1.014219880104064941e+00
6.127780079839999505e-01,6.591586470603942871e-01
8.741289973260000234e-01,7.369154095649719238e-01
3.667230010029999820e-01,8.912141919136047363e-01
7.391750216480000857e-01,5.009704232215881348e-01
5.604230165479999748e-01,8.269373774528503418e-01
7.758178114889999755e-01,7.263411879539489746e-01
8.102909922600001202e-01,7.658470869064331055e-01
6.437510252000000488e-01,8.632949590682983398e-01
7.236457467079999706e-01,7.824296951293945312e-01
9.113870263100001257e-01,7.513363957405090332e-01
6.627830266949999993e-01,9.483553767204284668e-01
1.002035975460000117e+00,7.617620229721069336e-01
8.224419951440000709e-01,9.895395636558532715e-01
1.030576944350000135e+00,8.589136600494384766e-01
6.781139969830000114e-01,1.074629187583923340e+00
5.333459973340000104e-01,7.321391701698303223e-01
3.209959864620000047e-01,7.155222892761230469e-01
7.608630061149999069e-01,5.287842154502868652e-01
7.439860105509998878e-01,9.686856865882873535e-01
5.468400120740000148e-01,8.185387849807739258e-01
7.004669904709999173e-01,6.836090683937072754e-01
8.356525897980000561e-01,8.025622963905334473e-01
1.274258971210000091e+00,9.274430871009826660e-01
8.934450149539999719e-01,1.110824227333068848e+00
6.211659908290000365e-01,9.447876214981079102e-01
7.900159955019999680e-01,6.673142910003662109e-01
1.067494988440000014e+00,8.319329023361206055e-01
6.698009967800000464e-01,1.043820738792419434e+00
1.265694975850000015e+00,7.917328476905822754e-01
6.380620002750000408e-01,1.116698384284973145e+00
9.348030090330000652e-01,7.168666124343872070e-01
8.006410002709999363e-01,1.029969930648803711e+00
1.085708975790000030e+00,9.231328964233398438e-01
3.527039885520000251e-01,9.617033600807189941e-01
5.883709788319999578e-01,5.874546766281127930e-01
4.875420033929999120e-01,7.511551976203918457e-01
4.636880159380000199e-01,6.312128305435180664e-01
3.637039959430000136e-01,5.607464909553527832e-01
8.750243186949999696e-01,5.945547223091125488e-01
6.435279846190000708e-01,8.950372338294982910e-01
4.834130108360000233e-01,6.992422938346862793e-01
2.120890021319999930e-01,7.331140041351318359e-01
4.560469985010000560e-01,4.073743522167205811e-01
4.367910027499999903e-01,5.932751297950744629e-01
7.238804101939999569e-01,6.128371953964233398e-01
5.560690164570000205e-01,7.334868907928466797e-01
4.748429954049999679e-01,6.268898844718933105e-01
2.674640119080000100e-01,7.002971172332763672e-01
9.588437080380001198e-01,4.810177087783813477e-01
7.868980169300000549e-01,9.160680174827575684e-01
1.794360995290000149e+00,8.542453646659851074e-01
1.337677955630000026e+00,1.407526850700378418e+00
1.210453987120000185e+00,1.037191390991210938e+00
5.654799938200000264e-01,1.173965334892272949e+00
4.008429944520000565e-01,7.131667733192443848e-01
2.727654874320000200e-01,5.594034790992736816e-01
5.836449861529999783e-01,3.468342721462249756e-01
8.533802628519999711e-01,7.061365842819213867e-01
8.660610318179999823e-01,8.542868494987487793e-01
1.158349990839999899e+00,8.064560294151306152e-01
7.764859795569999390e-01,1.068018436431884766e+00
1.068807005880000105e+00,8.791322112083435059e-01
5.888479948040000744e-01,1.002084136009216309e+00
1.588868498799999918e+00,5.873391628265380859e-01
4.327859878540000205e-01,1.376045823097229004e+00
3.996030092239999942e-01,5.795924067497253418e-01
5.545349717140000134e-01,6.097798943519592285e-01
6.221979856490000849e-01,6.962687969207763672e-01
1.149551987649999996e+00,7.025011181831359863e-01
1.121260046960000034e+00,9.239223003387451172e-01
9.776459932329999436e-01,1.223176836967468262e+00
1.732741951940000025e+00,8.955637812614440918e-01
2.302707910540000125e+00,1.512167811393737793e+00
1.053477048870000043e+00,1.806230783462524414e+00
7.962800264360000435e-01,8.766314983367919922e-01
5.203329920770000117e-01,9.073324799537658691e-01
6.104800105090000262e-01,6.352948546409606934e-01
4.453057944770000276e-01,5.719755291938781738e-01
6.522138714790000069e-01,4.739363193511962891e-01
1.175541162490000069e+00,7.376959323883056641e-01
1.032202124599999937e+00,1.144602298736572266e+00
7.193930149079998948e-01,1.054371237754821777e+00
8.200139999390000378e-01,7.844783067703247070e-01
9.497330188750000568e-01,9.237906932830810547e-01
1.039114952089999822e+00,9.190123081207275391e-01
5.883830189700000046e-01,9.688609242439270020e-01
9.508559703829998488e-01,6.354252099990844727e-01
5.277600288389999728e-01,9.549720287322998047e-01
7.736063003540000205e-01,7.028329372406005859e-01
9.703559875489998765e-01,8.816697597503662109e-01
1.383889913560000018e+00,9.456430673599243164e-01
7.795230150220000542e-01,1.240646600723266602e+00
6.069999933240000090e-01,7.394677400588989258e-01
4.660570025440000097e-01,8.939375281333923340e-01
9.455270171170000459e-01,6.030079126358032227e-01
6.238729953770000280e-01,8.903879523277282715e-01
3.923240005969999555e-01,6.382002234458923340e-01
5.156549811360000568e-01,6.153451204299926758e-01
9.679385423660000765e-01,6.909452676773071289e-01
1.356565952299999989e+00,9.805873036384582520e-01
9.072690010070000310e-01,1.159423232078552246e+00
8.162760138510000152e-01,9.832717180252075195e-01
2.479866981509999846e+00,7.808660864830017090e-01
1.133080005649999888e+00,1.978888630867004395e+00
1.045583963389999926e+00,9.697307348251342773e-01
8.474370241169999485e-01,1.084735631942749023e+00
1.536522984499999911e+00,8.239084482192993164e-01
9.008989930149998715e-01,1.375545859336853027e+00
4.812009930610000596e-01,8.628162741661071777e-01
8.572540283199999722e-01,7.406753301620483398e-01
8.617479801180000232e-01,8.431259393692016602e-01
1.008694052699999899e+00,9.253648519515991211e-01
1.127727031710000105e+00,1.031363725662231445e+00
7.795569896699999779e-01,1.091397166252136230e+00
9.895502924920001053e-01,7.432780861854553223e-01
8.363329768179998958e-01,1.037168979644775391e+00
9.099559783939998869e-01,8.831672668457031250e-01
5.511059761050000061e-01,8.865835070610046387e-01
1.239764332770000088e+00,6.096063256263732910e-01
1.211838960649999963e+00,1.110028862953186035e+00
1.379981994630000042e+00,1.076976180076599121e+00
1.148460984229999982e+00,1.229887008666992188e+00
7.663900256160000035e-01,9.705489277839660645e-01
9.660840034479999394e-01,8.992733359336853027e-01
8.156750202179999798e-01,9.460147023200988770e-01
1.142272949220000111e+00,7.636566162109375000e-01
1.299479961400000105e+00,9.819062352180480957e-01
8.583310246469999516e-01,1.212279677391052246e+00
7.149469852449999996e-01,8.284738659858703613e-01
8.764400482179999230e-01,7.843945026397705078e-01
8.305460214609999836e-01,9.319167137145996094e-01
8.535240292550000385e-01,7.574645280838012695e-01
9.092410206789999227e-01,8.784697651863098145e-01
5.202720165249999917e-01,8.427593708038330078e-01
7.411040067669999454e-01,5.747818350791931152e-01
5.853319764140000325e-01,8.268087506294250488e-01
5.047770142559999673e-01,7.245896458625793457e-01
5.519493222240000607e-01,5.416242480278015137e-01
9.697520136830000137e-01,6.400575637817382812e-01
1.116515994070000017e+00,9.526122808456420898e-01
1.049844980239999837e+00,1.025364637374877930e+00
6.342629790310000404e-01,9.367161989212036133e-01
5.644329786300000817e-01,7.002310752868652344e-01
9.184709787370000100e-01,7.352172136306762695e-01
9.593539834020000656e-01,9.031048417091369629e-01
5.984159708020000412e-01,8.321369290351867676e-01
9.383450150489999197e-01,6.873974204063415527e-01
4.542250037189999867e-01,9.228785037994384766e-01
7.079470157619999204e-01,5.665356516838073730e-01
3.876500129699999575e-01,7.920807600021362305e-01
4.484339952470000057e-01,5.593531131744384766e-01
8.405709862710000202e-01,4.956105053424835205e-01
5.337110161779999862e-01,8.946732282638549805e-01
7.211350202559999589e-01,6.638976335525512695e-01
5.215386152269999576e-01,7.161360383033752441e-01
7.050759792330000275e-01,6.646582484245300293e-01
6.405649781229999506e-01,7.484229803085327148e-01
5.168589949609999623e-01,7.543365359306335449e-01
1.660409450529999997e+00,5.394693613052368164e-01
2.465307950970000217e+00,1.382571816444396973e+00
1.622156023979999917e+00,1.839664459228515625e+00
1.866270065310000170e+00,1.217843174934387207e+00
3.623536109919999415e+00,1.536584019660949707e+00
7.948709726329999947e-01,2.820678949356079102e+00
9.065989851950000400e-01,6.476899981498718262e-01
8.571879863740000660e-01,1.227167010307312012e+00
7.756379842759999477e-01,8.966596126556396484e-01
7.006700038909999817e-01,6.951606869697570801e-01
6.443409919740000769e-01,6.773154139518737793e-01
7.579550147059999077e-01,8.951828479766845703e-01
5.499600172040000068e-01,8.550271391868591309e-01
4.964669942859999408e-01,7.723256945610046387e-01
1.367677569390000070e+00,7.533406019210815430e-01
1.397894024850000250e+00,1.324494719505310059e+00
8.148130178450000427e-01,1.172345876693725586e+00
1.278898954390000009e+00,9.804785251617431641e-01
8.623980283740000363e-01,1.107715606689453125e+00
1.093865990639999897e+00,8.711488246917724609e-01
8.134710192680000285e-01,9.563493728637695312e-01
1.466687083240000078e+00,8.640814423561096191e-01
9.060310125349999577e-01,1.382287383079528809e+00
7.652140259739999006e-01,9.499287009239196777e-01
1.311033964160000176e+00,1.012406945228576660e+00
7.892500162119999718e-01,1.198610901832580566e+00
1.474902033810000068e+00,7.969729900360107422e-01
9.167850017550001063e-01,1.288026332855224609e+00
1.186140060420000086e+00,9.488091468811035156e-01
1.411391973500000008e+00,1.130725741386413574e+00
2.092472076419999993e+00,1.240845561027526855e+00
7.189220190049999681e-01,1.644953608512878418e+00
1.301861047739999888e+00,7.558823227882385254e-01
1.268974781040000055e+00,1.307209968566894531e+00
1.221997022629999874e+00,1.100650787353515625e+00
9.061110019680000960e-01,1.029688835144042969e+00
1.078873991970000112e+00,9.831832647323608398e-01
1.028025031089999874e+00,1.044690132141113281e+00
7.863690257070000689e-01,9.152502417564392090e-01
1.276852965350000035e+00,8.389753103256225586e-01
7.093420028689999546e-01,1.227021455764770508e+00
5.201929807659999572e-01,6.895099282264709473e-01
5.645610094070000473e-01,6.334963440895080566e-01
9.855200052259999177e-01,7.054365277290344238e-01
1.092841982840000004e+00,9.426780343055725098e-01
4.786899983879999709e-01,9.416134953498840332e-01
3.955059945579999514e-01,6.541538238525390625e-01
1.850703001020000071e+00,5.282979011535644531e-01
1.195796012879999815e+00,1.619368791580200195e+00
1.702510833739999896e+00,1.015968799591064453e+00
2.998351097109999586e+00,1.358738064765930176e+00
2.407080888749999925e+00,2.201938629150390625e+00
2.585943937299999718e+00,1.926389932632446289e+00
2.233839035029999920e+00,1.999673128128051758e+00
1.655773043629999997e+00,1.759043455123901367e+00
1.430611014370000156e+00,1.500582814216613770e+00
8.921740055079999676e-01,1.327032327651977539e+00
1.231696963309999893e+00,8.040353059768676758e-01
8.955079913140001624e-01,1.080554604530334473e+00
1.602033019070000064e+00,1.018889784812927246e+00
1.585399031639999956e+00,1.574053049087524414e+00
1.232059955600000034e+00,1.474214553833007812e+00
1.210371017459999976e+00,1.198880434036254883e+00
1.242141008379999967e+00,1.213981270790100098e+00
9.857040047650000858e-01,1.157488465309143066e+00
7.289689779279999726e-01,9.120621681213378906e-01
6.761519908910000876e-01,7.784589529037475586e-01
1.071573019029999907e+00,6.910240054130554199e-01
9.457439780239998983e-01,1.051056623458862305e+00
4.376370012759999706e-01,9.353299736976623535e-01
5.141820311550000522e-01,5.518069267272949219e-01
3.387190103530000052e-01,6.639949679374694824e-01
7.144280076029999593e-01,5.642431974411010742e-01
4.996199905870000180e-01,7.166815996170043945e-01
7.917379736899999854e-01,7.153580784797668457e-01
8.646243214609999894e-01,8.413448333740234375e-01
6.024960279459999901e-01,8.633809089660644531e-01
1.260069966320000123e+00,7.093610763549804688e-01
1.012339949610000067e+00,1.243970632553100586e+00
1.004528999329999950e+00,9.434598088264465332e-01
6.310235261919999727e-01,9.108092784881591797e-01
1.141221046449999887e+00,7.355096936225891113e-01
5.426099896430000014e-01,1.107184886932373047e+00
8.547459840769999762e-01,7.041116356849670410e-01
7.744219899179999311e-01,8.296086788177490234e-01
3.084340095520000102e-01,7.841231822967529297e-01
8.376209735870000506e-01,5.010305643081665039e-01
7.293469905850000767e-01,9.295963048934936523e-01
7.503905892370000830e-01,8.245361447334289551e-01
1.134822010990000019e+00,7.130731940269470215e-01
1.614240050320000064e+00,1.149905085563659668e+00
1.244793057440000128e+00,1.432587623596191406e+00
7.141630053519999466e-01,1.015982747077941895e+00
7.293040156360000026e-01,8.392474651336669922e-01
6.486989855770000091e-01,8.468685746192932129e-01
3.427990078929999962e-01,6.732071042060852051e-01
3.861860036850000011e-01,5.892963409423828125e-01
6.366299986840000535e-01,5.491534471511840820e-01
3.990480005740000280e-01,7.084544301033020020e-01
4.178859889509999870e-01,5.731120705604553223e-01
1.103790521619999909e+00,6.714077591896057129e-01
6.956189870829999622e-01,1.034888386726379395e+00
8.070139884950000564e-01,7.493503689765930176e-01
5.947690010070000310e-01,9.100050330162048340e-01
1.107607960700000005e+00,6.779803633689880371e-01
9.713580012320000012e-01,1.013796210289001465e+00
7.170349955560000321e-01,9.851612448692321777e-01
6.764810085300000386e-01,7.301387786865234375e-01
1.687772989270000190e+00,7.060815691947937012e-01
9.907569885250000485e-01,1.466452479362487793e+00
8.082039952280000161e-01,9.587645530700683594e-01
1.087718963619999979e+00,8.308713436126708984e-01
1.564818024639999861e+00,1.014043331146240234e+00
6.673809885979999912e-01,1.374185442924499512e+00
1.256489992140000123e+00,7.210091948509216309e-01
1.091886043549999963e+00,1.169016838073730469e+00
7.375509738919999725e-01,1.012207627296447754e+00
6.224380135540000802e-01,8.109012246131896973e-01
8.364729881290000613e-01,7.136852741241455078e-01
5.774260163309999916e-01,8.384678363800048828e-01
1.015761017800000054e+00,6.979792714118957520e-01
1.106158971790000001e+00,9.963766932487487793e-01
6.945540308949998964e-01,1.018788695335388184e+00
1.130903959270000092e+00,7.358741760253906250e-01
9.518219828609999489e-01,1.093907594680786133e+00
7.524570226669999862e-01,9.757065176963806152e-01
5.585229992869999993e-01,7.538133859634399414e-01
1.415836334229999771e+00,6.660088896751403809e-01
1.855298042299999839e+00,1.226718425750732422e+00
7.845479845999999702e-01,1.562416434288024902e+00
8.210539817810000862e-01,9.906235933303833008e-01
5.835890173909999978e-01,8.118747472763061523e-01
8.359720110889999889e-01,7.547522187232971191e-01
2.184663057329999880e+00,8.765680193901062012e-01
6.805480122570000123e-01,1.730154514312744141e+00
1.238904953000000031e+00,7.492614984512329102e-01
1.030328035349999949e+00,1.326642513275146484e+00
7.914109826090000022e-01,1.123983740806579590e+00
8.423720002169999832e-01,9.405286312103271484e-01
4.464710056780000769e-01,9.688655734062194824e-01
5.589337944979999584e-01,5.861781239509582520e-01
7.099329829220000221e-01,4.872309565544128418e-01
7.334340214730000751e-01,1.010349869728088379e+00
7.833399772640000647e-01,8.595515489578247070e-01
8.426809906959999985e-01,7.912672162055969238e-01
1.099761009220000085e+00,9.413011074066162109e-01
8.706315755840000614e-01,1.063829660415649414e+00
5.862460136410000411e-01,7.820237874984741211e-01
8.863990306849999223e-01,6.698382496833801270e-01
1.019399046900000050e+00,9.354116916656494141e-01
8.493610024450000129e-01,9.313694238662719727e-01
1.010666966439999870e+00,8.394866585731506348e-01
1.331516027449999973e+00,9.880546927452087402e-01
1.215008974079999859e+00,1.134681224822998047e+00
1.645591020579999952e+00,1.036769747734069824e+00
9.708780050280000351e-01,1.417896986007690430e+00
1.411272048950000135e+00,9.313787221908569336e-01
7.953929901119999313e-01,1.259898066520690918e+00
1.046331048010000098e+00,7.664777636528015137e-01
8.879339694979999642e-01,1.077226758003234863e+00
8.349300026890000836e-01,8.451754450798034668e-01
9.847199916839999290e-01,7.858844399452209473e-01
1.090394020079999970e+00,9.156066775321960449e-01
4.901649951929999416e-01,1.126459956169128418e+00
6.141669750209999279e-01,5.421965122222900391e-01
6.314740180969999894e-01,8.045669198036193848e-01
8.252440094949999860e-01,7.348210215568542480e-01
1.051450967789999913e+00,7.980120778083801270e-01
1.047114968300000060e+00,9.865902066230773926e-01
3.921430110930000379e-01,1.013007164001464844e+00
4.695149958129999912e-01,5.300934314727783203e-01
7.720900177959999500e-01,6.809390783309936523e-01
7.520099878309999264e-01,8.809708952903747559e-01
6.877393722529999698e-01,7.531530857086181641e-01
6.718119978899999012e-01,7.461038231849670410e-01
1.185933232310000029e+00,7.233672738075256348e-01
6.571980118750000432e-01,1.179220199584960938e+00
8.213180303569999063e-01,7.144886255264282227e-01
7.795739769939998842e-01,8.800710439682006836e-01
1.030122995379999962e+00,8.223922848701477051e-01
6.211889982220000217e-01,9.656546115875244141e-01
8.660820126530001106e-01,6.909224390983581543e-01
9.608931541439998947e-01,9.127101898193359375e-01
6.760399937630000577e-01,8.903820514678955078e-01
7.402380108830000083e-01,7.430875897407531738e-01
5.984709858890000511e-01,8.270956873893737793e-01
6.151059865950000427e-01,6.878604292869567871e-01
9.358735680580000382e-01,6.569681763648986816e-01
5.818247795100000008e-01,9.606138467788696289e-01
7.156659960750000327e-01,6.598629951477050781e-01
6.529520154000000298e-01,7.421208620071411133e-01
9.700022935870000751e-01,8.057702779769897461e-01
7.834500074390000623e-01,9.299260377883911133e-01
7.448130249979999506e-01,7.573515176773071289e-01
8.276180028919999376e-01,8.442434072494506836e-01
8.943400979040000420e-01,8.623629212379455566e-01
2.505017042159999985e+00,8.494094610214233398e-01
1.620712041850000062e+00,1.894960999488830566e+00
1.417585968970000110e+00,1.512631773948669434e+00
1.049872040749999957e+00,1.072028994560241699e+00
1.226507544519999993e+00,1.047155618667602539e+00
1.043179035189999881e+00,1.153999805450439453e+00
9.694439768789999690e-01,9.091728925704956055e-01
8.192250132559999454e-01,1.044775128364562988e+00
8.129550218580000598e-01,7.896816134452819824e-01
6.712080240250000163e-01,8.622372150421142578e-01
5.289899706839999993e-01,7.736005783081054688e-01
3.461930155749999849e-01,6.621067523956298828e-01
4.789490103719999947e-01,3.984868526458740234e-01
1.153810977940000093e+00,6.042549014091491699e-01
9.671270251270001062e-01,1.069675087928771973e+00
7.845839858059999727e-01,8.805205225944519043e-01
4.701859951020000428e-01,8.077816963195800781e-01
5.632782578470000301e-01,6.435664892196655273e-01
2.416239976880000528e-01,6.632364392280578613e-01
2.709859907630000064e-01,4.021731615066528320e-01
1.994680017229999991e-01,4.540174603462219238e-01
1.327169984580000017e-01,3.704749643802642822e-01
4.732620120049999546e-01,3.320992290973663330e-01
6.585559844969999244e-01,6.071289181709289551e-01
9.621880054470001165e-01,7.925218343734741211e-01
5.111979842189999790e-01,9.182940125465393066e-01
9.829789996150001263e-01,5.057208538055419922e-01
9.100099802019999684e-01,9.775926470756530762e-01
1.026576042179999870e+00,8.844354152679443359e-01
8.309389948840000262e-01,9.159503579139709473e-01
9.651920199390001676e-01,6.999127864837646484e-01
1.000543951989999902e+00,9.670505523681640625e-01
1.983185052870000131e+00,9.301071763038635254e-01
1.274855017659999978e+00,1.566393971443176270e+00
1.286525964740000028e+00,1.030512094497680664e+00
1.382244944570000245e+00,1.314129233360290527e+00
1.736924052240000016e+00,1.165103197097778320e+00
1.257668018339999971e+00,1.425320029258728027e+00
7.533379793170000838e-01,1.172447800636291504e+00
1.084908962249999886e+00,7.631131410598754883e-01
1.062494039539999990e+00,9.935619235038757324e-01
7.787629961969999570e-01,1.035373806953430176e+00
8.256469964979999965e-01,8.421282768249511719e-01
9.891830086709999525e-01,8.355510234832763672e-01
1.418092012410000047e+00,9.481031298637390137e-01
1.151677966120000063e+00,1.281381726264953613e+00
1.250364065170000094e+00,1.072042942047119141e+00
8.794019818310000458e-01,1.095104575157165527e+00
1.089423060420000144e+00,8.389702439308166504e-01
1.809062957759999701e+00,1.055321097373962402e+00
8.687390089040000207e-01,1.459107875823974609e+00
8.521729707719999380e-01,8.045186996459960938e-01
1.307837963100000112e+00,8.387078046798706055e-01
1.262575984000000151e+00,1.243966817855834961e+00
7.601559758189999627e-01,1.066430330276489258e+00
1.069887042049999959e+00,8.186497092247009277e-01
8.579840064049999437e-01,1.012626171112060547e+00
1.149323940279999956e+00,8.225755691528320312e-01
1.067142963410000034e+00,1.182447314262390137e+00
7.400619983670000401e-01,9.364072084426879883e-01
6.799880266190000411e-01,6.885071992874145508e-01
7.323921322820000634e-01,7.855474948883056641e-01
8.352749943730000126e-01,8.211686015129089355e-01
6.000829935070000065e-01,7.458354830741882324e-01
1.010563969610000168e+00,7.366309762001037598e-01
7.613970041280000434e-01,9.442784190177917480e-01
7.260069847110000030e-01,7.780246734619140625e-01
1.064324021340000037e+00,7.949044108390808105e-01
5.901079773899998715e-01,9.832171201705932617e-01
7.744659781460000447e-01,6.240886449813842773e-01
7.406870126719998781e-01,8.294626474380493164e-01
8.908360004430001533e-01,8.330075740814208984e-01
7.620100975040000613e-01,7.992768287658691406e-01
7.774500250820000069e-01,8.010863661766052246e-01
5.811070203779999943e-01,8.407331705093383789e-01
7.908779978749999051e-01,7.178452014923095703e-01
8.903719782829999652e-01,8.043853640556335449e-01
7.882059812549999656e-01,8.318376541137695312e-01
7.301949858670000459e-01,8.473460078239440918e-01
9.248933196070000529e-01,7.608084082603454590e-01
1.265586972239999941e+00,9.035344719886779785e-01
7.884140014650000694e-01,1.112869024276733398e+00
9.180610179899999501e-01,8.500621318817138672e-01
6.569269895549999516e-01,8.558902144432067871e-01
8.252680301670000107e-01,6.992037892341613770e-01
4.257229864599999525e-01,8.626549839973449707e-01
9.114630222319999309e-01,5.580891966819763184e-01
7.238519787790000937e-01,8.820781707763671875e-01
9.657319784160000031e-01,7.442770004272460938e-01
7.194200158119999911e-01,9.576462507247924805e-01
7.146480083470000411e-01,7.775599360466003418e-01
6.188799738879999790e-01,8.045707345008850098e-01
8.502969741820000094e-01,6.855129599571228027e-01
6.113014817240000065e-01,8.485074639320373535e-01
8.405809998509999881e-01,7.068629264831542969e-01
5.909900069240000553e-01,8.536946773529052734e-01
1.191807866100000002e+00,7.098216414451599121e-01
1.072478055950000009e+00,1.092414736747741699e+00
7.976800203319999172e-01,9.676376581192016602e-01
7.140370011329999489e-01,8.987070322036743164e-01
8.885610103609999921e-01,7.077628374099731445e-01
7.367290258409999737e-01,8.853966593742370605e-01
9.655410051350000744e-01,7.245956063270568848e-01
8.569459915160000385e-01,1.008937835693359375e+00
5.838339924809999859e-01,8.115149736404418945e-01
3.047562122340000457e+00,7.120074033737182617e-01
8.865389823909999301e-01,2.385188102722167969e+00
1.186460971829999878e+00,1.058973908424377441e+00
8.750730156899999557e-01,1.268408417701721191e+00
1.111973047260000014e+00,9.510524868965148926e-01
6.929270029070000447e-01,1.042137742042541504e+00
5.632749795910000357e-01,6.251498460769653320e-01
5.519689917560000048e-01,1.278203845024108887e+00
9.211350083349998386e-01,7.368265390396118164e-01
5.465030074119999748e-01,1.130183935165405273e+00
9.997850060459999577e-01,9.143546223640441895e-01
7.512239813800000166e-01,1.237091183662414551e+00
8.402569890019999654e-01,7.588676810264587402e-01
7.843149900439999600e-01,8.706345558166503906e-01
5.915480256080000165e-01,8.217954635620117188e-01
6.109840273859999948e-01,7.234231233596801758e-01
9.328789710999999540e-01,6.870020627975463867e-01
7.992020249369999885e-01,9.206520915031433105e-01
9.833549857140000405e-01,7.917074561119079590e-01
5.405290126799999761e-01,1.007378935813903809e+00
1.093670010570000128e+00,6.222537755966186523e-01
9.266330003740002041e-01,1.020309448242187500e+00
7.972419857979999858e-01,9.514876008033752441e-01
5.896059870719999596e-01,7.949619889259338379e-01
7.799540162090000672e-01,6.164540648460388184e-01
5.182790160179999717e-01,8.422637581825256348e-01
7.263879776000000676e-01,6.373401284217834473e-01
6.216366887090000182e-01,7.912604808807373047e-01
8.810679912569999717e-01,6.440879702568054199e-01
7.315016984940000411e-01,8.809692263603210449e-01
9.703850150110000516e-01,8.059235215187072754e-01
8.715350031849999901e-01,9.342967867851257324e-01
5.505740046500000595e-01,8.105710744857788086e-01
2.576299905780000121e-01,6.671758890151977539e-01
6.952109932899999123e-01,4.748599231243133545e-01
3.547430038449999601e-01,7.566950321197509766e-01
1.308350920679999918e+00,5.331600308418273926e-01
1.424710035319999957e+00,1.172877073287963867e+00
2.422243118290000385e+00,1.154048085212707520e+00
1.588093161580000023e+00,1.879162669181823730e+00
2.882889986040000352e+00,1.224607944488525391e+00
1.510810017590000109e+00,2.337260723114013672e+00
5.103110075000000245e-01,1.193439245223999023e+00
6.637499928469999810e-01,6.934142112731933594e-01
5.865659713749999948e-01,7.329332232475280762e-01
9.182999730109998593e-01,6.147465705871582031e-01
1.126363039020000123e+00,7.102652192115783691e-01
9.455379843710000065e-01,1.180861711502075195e+00
7.979699969290000583e-01,9.614210128784179688e-01
8.895260095600000527e-01,9.249339103698730469e-01
5.017459988589999531e-01,1.017608165740966797e+00
7.889080047609999813e-01,6.330070495605468750e-01
5.571460127830000220e-01,8.154772520065307617e-01
8.079270124439998924e-01,6.202313899993896484e-01
7.382910251620000697e-01,7.641434073448181152e-01
6.742079854009999096e-01,8.427026867866516113e-01
8.787713646889999675e-01,7.679007649421691895e-01
7.401880025859999268e-01,8.582317829132080078e-01
8.886500000949999478e-01,8.105769753456115723e-01
7.983270287510000340e-01,9.109277725219726562e-01
5.137799978260000344e-01,7.949497103691101074e-01
7.760372757910000141e-01,6.151757836341857910e-01
8.528280258179999906e-01,8.421846032142639160e-01
7.851629853249999513e-01,8.510166406631469727e-01
8.431609868999999646e-01,8.288069963455200195e-01
1.024798870089999925e+00,8.241209387779235840e-01
8.044279813770001120e-01,9.610785841941833496e-01
8.841310143469999216e-01,8.397321105003356934e-01
3.615649938579999501e-01,9.446407556533813477e-01
1.171491026879999842e+00,5.007579326629638672e-01
4.477910101410000343e-01,1.059750199317932129e+00
7.665730118750000432e-01,6.479042172431945801e-01
7.735599875449999940e-01,8.157401084899902344e-01
1.054823040959999902e+00,7.594323158264160156e-01
7.843300104139999673e-01,9.960821270942687988e-01
1.034250974660000155e+00,8.292543888092041016e-01
1.096979022029999973e+00,1.001638412475585938e+00
7.633029818529999400e-01,9.311611652374267578e-01
5.883730053899999257e-01,8.594414591789245605e-01
6.365630030629999547e-01,7.041023373603820801e-01
5.750700235369999858e-01,6.983263492584228516e-01
5.399640202519999654e-01,6.130695939064025879e-01
1.324671149250000068e+00,6.681494116783142090e-01
8.178460001949999780e-01,1.149411559104919434e+00
6.359609961509999909e-01,7.889815568923950195e-01
8.135920166969999867e-01,7.782879471778869629e-01
9.872140288350000903e-01,8.701147437095642090e-01
9.839289784429998686e-01,8.814762830734252930e-01
5.904790163040000150e-01,8.870542049407958984e-01
8.986790180209999201e-01,7.088434100151062012e-01
6.268000006680000125e-01,8.822047710418701172e-01
6.926850080490000172e-01,7.158249020576477051e-01
5.757049918169999669e-01,7.819128632545471191e-01
6.764680147170000213e-01,6.874016523361206055e-01
8.279470205309999997e-01,7.077374458312988281e-01
6.547859907149999881e-01,7.959389090538024902e-01
1.085815548900000094e+00,7.649336457252502441e-01
8.509550094600001335e-01,9.689434766769409180e-01
8.879359960559999321e-01,8.345114588737487793e-01
6.557850241659999302e-01,8.912395834922790527e-01
6.597809791559999804e-01,7.088019251823425293e-01
8.856279850010000398e-01,7.330703735351562500e-01
7.502999901769999980e-01,8.592476248741149902e-01
9.303160309790000637e-01,7.724306583404541016e-01
7.259460091590000941e-01,8.671383261680603027e-01
7.123904824259998936e-01,7.682707309722900391e-01
9.326570034029998402e-01,8.014715313911437988e-01
6.544970273969999974e-01,9.040783643722534180e-01
4.987269937989999846e-01,7.121648788452148438e-01
9.782410264020000579e-01,6.441260576248168945e-01
5.593240261080000275e-01,9.486965537071228027e-01
8.733990192409999409e-01,5.895025134086608887e-01
6.232500076290000690e-01,9.316453933715820312e-01
6.319249868390000024e-01,7.253938913345336914e-01
8.335350155830000274e-01,6.904491782188415527e-01
8.613430261610000027e-01,8.697702288627624512e-01
1.036013007159999999e+00,9.213458299636840820e-01
6.160370111469999355e-01,9.107140302658081055e-01
9.874529838560001105e-01,7.380027770996093750e-01
6.686739921569999634e-01,9.479274749755859375e-01
6.455339789389999972e-01,7.325633168220520020e-01
1.007030010220000049e+00,6.842355132102966309e-01
7.763000130650000719e-01,1.010295271873474121e+00
9.358490109440000815e-01,7.745360136032104492e-01
6.626719832419999401e-01,9.123008847236633301e-01
1.113351941109999910e+00,7.459154725074768066e-01
5.495319962500000432e-01,1.021950125694274902e+00
9.273632764820001206e-01,6.489869356155395508e-01
8.215330243109999486e-01,9.204959273338317871e-01
9.193540215490000334e-01,7.853439450263977051e-01
6.899859905239998925e-01,1.024060130119323730e+00
6.497738957409999738e-01,6.619861125946044922e-01
9.705049991610000815e-01,6.785560250282287598e-01
8.034440279009998909e-01,9.025617837905883789e-01
8.920990228650002019e-01,9.492214322090148926e-01
7.462270259859999921e-01,7.809998393058776855e-01
1.495407462120000197e+00,7.767882943153381348e-01
7.597569823270000633e-01,1.354897260665893555e+00
9.677280187610000084e-01,8.152719736099243164e-01
1.126011013979999920e+00,1.067027091979980469e+00
7.641419768330000029e-01,9.600216746330261230e-01
1.423818945879999909e+00,7.465889453887939453e-01
8.309190273280000483e-01,1.320388197898864746e+00
5.316870212550000030e-01,8.906521201133728027e-01
6.942920088770000442e-01,6.591201424598693848e-01
1.097100019450000019e+00,9.258812069892883301e-01
8.623710274700000511e-01,1.078478813171386719e+00
9.711959958080000899e-01,8.203343152999877930e-01
7.501904964450000213e-01,1.058879971504211426e+00
5.659890174870000346e-01,7.749516963958740234e-01
7.235890030859999378e-01,6.875354051589965820e-01
1.088876962660000114e+00,8.116876482963562012e-01
2.614549994470000138e-01,1.044996142387390137e+00
1.923168003559999895e-01,3.452605307102203369e-01
2.048390060660000012e-01,4.440027773380279541e-01
3.752999901769999980e-01,4.481974244117736816e-01
1.878910064700000104e-01,5.034779310226440430e-01
4.178839921949999980e-01,3.507165312767028809e-01
6.128349900249999704e-01,5.759077668190002441e-01
4.822100102900000462e-01,6.939285397529602051e-01
8.136649727820000066e-01,5.923511385917663574e-01
8.997989892959999958e-01,8.493468165397644043e-01
7.667459845540000041e-01,8.363671302795410156e-01
6.762999892229999421e-01,7.084535956382751465e-01
9.804093837739999984e-01,7.418825626373291016e-01
1.075533032420000090e+00,9.491816163063049316e-01
6.459739804270000496e-01,9.044453501701354980e-01
7.601699829100000416e-01,7.701305747032165527e-01
8.707180023190000950e-01,7.532753944396972656e-01
1.045557022089999899e+00,8.655086755752563477e-01
4.832339882850000268e-01,9.751215577125549316e-01
1.085988998409999962e+00,6.257453560829162598e-01
7.320979833600000930e-01,1.012357473373413086e+00
7.128990292550000385e-01,7.732484340667724609e-01
1.045389056210000112e+00,7.918885946273803711e-01
7.359200119969999676e-01,9.877601265907287598e-01
8.956930041310000590e-01,7.151722311973571777e-01
8.745509982110000191e-01,9.053786396980285645e-01
9.237470030779999508e-01,8.899587988853454590e-01
9.997780323029999971e-01,8.458899259567260742e-01
1.739534020420000049e+00,9.462093710899353027e-01
8.107889890670000321e-01,1.459351658821105957e+00
7.049050331119999235e-01,7.922437191009521484e-01
8.328269720080000438e-01,8.263481855392456055e-01
8.276600241660000412e-01,8.680830597877502441e-01
8.953109979629999549e-01,7.580342888832092285e-01
1.459501028060000039e+00,8.301847577095031738e-01
1.179519057270000060e+00,1.330478549003601074e+00
1.443411946299999915e+00,1.061685442924499512e+00
1.306735038760000078e+00,1.333852529525756836e+00
7.634999752040000365e-01,1.127259016036987305e+00
1.145148038860000161e+00,7.957810163497924805e-01
7.253450155259999477e-01,1.100456476211547852e+00
7.633590102199999672e-01,6.864831447601318359e-01
6.174820065499999622e-01,6.685989499092102051e-01
1.029322981830000039e+00,7.370221018791198730e-01
1.302055954929999926e+00,1.020202875137329102e+00
3.164124965670000122e+00,1.094282627105712891e+00
9.734439849849999549e-01,2.408450841903686523e+00
1.229671001429999855e+00,8.491144180297851562e-01
7.441530227660000385e-01,1.296158671379089355e+00
1.063034057620000139e+00,8.190039992332458496e-01
1.123872041700000102e+00,9.002392888069152832e-01
8.984770178789999173e-01,9.228345155715942383e-01
7.175139784810000698e-01,9.738987088203430176e-01
5.367509722709999931e-01,7.311694622039794922e-01
1.175443053249999981e+00,7.423439025878906250e-01
1.101048946379999949e+00,1.112087607383728027e+00
5.734490156170000130e-01,1.034873485565185547e+00
1.431144952770000200e+00,5.642508268356323242e-01
1.037794947620000130e+00,1.295783162117004395e+00
6.568620204930000206e-01,9.771088361740112305e-01
1.074908018110000141e+00,7.437351942062377930e-01
1.385972023009999887e+00,1.032721638679504395e+00
1.004804968829999812e+00,1.130370974540710449e+00
1.609539985660000116e+00,9.095885157585144043e-01
2.817575931549999524e+00,1.433909058570861816e+00
1.962562561039999931e+00,2.157397747039794922e+00
1.279752016069999998e+00,1.586869359016418457e+00
1.995329976079999845e+00,1.192120313644409180e+00
2.033385992049999924e+00,1.784778475761413574e+00
1.307443976400000096e+00,1.616846919059753418e+00
1.611258029939999892e+00,1.025683760643005371e+00
2.040218114850000042e+00,1.460456371307373047e+00
2.183244943620000100e+00,1.948153018951416016e+00
1.351415991779999937e+00,1.893897652626037598e+00
7.242180109020001089e-01,1.196846604347229004e+00
1.363389015200000109e+00,8.568421602249145508e-01
1.526808977129999967e+00,1.331949472427368164e+00
1.784019589419999940e+00,1.333572268486022949e+00
1.103597044940000105e+00,1.413323998451232910e+00
1.763007998470000004e+00,1.030327558517456055e+00
1.157549023629999896e+00,1.837929010391235352e+00
1.153326034550000045e+00,1.056727170944213867e+00
2.362811088559999551e+00,1.111602187156677246e+00
2.580787897110000007e+00,1.896567702293395996e+00
1.242146968839999976e+00,2.036718845367431641e+00
1.712821006770000265e+00,1.086596846580505371e+00
6.676509976389999323e-01,1.767566561698913574e+00
8.271329998970000652e-01,6.911573410034179688e-01
9.642647504810000214e-01,7.568312883377075195e-01
1.394161701200000048e+00,8.840625286102294922e-01
7.584049701689999923e-01,1.299985051155090332e+00
6.900759935379999765e-01,7.982360124588012695e-01
6.740249991419999809e-01,8.498784303665161133e-01
8.615220189090000424e-01,7.381564378738403320e-01
7.907469868659999790e-01,9.079551100730895996e-01
7.285000085830000138e-01,7.685700058937072754e-01
2.411980032920000017e-01,7.767514586448669434e-01
3.354600071909999981e-01,3.659163117408752441e-01
5.912460088730000507e-01,5.315554141998291016e-01
1.058426976200000036e+00,7.822391986846923828e-01
7.669919729230000316e-01,9.879027605056762695e-01
5.881239771840000019e-01,7.425711750984191895e-01
5.922303199769999305e-01,6.736422181129455566e-01
8.753510117530000079e-01,7.305518984794616699e-01
7.038279771799998974e-01,8.583595752716064453e-01
5.677499771120000371e-01,7.257303595542907715e-01
7.133870124819999825e-01,5.725364089012145996e-01
1.077505946160000061e+00,7.964929938316345215e-01
6.909419894220000247e-01,1.037195205688476562e+00
7.724580168719999973e-01,7.311080694198608398e-01
7.237120270730000859e-01,8.404660820960998535e-01
9.752489924429997847e-01,7.511590123176574707e-01
9.151769876480000399e-01,8.886542320251464844e-01
7.574009895319999686e-01,9.367915391921997070e-01
6.912069916730000374e-01,7.880109548568725586e-01
1.183527946470000147e+00,7.292113900184631348e-01
7.705749869349999281e-01,1.133799552917480469e+00
8.947700262070000798e-01,7.925124764442443848e-01
6.143350005150000070e-01,8.968920111656188965e-01
7.692319750789999855e-01,6.628102064132690430e-01
9.070749878880000061e-01,8.419056534767150879e-01
4.068099856379999713e-01,8.755682110786437988e-01
5.138880014419999753e-01,5.252028703689575195e-01
2.481469959019999838e-01,7.009036540985107422e-01
2.568759918210000159e-01,5.211868882179260254e-01
5.980659723279999618e-01,3.731187582015991211e-01
5.981699824330000137e-01,7.578729987144470215e-01
8.801140189170000294e-01,7.918174862861633301e-01
1.085649013520000095e+00,8.228527903556823730e-01
9.920129775999999566e-01,1.023799777030944824e+00
8.743849992749999078e-01,9.638044834136962891e-01
8.770260214810000621e-01,8.841395378112792969e-01
1.008928894999999937e+00,8.783982396125793457e-01
8.088759779930000393e-01,8.826394677162170410e-01
6.714209914210000907e-01,7.625886797904968262e-01
7.449629902840000373e-01,8.908429741859436035e-01
6.942679882050000195e-01,7.158977389335632324e-01
1.001886010170000008e+00,6.934756040573120117e-01
7.935580015180000446e-01,9.691813588142395020e-01
8.450049161910000439e-01,8.803266882896423340e-01
8.031240105629999793e-01,8.473240137100219727e-01
5.744469761850000689e-01,8.405888676643371582e-01
5.679720044139999757e-01,7.768458724021911621e-01
4.538080096239999195e-01,7.129166126251220703e-01
8.494881391529999215e-01,5.930334329605102539e-01
4.064599871639999473e-01,7.806311845779418945e-01
2.453519999980000310e-01,6.288666129112243652e-01
2.323218107220000217e+00,4.691562950611114502e-01
2.027115583420000089e+00,1.913833975791931152e+00
1.581117987629999888e+00,1.912805795669555664e+00
1.727049946780000012e+00,8.579223752021789551e-01
1.150642037389999928e+00,1.603844046592712402e+00
1.607933998109999818e+00,1.317944169044494629e+00
1.331233978270000007e+00,1.527073025703430176e+00
1.221642017359999999e+00,1.292151927947998047e+00
1.583541989330000010e+00,1.189458370208740234e+00
1.608662128450000006e+00,1.646262049674987793e+00
2.185653924939999992e+00,1.692737936973571777e+00
2.989559888840000124e+00,1.934036850929260254e+00
7.574499845500000106e-01,2.530628442764282227e+00
1.811344027520000122e+00,8.479013442993164062e-01
1.527951955800000094e+00,1.864850878715515137e+00
8.892235755919999374e-01,1.714443445205688477e+00
