1.176299691200000108e+00,1.044805617606519910e+00
1.714609026910000056e+00,1.152445943982111976e+00
1.307337045669999975e+00,1.600094643215436152e+00
6.186890006069999393e-01,1.216925364663211662e+00
2.298435926440000276e+00,6.725953092889775942e-01
1.808241009709999902e+00,2.045729977519806120e+00
8.794149756429999742e-01,1.706417284564535342e+00
1.570945024490000064e+00,9.578746509542680476e-01
1.578516006470000121e+00,1.679591946295547089e+00
6.200309991839999535e-01,1.747006966434537789e+00
9.928810000419999726e-01,6.850962927644758116e-01
4.551869928839999413e-01,1.074186619911828400e+00
1.017398953439999865e+00,7.378004892402457715e-01
8.378469943999999892e-01,8.959587835882616424e-01
4.884769916529999589e-01,9.906849155427488451e-01
1.246340990070000210e+00,7.762629167323931156e-01
1.209630966189999990e+00,1.276881507419505901e+00
1.252451062200000020e+00,1.264301769323825431e+00
1.519726991650000025e+00,1.197455116812756515e+00
1.063797950739999942e+00,1.376112908799855816e+00
1.571495056150000069e+00,1.159267264181758517e+00
1.278105020519999968e+00,1.393954804124981406e+00
1.192077994349999948e+00,1.206882046489575311e+00
8.304439187050000060e-01,1.179651426084201038e+00
1.402015686039999931e+00,8.441263935493021897e-01
1.156504034999999986e+00,1.468885118933693557e+00
1.162554860120000200e+00,1.208296422122492775e+00
6.007519960399999581e-01,1.200804527887303408e+00
1.253835797310000055e+00,8.252381036857568963e-01
1.791844010350000183e+00,1.319337001587819858e+00
1.734062552449999961e+00,1.714707585182110305e+00
4.939970970150000085e+00,1.602197753301102257e+00
2.394351005549999911e+00,4.011306618577804350e+00
2.212575912479999740e+00,2.172659963233564362e+00
1.886527061460000043e+00,2.191804967679934268e+00
9.343829751010001017e-01,2.235028575609638413e+00
9.099829792980000942e-01,1.517386297773768655e+00
8.112999796870000724e-01,1.137777390470254835e+00
1.049708962440000004e+00,1.174398718776504369e+00
1.351788043980000076e+00,1.107484339191687761e+00
1.277305960659999906e+00,1.052581155439444416e+00
7.854449748989998925e-01,1.272039574610463353e+00
4.846229851250000165e-01,1.065656487266847252e+00
6.676359772680000582e-01,1.025268084459173057e+00
8.322510123249999836e-01,1.244053675002613213e+00
5.959370136259999340e-01,1.002771626303807118e+00
3.410890102390000123e-01,6.297397193306897289e-01
6.860110163689999707e-01,4.762279707320791755e-01
8.153510093690000682e-01,7.937576235987578999e-01
3.985430002210000322e-01,8.245931178345029533e-01
6.998159885410000225e-01,5.061984950298230590e-01
4.263690114019999533e-01,7.724483808737874213e-01
6.866139769550000382e-01,5.707923539588356521e-01
1.826770007609999913e-01,6.955680330665861000e-01
7.018824815749999946e-01,2.727279258645290416e-01
1.796682000159999681e+00,7.452278737478479353e-01
7.204269766809999753e-01,1.555773555833840804e+00
4.680640101429999755e-01,7.138162187344863074e-01
6.408870220180000743e-01,6.431297455619002790e-01
7.520520091060001189e-01,9.441474206616172760e-01
1.001817584040000098e+00,9.130768587102892075e-01
1.660804033279999814e+00,9.203582682215021293e-01
1.450595021250000061e+00,1.479826593048485961e+00
1.085010051729999869e+00,1.109648053261854450e+00
1.099555015560000015e+00,6.914595401845375910e-01
7.694180011750000325e-01,1.055210072054941106e+00
1.254430413249999932e+00,9.040968412998936499e-01
1.496320962910000052e+00,1.188953813314369112e+00
7.186369895940000196e-01,1.547103588024886012e+00
8.902019858359999649e-01,8.406861157245359983e-01
9.891759753229999452e-01,9.735116373881420593e-01
2.849014520649999938e+00,1.203224088364707400e+00
4.281075000759999583e+00,2.484241954929791607e+00
1.248739004139999942e+00,3.486090740466786464e+00
7.096589803699999699e-01,1.206047759510865847e+00
7.497439980509998936e-01,1.034685360490588568e+00
8.907449841499999188e-01,1.266364820237478206e+00
1.469527959819999952e+00,1.076999264462709327e+00
1.608888030049999918e+00,1.303848854845054417e+00
1.043460965159999976e+00,1.694312517003647489e+00
1.184751033780000018e+00,1.175986606505921017e+00
5.063725113870000127e-01,1.329005817424118829e+00
6.946156024930000283e-01,1.174498150788741313e+00
9.299110174179998634e-01,1.073416680273207469e+00
7.754629850390000190e-01,1.147718480629350557e+00
8.564696311949999696e-01,9.226190887052752032e-01
9.269009828569999554e-01,7.378492722225313827e-01
7.506660223010001021e-01,6.885093791500322968e-01
9.248849749570000611e-01,8.505090828509337397e-01
1.070162653919999984e+00,1.008883944138915245e+00
8.752880096439998869e-01,1.242955596204198265e+00
7.511039972310000756e-01,1.047335478292959365e+00
8.627579808239999037e-01,8.015412061955859979e-01
5.096570253369999692e-01,9.539484367026691558e-01
8.495249748229999343e-01,6.437395003530028692e-01
6.711369752879999817e-01,8.500234651186540091e-01
6.132180094720000030e-01,7.621849404402820660e-01
3.810549974440000098e-01,6.533226718887877871e-01
8.710420131680000067e-01,4.820410145640080524e-01
6.540319919589999698e-01,8.983381421620485474e-01
9.089673757550000843e-01,6.984436366647287509e-01
9.709029793739999414e-01,9.158504311023359934e-01
9.856920242310001079e-01,9.875288329833848966e-01
1.356256246570000101e+00,9.472758084002451673e-01
1.309872984889999925e+00,1.221514635672950488e+00
6.344919800760000506e-01,1.205559516111246232e+00
5.933508276940000492e-01,7.446936870987370671e-01
8.796380162239999523e-01,7.409558273885807900e-01
1.131836414339999930e+00,9.882471501504785927e-01
1.841274023059999765e+00,1.078534554273509638e+00
2.261745929719999992e+00,1.578364084341920659e+00
2.597975969309999744e+00,1.926991881515312866e+00
2.399192094800000064e+00,2.181154604725896728e+00
1.982298016549999931e+00,2.080686929788645223e+00
2.269547939300000206e+00,1.882930930131721414e+00
2.017889976500000238e+00,2.062345802650400461e+00
1.452262043950000026e+00,1.934030152625322518e+00
1.342797994609999934e+00,1.508864033364659685e+00
1.311915040020000145e+00,1.502471125780094452e+00
1.276762008670000226e+00,1.625857799788152258e+00
1.275267004970000118e+00,1.606977361400738769e+00
1.210446000100000141e+00,1.598894389737055999e+00
8.153480291369999966e-01,1.481071269956184766e+00
7.271119952200000291e-01,1.080605101685173430e+00
6.043019890790000126e-01,9.180330042173571181e-01
9.830358624459999417e-01,7.905517692979290301e-01
1.101529002189999940e+00,1.111055916686024991e+00
1.183724999429999869e+00,1.208447643563354212e+00
4.356400072569999726e-01,1.295615374781708073e+00
3.270040154459999959e-01,6.594944991764128961e-01
8.039849996569999879e-01,6.192134367051870258e-01
4.216859936710000145e-01,9.316052101857142942e-01
5.734559893609999515e-01,4.813613080421064727e-01
3.959457874300000291e-01,5.717928322808045749e-01
4.163750112060000119e-01,4.858500796169805680e-01
5.603970289230000290e-01,5.049440698221812074e-01
7.749050259590000156e-01,6.389223166608479776e-01
6.370840072629999629e-01,8.328219194177545193e-01
3.839260041709999793e-01,6.587236806095516650e-01
5.648739933969999516e-01,3.837537970311107327e-01
1.054715037350000051e+00,6.526808959606352767e-01
6.537709832190000681e-01,9.422216699905898718e-01
5.931029915809999942e-01,5.966692633366129650e-01
1.022608995439999946e+00,5.531154389616335099e-01
8.359869718549999273e-01,9.789468422993609087e-01
6.375340223309999832e-01,7.822644063220047794e-01
9.755985140799999789e-01,6.075809597069026236e-01
4.898079931740000337e-01,9.599916491217305170e-01
1.098647952079999879e+00,5.288189397911975398e-01
1.151165962220000116e+00,9.840131171147058486e-01
8.061249852179999120e-01,1.076737634471911287e+00
4.744769930839999872e-01,8.145086151341385250e-01
7.896029949189999897e-01,5.361579862877793312e-01
4.762530028819999539e-01,9.176867588233815765e-01
5.455229878430000179e-01,5.555639541943778736e-01
6.212809681889999158e-01,5.532544513826999077e-01
7.707700133319999036e-01,6.826408806694169717e-01
9.337069988249999675e-01,7.892242425021441798e-01
8.110550045970000843e-01,9.224276369442417911e-01
6.005529761310000048e-01,8.689788263085203024e-01
1.002521038060000036e+00,6.884706629459695915e-01
8.921650052069998171e-01,9.685901771180600583e-01
9.160850048070000584e-01,8.829088791129452440e-01
7.413420081139999729e-01,8.425512107324196753e-01
9.283249974250000758e-01,7.374491036475184780e-01
6.429409980770000033e-01,8.938655262108353705e-01
9.950090050700001187e-01,6.542714461860974495e-01
6.271365880970000140e-01,9.446657263823641237e-01
1.038689017300000073e+00,7.102694188607642234e-01
6.888009905820000611e-01,1.035302591729119648e+00
5.214130282399999095e-01,7.530034664838513025e-01
6.510270237919999481e-01,6.524632009216042583e-01
1.159701943399999990e+00,7.441354497969973059e-01
6.456400156020000169e-01,1.105638949306547270e+00
1.195862650870000099e+00,6.191323716346934791e-01
1.304703950880000018e+00,1.129150208501344288e+00
8.844429850579998975e-01,1.282314524258558741e+00
7.697709798810000725e-01,8.969187432240458557e-01
7.702100276950000213e-01,8.446713136280273870e-01
6.418280005459999771e-01,9.357407972529281359e-01
8.937159776689999058e-01,6.638583353318401326e-01
5.247250199319999364e-01,9.018861024642252922e-01
5.142210125920000374e-01,6.504965637224584540e-01
7.172748446459999982e-01,5.684135211764492768e-01
6.410769820210000525e-01,7.649933795765709865e-01
4.689820110800000941e-01,7.430296538776468562e-01
1.203750014310000171e+00,5.767245010149030238e-01
7.911959886550000709e-01,1.186068198413146479e+00
1.136301159859999910e+00,9.065347622092695401e-01
8.642929792399999256e-01,1.036611716930785354e+00
8.814030289650001126e-01,9.449884092424694071e-01
5.817409753800000249e-01,9.071108982912319263e-01
8.651199936869999885e-01,6.205580625189227595e-01
9.078124761579999813e-01,8.250753487602096037e-01
7.377740144730000615e-01,8.971705202800625001e-01
1.120375037189999867e+00,7.105257917765994691e-01
9.422479867940000142e-01,1.054099759448675400e+00
1.060060024260000011e+00,9.160393446710470844e-01
7.158420085910000008e-01,9.936328389576496445e-01
4.040209949019999969e-01,7.863460003799570552e-01
2.920779883859999648e-01,5.781103931675670715e-01
6.317924261089999938e-01,4.628362585766798709e-01
1.124665260310000026e+00,6.928391021508011338e-01
1.115690946580000009e+00,1.015252824076848359e+00
1.247418999670000028e+00,1.023817262170456432e+00
6.976169943809999996e-01,1.199383302757062175e+00
3.693974971769999893e+00,7.990472513211818173e-01
8.204839825630000361e-01,3.092609234333806079e+00
8.573070168499999921e-01,8.445023077519580035e-01
6.902359724040000311e-01,9.608332035510036562e-01
8.385969996449998964e-01,1.055624588449429524e+00
1.287726998329999928e+00,1.197871709278282015e+00
9.632229804989999034e-01,1.237379333556018590e+00
1.343299984930000024e+00,1.248199225329953199e+00
7.316169738770000874e-01,1.301776034012794847e+00
6.809219717980000697e-01,6.550566165403153285e-01
7.014784216880000089e-01,7.159843902028425466e-01
6.698030233380000142e-01,7.685914682089065586e-01
1.365643024439999964e+00,8.539322412326590950e-01
9.781420230869999344e-01,1.355309652440129575e+00
6.786789894100000442e-01,1.072986289862329246e+00
5.976330041890000055e-01,6.970773864902278794e-01
8.193774819369999962e-01,7.944854907895863017e-01
7.911109924320000042e-01,9.911347703929861419e-01
1.044147372249999872e+00,8.625070950790173496e-01
1.400015950200000026e+00,1.033544243106051086e+00
8.748620152470000244e-01,1.284425786161615957e+00
6.228179931639999944e-01,8.671941941928020814e-01
7.164059877399998610e-01,7.515793343659395997e-01
6.523500084880000660e-01,8.460485434892633938e-01
9.379299879070001067e-01,7.319121610168223269e-01
5.936999917030000296e-01,8.694346673357083999e-01
5.393440127369999448e-01,6.300961754712767204e-01
9.370089769359999377e-01,6.201428861501653289e-01
8.087720274930000341e-01,9.371854002804772543e-01
5.654280185700000239e-01,9.019909253864817344e-01
6.020820140839999723e-01,6.239928018850732228e-01
1.146679997439999932e+00,7.241887783738393258e-01
9.824249744419999431e-01,1.114809517307938425e+00
5.671510100359999917e-01,8.807965358119592691e-01
7.866399884220000027e-01,6.029548203434521580e-01
7.388439774510000557e-01,8.406715917788218917e-01
6.810299754140000106e-01,7.765645818884284735e-01
7.086979746820000203e-01,6.935124758500329500e-01
6.642330288889999323e-01,7.265316992255743678e-01
5.124790072439999733e-01,7.143813445867067680e-01
6.040380001070000393e-01,5.292998992337878406e-01
6.728799939159999521e-01,6.801553456428239830e-01
8.265414834020000656e-01,7.456710942424080724e-01
4.546860158440000355e-01,8.236412636522643105e-01
5.594509840010000179e-01,5.320782010609541590e-01
1.332218050960000122e-01,6.405227124755962231e-01
1.633069962260000063e-01,2.774513487161555103e-01
1.797860413789999778e-01,2.946145852454839509e-01
5.747918486599999932e-01,2.581430236521908284e-01
8.508148789409999413e-01,5.564955396609513327e-01
8.527640104289999634e-01,7.306389479121245811e-01
1.687628030779999788e+00,7.495365542927830971e-01
2.149522066120000297e+00,1.451404994887812494e+00
8.122850060459999577e-01,1.787429821278000652e+00
1.239639997479999867e+00,7.675760460131019203e-01
2.128437280650000041e+00,1.132775936238675563e+00
2.139239072800000141e+00,1.875590997953080263e+00
9.779880046840000452e-01,1.764342186854856998e+00
6.937779784199998856e-01,9.324557909785481380e-01
7.218790054320000094e-01,9.821834958904693824e-01
7.631160020829999002e-01,9.943465531832849091e-01
8.565329909319999713e-01,8.455289202723590414e-01
1.109338045120000116e+00,1.017989967822223729e+00
6.476340293879999654e-01,1.132846476225640719e+00
9.241870045659998922e-01,8.591495182990461776e-01
7.877320051189998784e-01,9.721588686209281516e-01
1.305567026139999864e+00,9.683576904653362627e-01
9.107710123059999940e-01,1.273683379528916859e+00
8.699640035629999657e-01,9.725923448600155563e-01
5.743020176890000217e-01,9.606080959170942846e-01
8.599532246590000373e-01,6.829179594900667283e-01
4.775849878790000003e-01,9.082879882281141848e-01
1.108017444610000179e+00,5.826279642649799806e-01
1.290724992749999966e+00,1.034658625775689123e+00
8.591579794879999898e-01,1.211000482252444499e+00
3.058980107309999807e-01,8.626069107938162395e-01
9.039019942279999942e-01,5.213249924514026246e-01
6.352750062940000220e-01,1.057661285775798321e+00
1.023422956470000145e+00,7.459804725703976791e-01
6.730669736859999919e-01,9.202321399519991507e-01
8.504790067669999454e-01,6.632321109035149709e-01
5.141969919200000128e-01,8.482697677081258991e-01
1.527956604959999964e+00,5.247493016081307138e-01
4.094385623930000051e+00,1.454859443149310705e+00
9.952359795569999390e-01,3.349848228013323492e+00
8.670449852940000923e-01,9.191657670652139123e-01
1.141056060789999993e+00,1.103118509580674589e+00
1.622257947919999888e+00,1.620116535544795733e+00
1.980204939840000566e+00,1.779042993122790239e+00
1.375547051430000112e+00,1.747322665750259185e+00
1.851865053180000054e+00,1.498796024315976139e+00
1.420923948290000016e+00,1.677985137314976338e+00
1.589177966120000285e+00,1.135951770635906355e+00
1.673199415210000041e+00,1.476224187951696631e+00
2.123934030530000072e+00,1.576926008061060092e+00
1.648401975629999905e+00,2.106302019785410540e+00
1.204741954800000014e+00,1.841408241087983066e+00
7.920839786529999538e-01,1.483841117980626123e+00
1.227027416229999890e+00,1.167178508668400561e+00
1.226951003070000157e+00,1.414382660345378406e+00
1.131343960759999989e+00,1.386991525090866650e+00
1.252465009690000075e+00,1.180068569379379761e+00
1.116891980170000132e+00,1.285571258378229276e+00
1.122387051579999850e+00,1.084100363354973284e+00
1.040153026579999862e+00,1.212228860967682120e+00
8.091310262680000420e-01,1.175306273441014904e+00
7.681059837340000751e-01,9.968780028128920723e-01
7.982919812199998910e-01,9.476646226979075216e-01
7.666722536090000428e-01,9.067844486852264518e-01
1.057360053060000027e+00,8.864076998290175702e-01
8.607699871060000563e-01,1.094554079556401049e+00
1.070777058600000053e+00,9.230270330646236365e-01
5.301510095600000527e-01,1.072451890175645461e+00
6.604189872739999467e-01,6.627798820671109148e-01
9.909179806709998983e-01,7.687236910633141740e-01
3.561530113220000016e-01,9.778463092206750584e-01
9.618239998820000691e-01,4.773896789743751201e-01
1.244829058649999931e+00,9.290435059280559571e-01
8.381230235100001202e-01,1.195114735910993264e+00
9.245989918709998090e-01,8.676970534842731730e-01
8.131660223010001021e-01,9.018728481185985801e-01
1.003061056139999963e+00,9.192735045444817565e-01
8.752340078350000496e-01,9.399750060525642326e-01
7.991399765009998823e-01,8.082956830493753797e-01
8.812961578369999938e-01,8.625450623351650359e-01
1.063080191609999892e+00,8.363572212475512968e-01
9.057049751279999672e-01,1.054774495549667401e+00
6.909559965129999926e-01,8.989471282154752885e-01
1.355970025060000195e+00,7.476776987055634427e-01
7.572399973869999856e-01,1.307489114179451128e+00
2.043754577640000125e+00,7.926083987241491213e-01
8.576130270960000690e-01,1.786538212663239644e+00
2.364957094190000220e+00,9.329920202885672031e-01
4.179231166840000178e+00,2.074057833376991677e+00
2.233561992649999883e+00,3.380043267051597855e+00
8.013390302660000630e-01,1.938427548626142416e+00
8.372840285299999463e-01,8.844183274197879863e-01
8.851529955859999133e-01,1.225267603237335301e+00
9.040349721909999303e-01,1.045387012892117218e+00
1.302939534190000082e+00,8.562497604112982996e-01
7.228699922560000157e-01,1.356608590818136451e+00
8.009120225910000279e-01,1.010567302377987975e+00
1.032919287679999965e+00,1.127188102895958721e+00
1.321628212929999879e+00,1.333593689454941833e+00
9.367759823799999275e-01,1.423865767986144615e+00
7.007700204850000336e-01,9.689347061629156599e-01
7.624319791789999634e-01,9.685241083200120116e-01
1.144938945770000105e+00,8.549752861021262529e-01
7.721610069269999599e-01,1.102100787304747476e+00
8.772150278090000697e-01,8.189076021322428955e-01
1.243505001070000171e+00,8.905355559663843401e-01
6.381840109830000385e-01,1.226119311244493693e+00
7.468199729919999807e-01,7.302491136874424971e-01
6.839929819109999976e-01,8.227810467375921144e-01
1.419505119320000119e+00,8.287552130937930750e-01
6.141470074649999500e-01,1.357641491540198420e+00
7.347676754000000976e-01,7.223970102143620897e-01
6.770560145379999062e-01,8.587568780293356463e-01
1.074026942249999950e+00,7.673696969485755970e-01
6.156389713290000287e-01,1.064510374568946149e+00
9.692379832269999440e-01,5.961148421818137644e-01
9.916120171550001361e-01,9.835130454262576150e-01
8.089560270310000023e-01,9.973771162960635150e-01
2.435143947599999859e+00,8.192223940070401111e-01
8.223479986189999869e-01,2.055381507138335451e+00
5.938220024110000272e-01,8.199209133459890442e-01
5.762249827380000466e-01,7.564948817622495492e-01
4.224239885809999429e-01,8.994448110780087768e-01
6.765879988670000511e-01,7.290986362498682594e-01
5.520349740979999531e-01,6.981937437599852192e-01
9.015229940410001142e-01,6.762783605763328376e-01
7.489960193629999763e-01,8.780644290029234744e-01
8.627583980560000754e-01,6.108697204950218618e-01
9.480749964710000199e-01,9.360842740753332336e-01
1.055613875389999956e+00,1.002163274779551694e+00
1.970020055770000278e+00,1.030741981305475230e+00
9.391199946399999554e-01,1.840334753849844240e+00
1.009042978289999892e+00,8.729094246532408397e-01
7.824029922490001177e-01,1.025670620123109167e+00
1.016265034679999957e+00,8.979529354609070424e-01
8.782749772069999850e-01,1.072435220836425396e+00
7.353619933130000064e-01,8.518470386697638563e-01
1.109990954399999952e+00,7.770875247494752891e-01
7.727199792860000027e-01,1.080494754148754177e+00
1.164981961250000086e+00,7.618162358261549860e-01
7.157210111620000426e-01,1.181063624032650639e+00
1.475479006770000101e+00,8.182477235117960879e-01
8.354520201680000202e-01,1.477574496281996996e+00
7.344660162930000125e-01,8.753264707919453658e-01
7.861927747729999805e-01,8.350955112616630371e-01
1.143465042110000107e+00,8.787149112491652314e-01
9.246990084650000830e-01,1.182516143392287722e+00
2.958764553069999970e+00,8.996789662950241961e-01
2.138324022289999959e+00,2.461111025988469869e+00
2.038712024690000124e+00,1.861940176676069925e+00
1.480209946629999829e+00,1.785037480576942892e+00
9.367650747299998137e-01,1.592454197092437518e+00
1.715939760209999942e+00,1.205453048055531662e+00
1.001402020450000041e+00,1.679467094053079146e+00
8.896229863169999863e-01,1.108448666180004816e+00
7.492939829829999843e-01,9.903464277122050463e-01
1.115183949470000213e+00,9.252766131460644639e-01
9.457820057870001129e-01,1.253434416691546094e+00
6.452180147170000213e-01,1.119252957383522595e+00
1.164842009540000056e+00,9.119200550190545984e-01
1.244351029399999975e+00,1.318677734748048280e+00
9.045109748840000075e-01,1.262980456459957379e+00
5.575259923929999362e-01,9.680665029493571438e-01
5.778343677520000332e-01,7.292499717672406012e-01
7.199835777280000348e-01,7.860457149880830663e-01
7.607790231700000128e-01,7.828606595798186518e-01
5.404400229450000426e-01,7.797524073999894112e-01
8.009672760959999360e-01,6.793949156190908223e-01
7.710149884220000027e-01,9.303119208246366512e-01
6.709719896319999988e-01,8.980841993972144000e-01
2.768970489500000021e+00,7.555364873968557493e-01
3.086133003230000060e+00,2.319363050081615363e+00
1.116358041760000086e+00,2.540520268368953172e+00
1.018260955809999979e+00,1.020816640495513461e+00
7.442610263819999794e-01,1.283099766406604614e+00
1.114386796949999869e+00,1.225264232120422569e+00
1.380516409870000238e+00,1.189957696733690229e+00
1.229098439219999950e+00,1.344694202948914175e+00
1.573238968849999919e+00,1.336670461589130721e+00
1.245597958560000107e+00,1.468566275936861176e+00
8.298619985580000247e-01,1.303798436007545636e+00
5.376980304720000436e-01,1.126996782144109588e+00
8.593800067899999284e-01,7.960771155887845785e-01
7.949647903440000274e-01,1.119884472794199004e+00
8.122889995569999577e-01,9.602066478057171839e-01
1.209460973739999945e+00,8.769896809101657142e-01
1.043611049649999956e+00,1.174056701933331670e+00
9.914460182190000248e-01,1.052647417313964162e+00
1.377645969390000058e+00,1.047445571894365379e+00
7.495359778399999229e-01,1.353301181363220751e+00
7.549669742579999676e-01,8.864010674463426165e-01
8.522210121150000095e-01,7.926162549687322256e-01
1.312628030780000010e+00,9.245073670659631482e-01
9.499999880790001017e-01,1.219286598485647355e+00
8.433979749680000637e-01,9.373391097087420132e-01
6.329939961430000039e-01,9.587930702896252377e-01
6.848490238189999246e-01,7.971378901329315703e-01
8.296039700509999504e-01,8.289348542106590445e-01
1.117776036259999994e+00,8.789025326768873381e-01
1.060515046120000138e+00,1.093868714255769037e+00
9.966710209849999336e-01,1.047779461912747845e+00
6.726049780850000825e-01,1.018258573398032496e+00
8.499810099600000335e-01,8.180772895425196811e-01
7.929700016980000266e-01,9.660699427204483269e-01
7.509549856190000927e-01,8.489935600410939420e-01
9.556260704989999466e-01,7.173511966456943556e-01
6.085839867589999397e-01,9.021455755955269940e-01
7.782499790189999489e-01,6.425546936686074018e-01
5.098140239720000411e-01,8.368732593428338529e-01
6.364319920540000286e-01,6.520856265228113235e-01
6.015599966049999248e-01,7.860197518720748455e-01
6.556333899499999784e-01,6.216544560253557394e-01
6.385549902920000243e-01,7.409992257697027851e-01
8.762890100480000832e-01,6.975203834409875459e-01
7.967479825020000739e-01,8.946031233435102203e-01
6.824830174449999509e-01,8.112770039935179867e-01
8.025500178340000401e-01,6.940077699819672263e-01
7.950311899190000142e-01,8.342410359578024126e-01
1.584897041320000088e+00,7.888568510879995221e-01
1.017485976220000143e+00,1.392182602707884520e+00
9.177780151369999695e-01,9.166883837999562079e-01
1.230221033100000083e+00,8.956698056982259626e-01
1.027899026870000121e+00,1.213441256321749595e+00
9.125559926030000213e-01,1.075275655361560778e+00
7.935979962350000472e-01,8.947935010127308075e-01
1.030437946320000187e+00,8.864241646297141841e-01
5.325379967690000438e-01,1.069526279705869332e+00
6.127780079839999505e-01,5.968649457701548089e-01
8.741289973260000234e-01,7.878942660119155894e-01
3.667230010029999820e-01,9.648575249437819634e-01
7.391750216480000857e-01,5.093111426524487007e-01
5.604230165479999748e-01,8.158940221332472431e-01
7.758178114889999755e-01,7.059674867764027528e-01
8.102909922600001202e-01,8.076164967320722532e-01
6.437510252000000488e-01,8.106782089065163177e-01
7.236457467079999706e-01,7.481881152551618230e-01
9.113870263100001257e-01,7.430687100986008709e-01
6.627830266949999993e-01,9.352008455740175030e-01
1.002035975460000117e+00,7.299021715315935355e-01
8.224419951440000709e-01,9.487834980332126023e-01
1.030576944350000135e+00,9.015497563902491462e-01
6.781139969830000114e-01,1.024003859181848775e+00
5.333459973340000104e-01,7.516434519369270539e-01
3.209959864620000047e-01,6.754416502563489466e-01
7.608630061149999069e-01,4.679678972420446281e-01
7.439860105509998878e-01,7.658775922884889509e-01
5.468400120740000148e-01,6.870405527057487083e-01
7.004669904709999173e-01,5.445851772579088923e-01
8.356525897980000561e-01,7.194485009592859193e-01
1.274258971210000091e+00,9.117948556780143265e-01
8.934450149539999719e-01,1.200422499945153598e+00
6.211659908290000365e-01,9.102987014778053387e-01
7.900159955019999680e-01,7.014517876123594897e-01
1.067494988440000014e+00,8.475383352315363217e-01
6.698009967800000464e-01,1.112939458687124628e+00
1.265694975850000015e+00,7.078593097661461941e-01
6.380620002750000408e-01,1.163735275412955072e+00
9.348030090330000652e-01,7.228980601325765143e-01
8.006410002709999363e-01,8.910896791767313196e-01
1.085708975790000030e+00,8.678472588487279316e-01
3.527039885520000251e-01,1.107681027152645381e+00
5.883709788319999578e-01,4.464340651514283609e-01
4.875420033929999120e-01,7.004883041613054750e-01
4.636880159380000199e-01,6.298215312823005618e-01
3.637039959430000136e-01,5.707278931326009719e-01
8.750243186949999696e-01,5.082356340814006002e-01
6.435279846190000708e-01,8.725783627780581142e-01
4.834130108360000233e-01,7.117844854255556131e-01
2.120890021319999930e-01,4.974237036372146092e-01
4.560469985010000560e-01,4.308410661594055391e-01
4.367910027499999903e-01,5.301423940653825495e-01
7.238804101939999569e-01,5.072283214383841443e-01
5.560690164570000205e-01,6.646879126547207139e-01
4.748429954049999679e-01,5.444057904379486779e-01
2.674640119080000100e-01,4.959748923130348208e-01
9.588437080380001198e-01,3.370167844082563313e-01
7.868980169300000549e-01,9.395366192263837624e-01
1.794360995290000149e+00,7.253562427923565537e-01
1.337677955630000026e+00,1.438312688207475487e+00
1.210453987120000185e+00,1.148635411270226836e+00
5.654799938200000264e-01,1.093771278772544875e+00
4.008429944520000565e-01,6.444346534836664642e-01
2.727654874320000200e-01,5.553739505984023328e-01
5.836449861529999783e-01,3.870143517873125827e-01
8.533802628519999711e-01,5.729236407171184320e-01
8.660610318179999823e-01,8.077951530533573621e-01
1.158349990839999899e+00,8.578710552261787914e-01
7.764859795569999390e-01,1.169594486900958019e+00
1.068807005880000105e+00,8.988941687124117896e-01
5.888479948040000744e-01,1.086406082029796938e+00
1.588868498799999918e+00,6.638456357221983462e-01
4.327859878540000205e-01,1.428477048955062223e+00
3.996030092239999942e-01,4.287501791221789427e-01
5.545349717140000134e-01,5.829506317994087583e-01
6.221979856490000849e-01,7.723275020831888993e-01
1.149551987649999996e+00,8.048278889650621881e-01
1.121260046960000034e+00,1.111574376521983654e+00
9.776459932329999436e-01,1.097294193366895598e+00
1.732741951940000025e+00,9.266950314072595063e-01
2.302707910540000125e+00,1.408729514440101083e+00
1.053477048870000043e+00,1.921914376914956479e+00
7.962800264360000435e-01,9.123340986552613829e-01
5.203329920770000117e-01,8.551459672774632814e-01
6.104800105090000262e-01,8.568848317571721163e-01
4.453057944770000276e-01,6.960269008693735771e-01
6.522138714790000069e-01,5.849533446976833417e-01
1.175541162490000069e+00,8.498343486121188173e-01
1.032202124599999937e+00,1.147279389258962334e+00
7.193930149079998948e-01,1.095906494536974085e+00
8.200139999390000378e-01,8.751151850709527613e-01
9.497330188750000568e-01,9.842819255949857293e-01
1.039114952089999822e+00,1.071692874016770602e+00
5.883830189700000046e-01,1.037893241900217811e+00
9.508559703829998488e-01,6.464646175180710497e-01
5.277600288389999728e-01,9.351704616343042842e-01
7.736063003540000205e-01,5.751291201745948323e-01
9.703559875489998765e-01,7.998609203978622739e-01
1.383889913560000018e+00,9.412880214746952579e-01
7.795230150220000542e-01,1.260310331295620090e+00
6.069999933240000090e-01,7.945699232402260170e-01
4.660570025440000097e-01,7.854344142330588197e-01
9.455270171170000459e-01,7.169653600984198238e-01
6.238729953770000280e-01,9.969333504855506511e-01
3.923240005969999555e-01,6.852187989197723317e-01
5.156549811360000568e-01,5.334316152291496138e-01
9.679385423660000765e-01,5.825244995816950544e-01
1.356565952299999989e+00,9.425917450971177391e-01
9.072690010070000310e-01,1.129890212478209977e+00
8.162760138510000152e-01,8.302025733197841983e-01
2.479866981509999846e+00,8.794645308494132285e-01
1.133080005649999888e+00,2.174329891917159863e+00
1.045583963389999926e+00,1.096767139519964740e+00
8.474370241169999485e-01,9.846240627382983890e-01
1.536522984499999911e+00,1.012314686198860336e+00
9.008989930149998715e-01,1.571527198768828848e+00
4.812009930610000596e-01,8.567895371980716046e-01
8.572540283199999722e-01,7.683169187981876425e-01
8.617479801180000232e-01,9.986055005916949501e-01
1.008694052699999899e+00,9.285317122352074737e-01
1.127727031710000105e+00,1.007179580513586137e+00
7.795569896699999779e-01,1.138004005078490311e+00
9.895502924920001053e-01,9.149980608817234184e-01
8.363329768179998958e-01,1.020625652614568946e+00
9.099559783939998869e-01,9.258229123194017252e-01
5.511059761050000061e-01,9.171462242403339848e-01
1.239764332770000088e+00,6.291636626582955971e-01
1.211838960649999963e+00,1.222781734536056986e+00
1.379981994630000042e+00,1.152042119868692316e+00
1.148460984229999982e+00,1.288825259423057368e+00
7.663900256160000035e-01,1.128978793834023664e+00
9.660840034479999394e-01,8.952738785397776899e-01
8.156750202179999798e-01,1.002557091060493955e+00
1.142272949220000111e+00,9.032040162734553679e-01
1.299479961400000105e+00,1.133358216310386357e+00
8.583310246469999516e-01,1.202837631691151543e+00
7.149469852449999996e-01,8.945341264291782890e-01
8.764400482179999230e-01,8.270454863028040560e-01
8.305460214609999836e-01,9.708901770889220018e-01
8.535240292550000385e-01,9.097638050952072675e-01
9.092410206789999227e-01,8.754750954161802934e-01
5.202720165249999917e-01,9.711417246512165091e-01
7.411040067669999454e-01,6.278414892649910595e-01
5.853319764140000325e-01,8.209050744768768837e-01
5.047770142559999673e-01,7.256062849308623219e-01
5.519493222240000607e-01,5.923783958436618091e-01
9.697520136830000137e-01,6.489258885586161041e-01
1.116515994070000017e+00,9.656466305793782734e-01
1.049844980239999837e+00,1.027693748463220036e+00
6.342629790310000404e-01,9.826153179271389648e-01
5.644329786300000817e-01,7.140247698744393023e-01
9.184709787370000100e-01,6.301780199700480756e-01
9.593539834020000656e-01,9.040047660013706965e-01
5.984159708020000412e-01,8.849244240616563895e-01
9.383450150489999197e-01,5.980749231365224405e-01
4.542250037189999867e-01,9.138555988898093840e-01
7.079470157619999204e-01,5.996697685087706287e-01
3.876500129699999575e-01,7.770732380506590875e-01
4.484339952470000057e-01,5.144445864413105252e-01
8.405709862710000202e-01,5.534433265278055902e-01
5.337110161779999862e-01,8.108935609584730919e-01
7.211350202559999589e-01,5.747912437673936559e-01
5.215386152269999576e-01,7.264064571793236169e-01
7.050759792330000275e-01,5.788965298873346432e-01
6.405649781229999506e-01,7.721977886877592345e-01
5.168589949609999623e-01,5.886119569617637159e-01
1.660409450529999997e+00,5.985819334251638590e-01
2.465307950970000217e+00,1.394906288172341302e+00
1.622156023979999917e+00,1.993439044664517823e+00
1.866270065310000170e+00,1.360134353422834952e+00
3.623536109919999415e+00,1.621732656315230781e+00
7.948709726329999947e-01,3.087262640191633434e+00
9.065989851950000400e-01,7.450016843200452099e-01
8.571879863740000660e-01,1.009069757017745150e+00
7.756379842759999477e-01,1.233072521681016331e+00
7.006700038909999817e-01,1.050901216652747827e+00
6.443409919740000769e-01,9.000670088516135037e-01
7.579550147059999077e-01,1.172311104051372510e+00
5.499600172040000068e-01,9.876808096727267561e-01
4.964669942859999408e-01,7.069505155722342060e-01
1.367677569390000070e+00,6.244743626701604322e-01
1.397894024850000250e+00,1.218306732385113111e+00
8.148130178450000427e-01,1.336931035365591880e+00
1.278898954390000009e+00,9.830464358129448188e-01
8.623980283740000363e-01,1.409929183873978920e+00
1.093865990639999897e+00,1.058788101050095465e+00
8.134710192680000285e-01,1.131844028751112008e+00
1.466687083240000078e+00,9.239173573589870569e-01
9.060310125349999577e-01,1.318148108023567966e+00
7.652140259739999006e-01,8.090066443772280236e-01
1.311033964160000176e+00,6.796770681769391809e-01
7.892500162119999718e-01,1.313175033244028400e+00
1.474902033810000068e+00,9.432985004572143062e-01
9.167850017550001063e-01,1.524744606140277625e+00
1.186140060420000086e+00,1.113299982414678979e+00
1.411391973500000008e+00,1.177513050787540427e+00
2.092472076419999993e+00,1.276476233919346059e+00
7.189220190049999681e-01,1.845918723714913057e+00
1.301861047739999888e+00,7.562505491123289181e-01
1.268974781040000055e+00,1.344897759068155008e+00
1.221997022629999874e+00,1.329366177045503861e+00
9.061110019680000960e-01,1.205404432910089030e+00
1.078873991970000112e+00,9.569291129791902550e-01
1.028025031089999874e+00,1.247733677007804243e+00
7.863690257070000689e-01,1.167069114545463693e+00
1.276852965350000035e+00,9.314626147622845354e-01
7.093420028689999546e-01,1.349630228003549481e+00
5.201929807659999572e-01,7.808399538895877123e-01
5.645610094070000473e-01,7.066713596359831540e-01
9.855200052259999177e-01,6.903838962445937311e-01
1.092841982840000004e+00,1.049527863768465741e+00
4.786899983879999709e-01,1.028766217635828539e+00
3.955059945579999514e-01,6.502666077375419684e-01
1.850703001020000071e+00,5.969224547635210154e-01
1.195796012879999815e+00,1.721157834388726160e+00
1.702510833739999896e+00,1.137057745286862209e+00
2.998351097109999586e+00,1.489095511565457386e+00
2.407080888749999925e+00,2.561193259294916924e+00
2.585943937299999718e+00,2.095825213993629532e+00
2.233839035029999920e+00,2.108785305471818194e+00
1.655773043629999997e+00,2.082565475248158382e+00
1.430611014370000156e+00,1.598549351635711879e+00
8.921740055079999676e-01,1.357726455524981723e+00
1.231696963309999893e+00,1.183492126796594102e+00
8.955079913140001624e-01,1.441141165527188850e+00
1.602033019070000064e+00,1.193514474368689626e+00
1.585399031639999956e+00,1.733903617300480260e+00
1.232059955600000034e+00,1.650360043114803554e+00
1.210371017459999976e+00,1.400004181443891937e+00
1.242141008379999967e+00,1.393901708626845037e+00
9.857040047650000858e-01,1.442843959039855628e+00
7.289689779279999726e-01,1.175340748056693307e+00
6.761519908910000876e-01,8.350730268335581075e-01
1.071573019029999907e+00,8.617190699859154090e-01
9.457439780239998983e-01,1.097619530964748957e+00
4.376370012759999706e-01,1.051710433889084140e+00
5.141820311550000522e-01,6.783884766799099797e-01
3.387190103530000052e-01,7.914640317652875678e-01
7.144280076029999593e-01,5.996457269232688958e-01
4.996199905870000180e-01,8.140245780741649506e-01
7.917379736899999854e-01,6.114854720344350403e-01
8.646243214609999894e-01,8.217366630270838135e-01
6.024960279459999901e-01,8.355809418467993188e-01
1.260069966320000123e+00,6.831464581430328753e-01
1.012339949610000067e+00,1.174832459027332021e+00
1.004528999329999950e+00,9.131292173095271192e-01
6.310235261919999727e-01,9.364588844326038330e-01
1.141221046449999887e+00,6.165982172824676644e-01
5.426099896430000014e-01,1.151639759125437035e+00
8.547459840769999762e-01,5.671290240869670818e-01
7.744219899179999311e-01,9.192445826268875742e-01
3.084340095520000102e-01,8.336965697437175304e-01
8.376209735870000506e-01,4.924514461078470795e-01
7.293469905850000767e-01,9.133217249217843170e-01
7.503905892370000830e-01,8.227081545450443123e-01
1.134822010990000019e+00,7.809000806757152580e-01
1.614240050320000064e+00,1.005720453702984463e+00
1.244793057440000128e+00,1.513451277712490883e+00
7.141630053519999466e-01,1.107713883545623501e+00
7.293040156360000026e-01,8.240824080769038051e-01
6.486989855770000091e-01,8.764931204233242790e-01
3.427990078929999962e-01,7.266251082660625249e-01
3.861860036850000011e-01,4.714120347118184173e-01
6.366299986840000535e-01,5.249339634122297538e-01
3.990480005740000280e-01,7.042046315901195896e-01
4.178859889509999870e-01,5.382176979362706115e-01
1.103790521619999909e+00,5.850783896947595597e-01
6.956189870829999622e-01,1.102191322601541179e+00
8.070139884950000564e-01,7.584098006076601672e-01
5.947690010070000310e-01,7.360970774626736102e-01
1.107607960700000005e+00,6.764446905440280045e-01
9.713580012320000012e-01,1.039996889403643765e+00
7.170349955560000321e-01,8.471232087907104580e-01
6.764810085300000386e-01,7.212733121424287352e-01
1.687772989270000190e+00,6.935380015914044405e-01
9.907569885250000485e-01,1.512146992396189438e+00
8.082039952280000161e-01,9.066238175603023031e-01
1.087718963619999979e+00,7.990912759645935060e-01
1.564818024639999861e+00,1.147257925181079941e+00
6.673809885979999912e-01,1.437832262475639222e+00
1.256489992140000123e+00,6.985030552774462720e-01
1.091886043549999963e+00,1.261766958978914221e+00
7.375509738919999725e-01,1.178945681851394145e+00
6.224380135540000802e-01,7.679956727967931496e-01
8.364729881290000613e-01,7.757765484132833622e-01
5.774260163309999916e-01,1.019231349042608814e+00
1.015761017800000054e+00,6.678175150785690128e-01
1.106158971790000001e+00,1.002436023508451290e+00
6.945540308949998964e-01,1.120932034748883144e+00
1.130903959270000092e+00,7.454896669105748330e-01
9.518219828609999489e-01,1.165629674984595132e+00
7.524570226669999862e-01,1.046511519216450248e+00
5.585229992869999993e-01,8.201123665787124484e-01
1.415836334229999771e+00,5.960247840785648510e-01
1.855298042299999839e+00,1.376131074490168027e+00
7.845479845999999702e-01,1.610184418854413213e+00
8.210539817810000862e-01,8.245337802067639332e-01
5.835890173909999978e-01,1.029441712966168598e+00
8.359720110889999889e-01,8.808722703953338895e-01
2.184663057329999880e+00,1.022928623154996775e+00
6.805480122570000123e-01,1.964589546798027664e+00
1.238904953000000031e+00,7.757443551148422989e-01
1.030328035349999949e+00,1.134359797350527943e+00
7.914109826090000022e-01,1.020453239648700050e+00
8.423720002169999832e-01,1.004060988280642830e+00
4.464710056780000769e-01,9.128678235717919698e-01
5.589337944979999584e-01,8.074851218782927997e-01
7.099329829220000221e-01,7.705876884399878168e-01
7.334340214730000751e-01,7.627748122822819443e-01
7.833399772640000647e-01,7.873522441411596740e-01
8.426809906959999985e-01,7.203941917049643262e-01
1.099761009220000085e+00,8.556459642820943845e-01
8.706315755840000614e-01,1.087816200266140232e+00
5.862460136410000411e-01,8.876247962311142325e-01
8.863990306849999223e-01,7.577522081512729768e-01
1.019399046900000050e+00,8.836874573390146592e-01
8.493610024450000129e-01,9.241720031304466731e-01
1.010666966439999870e+00,8.130388611700914980e-01
1.331516027449999973e+00,9.853870385679465160e-01
1.215008974079999859e+00,1.290238979398969255e+00
1.645591020579999952e+00,1.185423664329930071e+00
9.708780050280000351e-01,1.500279816379147535e+00
1.411272048950000135e+00,9.714269379680900984e-01
7.953929901119999313e-01,1.282618343179773968e+00
1.046331048010000098e+00,8.545439317789871314e-01
8.879339694979999642e-01,1.108671298751460421e+00
8.349300026890000836e-01,9.718805818958060616e-01
9.847199916839999290e-01,1.007577331458499925e+00
1.090394020079999970e+00,1.065185950586882813e+00
4.901649951929999416e-01,1.152024692252119786e+00
6.141669750209999279e-01,6.614756222014700482e-01
6.314740180969999894e-01,7.711271894414495343e-01
8.252440094949999860e-01,7.799241234389803212e-01
1.051450967789999913e+00,8.552145524200137627e-01
1.047114968300000060e+00,1.049140244306501657e+00
3.921430110930000379e-01,1.094059764294699200e+00
4.695149958129999912e-01,5.223269884459063039e-01
7.720900177959999500e-01,6.454001366098579551e-01
7.520099878309999264e-01,8.452647536901523040e-01
6.877393722529999698e-01,7.159618665866394061e-01
6.718119978899999012e-01,6.800526991229955964e-01
1.185933232310000029e+00,7.530906312725107465e-01
6.571980118750000432e-01,1.118774694021562821e+00
8.213180303569999063e-01,6.812700486214328111e-01
7.795739769939998842e-01,8.582471504668134354e-01
1.030122995379999962e+00,7.805117165332844387e-01
6.211889982220000217e-01,9.907120236568753846e-01
8.660820126530001106e-01,6.093608158726782076e-01
9.608931541439998947e-01,9.249001868745037047e-01
6.760399937630000577e-01,9.208746257713364969e-01
7.402380108830000083e-01,7.204658863894449761e-01
5.984709858890000511e-01,7.897941044966483304e-01
6.151059865950000427e-01,6.927551603831318960e-01
9.358735680580000382e-01,6.980241663280914999e-01
5.818247795100000008e-01,9.078883545119001974e-01
7.156659960750000327e-01,6.678480943861568875e-01
6.529520154000000298e-01,7.389745901332414046e-01
9.700022935870000751e-01,7.418813841300597733e-01
7.834500074390000623e-01,9.565027765037280583e-01
7.448130249979999506e-01,7.696881525472842878e-01
8.276180028919999376e-01,8.021734069387778110e-01
8.943400979040000420e-01,8.385233877582912720e-01
2.505017042159999985e+00,8.645740505845836976e-01
1.620712041850000062e+00,2.150666954960459787e+00
1.417585968970000110e+00,1.377045044307297461e+00
1.049872040749999957e+00,1.339500990368788669e+00
1.226507544519999993e+00,1.198051361358757338e+00
1.043179035189999881e+00,1.345300931836395542e+00
9.694439768789999690e-01,1.013581413864592218e+00
8.192250132559999454e-01,9.521704667020461921e-01
8.129550218580000598e-01,8.700425560944531345e-01
6.712080240250000163e-01,7.240770494610740959e-01
5.289899706839999993e-01,9.215605765595893395e-01
3.461930155749999849e-01,8.008995396763273211e-01
4.789490103719999947e-01,6.774174494852478468e-01
1.153810977940000093e+00,7.481083947418168956e-01
9.671270251270001062e-01,1.090279057301389187e+00
7.845839858059999727e-01,9.261022760787234187e-01
4.701859951020000428e-01,7.904827333253060528e-01
5.632782578470000301e-01,6.150219301996374677e-01
2.416239976880000528e-01,6.744677583565065193e-01
2.709859907630000064e-01,3.406530245484790109e-01
1.994680017229999991e-01,3.549977666263817166e-01
1.327169984580000017e-01,2.751409862292138464e-01
4.732620120049999546e-01,2.335700563140451491e-01
6.585559844969999244e-01,5.371895486536503173e-01
9.621880054470001165e-01,6.869648515633770547e-01
5.111979842189999790e-01,8.675151508870021511e-01
9.829789996150001263e-01,5.067375460349872185e-01
9.100099802019999684e-01,9.192057011135735811e-01
1.026576042179999870e+00,8.112463555301215878e-01
8.309389948840000262e-01,8.747415358660036722e-01
9.651920199390001676e-01,7.263487315920975629e-01
1.000543951989999902e+00,8.818286905849401780e-01
1.983185052870000131e+00,8.686272797566627624e-01
1.274855017659999978e+00,1.695206681963717932e+00
1.286525964740000028e+00,1.153998480468962917e+00
1.382244944570000245e+00,1.170282216036014233e+00
1.736924052240000016e+00,1.334460040074289866e+00
1.257668018339999971e+00,1.685505992548079091e+00
7.533379793170000838e-01,1.232969935907491266e+00
1.084908962249999886e+00,9.636020281661669129e-01
1.062494039539999990e+00,1.230456464906270586e+00
7.787629961969999570e-01,1.158531860277289605e+00
8.256469964979999965e-01,8.602278028802116117e-01
9.891830086709999525e-01,9.356730372510223548e-01
1.418092012410000047e+00,1.124215962115101552e+00
1.151677966120000063e+00,1.312141443797481211e+00
1.250364065170000094e+00,1.176762890908787051e+00
8.794019818310000458e-01,1.254226350242668486e+00
1.089423060420000144e+00,9.883869046560930238e-01
1.809062957759999701e+00,1.131951273928860413e+00
8.687390089040000207e-01,1.639760564995837555e+00
8.521729707719999380e-01,9.016128736850628211e-01
1.307837963100000112e+00,9.223997519625392050e-01
1.262575984000000151e+00,1.359137049650675833e+00
7.601559758189999627e-01,1.300180533275511197e+00
1.069887042049999959e+00,8.113222985701267209e-01
8.579840064049999437e-01,1.158195508095331450e+00
1.149323940279999956e+00,9.794431174742687096e-01
1.067142963410000034e+00,1.092865790366442713e+00
7.400619983670000401e-01,1.142597943298776952e+00
6.799880266190000411e-01,8.700442732352376973e-01
7.323921322820000634e-01,8.334423281231774228e-01
8.352749943730000126e-01,8.587997975633682168e-01
6.000829935070000065e-01,8.727841134018965441e-01
1.010563969610000168e+00,6.557560083192975897e-01
7.613970041280000434e-01,9.876822429147078530e-01
7.260069847110000030e-01,8.300367422944923135e-01
1.064324021340000037e+00,8.264194118666852162e-01
5.901079773899998715e-01,1.077752634943088594e+00
7.744659781460000447e-01,6.805795181695402096e-01
7.406870126719998781e-01,8.071071566405602082e-01
8.908360004430001533e-01,7.735821483192314441e-01
7.620100975040000613e-01,9.057360052172321874e-01
7.774500250820000069e-01,7.281582463285648510e-01
5.811070203779999943e-01,8.421383461170512952e-01
7.908779978749999051e-01,6.528454024123273580e-01
8.903719782829999652e-01,8.100119552202351692e-01
7.882059812549999656e-01,9.057282629493345061e-01
7.301949858670000459e-01,7.635395990645105213e-01
9.248933196070000529e-01,7.715550694546468025e-01
1.265586972239999941e+00,9.100473183209919492e-01
7.884140014650000694e-01,1.170167394549275430e+00
9.180610179899999501e-01,7.331241200001069602e-01
6.569269895549999516e-01,9.252081518346548794e-01
8.252680301670000107e-01,7.721597172273459986e-01
4.257229864599999525e-01,8.611343527657722152e-01
9.114630222319999309e-01,5.332067323907769829e-01
7.238519787790000937e-01,9.325964178923000780e-01
9.657319784160000031e-01,7.644230631643035290e-01
7.194200158119999911e-01,9.455525233250101635e-01
7.146480083470000411e-01,8.087428631948029301e-01
6.188799738879999790e-01,8.173496248594599445e-01
8.502969741820000094e-01,6.857175193361373378e-01
6.113014817240000065e-01,8.589174215805522872e-01
8.405809998509999881e-01,6.395480770617933963e-01
5.909900069240000553e-01,7.995576888406108473e-01
1.191807866100000002e+00,6.469735498873052659e-01
1.072478055950000009e+00,1.086258907439113353e+00
7.976800203319999172e-01,1.033190757813729599e+00
7.140370011329999489e-01,8.215864712273637238e-01
8.885610103609999921e-01,8.320684948449424967e-01
7.367290258409999737e-01,9.351689290863631765e-01
9.655410051350000744e-01,7.839603005150663773e-01
8.569459915160000385e-01,8.906328390292288510e-01
5.838339924809999859e-01,8.468079622734562273e-01
3.047562122340000457e+00,6.217482003512003752e-01
8.865389823909999301e-01,2.539601319135513346e+00
1.186460971829999878e+00,1.013371187385995187e+00
8.750730156899999557e-01,1.345719122571811033e+00
1.111973047260000014e+00,1.391797121744658305e+00
6.929270029070000447e-01,1.493887271708216113e+00
5.632749795910000357e-01,9.155534627554282601e-01
5.519689917560000048e-01,8.566231304838739513e-01
9.211350083349998386e-01,5.807822321198716775e-01
5.465030074119999748e-01,5.400871595330901664e-01
9.997850060459999577e-01,4.596400819645715119e-01
7.512239813800000166e-01,9.647111827945420437e-01
8.402569890019999654e-01,9.371927382728203471e-01
7.843149900439999600e-01,1.168383781269581645e+00
5.915480256080000165e-01,8.410149115123159991e-01
6.109840273859999948e-01,6.886325052352518794e-01
9.328789710999999540e-01,6.753835958538021433e-01
7.992020249369999885e-01,9.403902928243309534e-01
9.833549857140000405e-01,7.952690433657765290e-01
5.405290126799999761e-01,9.001955536096800659e-01
1.093670010570000128e+00,6.148577470622559327e-01
9.266330003740002041e-01,1.080612524576341382e+00
7.972419857979999858e-01,9.137748963231089316e-01
5.896059870719999596e-01,8.027735423685521399e-01
7.799540162090000672e-01,6.429073541843971507e-01
5.182790160179999717e-01,8.378575296960115715e-01
7.263879776000000676e-01,5.721010447654361064e-01
6.216366887090000182e-01,7.438010315927092719e-01
8.810679912569999717e-01,7.058615583128541315e-01
7.315016984940000411e-01,8.535529321117012458e-01
9.703850150110000516e-01,7.679304429586421010e-01
8.715350031849999901e-01,9.852985330608559078e-01
5.505740046500000595e-01,8.837462512436413675e-01
2.576299905780000121e-01,6.108754578661369505e-01
6.952109932899999123e-01,3.914011872313673535e-01
3.547430038449999601e-01,7.407324569350952626e-01
1.308350920679999918e+00,4.394302349340388214e-01
1.424710035319999957e+00,1.136801931788548936e+00
2.422243118290000385e+00,1.282228908643986420e+00
1.588093161580000023e+00,2.038103441607867161e+00
2.882889986040000352e+00,1.426306697577452542e+00
1.510810017590000109e+00,2.473922143498233250e+00
5.103110075000000245e-01,1.380884557138732927e+00
6.637499928469999810e-01,6.154096515235014664e-01
5.865659713749999948e-01,8.818830607557398560e-01
9.182999730109998593e-01,8.769783118602553218e-01
1.126363039020000123e+00,9.864850180878884656e-01
9.455379843710000065e-01,1.224691791124464135e+00
7.979699969290000583e-01,1.094840691971650237e+00
8.895260095600000527e-01,9.076923155128626686e-01
5.017459988589999531e-01,1.105568848501954582e+00
7.889080047609999813e-01,7.520480504501209085e-01
5.571460127830000220e-01,8.617876871269436467e-01
8.079270124439998924e-01,7.381402989025614980e-01
7.382910251620000697e-01,8.285276871970036483e-01
6.742079854009999096e-01,7.717498915458450570e-01
8.787713646889999675e-01,7.534561668063114448e-01
7.401880025859999268e-01,8.501585758127718773e-01
8.886500000949999478e-01,7.713615834203997323e-01
7.983270287510000340e-01,8.698386823511967680e-01
5.137799978260000344e-01,7.833685478050036455e-01
7.760372757910000141e-01,6.403620789234008015e-01
8.528280258179999906e-01,7.701258742098783250e-01
7.851629853249999513e-01,8.830411803818910554e-01
8.431609868999999646e-01,7.782456042636948235e-01
1.024798870089999925e+00,8.550000975670034586e-01
8.044279813770001120e-01,1.029216694207369720e+00
8.841310143469999216e-01,8.248410373881295277e-01
3.615649938579999501e-01,8.860836398812859116e-01
1.171491026879999842e+00,4.691538456583368433e-01
4.477910101410000343e-01,1.104214495116099259e+00
7.665730118750000432e-01,4.885139978341674349e-01
7.735599875449999940e-01,8.085049523075015232e-01
1.054823040959999902e+00,8.211486264300122961e-01
7.843300104139999673e-01,1.072716450522066989e+00
1.034250974660000155e+00,7.707576533763077498e-01
1.096979022029999973e+00,1.021957735902200293e+00
7.633029818529999400e-01,1.084062054682314313e+00
5.883730053899999257e-01,7.079599250330361748e-01
6.365630030629999547e-01,6.628718115056512206e-01
5.750700235369999858e-01,6.970878879790251004e-01
5.399640202519999654e-01,6.551509655542300248e-01
1.324671149250000068e+00,5.858884854928042563e-01
8.178460001949999780e-01,1.246232910535983507e+00
6.359609961509999909e-01,8.394789383320115927e-01
8.135920166969999867e-01,7.106713220807850950e-01
9.872140288350000903e-01,9.119376258178196748e-01
9.839289784429998686e-01,1.021730656220831701e+00
5.904790163040000150e-01,9.047011009762663258e-01
8.986790180209999201e-01,6.454138511541407386e-01
6.268000006680000125e-01,8.928763845100166074e-01
6.926850080490000172e-01,6.258654762227650048e-01
5.757049918169999669e-01,7.173016175791040450e-01
6.764680147170000213e-01,6.330761326694707147e-01
8.279470205309999997e-01,7.562810606086344256e-01
6.547859907149999881e-01,8.442261056599542624e-01
1.085815548900000094e+00,7.142780368899499521e-01
8.509550094600001335e-01,1.040619035059530351e+00
8.879359960559999321e-01,8.421952733060682483e-01
6.557850241659999302e-01,8.790381554074561121e-01
6.597809791559999804e-01,6.844298194080192799e-01
8.856279850010000398e-01,7.176136555912783210e-01
7.502999901769999980e-01,8.527636021656703758e-01
9.303160309790000637e-01,7.450862493021911392e-01
7.259460091590000941e-01,9.051397993133397657e-01
7.123904824259998936e-01,7.743261903029744486e-01
9.326570034029998402e-01,7.763092541075443664e-01
6.544970273969999974e-01,9.345737354906913374e-01
4.987269937989999846e-01,7.250332210220161722e-01
9.782410264020000579e-01,5.799625562797944278e-01
5.593240261080000275e-01,9.874239539552607248e-01
8.733990192409999409e-01,6.519648464012826050e-01
6.232500076290000690e-01,8.617709596882953127e-01
6.319249868390000024e-01,6.839544596353110961e-01
8.335350155830000274e-01,6.835074489079773219e-01
8.613430261610000027e-01,7.950421550028737849e-01
1.036013007159999999e+00,8.569588407722403822e-01
6.160370111469999355e-01,9.601881861652292738e-01
9.874529838560001105e-01,6.680893480739571455e-01
6.686739921569999634e-01,1.005829916900296661e+00
6.455339789389999972e-01,7.038832586555474613e-01
1.007030010220000049e+00,7.181546688327173911e-01
7.763000130650000719e-01,9.698023972243068336e-01
9.358490109440000815e-01,7.782616624908206271e-01
6.626719832419999401e-01,8.855009738729368030e-01
1.113351941109999910e+00,7.165868676191895492e-01
5.495319962500000432e-01,1.113582794429315737e+00
9.273632764820001206e-01,5.771090374530259970e-01
8.215330243109999486e-01,9.488398214790590979e-01
9.193540215490000334e-01,8.170357922971351883e-01
6.899859905239998925e-01,9.119066448567046956e-01
6.497738957409999738e-01,7.319540789104356238e-01
9.705049991610000815e-01,7.840738234302453424e-01
8.034440279009998909e-01,1.027398315020962016e+00
8.920990228650002019e-01,8.067558153835161505e-01
7.462270259859999921e-01,8.546518378938140481e-01
1.495407462120000197e+00,7.602248662167870874e-01
7.597569823270000633e-01,1.316289548536879961e+00
9.677280187610000084e-01,8.114858979918390114e-01
1.126011013979999920e+00,1.027736236885476329e+00
7.641419768330000029e-01,1.219442172503278021e+00
1.423818945879999909e+00,8.915383231100291184e-01
8.309190273280000483e-01,1.401187120136282882e+00
5.316870212550000030e-01,9.918425239815288341e-01
6.942920088770000442e-01,6.471741105807018446e-01
1.097100019450000019e+00,7.529157091121279066e-01
8.623710274700000511e-01,1.058951056907272648e+00
9.711959958080000899e-01,8.179241716686078689e-01
7.501904964450000213e-01,1.016719772708557956e+00
5.659890174870000346e-01,8.613518561809548890e-01
7.235890030859999378e-01,6.489804172070793298e-01
1.088876962660000114e+00,7.829926272047323943e-01
2.614549994470000138e-01,1.056935808600614202e+00
1.923168003559999895e-01,3.553531230537037011e-01
2.048390060660000012e-01,3.932117784419982831e-01
3.752999901769999980e-01,4.258643796984893926e-01
1.878910064700000104e-01,4.849444162109085021e-01
4.178839921949999980e-01,2.840578239176369535e-01
6.128349900249999704e-01,5.499151469203331644e-01
4.822100102900000462e-01,6.204860645281148335e-01
8.136649727820000066e-01,5.074072277031078659e-01
8.997989892959999958e-01,7.780374593968338859e-01
7.667459845540000041e-01,7.884974263039257192e-01
6.762999892229999421e-01,6.574595711899297035e-01
9.804093837739999984e-01,5.959460976991090009e-01
1.075533032420000090e+00,8.874145689174965934e-01
6.459739804270000496e-01,9.132514365500117304e-01
7.601699829100000416e-01,6.154697848388489545e-01
8.707180023190000950e-01,7.862328618412636194e-01
1.045557022089999899e+00,8.912471710332904307e-01
4.832339882850000268e-01,1.004006475850194091e+00
1.085988998409999962e+00,5.487902924752166012e-01
7.320979833600000930e-01,1.049092900261799688e+00
7.128990292550000385e-01,7.841641773091948542e-01
1.045389056210000112e+00,7.093470380383266605e-01
7.359200119969999676e-01,1.036666774283171000e+00
8.956930041310000590e-01,7.997367007958443574e-01
8.745509982110000191e-01,8.581674640264040921e-01
9.237470030779999508e-01,8.838858801069419124e-01
9.997780323029999971e-01,9.390575439042050387e-01
1.739534020420000049e+00,9.166857905075408430e-01
8.107889890670000321e-01,1.588798506356287277e+00
7.049050331119999235e-01,8.199705250419204727e-01
8.328269720080000438e-01,8.330516123894520231e-01
8.276600241660000412e-01,9.900398856115025792e-01
8.953109979629999549e-01,9.425168336917580936e-01
1.459501028060000039e+00,8.998170456325562672e-01
1.179519057270000060e+00,1.381478988341252823e+00
1.443411946299999915e+00,1.104831884747501825e+00
1.306735038760000078e+00,1.239771371408184386e+00
7.634999752040000365e-01,1.271130819338977425e+00
1.145148038860000161e+00,8.505701234333863381e-01
7.253450155259999477e-01,1.156229989858838625e+00
7.633590102199999672e-01,8.714987209510465238e-01
6.174820065499999622e-01,8.085131729408049361e-01
1.029322981830000039e+00,7.369110940737624293e-01
1.302055954929999926e+00,1.104322179927332392e+00
3.164124965670000122e+00,1.248442207212120625e+00
9.734439849849999549e-01,2.678340483591681309e+00
1.229671001429999855e+00,9.867978356321427391e-01
7.441530227660000385e-01,1.288430096576949513e+00
1.063034057620000139e+00,1.051659498535480131e+00
1.123872041700000102e+00,1.165407772645994378e+00
8.984770178789999173e-01,9.940075680064326402e-01
7.175139784810000698e-01,9.970335681222450841e-01
5.367509722709999931e-01,8.119392281244555143e-01
1.175443053249999981e+00,6.918814378001784116e-01
1.101048946379999949e+00,1.297304680755721806e+00
5.734490156170000130e-01,1.088277322416490556e+00
1.431144952770000200e+00,7.672600948724677128e-01
1.037794947620000130e+00,1.430202988215120818e+00
6.568620204930000206e-01,1.064681180220595769e+00
1.074908018110000141e+00,7.041252919539721100e-01
1.385972023009999887e+00,1.062073731432394030e+00
1.004804968829999812e+00,1.361742691823566886e+00
1.609539985660000116e+00,8.989676022451471571e-01
2.817575931549999524e+00,1.489518734533217925e+00
1.962562561039999931e+00,2.421693548492028114e+00
1.279752016069999998e+00,1.654377204309144256e+00
1.995329976079999845e+00,1.276975517353500900e+00
2.033385992049999924e+00,1.983815468642041502e+00
1.307443976400000096e+00,1.941758171753859452e+00
1.611258029939999892e+00,1.262863743309345033e+00
2.040218114850000042e+00,1.619990457522921368e+00
2.183244943620000100e+00,1.972178018987736925e+00
1.351415991779999937e+00,1.923365798897828549e+00
7.242180109020001089e-01,1.445132473312989108e+00
1.363389015200000109e+00,1.086748781510536110e+00
1.526808977129999967e+00,1.582907828152855023e+00
1.784019589419999940e+00,1.662191622547045666e+00
1.103597044940000105e+00,1.705178204986399493e+00
1.763007998470000004e+00,1.228748887687523883e+00
1.157549023629999896e+00,1.782156283046445244e+00
1.153326034550000045e+00,1.338594068643132129e+00
2.362811088559999551e+00,1.313742281867262385e+00
2.580787897110000007e+00,2.179757172349789940e+00
1.242146968839999976e+00,2.308747615446029577e+00
1.712821006770000265e+00,1.236679651569007721e+00
6.676509976389999323e-01,1.802421875713875021e+00
8.271329998970000652e-01,9.807401354321717557e-01
9.642647504810000214e-01,9.836224374427620099e-01
1.394161701200000048e+00,1.122533208254695269e+00
7.584049701689999923e-01,1.467862598173857336e+00
6.900759935379999765e-01,8.614426892659915458e-01
6.740249991419999809e-01,9.776634144679312577e-01
8.615220189090000424e-01,9.575335824817750030e-01
7.907469868659999790e-01,1.020095378011822262e+00
7.285000085830000138e-01,9.673430522801740317e-01
2.411980032920000017e-01,8.826545832696955918e-01
3.354600071909999981e-01,4.236530131175764158e-01
5.912460088730000507e-01,4.777250977649437069e-01
1.058426976200000036e+00,6.678629829112352478e-01
7.669919729230000316e-01,9.583779439364169539e-01
5.881239771840000019e-01,7.071518743158703435e-01
5.922303199769999305e-01,6.609011956794942355e-01
8.753510117530000079e-01,6.921164384379935308e-01
7.038279771799998974e-01,9.013947331496847681e-01
5.677499771120000371e-01,6.940897499366810441e-01
7.133870124819999825e-01,5.364626690926073138e-01
1.077505946160000061e+00,6.963506793665763528e-01
6.909419894220000247e-01,9.736103543130301130e-01
7.724580168719999973e-01,7.329231961053607192e-01
7.237120270730000859e-01,8.031166730624478278e-01
9.752489924429997847e-01,8.130387992389310758e-01
9.151769876480000399e-01,9.291287041660911683e-01
7.574009895319999686e-01,8.855014124655502528e-01
6.912069916730000374e-01,7.614003613068945908e-01
1.183527946470000147e+00,6.953016348558198612e-01
7.705749869349999281e-01,1.088979522223639140e+00
8.947700262070000798e-01,7.643528417316365342e-01
6.143350005150000070e-01,8.772824610482981011e-01
7.692319750789999855e-01,7.740611455944665931e-01
9.070749878880000061e-01,8.538132425131325087e-01
4.068099856379999713e-01,9.275639233673976802e-01
5.138880014419999753e-01,5.763774634390247398e-01
2.481469959019999838e-01,6.336418833777540671e-01
2.568759918210000159e-01,4.214212772141838759e-01
5.980659723279999618e-01,4.110451424435453971e-01
5.981699824330000137e-01,6.447387617152613437e-01
8.801140189170000294e-01,6.326610408717332490e-01
1.085649013520000095e+00,7.800742667933420194e-01
9.920129775999999566e-01,9.862883893395087975e-01
8.743849992749999078e-01,9.151945383016145685e-01
8.770260214810000621e-01,7.903902658252943692e-01
1.008928894999999937e+00,8.790127896051541656e-01
8.088759779930000393e-01,9.259536114332870271e-01
6.714209914210000907e-01,7.434705300499667713e-01
7.449629902840000373e-01,7.131074489262102523e-01
6.942679882050000195e-01,8.218038488402104047e-01
1.001886010170000008e+00,7.993511945113449535e-01
7.935580015180000446e-01,1.042254472322124315e+00
8.450049161910000439e-01,8.525007162715023679e-01
8.031240105629999793e-01,8.512550965455731866e-01
5.744469761850000689e-01,8.551930909776248591e-01
5.679720044139999757e-01,5.988129880424071239e-01
4.538080096239999195e-01,6.620035569614378668e-01
8.494881391529999215e-01,5.827592310175033763e-01
4.064599871639999473e-01,9.063455383049416891e-01
2.453519999980000310e-01,4.877203553453630658e-01
2.323218107220000217e+00,3.868726742612986214e-01
2.027115583420000089e+00,2.073863055743336847e+00
1.581117987629999888e+00,1.710034677736031794e+00
1.727049946780000012e+00,1.495059788935268807e+00
1.150642037389999928e+00,1.845664933528957219e+00
1.607933998109999818e+00,1.556850824600556349e+00
1.331233978270000007e+00,1.609874487224502770e+00
1.221642017359999999e+00,1.365021536758320719e+00
1.583541989330000010e+00,1.356618037501286400e+00
1.608662128450000006e+00,1.288404576435669524e+00
2.185653924939999992e+00,1.811949383198648400e+00
2.989559888840000124e+00,2.081112913686937738e+00
7.574499845500000106e-01,2.726295107180142452e+00
1.811344027520000122e+00,1.124017926827178826e+00
1.527951955800000094e+00,1.984824481513386862e+00
8.892235755919999374e-01,1.878617538668529985e+00
