1.176299691200000108e+00,1.034589489126054973e+00
1.714609026910000056e+00,1.231789669421785582e+00
1.307337045669999975e+00,1.442960183050210787e+00
6.186890006069999393e-01,1.157070082930392152e+00
2.298435926440000276e+00,8.221017449379139919e-01
1.808241009709999902e+00,1.822783747152493694e+00
8.794149756429999742e-01,1.477208505235262148e+00
1.570945024490000064e+00,1.041214750648169929e+00
1.578516006470000121e+00,1.521977295037399314e+00
6.200309991839999535e-01,1.696562511986327237e+00
9.928810000419999726e-01,6.973069956481511289e-01
4.551869928839999413e-01,8.824217034844277219e-01
1.017398953439999865e+00,5.454062151096251698e-01
8.378469943999999892e-01,9.414891193791999902e-01
4.884769916529999589e-01,7.598883457286864651e-01
1.246340990070000210e+00,5.271187533246561863e-01
1.209630966189999990e+00,1.156540220079776526e+00
1.252451062200000020e+00,1.188367569282273051e+00
1.519726991650000025e+00,1.140178355026306045e+00
1.063797950739999942e+00,1.239090986863153665e+00
1.571495056150000069e+00,1.088202765335265498e+00
1.278105020519999968e+00,1.365476840540394754e+00
1.192077994349999948e+00,1.019920797958910219e+00
8.304439187050000060e-01,1.112553496488595473e+00
1.402015686039999931e+00,8.023477210947860261e-01
1.156504034999999986e+00,1.337472195215854809e+00
1.162554860120000200e+00,1.027494752907442299e+00
6.007519960399999581e-01,1.106049739503493168e+00
1.253835797310000055e+00,7.338025459385697502e-01
1.791844010350000183e+00,1.349979292626306338e+00
1.734062552449999961e+00,1.529323293304858611e+00
4.939970970150000085e+00,1.391725738099207410e+00
2.394351005549999911e+00,3.670756579804201003e+00
2.212575912479999740e+00,1.838410014158629702e+00
1.886527061460000043e+00,2.336474552731979237e+00
9.343829751010001017e-01,1.977383640624054140e+00
9.099829792980000942e-01,1.703822640259181620e+00
8.112999796870000724e-01,1.365988235640225978e+00
1.049708962440000004e+00,8.356038750787696534e-01
1.351788043980000076e+00,7.674059020557986166e-01
1.277305960659999906e+00,9.832073756725341340e-01
7.854449748989998925e-01,9.833477258334946125e-01
4.846229851250000165e-01,7.179851342090384225e-01
6.676359772680000582e-01,5.290527932660720190e-01
8.322510123249999836e-01,1.023867296834823248e+00
5.959370136259999340e-01,1.043394388968346798e+00
3.410890102390000123e-01,6.078980282756822895e-01
6.860110163689999707e-01,5.150735533330746962e-01
8.153510093690000682e-01,8.532144435062954946e-01
3.985430002210000322e-01,8.299199728495508799e-01
6.998159885410000225e-01,5.512588906680327971e-01
4.263690114019999533e-01,8.103262915667021060e-01
6.866139769550000382e-01,6.744547755996747052e-01
1.826770007609999913e-01,8.492909465881905984e-01
7.018824815749999946e-01,4.148583372577345774e-01
1.796682000159999681e+00,9.394246396576623193e-01
7.204269766809999753e-01,1.577394752728261018e+00
4.680640101429999755e-01,8.126108621066773230e-01
6.408870220180000743e-01,9.566754336781797541e-01
7.520520091060001189e-01,1.339346456249745909e+00
1.001817584040000098e+00,1.438165564901050297e+00
1.660804033279999814e+00,1.109785732524363189e+00
1.450595021250000061e+00,1.491468550861772213e+00
1.085010051729999869e+00,1.319152647922953614e+00
1.099555015560000015e+00,6.943933569326655730e-01
7.694180011750000325e-01,9.361263341334657984e-01
1.254430413249999932e+00,7.593882425320191976e-01
1.496320962910000052e+00,8.715464217489865550e-01
7.186369895940000196e-01,1.373193699857180539e+00
8.902019858359999649e-01,8.144387210965727819e-01
9.891759753229999452e-01,9.916298373982320724e-01
2.849014520649999938e+00,1.128451105880468264e+00
4.281075000759999583e+00,2.346176388788539846e+00
1.248739004139999942e+00,3.087925546483612838e+00
7.096589803699999699e-01,9.512826687322093466e-01
7.497439980509998936e-01,1.182751537382032980e+00
8.907449841499999188e-01,1.146433101355523565e+00
1.469527959819999952e+00,1.113904127824401735e+00
1.608888030049999918e+00,9.813420186040167081e-01
1.043460965159999976e+00,1.374892853034759055e+00
1.184751033780000018e+00,1.112912468706792390e+00
5.063725113870000127e-01,1.306136081025797369e+00
6.946156024930000283e-01,1.150518212439546106e+00
9.299110174179998634e-01,1.321770334790986157e+00
7.754629850390000190e-01,8.560728645974211570e-01
8.564696311949999696e-01,9.438283989260585205e-01
9.269009828569999554e-01,9.462468771298184755e-01
7.506660223010001021e-01,5.806660781786315839e-01
9.248849749570000611e-01,8.181169476053494760e-01
1.070162653919999984e+00,8.375458519347268593e-01
8.752880096439998869e-01,1.032637231303046965e+00
7.511039972310000756e-01,1.165862478738101560e+00
8.627579808239999037e-01,8.988578186506412937e-01
5.096570253369999692e-01,1.049333083662026045e+00
8.495249748229999343e-01,8.123303398451441337e-01
6.711369752879999817e-01,9.848461633775074109e-01
6.132180094720000030e-01,7.811698705216680860e-01
3.810549974440000098e-01,7.261164545605992560e-01
8.710420131680000067e-01,6.081964538322737202e-01
6.540319919589999698e-01,9.628571688111331461e-01
9.089673757550000843e-01,7.418033399239487569e-01
9.709029793739999414e-01,1.014003043588002306e+00
9.856920242310001079e-01,9.553071844989549088e-01
1.356256246570000101e+00,1.074453048145957323e+00
1.309872984889999925e+00,1.304771944036062115e+00
6.344919800760000506e-01,1.200454686477309352e+00
5.933508276940000492e-01,8.684981271060243646e-01
8.796380162239999523e-01,9.114363246370937865e-01
1.131836414339999930e+00,1.037703308560197657e+00
1.841274023059999765e+00,1.206620395586913475e+00
2.261745929719999992e+00,1.521860469548543371e+00
2.597975969309999744e+00,1.752513202326644315e+00
2.399192094800000064e+00,2.010147841214200870e+00
1.982298016549999931e+00,1.868177250351655161e+00
2.269547939300000206e+00,1.605985040121391982e+00
2.017889976500000238e+00,1.651643634540005401e+00
1.452262043950000026e+00,1.511279460120704909e+00
1.342797994609999934e+00,1.219403855533872427e+00
1.311915040020000145e+00,1.194534879913891734e+00
1.276762008670000226e+00,1.298651296263833022e+00
1.275267004970000118e+00,1.472229071482946239e+00
1.210446000100000141e+00,1.387667206438981227e+00
8.153480291369999966e-01,1.154110390746565962e+00
7.271119952200000291e-01,9.452981273552583108e-01
6.043019890790000126e-01,7.970969207499692954e-01
9.830358624459999417e-01,6.399431267975206339e-01
1.101529002189999940e+00,9.113948485005883837e-01
1.183724999429999869e+00,9.983247873622104196e-01
4.356400072569999726e-01,1.188853133874159695e+00
3.270040154459999959e-01,6.619518623474823782e-01
8.039849996569999879e-01,7.809838992030654348e-01
4.216859936710000145e-01,9.395951236553768959e-01
5.734559893609999515e-01,4.348016139800592317e-01
3.959457874300000291e-01,6.540332476028685171e-01
4.163750112060000119e-01,5.837400525391772677e-01
5.603970289230000290e-01,6.450091000083905124e-01
7.749050259590000156e-01,6.614551912602264494e-01
6.370840072629999629e-01,8.194657596872020333e-01
3.839260041709999793e-01,8.284358338856351311e-01
5.648739933969999516e-01,6.099597267358289887e-01
1.054715037350000051e+00,7.703242207480994752e-01
6.537709832190000681e-01,1.058537547292403236e+00
5.931029915809999942e-01,7.359034364303628228e-01
1.022608995439999946e+00,7.249509964929100603e-01
8.359869718549999273e-01,1.084156425474965157e+00
6.375340223309999832e-01,8.744214258280825769e-01
9.755985140799999789e-01,7.477633398168143097e-01
4.898079931740000337e-01,9.869949903669817948e-01
1.098647952079999879e+00,6.100783971054551946e-01
1.151165962220000116e+00,1.084713258458011698e+00
8.061249852179999120e-01,9.992896903138820397e-01
4.744769930839999872e-01,8.860403660234246193e-01
7.896029949189999897e-01,6.517916137426372769e-01
4.762530028819999539e-01,9.049663632417651593e-01
5.455229878430000179e-01,5.902641331948980108e-01
6.212809681889999158e-01,6.724636475535593627e-01
7.707700133319999036e-01,6.590465182630810270e-01
9.337069988249999675e-01,8.923040127163449631e-01
8.110550045970000843e-01,9.852029106528988889e-01
6.005529761310000048e-01,8.837674061968543437e-01
1.002521038060000036e+00,8.005474574783111308e-01
8.921650052069998171e-01,1.130637940834964716e+00
9.160850048070000584e-01,9.484027531098461195e-01
7.413420081139999729e-01,9.521399629087643479e-01
9.283249974250000758e-01,7.873930903280041971e-01
6.429409980770000033e-01,9.739447672013884505e-01
9.950090050700001187e-01,7.420088388674719315e-01
6.271365880970000140e-01,9.042350494702738883e-01
1.038689017300000073e+00,6.805855931302470241e-01
6.888009905820000611e-01,1.138067414563672664e+00
5.214130282399999095e-01,7.768522103552906177e-01
6.510270237919999481e-01,7.104007638418115000e-01
1.159701943399999990e+00,8.023191042050562549e-01
6.456400156020000169e-01,1.157944910743915923e+00
1.195862650870000099e+00,6.350858688262324137e-01
1.304703950880000018e+00,1.200586562669296420e+00
8.844429850579998975e-01,1.265362680455869748e+00
7.697709798810000725e-01,9.861807187941241670e-01
7.702100276950000213e-01,9.122964906010743169e-01
6.418280005459999771e-01,1.035058339437391339e+00
8.937159776689999058e-01,8.013345728535924417e-01
5.247250199319999364e-01,1.007210619366165849e+00
5.142210125920000374e-01,6.277573031451664232e-01
7.172748446459999982e-01,6.908167800686367821e-01
6.410769820210000525e-01,7.837770677062730895e-01
4.689820110800000941e-01,8.152555354910433483e-01
1.203750014310000171e+00,6.176372203757770629e-01
7.911959886550000709e-01,1.180085765485439975e+00
1.136301159859999910e+00,1.039361436077268497e+00
8.642929792399999256e-01,1.287279657048306714e+00
8.814030289650001126e-01,9.590939549003792974e-01
5.817409753800000249e-01,1.070790973072177410e+00
8.651199936869999885e-01,8.466227730579982680e-01
9.078124761579999813e-01,9.203560876839365079e-01
7.377740144730000615e-01,9.551330745735424621e-01
1.120375037189999867e+00,7.571830234501806256e-01
9.422479867940000142e-01,9.843347994659682465e-01
1.060060024260000011e+00,9.051924162422727571e-01
7.158420085910000008e-01,1.005363927549931313e+00
4.040209949019999969e-01,7.196078000441663569e-01
2.920779883859999648e-01,5.068192768657041603e-01
6.317924261089999938e-01,5.560429292154562830e-01
1.124665260310000026e+00,7.316788149826437548e-01
1.115690946580000009e+00,9.410716288684363162e-01
1.247418999670000028e+00,1.000551366934492536e+00
6.976169943809999996e-01,1.216786772269234485e+00
3.693974971769999893e+00,9.013208849876993556e-01
8.204839825630000361e-01,2.893596248583046204e+00
8.573070168499999921e-01,6.935964186405095822e-01
6.902359724040000311e-01,1.290818286741873600e+00
8.385969996449998964e-01,1.109919283590194983e+00
1.287726998329999928e+00,1.603396259018521786e+00
9.632229804989999034e-01,1.599848445161318411e+00
1.343299984930000024e+00,1.169981432445198033e+00
7.316169738770000874e-01,1.256896473143304327e+00
6.809219717980000697e-01,9.502484031961333510e-01
7.014784216880000089e-01,5.798180501715277657e-01
6.698030233380000142e-01,7.623817083661071914e-01
1.365643024439999964e+00,4.993675328382730094e-01
9.781420230869999344e-01,1.132956813094208037e+00
6.786789894100000442e-01,1.049525722895983115e+00
5.976330041890000055e-01,7.191680423814317269e-01
8.193774819369999962e-01,8.679206193543160808e-01
7.911109924320000042e-01,9.178439722283876501e-01
1.044147372249999872e+00,9.190192600361600794e-01
1.400015950200000026e+00,1.098617837637329453e+00
8.748620152470000244e-01,1.282184815105275932e+00
6.228179931639999944e-01,9.945025314926105864e-01
7.164059877399998610e-01,8.698771241644873697e-01
6.523500084880000660e-01,8.624135539127451011e-01
9.379299879070001067e-01,7.827536788652601496e-01
5.936999917030000296e-01,8.936220209541347881e-01
5.393440127369999448e-01,6.235548829607585608e-01
9.370089769359999377e-01,6.795987026640490924e-01
8.087720274930000341e-01,9.667396454077288315e-01
5.654280185700000239e-01,8.684659642885578235e-01
6.020820140839999723e-01,6.623441722921743491e-01
1.146679997439999932e+00,8.061111576551132085e-01
9.824249744419999431e-01,1.166782194242913295e+00
5.671510100359999917e-01,9.403826867694605740e-01
7.866399884220000027e-01,6.767888099693918358e-01
7.388439774510000557e-01,9.284569735316373640e-01
6.810299754140000106e-01,8.986449995185439299e-01
7.086979746820000203e-01,7.569638117370506292e-01
6.642330288889999323e-01,7.175964935968047742e-01
5.124790072439999733e-01,7.835339645318716295e-01
6.040380001070000393e-01,6.798651578312984167e-01
6.728799939159999521e-01,7.235372316326825759e-01
8.265414834020000656e-01,7.445136902449374094e-01
4.546860158440000355e-01,9.252581495851613935e-01
5.594509840010000179e-01,6.690100299909199633e-01
1.332218050960000122e-01,7.707615299673951093e-01
1.633069962260000063e-01,4.241429940455419545e-01
1.797860413789999778e-01,5.345512248062792571e-01
5.747918486599999932e-01,4.048937385146660906e-01
8.508148789409999413e-01,6.845253867636261758e-01
8.527640104289999634e-01,7.992942837113456989e-01
1.687628030779999788e+00,9.200143725814823314e-01
2.149522066120000297e+00,1.525363912930510546e+00
8.122850060459999577e-01,1.741342609691688414e+00
1.239639997479999867e+00,8.181299503419741104e-01
2.128437280650000041e+00,1.259525731284901306e+00
2.139239072800000141e+00,1.778695967866863903e+00
9.779880046840000452e-01,1.784801420082693379e+00
6.937779784199998856e-01,8.595832938626658537e-01
7.218790054320000094e-01,8.797926387077815713e-01
7.631160020829999002e-01,9.895428991831982657e-01
8.565329909319999713e-01,9.539373277455654998e-01
1.109338045120000116e+00,7.648294111674789342e-01
6.476340293879999654e-01,8.686670123233724006e-01
9.241870045659998922e-01,8.372504055140872481e-01
7.877320051189998784e-01,9.675721738805919125e-01
1.305567026139999864e+00,8.193983334580157152e-01
9.107710123059999940e-01,1.141295608494750757e+00
8.699640035629999657e-01,8.942531147317814844e-01
5.743020176890000217e-01,1.022763290583836415e+00
8.599532246590000373e-01,7.460386133775284145e-01
4.775849878790000003e-01,9.645045742431965774e-01
1.108017444610000179e+00,6.038296184826771329e-01
1.290724992749999966e+00,1.052690330235517502e+00
8.591579794879999898e-01,1.092311007166865799e+00
3.058980107309999807e-01,9.577426890163284190e-01
9.039019942279999942e-01,6.559551892175199406e-01
6.352750062940000220e-01,1.078639639859527266e+00
1.023422956470000145e+00,8.353275683164805843e-01
6.730669736859999919e-01,9.723642938869764274e-01
8.504790067669999454e-01,6.206497459277700024e-01
5.141969919200000128e-01,1.024905444713206881e+00
1.527956604959999964e+00,5.563025367563354528e-01
4.094385623930000051e+00,1.372184083951252909e+00
9.952359795569999390e-01,3.020779833177842821e+00
8.670449852940000923e-01,8.012485756902961720e-01
1.141056060789999993e+00,1.427503165321562184e+00
1.622257947919999888e+00,1.680756004774132339e+00
1.980204939840000566e+00,2.171197467831598171e+00
1.375547051430000112e+00,1.897851745057616446e+00
1.851865053180000054e+00,1.331888965381951895e+00
1.420923948290000016e+00,1.720547785114795447e+00
1.589177966120000285e+00,1.050183654385947296e+00
1.673199415210000041e+00,1.125722669009074250e+00
2.123934030530000072e+00,1.188194748707934734e+00
1.648401975629999905e+00,1.513612792067677182e+00
1.204741954800000014e+00,1.403324665057909648e+00
7.920839786529999538e-01,1.346554214668637339e+00
1.227027416229999890e+00,1.045247203276236103e+00
1.226951003070000157e+00,1.403262757513371595e+00
1.131343960759999989e+00,1.052806690794254818e+00
1.252465009690000075e+00,9.528116155279717781e-01
1.116891980170000132e+00,1.165135132399969908e+00
1.122387051579999850e+00,8.605049789227888768e-01
1.040153026579999862e+00,1.023978971813332972e+00
8.091310262680000420e-01,8.614545017421209039e-01
7.681059837340000751e-01,7.267094190786781427e-01
7.982919812199998910e-01,9.226307362466037443e-01
7.666722536090000428e-01,8.096320473920627370e-01
1.057360053060000027e+00,8.113656256024781577e-01
8.607699871060000563e-01,1.058254456499341911e+00
1.070777058600000053e+00,8.512785204291668517e-01
5.301510095600000527e-01,1.053798887503852866e+00
6.604189872739999467e-01,6.886226048500885266e-01
9.909179806709998983e-01,7.903371345559022654e-01
3.561530113220000016e-01,9.139040577834618428e-01
9.618239998820000691e-01,5.338065077431214389e-01
1.244829058649999931e+00,1.007039742732205090e+00
8.381230235100001202e-01,1.157218586832978069e+00
9.245989918709998090e-01,9.009936932018428601e-01
8.131660223010001021e-01,9.673828724391156930e-01
1.003061056139999963e+00,9.147630639981366718e-01
8.752340078350000496e-01,9.960479449544759056e-01
7.991399765009998823e-01,8.547067708932953867e-01
8.812961578369999938e-01,8.052419267421848659e-01
1.063080191609999892e+00,8.487756239460002572e-01
9.057049751279999672e-01,1.079875002565108044e+00
6.909559965129999926e-01,8.153418355600127176e-01
1.355970025060000195e+00,7.259340883656255627e-01
7.572399973869999856e-01,1.251279004250096749e+00
2.043754577640000125e+00,7.741179929029128326e-01
8.576130270960000690e-01,1.729244548516680524e+00
2.364957094190000220e+00,7.849737960781824064e-01
4.179231166840000178e+00,2.049255131106225480e+00
2.233561992649999883e+00,3.014190153897462032e+00
8.013390302660000630e-01,1.647066976176114750e+00
8.372840285299999463e-01,8.831769808892188101e-01
8.851529955859999133e-01,8.405519156502523348e-01
9.040349721909999303e-01,6.825550192340582578e-01
1.302939534190000082e+00,8.365522546321894071e-01
7.228699922560000157e-01,8.235399752734616774e-01
8.009120225910000279e-01,5.543740286503020531e-01
1.032919287679999965e+00,1.060757063810419121e+00
1.321628212929999879e+00,1.196291367003859074e+00
9.367759823799999275e-01,1.163177528672720173e+00
7.007700204850000336e-01,7.799326720607454577e-01
7.624319791789999634e-01,9.890745668763424314e-01
1.144938945770000105e+00,8.527688359412499697e-01
7.721610069269999599e-01,1.162324642651396900e+00
8.772150278090000697e-01,7.912266149059560272e-01
1.243505001070000171e+00,8.742461159393432046e-01
6.381840109830000385e-01,1.155034708514664832e+00
7.468199729919999807e-01,7.457040968526099656e-01
6.839929819109999976e-01,9.033794047768094471e-01
1.419505119320000119e+00,7.888416644861674376e-01
6.141470074649999500e-01,1.354795629564009563e+00
7.347676754000000976e-01,8.887142708351641884e-01
6.770560145379999062e-01,8.967283507323591252e-01
1.074026942249999950e+00,7.700761403965221685e-01
6.156389713290000287e-01,1.223640223638936320e+00
9.692379832269999440e-01,6.820782012981634335e-01
9.916120171550001361e-01,9.747044196926227810e-01
8.089560270310000023e-01,8.894259846952925486e-01
2.435143947599999859e+00,9.543771715050857196e-01
8.223479986189999869e-01,1.904204160917487565e+00
5.938220024110000272e-01,6.815295888652808109e-01
5.762249827380000466e-01,9.376117122323636144e-01
4.224239885809999429e-01,9.612536778123298431e-01
6.765879988670000511e-01,9.341365035389267435e-01
5.520349740979999531e-01,8.392897518632412845e-01
9.015229940410001142e-01,6.520816995144830264e-01
7.489960193629999763e-01,9.770176395292553551e-01
8.627583980560000754e-01,6.748077712373171666e-01
9.480749964710000199e-01,9.379586289963672829e-01
1.055613875389999956e+00,9.579213810334088475e-01
1.970020055770000278e+00,9.215864703991056839e-01
9.391199946399999554e-01,1.858091013142046943e+00
1.009042978289999892e+00,9.276938777365609790e-01
7.824029922490001177e-01,1.184291377620476426e+00
1.016265034679999957e+00,9.418864289436104098e-01
8.782749772069999850e-01,1.184127138052241346e+00
7.353619933130000064e-01,8.608065932254822528e-01
1.109990954399999952e+00,7.009109985753139149e-01
7.727199792860000027e-01,9.959274375222171294e-01
1.164981961250000086e+00,7.963759043301377183e-01
7.157210111620000426e-01,1.068856784886062616e+00
1.475479006770000101e+00,6.383892938467344846e-01
8.354520201680000202e-01,1.375077440897653824e+00
7.344660162930000125e-01,8.365676157983632510e-01
7.861927747729999805e-01,8.957386803482649817e-01
1.143465042110000107e+00,8.982039999776022521e-01
9.246990084650000830e-01,1.166161270043505560e+00
2.958764553069999970e+00,8.645385860500507391e-01
2.138324022289999959e+00,2.339552275231449485e+00
2.038712024690000124e+00,1.552023463511274404e+00
1.480209946629999829e+00,1.852794774706934211e+00
9.367650747299998137e-01,1.361565973884624858e+00
1.715939760209999942e+00,1.134924602930848847e+00
1.001402020450000041e+00,1.694234437069564558e+00
8.896229863169999863e-01,7.893825433620760279e-01
7.492939829829999843e-01,7.990378427284929863e-01
1.115183949470000213e+00,9.284992939239972154e-01
9.457820057870001129e-01,1.045382952677514243e+00
6.452180147170000213e-01,9.312800410978073762e-01
1.164842009540000056e+00,6.227017924035861407e-01
1.244351029399999975e+00,1.144433643370262432e+00
9.045109748840000075e-01,1.264916064091485159e+00
5.575259923929999362e-01,9.181579406595514747e-01
5.778343677520000332e-01,6.452644824434019544e-01
7.199835777280000348e-01,7.365622965171024772e-01
7.607790231700000128e-01,8.843648191880354448e-01
5.404400229450000426e-01,8.054738752764478704e-01
8.009672760959999360e-01,6.910538784199624640e-01
7.710149884220000027e-01,1.052626550527598903e+00
6.709719896319999988e-01,1.012314364347261630e+00
2.768970489500000021e+00,8.780074377512987471e-01
3.086133003230000060e+00,2.246640402137026538e+00
1.116358041760000086e+00,2.369895689243884274e+00
1.018260955809999979e+00,1.181083982297075563e+00
7.442610263819999794e-01,1.428188376841609042e+00
1.114386796949999869e+00,1.314144348535369877e+00
1.380516409870000238e+00,1.519302081767433199e+00
1.229098439219999950e+00,1.291367593358573318e+00
1.573238968849999919e+00,1.296535775183568218e+00
1.245597958560000107e+00,1.591465092102655854e+00
8.298619985580000247e-01,1.237970415839411142e+00
5.376980304720000436e-01,1.065812631319759118e+00
8.593800067899999284e-01,7.150860389592087474e-01
7.949647903440000274e-01,9.733032785547185428e-01
8.122889995569999577e-01,9.483213986224745540e-01
1.209460973739999945e+00,8.876092106132322801e-01
1.043611049649999956e+00,1.050940066255750427e+00
9.914460182190000248e-01,1.025169454249792445e+00
1.377645969390000058e+00,1.032076557228359670e+00
7.495359778399999229e-01,1.202681120035941298e+00
7.549669742579999676e-01,7.474147180256166534e-01
8.522210121150000095e-01,8.544626314913981169e-01
1.312628030780000010e+00,9.009747506561023300e-01
9.499999880790001017e-01,1.124832080225727227e+00
8.433979749680000637e-01,9.228692020265755191e-01
6.329939961430000039e-01,9.290076846660816345e-01
6.848490238189999246e-01,7.725520316656717679e-01
8.296039700509999504e-01,9.233726336929783951e-01
1.117776036259999994e+00,8.487689808013941795e-01
1.060515046120000138e+00,1.036871594675065289e+00
9.966710209849999336e-01,1.052075582706297752e+00
6.726049780850000825e-01,1.145641137945204502e+00
8.499810099600000335e-01,8.627242807696748894e-01
7.929700016980000266e-01,1.062972965050597018e+00
7.509549856190000927e-01,8.553274451422727687e-01
9.556260704989999466e-01,7.325778595985842356e-01
6.085839867589999397e-01,9.348017696734089999e-01
7.782499790189999489e-01,7.322609960135683105e-01
5.098140239720000411e-01,8.129165334213862559e-01
6.364319920540000286e-01,5.961286251525217406e-01
6.015599966049999248e-01,8.533819955561516846e-01
6.556333899499999784e-01,7.099629791929973344e-01
6.385549902920000243e-01,8.223055129644822880e-01
8.762890100480000832e-01,7.686632718143751042e-01
7.967479825020000739e-01,1.013474326434534278e+00
6.824830174449999509e-01,8.961725794083266194e-01
8.025500178340000401e-01,8.713387344998966277e-01
7.950311899190000142e-01,9.489772687356408110e-01
1.584897041320000088e+00,8.839318521442722787e-01
1.017485976220000143e+00,1.425504467686947940e+00
9.177780151369999695e-01,9.561148389246389989e-01
1.230221033100000083e+00,1.012129314664481416e+00
1.027899026870000121e+00,1.234149030828634919e+00
9.125559926030000213e-01,1.103871474324244595e+00
7.935979962350000472e-01,9.149664335038616425e-01
1.030437946320000187e+00,8.907714349302646717e-01
5.325379967690000438e-01,1.109832459920529368e+00
6.127780079839999505e-01,6.560319901091902217e-01
8.741289973260000234e-01,7.722444091472107086e-01
3.667230010029999820e-01,9.506518281677486248e-01
7.391750216480000857e-01,5.697713255647236519e-01
5.604230165479999748e-01,8.720541967434071173e-01
7.758178114889999755e-01,7.163207508314839433e-01
8.102909922600001202e-01,8.793423755244317297e-01
6.437510252000000488e-01,9.063091364509023862e-01
7.236457467079999706e-01,8.313970661587577471e-01
9.113870263100001257e-01,8.581691824147684722e-01
6.627830266949999993e-01,1.057754071870953938e+00
1.002035975460000117e+00,8.738041533705978026e-01
8.224419951440000709e-01,1.105056307217391565e+00
1.030576944350000135e+00,1.016860196532540339e+00
6.781139969830000114e-01,1.249262159503905067e+00
5.333459973340000104e-01,9.189599998329402997e-01
3.209959864620000047e-01,8.812464318089414661e-01
7.608630061149999069e-01,6.902944934645093289e-01
7.439860105509998878e-01,8.363140193201683559e-01
5.468400120740000148e-01,7.260906891134716323e-01
7.004669904709999173e-01,6.604675414408275325e-01
8.356525897980000561e-01,7.880600849019798737e-01
1.274258971210000091e+00,9.550007052481470637e-01
8.934450149539999719e-01,1.140981796891673117e+00
6.211659908290000365e-01,9.731227318110847735e-01
7.900159955019999680e-01,8.882379828908605335e-01
1.067494988440000014e+00,1.027974760218571371e+00
6.698009967800000464e-01,1.257282104379953136e+00
1.265694975850000015e+00,8.023016481721213511e-01
6.380620002750000408e-01,1.251907059106414755e+00
9.348030090330000652e-01,8.574160637356338377e-01
8.006410002709999363e-01,1.087576644850652308e+00
1.085708975790000030e+00,8.085045077011905335e-01
3.527039885520000251e-01,1.082314920902514022e+00
5.883709788319999578e-01,5.463924988977306718e-01
4.875420033929999120e-01,8.130004547142485327e-01
4.636880159380000199e-01,5.925393305541963862e-01
3.637039959430000136e-01,7.467227361483611547e-01
8.750243186949999696e-01,5.426798841767779269e-01
6.435279846190000708e-01,9.471596932926121815e-01
4.834130108360000233e-01,7.603459354093532463e-01
2.120890021319999930e-01,7.054326644065966878e-01
4.560469985010000560e-01,5.745623286532438589e-01
4.367910027499999903e-01,7.120887117337976191e-01
7.238804101939999569e-01,7.238735570847659728e-01
5.560690164570000205e-01,7.925848124798785532e-01
4.748429954049999679e-01,7.024986063392537616e-01
2.674640119080000100e-01,8.126031852966427715e-01
9.588437080380001198e-01,5.229632122717823295e-01
7.868980169300000549e-01,1.073487471656117798e+00
1.794360995290000149e+00,8.420339301165086221e-01
1.337677955630000026e+00,1.530109052866752473e+00
1.210453987120000185e+00,1.167840854188880728e+00
5.654799938200000264e-01,1.312639988349671993e+00
4.008429944520000565e-01,6.927137176161931587e-01
2.727654874320000200e-01,6.042848530295121812e-01
5.836449861529999783e-01,4.957705665622598179e-01
8.533802628519999711e-01,6.153357586943947188e-01
8.660610318179999823e-01,7.180125930419766211e-01
1.158349990839999899e+00,8.938098902190838579e-01
7.764859795569999390e-01,1.148669364186036823e+00
1.068807005880000105e+00,9.545014019443845976e-01
5.888479948040000744e-01,1.038937057915060747e+00
1.588868498799999918e+00,7.045016093982586769e-01
4.327859878540000205e-01,1.495751574354931668e+00
3.996030092239999942e-01,4.745589809570209261e-01
5.545349717140000134e-01,7.884889090873156148e-01
6.221979856490000849e-01,8.975898110702474897e-01
1.149551987649999996e+00,1.045120600221036256e+00
1.121260046960000034e+00,1.227809295925509803e+00
9.776459932329999436e-01,1.163473781630245618e+00
1.732741951940000025e+00,1.006416756079126174e+00
2.302707910540000125e+00,1.425801280914039459e+00
1.053477048870000043e+00,1.750625574546182284e+00
7.962800264360000435e-01,7.823849711590145084e-01
5.203329920770000117e-01,7.391010569719637102e-01
6.104800105090000262e-01,7.953028202813863246e-01
4.453057944770000276e-01,6.818706921098145468e-01
6.522138714790000069e-01,5.652045444890418935e-01
1.175541162490000069e+00,7.460668263125107558e-01
1.032202124599999937e+00,1.045410939255517091e+00
7.193930149079998948e-01,1.111211090103668031e+00
8.200139999390000378e-01,8.995791578337574146e-01
9.497330188750000568e-01,1.034818392978891666e+00
1.039114952089999822e+00,1.100426083682159106e+00
5.883830189700000046e-01,1.156140258749169591e+00
9.508559703829998488e-01,8.078787963576302689e-01
5.277600288389999728e-01,1.087471458853172646e+00
7.736063003540000205e-01,7.001793593516881797e-01
9.703559875489998765e-01,8.637929282970004952e-01
1.383889913560000018e+00,8.883394426369237706e-01
7.795230150220000542e-01,1.250999324818853120e+00
6.069999933240000090e-01,8.167300353066042629e-01
4.660570025440000097e-01,8.525420154126638339e-01
9.455270171170000459e-01,7.928091141333964975e-01
6.238729953770000280e-01,1.120009041205468403e+00
3.923240005969999555e-01,8.397147194999956543e-01
5.156549811360000568e-01,6.934426719742122769e-01
9.679385423660000765e-01,6.344958799008714179e-01
1.356565952299999989e+00,1.062594403005455934e+00
9.072690010070000310e-01,1.111098195062077520e+00
8.162760138510000152e-01,8.303324384906141109e-01
2.479866981509999846e+00,8.811682962683381470e-01
1.133080005649999888e+00,2.062223360970135477e+00
1.045583963389999926e+00,1.073322392378466716e+00
8.474370241169999485e-01,1.080448180707333172e+00
1.536522984499999911e+00,9.732792062923633081e-01
9.008989930149998715e-01,1.681673615190069970e+00
4.812009930610000596e-01,9.459224472971812236e-01
8.572540283199999722e-01,7.168149943513171252e-01
8.617479801180000232e-01,9.580246170432429320e-01
1.008694052699999899e+00,1.073902233511209170e+00
1.127727031710000105e+00,9.348034067187086515e-01
7.795569896699999779e-01,1.001097609244590458e+00
9.895502924920001053e-01,7.941397014531216270e-01
8.363329768179998958e-01,1.087223619203296243e+00
9.099559783939998869e-01,8.263336572849931949e-01
5.511059761050000061e-01,8.348117051309801306e-01
1.239764332770000088e+00,6.753437030501173721e-01
1.211838960649999963e+00,1.185688899703952082e+00
1.379981994630000042e+00,1.077529999540711714e+00
1.148460984229999982e+00,1.258604282493332116e+00
7.663900256160000035e-01,1.044580918408632542e+00
9.660840034479999394e-01,9.529528898274831628e-01
8.156750202179999798e-01,1.014154882248958778e+00
1.142272949220000111e+00,8.500010393660559771e-01
1.299479961400000105e+00,1.116918043928025295e+00
8.583310246469999516e-01,1.154915122350324674e+00
7.149469852449999996e-01,8.010236350525420379e-01
8.764400482179999230e-01,8.598166616118392280e-01
8.305460214609999836e-01,9.185083005762053610e-01
8.535240292550000385e-01,8.046070759226996438e-01
9.092410206789999227e-01,8.276617840845738039e-01
5.202720165249999917e-01,9.233692191582838493e-01
7.411040067669999454e-01,6.483872837347661733e-01
5.853319764140000325e-01,8.973388769648349417e-01
5.047770142559999673e-01,6.784528895695504103e-01
5.519493222240000607e-01,6.241473165989164240e-01
9.697520136830000137e-01,7.628003246680492566e-01
1.116515994070000017e+00,1.018132112411853418e+00
1.049844980239999837e+00,1.034917135050029025e+00
6.342629790310000404e-01,1.047133884053918829e+00
5.644329786300000817e-01,8.065391247214468429e-01
9.184709787370000100e-01,7.748437231290375982e-01
9.593539834020000656e-01,9.185134582075519249e-01
5.984159708020000412e-01,8.913246085310718714e-01
9.383450150489999197e-01,6.881836473924691777e-01
4.542250037189999867e-01,9.694145838358767531e-01
7.079470157619999204e-01,6.347582211629818616e-01
3.876500129699999575e-01,8.999804957998972510e-01
4.484339952470000057e-01,5.233750648424452256e-01
8.405709862710000202e-01,6.507191582619149539e-01
5.337110161779999862e-01,9.073747509469332062e-01
7.211350202559999589e-01,6.566706126261273591e-01
5.215386152269999576e-01,7.990487460586984669e-01
7.050759792330000275e-01,7.229107037311552908e-01
6.405649781229999506e-01,8.806896239469939047e-01
5.168589949609999623e-01,6.816370725894443927e-01
1.660409450529999997e+00,7.342225644362442294e-01
2.465307950970000217e+00,1.440541889411290022e+00
1.622156023979999917e+00,1.936163309364058227e+00
1.866270065310000170e+00,1.289759905721460820e+00
3.623536109919999415e+00,1.606578727882229662e+00
7.948709726329999947e-01,2.756576262946698108e+00
9.065989851950000400e-01,6.098709228165950513e-01
8.571879863740000660e-01,1.024841121267303423e+00
7.756379842759999477e-01,9.014349035855975245e-01
7.006700038909999817e-01,1.123077718547060178e+00
6.443409919740000769e-01,1.100551344929430408e+00
7.579550147059999077e-01,9.500896192577034105e-01
5.499600172040000068e-01,8.569685302767248158e-01
4.964669942859999408e-01,8.747941834285096752e-01
1.367677569390000070e+00,5.170539178063621177e-01
1.397894024850000250e+00,1.123636021827471021e+00
8.148130178450000427e-01,1.054695009774673453e+00
1.278898954390000009e+00,9.664164853506286290e-01
8.623980283740000363e-01,1.526860642164264315e+00
1.093865990639999897e+00,1.206051200218877684e+00
8.134710192680000285e-01,1.513084389983155198e+00
1.466687083240000078e+00,9.638866866625821483e-01
9.060310125349999577e-01,1.330793773493942123e+00
7.652140259739999006e-01,8.940774590005267086e-01
1.311033964160000176e+00,7.004942412854439082e-01
7.892500162119999718e-01,1.265267256300516285e+00
1.474902033810000068e+00,8.467183191693983257e-01
9.167850017550001063e-01,1.466717160229678907e+00
1.186140060420000086e+00,1.029955799311958575e+00
1.411391973500000008e+00,1.169225654773371037e+00
2.092472076419999993e+00,1.320829219800585097e+00
7.189220190049999681e-01,1.668974980153727472e+00
1.301861047739999888e+00,6.322898319978162984e-01
1.268974781040000055e+00,1.246789407627998170e+00
1.221997022629999874e+00,1.029780771348723922e+00
9.061110019680000960e-01,1.218693224467328529e+00
1.078873991970000112e+00,7.861823811443964249e-01
1.028025031089999874e+00,1.069618327349608489e+00
7.863690257070000689e-01,1.042041302763598409e+00
1.276852965350000035e+00,1.018320841795578247e+00
7.093420028689999546e-01,1.144305511336385806e+00
5.201929807659999572e-01,6.590791323811904245e-01
5.645610094070000473e-01,7.388587695242739839e-01
9.855200052259999177e-01,6.787290845077180723e-01
1.092841982840000004e+00,9.324712425890363532e-01
4.786899983879999709e-01,9.519617428700988260e-01
3.955059945579999514e-01,6.649258669105534425e-01
1.850703001020000071e+00,6.702404605725494902e-01
1.195796012879999815e+00,1.716157357414308526e+00
1.702510833739999896e+00,1.109064507075162354e+00
2.998351097109999586e+00,1.553486100659120517e+00
2.407080888749999925e+00,2.379363728049336490e+00
2.585943937299999718e+00,2.025093497770384943e+00
2.233839035029999920e+00,1.995570838064433472e+00
1.655773043629999997e+00,1.622375828945118892e+00
1.430611014370000156e+00,1.312634090758198147e+00
8.921740055079999676e-01,1.171636549341690259e+00
1.231696963309999893e+00,7.124343885590133096e-01
8.955079913140001624e-01,1.118283945269388902e+00
1.602033019070000064e+00,8.858962337982038138e-01
1.585399031639999956e+00,1.326295962580834376e+00
1.232059955600000034e+00,1.281869958684194177e+00
1.210371017459999976e+00,1.215684951828421179e+00
1.242141008379999967e+00,1.155190538160021596e+00
9.857040047650000858e-01,1.154214378320148837e+00
7.289689779279999726e-01,9.808142706514695330e-01
6.761519908910000876e-01,7.725293760294102974e-01
1.071573019029999907e+00,7.405908243514397471e-01
9.457439780239998983e-01,1.036200035671229314e+00
4.376370012759999706e-01,9.517029723865321200e-01
5.141820311550000522e-01,6.268557201422421121e-01
3.387190103530000052e-01,8.462733650537980212e-01
7.144280076029999593e-01,6.804524073080967517e-01
4.996199905870000180e-01,8.974710602067308418e-01
7.917379736899999854e-01,6.864794575491522943e-01
8.646243214609999894e-01,9.701705267170098734e-01
6.024960279459999901e-01,9.412141182227461433e-01
1.260069966320000123e+00,8.797344130413471408e-01
1.012339949610000067e+00,1.234152729456374997e+00
1.004528999329999950e+00,9.131876521325297258e-01
6.310235261919999727e-01,1.056897779878890553e+00
1.141221046449999887e+00,7.731982760449374048e-01
5.426099896430000014e-01,1.161331298315361416e+00
8.547459840769999762e-01,5.998897243655514355e-01
7.744219899179999311e-01,1.026078434142992934e+00
3.084340095520000102e-01,8.547355213409211228e-01
8.376209735870000506e-01,7.246674426129253721e-01
7.293469905850000767e-01,9.303067641466636895e-01
7.503905892370000830e-01,8.473213781123188904e-01
1.134822010990000019e+00,9.140803343362461364e-01
1.614240050320000064e+00,1.089806031502195793e+00
1.244793057440000128e+00,1.459094615917960525e+00
7.141630053519999466e-01,1.117550046995392066e+00
7.293040156360000026e-01,9.538796240475603261e-01
6.486989855770000091e-01,9.685408633081502572e-01
3.427990078929999962e-01,7.881729587751551414e-01
3.861860036850000011e-01,5.795122115562332255e-01
6.366299986840000535e-01,6.228545426472176239e-01
3.990480005740000280e-01,7.262223983822438944e-01
4.178859889509999870e-01,7.178856086354959976e-01
1.103790521619999909e+00,6.670507452567533413e-01
6.956189870829999622e-01,1.084363516376851022e+00
8.070139884950000564e-01,8.747417552968872467e-01
5.947690010070000310e-01,9.053343549269795565e-01
1.107607960700000005e+00,7.748972657036741207e-01
9.713580012320000012e-01,1.166654783472924395e+00
7.170349955560000321e-01,9.773912800124385791e-01
6.764810085300000386e-01,8.065515699641687686e-01
1.687772989270000190e+00,7.954509835188817712e-01
9.907569885250000485e-01,1.601416015126647219e+00
8.082039952280000161e-01,8.328109073793056316e-01
1.087718963619999979e+00,8.760734583652396434e-01
1.564818024639999861e+00,1.108396749439519713e+00
6.673809885979999912e-01,1.450137152576470356e+00
1.256489992140000123e+00,6.954580605842065610e-01
1.091886043549999963e+00,1.177859206155122074e+00
7.375509738919999725e-01,1.090375197970252286e+00
6.224380135540000802e-01,9.259226239135096570e-01
8.364729881290000613e-01,7.473141893813216585e-01
5.774260163309999916e-01,9.456588458674249908e-01
1.015761017800000054e+00,6.864201934369896785e-01
1.106158971790000001e+00,1.025458389593759900e+00
6.945540308949998964e-01,9.947786809153436050e-01
1.130903959270000092e+00,8.792197648997651660e-01
9.518219828609999489e-01,1.133536315152814611e+00
7.524570226669999862e-01,9.827456455277778780e-01
5.585229992869999993e-01,9.138666824720405035e-01
1.415836334229999771e+00,6.882055711594931013e-01
1.855298042299999839e+00,1.395456302154857386e+00
7.845479845999999702e-01,1.503590929329074122e+00
8.210539817810000862e-01,8.301849790218306380e-01
5.835890173909999978e-01,1.154232730340701396e+00
8.359720110889999889e-01,1.075824087153876674e+00
2.184663057329999880e+00,1.318834009522147799e+00
6.805480122570000123e-01,1.812091344487029909e+00
1.238904953000000031e+00,7.349861564336872544e-01
1.030328035349999949e+00,1.404932045224013937e+00
7.914109826090000022e-01,9.597034559772078532e-01
8.423720002169999832e-01,1.044456770636845278e+00
4.464710056780000769e-01,9.125759063857313835e-01
5.589337944979999584e-01,7.392123604132497805e-01
7.099329829220000221e-01,9.442779777459811008e-01
7.334340214730000751e-01,9.147736677376174796e-01
7.833399772640000647e-01,6.745364888126338387e-01
8.426809906959999985e-01,7.209600967862378473e-01
1.099761009220000085e+00,8.856575849015253521e-01
8.706315755840000614e-01,1.075392781173154733e+00
5.862460136410000411e-01,7.915509342969834217e-01
8.863990306849999223e-01,8.154769521967956125e-01
1.019399046900000050e+00,9.478530605074785287e-01
8.493610024450000129e-01,9.003124154919699418e-01
1.010666966439999870e+00,8.917689714983186855e-01
1.331516027449999973e+00,1.029338156619924005e+00
1.215008974079999859e+00,1.250627327083879026e+00
1.645591020579999952e+00,1.228373825060575797e+00
9.708780050280000351e-01,1.450980365802317484e+00
1.411272048950000135e+00,8.676944585278588695e-01
7.953929901119999313e-01,1.272143038382081537e+00
1.046331048010000098e+00,8.022442856187363969e-01
8.879339694979999642e-01,1.047622861925433524e+00
8.349300026890000836e-01,8.502752285481057770e-01
9.847199916839999290e-01,9.637421362311836548e-01
1.090394020079999970e+00,1.070019180155813432e+00
4.901649951929999416e-01,1.118478172975051033e+00
6.141669750209999279e-01,5.649778149295263674e-01
6.314740180969999894e-01,8.424705139252839370e-01
8.252440094949999860e-01,7.545898266701499546e-01
1.051450967789999913e+00,8.878969121069356651e-01
1.047114968300000060e+00,1.044850634189553373e+00
3.921430110930000379e-01,1.106191224435898679e+00
4.695149958129999912e-01,6.266300098466179858e-01
7.720900177959999500e-01,8.304388529555866150e-01
7.520099878309999264e-01,8.846214195578311346e-01
6.877393722529999698e-01,7.960825639927968655e-01
6.718119978899999012e-01,7.763443997730553603e-01
1.185933232310000029e+00,8.792484801940657624e-01
6.571980118750000432e-01,1.185467269512769262e+00
8.213180303569999063e-01,7.675408955887675910e-01
7.795739769939998842e-01,9.066091115823267099e-01
1.030122995379999962e+00,8.541587416446528858e-01
6.211889982220000217e-01,1.068523658652303032e+00
8.660820126530001106e-01,6.699939262939215157e-01
9.608931541439998947e-01,9.968564115756971544e-01
6.760399937630000577e-01,9.040590471789750060e-01
7.402380108830000083e-01,8.443714696395711039e-01
5.984709858890000511e-01,8.156063474550021564e-01
6.151059865950000427e-01,7.259360049134381265e-01
9.358735680580000382e-01,7.786971303346131856e-01
5.818247795100000008e-01,9.803891885967692676e-01
7.156659960750000327e-01,6.830033322825822539e-01
6.529520154000000298e-01,8.447299324429000666e-01
9.700022935870000751e-01,8.333670528762286978e-01
7.834500074390000623e-01,1.023984005791293450e+00
7.448130249979999506e-01,8.395035094913703144e-01
8.276180028919999376e-01,9.238829592497340704e-01
8.943400979040000420e-01,9.255089893557687519e-01
2.505017042159999985e+00,9.571559235930484633e-01
1.620712041850000062e+00,2.097290383498719546e+00
1.417585968970000110e+00,1.279744978703837965e+00
1.049872040749999957e+00,1.433291217731746947e+00
1.226507544519999993e+00,1.246739998855721510e+00
1.043179035189999881e+00,1.506669418866692034e+00
9.694439768789999690e-01,8.546358186211994168e-01
8.192250132559999454e-01,7.781511404413757882e-01
8.129550218580000598e-01,7.919153640819256434e-01
6.712080240250000163e-01,6.467628208287140579e-01
5.289899706839999993e-01,7.909220795856923836e-01
3.461930155749999849e-01,5.957570504174531933e-01
4.789490103719999947e-01,5.379116313394305404e-01
1.153810977940000093e+00,8.198621249981701276e-01
9.671270251270001062e-01,1.074096129216304929e+00
7.845839858059999727e-01,9.187498998438763387e-01
4.701859951020000428e-01,8.792760198537801219e-01
5.632782578470000301e-01,7.230281795298693082e-01
2.416239976880000528e-01,7.705629441659965773e-01
2.709859907630000064e-01,4.735588673526149872e-01
1.994680017229999991e-01,4.824511497157321638e-01
1.327169984580000017e-01,3.972000500690770486e-01
4.732620120049999546e-01,4.647790433966993429e-01
6.585559844969999244e-01,6.872734010909294922e-01
9.621880054470001165e-01,7.833838231270237040e-01
5.111979842189999790e-01,9.705702953000412414e-01
9.829789996150001263e-01,7.267470410340773901e-01
9.100099802019999684e-01,1.136110268635922793e+00
1.026576042179999870e+00,9.522472168730071740e-01
8.309389948840000262e-01,9.840977595798867661e-01
9.651920199390001676e-01,8.817690343528041819e-01
1.000543951989999902e+00,1.045614096891307465e+00
1.983185052870000131e+00,9.277190254599477770e-01
1.274855017659999978e+00,1.608141411453817282e+00
1.286525964740000028e+00,1.008611690007722217e+00
1.382244944570000245e+00,1.190191945876824198e+00
1.736924052240000016e+00,1.179074773278737887e+00
1.257668018339999971e+00,1.576933831460265001e+00
7.533379793170000838e-01,1.168242766208464678e+00
1.084908962249999886e+00,8.553318760510462138e-01
1.062494039539999990e+00,1.128900991236319484e+00
7.787629961969999570e-01,1.245433693199718084e+00
8.256469964979999965e-01,7.159458515660299671e-01
9.891830086709999525e-01,7.964917934170481217e-01
1.418092012410000047e+00,1.016888149590235546e+00
1.151677966120000063e+00,1.222000883596544796e+00
1.250364065170000094e+00,1.002937983878807948e+00
8.794019818310000458e-01,1.075566872957034237e+00
1.089423060420000144e+00,9.310002311388865248e-01
1.809062957759999701e+00,1.077855293507080203e+00
8.687390089040000207e-01,1.433185009401796384e+00
8.521729707719999380e-01,7.733211601999180340e-01
1.307837963100000112e+00,9.543518025394436277e-01
1.262575984000000151e+00,1.247366536994177766e+00
7.601559758189999627e-01,1.181684215510866443e+00
1.069887042049999959e+00,7.729588104536762039e-01
8.579840064049999437e-01,1.030860880832301651e+00
1.149323940279999956e+00,8.837407758668358593e-01
1.067142963410000034e+00,1.127855619718400204e+00
7.400619983670000401e-01,9.713210247895676108e-01
6.799880266190000411e-01,7.936043958875556026e-01
7.323921322820000634e-01,9.220542929694095502e-01
8.352749943730000126e-01,7.878060517131976193e-01
6.000829935070000065e-01,7.853257992525222164e-01
1.010563969610000168e+00,7.222523371027940176e-01
7.613970041280000434e-01,9.455593375781428112e-01
7.260069847110000030e-01,7.887290137920300870e-01
1.064324021340000037e+00,8.999741009401205361e-01
5.901079773899998715e-01,1.051754380006747702e+00
7.744659781460000447e-01,7.312797753227069375e-01
7.406870126719998781e-01,9.461900919424101053e-01
8.908360004430001533e-01,7.976689249101849288e-01
7.620100975040000613e-01,9.635776040195281889e-01
7.774500250820000069e-01,8.471982339511620053e-01
5.811070203779999943e-01,8.879336789853901069e-01
7.908779978749999051e-01,6.826611687457840860e-01
8.903719782829999652e-01,9.211252339552111756e-01
7.882059812549999656e-01,9.341865200670145253e-01
7.301949858670000459e-01,8.509964392324702587e-01
9.248933196070000529e-01,7.992127559384489821e-01
1.265586972239999941e+00,9.289846121184324179e-01
7.884140014650000694e-01,1.203936328517037246e+00
9.180610179899999501e-01,7.473238868758456110e-01
6.569269895549999516e-01,9.402822998001958421e-01
8.252680301670000107e-01,8.014672899282632157e-01
4.257229864599999525e-01,9.448982611604432869e-01
9.114630222319999309e-01,5.590709279473349280e-01
7.238519787790000937e-01,9.556814737530706649e-01
9.657319784160000031e-01,8.305838245261359942e-01
7.194200158119999911e-01,1.035937021154835325e+00
7.146480083470000411e-01,8.064857771593675340e-01
6.188799738879999790e-01,9.268247316530334734e-01
8.502969741820000094e-01,7.723430860734427084e-01
6.113014817240000065e-01,9.689254195728023156e-01
8.405809998509999881e-01,6.859583746797642823e-01
5.909900069240000553e-01,8.893093319634307603e-01
1.191807866100000002e+00,6.677340518284906601e-01
1.072478055950000009e+00,1.177940495104405016e+00
7.976800203319999172e-01,9.937094540418583977e-01
7.140370011329999489e-01,8.998310870148151785e-01
8.885610103609999921e-01,9.220457927206645588e-01
7.367290258409999737e-01,1.022281342377377333e+00
9.655410051350000744e-01,9.274130294861628876e-01
8.569459915160000385e-01,9.035187589022072308e-01
5.838339924809999859e-01,8.128037145391029394e-01
3.047562122340000457e+00,7.422221226557124130e-01
8.865389823909999301e-01,2.382331716568051316e+00
1.186460971829999878e+00,8.285979108559604622e-01
8.750730156899999557e-01,1.638854974107514684e+00
1.111973047260000014e+00,1.611102990939503377e+00
6.929270029070000447e-01,2.144927346468415319e+00
5.632749795910000357e-01,1.441930495059307704e+00
5.519689917560000048e-01,1.009165923285089583e+00
9.211350083349998386e-01,7.630918427926475234e-01
5.465030074119999748e-01,7.487597490530675248e-01
9.997850060459999577e-01,5.260370028971610434e-01
7.512239813800000166e-01,7.972655634510880107e-01
8.402569890019999654e-01,4.479507268423030264e-01
7.843149900439999600e-01,1.190175904155678310e+00
5.915480256080000165e-01,8.922082354586337027e-01
6.109840273859999948e-01,7.423858011255038969e-01
9.328789710999999540e-01,7.628564848396250930e-01
7.992020249369999885e-01,9.895256364397349014e-01
9.833549857140000405e-01,8.269239860376802476e-01
5.405290126799999761e-01,1.013687218920896305e+00
1.093670010570000128e+00,6.405076868391070821e-01
9.266330003740002041e-01,1.153490458179577738e+00
7.972419857979999858e-01,9.148807747363786325e-01
5.896059870719999596e-01,8.348689165288001313e-01
7.799540162090000672e-01,7.029161173802244145e-01
5.182790160179999717e-01,9.450575559572252926e-01
7.263879776000000676e-01,6.040810220350906201e-01
6.216366887090000182e-01,7.688463376958950546e-01
8.810679912569999717e-01,7.123256905914701065e-01
7.315016984940000411e-01,9.712251347797953294e-01
9.703850150110000516e-01,7.945806949862346258e-01
8.715350031849999901e-01,1.023395790282755069e+00
5.505740046500000595e-01,9.302033868350073620e-01
2.576299905780000121e-01,7.778552982559089335e-01
6.952109932899999123e-01,5.166094949171481376e-01
3.547430038449999601e-01,8.194803276519583290e-01
1.308350920679999918e+00,5.389817988833377482e-01
1.424710035319999957e+00,1.245554042921855675e+00
2.422243118290000385e+00,1.236580110592956583e+00
1.588093161580000023e+00,2.069823352717411247e+00
2.882889986040000352e+00,1.366420733836999357e+00
1.510810017590000109e+00,2.313808023443426176e+00
5.103110075000000245e-01,1.196457150036295713e+00
6.637499928469999810e-01,7.322778185875574719e-01
5.865659713749999948e-01,8.130124335464578023e-01
9.182999730109998593e-01,7.827840921165594157e-01
1.126363039020000123e+00,8.669822597848930723e-01
9.455379843710000065e-01,1.110198480089922057e+00
7.979699969290000583e-01,8.946025959384238391e-01
8.895260095600000527e-01,9.242834283443542853e-01
5.017459988589999531e-01,9.823987304435035650e-01
7.889080047609999813e-01,6.289498198226158854e-01
5.571460127830000220e-01,8.372974424121801817e-01
8.079270124439998924e-01,7.882836890890887460e-01
7.382910251620000697e-01,9.346539333015975171e-01
6.742079854009999096e-01,8.433960624756222657e-01
8.787713646889999675e-01,8.267065363960595104e-01
7.401880025859999268e-01,8.730341585843331975e-01
8.886500000949999478e-01,8.671219021723093334e-01
7.983270287510000340e-01,9.060128175981386756e-01
5.137799978260000344e-01,8.108193753373935664e-01
7.760372757910000141e-01,7.302681706250419014e-01
8.528280258179999906e-01,8.896891303325634714e-01
7.851629853249999513e-01,9.036583541902102334e-01
8.431609868999999646e-01,8.602998304893443304e-01
1.024798870089999925e+00,9.750661301227773192e-01
8.044279813770001120e-01,1.071610359005322755e+00
8.841310143469999216e-01,9.483336296266324794e-01
3.615649938579999501e-01,9.315844834655943041e-01
1.171491026879999842e+00,5.279667738196199833e-01
4.477910101410000343e-01,1.206859382868708197e+00
7.665730118750000432e-01,5.098828894873844719e-01
7.735599875449999940e-01,8.854847734909891965e-01
1.054823040959999902e+00,8.017024985400662551e-01
7.843300104139999673e-01,1.189625300598058599e+00
1.034250974660000155e+00,8.185787730680138541e-01
1.096979022029999973e+00,1.032064501025675041e+00
7.633029818529999400e-01,1.070463927905614732e+00
5.883730053899999257e-01,8.523556161709520129e-01
6.365630030629999547e-01,6.555843112154815522e-01
5.750700235369999858e-01,7.051905741695195795e-01
5.399640202519999654e-01,7.087346595586827558e-01
1.324671149250000068e+00,6.572309876679939267e-01
8.178460001949999780e-01,1.167165946530368981e+00
6.359609961509999909e-01,8.353418730540591586e-01
8.135920166969999867e-01,8.569705239068710068e-01
9.872140288350000903e-01,9.416070454478275842e-01
9.839289784429998686e-01,1.081785689847633680e+00
5.904790163040000150e-01,1.022799380566140171e+00
8.986790180209999201e-01,7.052508879560454025e-01
6.268000006680000125e-01,9.280391974593232840e-01
6.926850080490000172e-01,7.447856288012491000e-01
5.757049918169999669e-01,7.648154601658119223e-01
6.764680147170000213e-01,6.100574431791498942e-01
8.279470205309999997e-01,7.741534530932724367e-01
6.547859907149999881e-01,8.955971018876228706e-01
1.085815548900000094e+00,7.849841728442732425e-01
8.509550094600001335e-01,1.054496995222691691e+00
8.879359960559999321e-01,8.867661922166026889e-01
6.557850241659999302e-01,9.704080940421455637e-01
6.597809791559999804e-01,7.418395500548851107e-01
8.856279850010000398e-01,7.803544927270322784e-01
7.502999901769999980e-01,9.266421626705633185e-01
9.303160309790000637e-01,7.763186180903598466e-01
7.259460091590000941e-01,9.436570330382905158e-01
7.123904824259998936e-01,8.406555969591573696e-01
9.326570034029998402e-01,8.217078751257546054e-01
6.544970273969999974e-01,9.758467195249358461e-01
4.987269937989999846e-01,7.536790614277509848e-01
9.782410264020000579e-01,7.214753076055935299e-01
5.593240261080000275e-01,1.047386118025094515e+00
8.733990192409999409e-01,7.229973400853583199e-01
6.232500076290000690e-01,1.024105580817735284e+00
6.319249868390000024e-01,7.020097726584719755e-01
8.335350155830000274e-01,7.964481815325763492e-01
8.613430261610000027e-01,9.107176822891480672e-01
1.036013007159999999e+00,8.673109648170281849e-01
6.160370111469999355e-01,9.764499880851778002e-01
9.874529838560001105e-01,7.719882636186049529e-01
6.686739921569999634e-01,1.083124449062677686e+00
6.455339789389999972e-01,7.768430327527574564e-01
1.007030010220000049e+00,8.204462539646163455e-01
7.763000130650000719e-01,9.990908018781179400e-01
9.358490109440000815e-01,8.229558119005351280e-01
6.626719832419999401e-01,9.602918492785289528e-01
1.113351941109999910e+00,7.868794144566734206e-01
5.495319962500000432e-01,1.097617313199305666e+00
9.273632764820001206e-01,6.202258029936108530e-01
8.215330243109999486e-01,9.729346154793936385e-01
9.193540215490000334e-01,7.816018150038165357e-01
6.899859905239998925e-01,9.861919788415155486e-01
6.497738957409999738e-01,7.623776920009688318e-01
9.705049991610000815e-01,8.628020916536115470e-01
8.034440279009998909e-01,1.110536888245531539e+00
8.920990228650002019e-01,8.368775968778296992e-01
7.462270259859999921e-01,8.489958102651687932e-01
1.495407462120000197e+00,8.660129560526564907e-01
7.597569823270000633e-01,1.332368232784061579e+00
9.677280187610000084e-01,7.402559640671111385e-01
1.126011013979999920e+00,1.039233927321165263e+00
7.641419768330000029e-01,1.309721091604575838e+00
1.423818945879999909e+00,1.099155954528633572e+00
8.309190273280000483e-01,1.554602393680631245e+00
5.316870212550000030e-01,9.877412503061370197e-01
6.942920088770000442e-01,8.055368109200765625e-01
1.097100019450000019e+00,1.000909464018117090e+00
8.623710274700000511e-01,1.015857440006080914e+00
9.711959958080000899e-01,8.235242406827623096e-01
7.501904964450000213e-01,9.818047859361737073e-01
5.659890174870000346e-01,7.813390936720516766e-01
7.235890030859999378e-01,7.386606476549364420e-01
1.088876962660000114e+00,7.749277249913010257e-01
2.614549994470000138e-01,9.444786650331448152e-01
1.923168003559999895e-01,3.425182810829461855e-01
2.048390060660000012e-01,5.327954695561699650e-01
3.752999901769999980e-01,4.817143510780957372e-01
1.878910064700000104e-01,5.874392209008839627e-01
4.178839921949999980e-01,4.053605703106559210e-01
6.128349900249999704e-01,7.045821111546591853e-01
4.822100102900000462e-01,7.764780063874561211e-01
8.136649727820000066e-01,7.621273521586776623e-01
8.997989892959999958e-01,9.352992475319860111e-01
7.667459845540000041e-01,9.505409011804500929e-01
6.762999892229999421e-01,8.453354421343937108e-01
9.804093837739999984e-01,8.072743813121903145e-01
1.075533032420000090e+00,9.910023350306499390e-01
6.459739804270000496e-01,9.946508091122706618e-01
7.601699829100000416e-01,7.737680876582498923e-01
8.707180023190000950e-01,8.875649569864521027e-01
1.045557022089999899e+00,9.386740778118943807e-01
4.832339882850000268e-01,1.118438498361664868e+00
1.085988998409999962e+00,5.946433213183696109e-01
7.320979833600000930e-01,1.074085867053966137e+00
7.128990292550000385e-01,8.405489528446413727e-01
1.045389056210000112e+00,8.048855272040595921e-01
7.359200119969999676e-01,9.839745270424367085e-01
8.956930041310000590e-01,8.034652229322621908e-01
8.745509982110000191e-01,9.243038927709630315e-01
9.237470030779999508e-01,8.754436675971943860e-01
9.997780323029999971e-01,8.898052945866719021e-01
1.739534020420000049e+00,9.770036006144766638e-01
8.107889890670000321e-01,1.460144008420166672e+00
7.049050331119999235e-01,7.615593930745001572e-01
8.328269720080000438e-01,9.711705110335732138e-01
8.276600241660000412e-01,9.878760569171924910e-01
8.953109979629999549e-01,1.060497468319887338e+00
1.459501028060000039e+00,9.702002257705296673e-01
1.179519057270000060e+00,1.319072222787338822e+00
1.443411946299999915e+00,1.038987414850586433e+00
1.306735038760000078e+00,1.272985337199724842e+00
7.634999752040000365e-01,1.124729211930211692e+00
1.145148038860000161e+00,7.494752453451389851e-01
7.253450155259999477e-01,1.034908417477545806e+00
7.633590102199999672e-01,7.165192524980014133e-01
6.174820065499999622e-01,7.958833225038653980e-01
1.029322981830000039e+00,7.345856570413568098e-01
1.302055954929999926e+00,9.552232632360900810e-01
3.164124965670000122e+00,1.132231862853738669e+00
9.734439849849999549e-01,2.488579407975023194e+00
1.229671001429999855e+00,8.075240071857886504e-01
7.441530227660000385e-01,1.383183642153648085e+00
1.063034057620000139e+00,9.008682911046279607e-01
1.123872041700000102e+00,1.256888420807190210e+00
8.984770178789999173e-01,9.216196451304080606e-01
7.175139784810000698e-01,8.455643138413232451e-01
5.367509722709999931e-01,6.866603968562525750e-01
1.175443053249999981e+00,7.773624641007439440e-01
1.101048946379999949e+00,1.112098489312300709e+00
5.734490156170000130e-01,9.057499256520824549e-01
1.431144952770000200e+00,6.663543793899449064e-01
1.037794947620000130e+00,1.406705711746861986e+00
6.568620204930000206e-01,1.003174617726475537e+00
1.074908018110000141e+00,7.692827065780705187e-01
1.385972023009999887e+00,1.013200432386088146e+00
1.004804968829999812e+00,1.271249126507083549e+00
1.609539985660000116e+00,9.493274240100922912e-01
2.817575931549999524e+00,1.380474597953818439e+00
1.962562561039999931e+00,2.083944082175238854e+00
1.279752016069999998e+00,1.531538876632043689e+00
1.995329976079999845e+00,1.199078960347530698e+00
2.033385992049999924e+00,1.638265541761526167e+00
1.307443976400000096e+00,1.705562563058792946e+00
1.611258029939999892e+00,1.124759671394972127e+00
2.040218114850000042e+00,1.254396100387534574e+00
2.183244943620000100e+00,1.528855438840648562e+00
1.351415991779999937e+00,1.584260941845811788e+00
7.242180109020001089e-01,1.072131429820875503e+00
1.363389015200000109e+00,6.922942015153842332e-01
1.526808977129999967e+00,1.223901240775922883e+00
1.784019589419999940e+00,1.271534116665667069e+00
1.103597044940000105e+00,1.372706269496397402e+00
1.763007998470000004e+00,9.421160827759713641e-01
1.157549023629999896e+00,1.533131996664425678e+00
1.153326034550000045e+00,1.095647832381283937e+00
2.362811088559999551e+00,1.086206985907552713e+00
2.580787897110000007e+00,1.885889213020281563e+00
1.242146968839999976e+00,1.915646758938151839e+00
1.712821006770000265e+00,1.056886806676000656e+00
6.676509976389999323e-01,1.632391407395409333e+00
8.271329998970000652e-01,6.009288856945834700e-01
9.642647504810000214e-01,9.688121716179396437e-01
1.394161701200000048e+00,8.425941529287436227e-01
7.584049701689999923e-01,1.097866391064499902e+00
6.900759935379999765e-01,6.684109218720091228e-01
6.740249991419999809e-01,9.110244804541159924e-01
8.615220189090000424e-01,8.059528747770173807e-01
7.907469868659999790e-01,9.912327358333069549e-01
7.285000085830000138e-01,8.105348805984307070e-01
2.411980032920000017e-01,8.905146650105877359e-01
3.354600071909999981e-01,5.494172661891106868e-01
5.912460088730000507e-01,6.620673677364633525e-01
1.058426976200000036e+00,6.772687634685728986e-01
7.669919729230000316e-01,9.252831349562503638e-01
5.881239771840000019e-01,7.229768958300976101e-01
5.922303199769999305e-01,8.518004938957507433e-01
8.753510117530000079e-01,7.984725900474204385e-01
7.038279771799998974e-01,9.697038327896072563e-01
5.677499771120000371e-01,7.504857352778349089e-01
7.133870124819999825e-01,6.907952976908012799e-01
1.077505946160000061e+00,8.198315874697642558e-01
6.909419894220000247e-01,1.079519931501215391e+00
7.724580168719999973e-01,7.649215058400530287e-01
7.237120270730000859e-01,8.952410812650838379e-01
9.752489924429997847e-01,9.255430804285189605e-01
9.151769876480000399e-01,1.054232737064051850e+00
7.574009895319999686e-01,9.658651440844860936e-01
6.912069916730000374e-01,8.008349793966559327e-01
1.183527946470000147e+00,7.456068089270360133e-01
7.705749869349999281e-01,1.157313695471745341e+00
8.947700262070000798e-01,7.236038874435680723e-01
6.143350005150000070e-01,8.876911088701567865e-01
7.692319750789999855e-01,7.918509563265556661e-01
9.070749878880000061e-01,9.501285808013544276e-01
4.068099856379999713e-01,9.838632102778051003e-01
5.138880014419999753e-01,6.554106118664885239e-01
2.481469959019999838e-01,7.842380880467744175e-01
2.568759918210000159e-01,5.948238000037656681e-01
5.980659723279999618e-01,5.683368458215501962e-01
5.981699824330000137e-01,8.195638010658831130e-01
8.801140189170000294e-01,7.050755907972374725e-01
1.085649013520000095e+00,8.591169160765540491e-01
9.920129775999999566e-01,1.108686871846756405e+00
8.743849992749999078e-01,1.034000147454959162e+00
8.770260214810000621e-01,8.487424819373426965e-01
1.008928894999999937e+00,9.089907868540312297e-01
8.088759779930000393e-01,1.016655224883905806e+00
6.714209914210000907e-01,8.306182552325724888e-01
7.449629902840000373e-01,7.872176420491854287e-01
6.942679882050000195e-01,8.850861707830320890e-01
1.001886010170000008e+00,8.953848268461630511e-01
7.935580015180000446e-01,1.209257761990652824e+00
8.450049161910000439e-01,8.354386186957913907e-01
8.031240105629999793e-01,8.954274642597674916e-01
5.744469761850000689e-01,9.773899611486706052e-01
5.679720044139999757e-01,6.833798546860182510e-01
4.538080096239999195e-01,7.285037751377615445e-01
8.494881391529999215e-01,6.199614770333891078e-01
4.064599871639999473e-01,1.018015220709260760e+00
2.453519999980000310e-01,6.180342932967289871e-01
2.323218107220000217e+00,5.302409461328095874e-01
2.027115583420000089e+00,2.021969954184601015e+00
1.581117987629999888e+00,1.661700532022967192e+00
1.727049946780000012e+00,1.783162323800862925e+00
1.150642037389999928e+00,2.000643967256161115e+00
1.607933998109999818e+00,2.052094164107148622e+00
1.331233978270000007e+00,1.758164689496600985e+00
1.221642017359999999e+00,1.560958874864748935e+00
1.583541989330000010e+00,1.750229972829776770e+00
1.608662128450000006e+00,1.419096708359859793e+00
2.185653924939999992e+00,1.792109142593343085e+00
2.989559888840000124e+00,1.906524444985551847e+00
7.574499845500000106e-01,2.584555409307431439e+00
1.811344027520000122e+00,1.060686129511640985e+00
1.527951955800000094e+00,1.996053943394622943e+00
8.892235755919999374e-01,1.704356651414409063e+00
